Data,Otwarcie,Najwyzszy,Najnizszy,Zamkniecie
2007-08-13,1.85044,1.85044,1.85044,1.85044
2007-08-14,1.8196,1.8196,1.8196,1.8196
2007-08-16,1.72729,1.72729,1.72729,1.72729
2007-08-17,1.75038,1.75038,1.75038,1.75038
2007-08-20,1.73877,1.73877,1.73877,1.73877
2007-08-21,1.75412,1.75412,1.75412,1.75412
2007-08-22,1.81193,1.81193,1.81193,1.81193
2007-08-23,1.8196,1.8196,1.8196,1.8196
2007-08-24,1.83109,1.83109,1.83109,1.83109
2007-08-27,1.78109,1.78109,1.78109,1.78109
2007-08-28,1.75412,1.75412,1.75412,1.75412
2007-08-29,1.80038,1.80038,1.80038,1.80038
2007-08-30,1.758,1.758,1.758,1.758
2007-08-31,1.84264,1.84264,1.84264,1.84264
2007-09-03,1.81574,1.81574,1.81574,1.81574
2007-09-04,1.8351,1.8351,1.8351,1.8351
2007-09-05,1.78109,1.78109,1.78109,1.78109
2007-09-06,1.74657,1.74657,1.74657,1.74657
2007-09-07,1.76574,1.76574,1.76574,1.76574
2007-09-10,1.71974,1.71974,1.71974,1.71974
2007-09-11,1.74271,1.74271,1.74271,1.74271
2007-09-12,1.79651,1.79651,1.79651,1.79651
2007-09-13,1.85044,1.85044,1.85044,1.85044
2007-09-14,1.83109,1.83109,1.83109,1.83109
2007-09-17,1.8351,1.8351,1.8351,1.8351
2007-09-18,1.85044,1.85044,1.85044,1.85044
2007-09-19,1.94644,1.94644,1.94644,1.94644
2007-09-20,1.9389,1.9389,1.9389,1.9389
2007-09-21,1.9505,1.9505,1.9505,1.9505
2007-09-24,1.89277,1.89277,1.89277,1.89277
2007-09-25,1.862,1.862,1.862,1.862
2007-09-26,1.87348,1.87348,1.87348,1.87348
2007-09-27,1.87734,1.87734,1.87734,1.87734
2007-09-28,1.8465,1.8465,1.8465,1.8465
2007-10-01,1.88116,1.88116,1.88116,1.88116
2007-10-02,1.90418,1.90418,1.90418,1.90418
2007-10-03,1.88502,1.88502,1.88502,1.88502
2007-10-04,1.89658,1.89658,1.89658,1.89658
2007-10-05,1.90044,1.90044,1.90044,1.90044
2007-10-08,1.92734,1.92734,1.92734,1.92734
2007-10-09,1.98888,1.98888,1.98888,1.98888
2007-10-10,1.96966,1.96966,1.96966,1.96966
2007-10-11,2.00044,2.00044,2.00044,2.00044
2007-10-12,1.98128,1.98128,1.98128,1.98128
2007-10-15,1.97734,1.97734,1.97734,1.97734
2007-10-16,1.90044,1.90044,1.90044,1.90044
2007-10-17,1.88883,1.88883,1.88883,1.88883
2007-10-18,1.88116,1.88116,1.88116,1.88116
2007-10-19,1.88116,1.88116,1.88116,1.88116
2007-10-22,1.88502,1.88502,1.88502,1.88502
2007-10-23,1.95418,1.95418,1.95418,1.95418
2007-10-24,1.95812,1.95812,1.95812,1.95812
2007-10-25,1.98508,1.98508,1.98508,1.98508
2007-10-26,1.96966,1.96966,1.96966,1.96966
2007-10-29,2.00811,2.00811,2.00811,2.00811
2007-10-30,1.99276,1.99276,1.99276,1.99276
2007-10-31,1.99276,1.99276,1.99276,1.99276
2007-11-02,1.99276,1.99276,1.99276,1.99276
2007-11-05,2.00044,2.00044,2.00044,2.00044
2007-11-06,2.03502,2.03502,2.03502,2.03502
2007-11-07,2.02353,2.02353,2.02353,2.02353
2007-11-08,2.00044,2.00044,2.00044,2.00044
2007-11-09,2.00811,2.00811,1.94644,1.97734
2007-11-12,1.96592,1.97734,1.88883,1.91199
2007-11-13,1.90044,1.96966,1.90044,1.96966
2007-11-14,1.97734,1.97734,1.90818,1.90818
2007-11-15,1.90418,1.9196,1.75412,1.75412
2007-11-16,1.73877,1.77728,1.73877,1.77728
2007-11-19,1.7889,1.7889,1.76193,1.77728
2007-11-20,1.79264,1.80038,1.77354,1.79651
2007-11-21,1.78496,1.79651,1.76574,1.78496
2007-11-22,1.7889,1.82348,1.76961,1.81574
2007-11-23,1.82728,1.82728,1.77354,1.79264
2007-11-26,1.80426,1.80426,1.76193,1.77354
2007-11-27,1.76574,1.76961,1.70799,1.70799
2007-11-28,1.75412,1.80038,1.73877,1.80038
2007-11-29,1.81574,1.83109,1.80038,1.80038
2007-11-30,1.79264,1.83109,1.73877,1.73877
2007-12-03,1.76193,1.76193,1.70799,1.70799
2007-12-04,1.70425,2.54281,1.62329,2.54281
2007-12-05,2.66602,2.8199,2.66602,2.78524
2007-12-06,2.81221,2.86214,2.75828,2.79673
2007-12-07,2.8199,2.8199,2.7775,2.80828
2007-12-10,2.80828,2.8199,2.78137,2.79292
2007-12-11,2.79292,2.79292,2.72757,2.75828
2007-12-12,2.74292,2.81221,2.74292,2.81221
2007-12-13,2.8006,2.8006,2.74292,2.76208
2007-12-14,2.77363,2.77363,2.65441,2.70828
2007-12-17,2.66209,2.77363,2.65441,2.7506
2007-12-18,2.76208,2.76208,2.57738,2.60822
2007-12-19,2.65441,2.65441,2.56971,2.59667
2007-12-20,2.57738,2.61215,2.53131,2.57738
2007-12-21,2.67364,2.67364,2.54281,2.59667
2007-12-27,2.59667,2.6197,2.57738,2.60822
2007-12-28,2.57738,2.60055,2.50828,2.50828
2008-01-02,2.50828,2.52745,2.43133,2.43133
2008-01-03,2.439,2.50055,2.43513,2.48513
2008-01-04,2.50435,2.50435,2.4083,2.46203
2008-01-07,2.439,2.439,2.36204,2.3659
2008-01-08,2.38506,2.40435,2.31979,2.39669
2008-01-09,2.36204,2.36204,2.31979,2.35816
2008-01-10,2.335,2.34668,2.3159,2.33126
2008-01-11,2.31979,2.35443,2.30436,2.34668
2008-01-14,2.34668,2.34668,2.34668,2.34668
2008-01-15,2.32359,2.38894,2.24662,2.24662
2008-01-16,2.13895,2.21965,2.13895,2.17346
2008-01-17,2.20043,2.2081,2.09662,2.15811
2008-01-18,2.1274,2.19275,2.1274,2.19275
2008-01-21,2.10811,2.15042,2.04656,2.04656
2008-01-22,1.91199,2.10811,1.91199,2.06578
2008-01-23,2.11578,2.13121,2.00811,2.13121
2008-01-24,2.15811,2.24662,2.15811,2.21585
2008-01-25,2.22346,2.22346,2.15811,2.18114
2008-01-28,2.11205,2.14663,2.09662,2.1005
2008-01-29,2.14663,2.17346,2.14276,2.16971
2008-01-30,2.16971,2.19656,2.14276,2.19656
2008-01-31,2.15811,2.15811,2.09662,2.14276
2008-02-01,2.15811,2.23127,2.14663,2.2274
2008-02-04,2.2581,2.2812,2.20043,2.2274
2008-02-05,2.2043,2.2043,2.08882,2.08882
2008-02-06,2.05437,2.06973,2.01967,2.06578
2008-02-07,2.05812,2.05812,1.95812,2.00044
2008-02-08,2.02353,2.02353,1.95418,1.96966
2008-02-11,1.96966,2.03502,1.96966,2.02353
2008-02-12,2.04656,2.13895,2.04656,2.1274
2008-02-13,2.12346,2.21205,2.09662,2.16572
2008-02-14,2.22346,2.22346,2.16205,2.21205
2008-02-15,2.19275,2.22346,2.10811,2.10811
2008-02-18,2.14276,2.21205,2.14276,2.20043
2008-02-19,2.20043,2.23514,2.16572,2.23514
2008-02-20,2.18114,2.18514,2.1274,2.18514
2008-02-21,2.2043,2.2043,2.13895,2.14276
2008-02-22,2.14663,2.15811,2.11205,2.11205
2008-02-25,2.13501,2.16971,2.12346,2.14663
2008-02-26,2.16971,2.18114,2.12346,2.12346
2008-02-27,2.08882,2.1005,2.04656,2.07733
2008-02-28,2.07733,2.08508,1.23105,1.23105
2008-02-29,1.23499,1.2426,1.16189,1.16189
2008-03-03,1.15783,1.15783,1.13098,1.13098
2008-03-04,1.13479,1.13479,1.09634,1.10022
2008-03-05,1.11183,1.18092,1.11183,1.18092
2008-03-06,1.16556,1.18092,1.11951,1.14247
2008-03-07,1.11951,1.11951,1.0848,1.10022
2008-03-10,1.11183,1.14647,1.10022,1.14247
2008-03-11,1.12712,1.21182,1.12712,1.20408
2008-03-12,1.20795,1.21182,1.18872,1.20028
2008-03-13,1.18486,1.20028,1.14647,1.16944
2008-03-14,1.16944,1.19634,1.15783,1.15783
2008-03-17,1.11951,1.11951,1.08098,1.08866
2008-03-18,1.09634,1.17323,1.09634,1.16944
2008-03-19,1.17725,1.20795,1.17323,1.20795
2008-03-20,1.18486,1.23879,1.18486,1.20795
2008-03-25,1.27331,1.27331,1.25788,1.27331
2008-03-26,1.27331,1.28492,1.25788,1.26951
2008-03-27,1.28105,1.30027,1.26951,1.29266
2008-03-28,1.27331,1.30408,1.27331,1.30027
2008-03-31,1.30408,1.30408,1.30408,1.30408
2008-04-01,1.29266,1.33105,1.29266,1.32716
2008-04-02,1.35795,1.36569,1.33485,1.3464
2008-04-03,1.3464,1.36181,1.33485,1.34259
2008-04-04,1.34259,1.35414,1.32716,1.3464
2008-04-07,1.35795,1.38104,1.35795,1.37723
2008-04-08,1.36569,1.36569,1.31569,1.31957
2008-04-09,1.33105,1.33105,1.31957,1.32716
2008-04-10,1.31569,1.32716,1.29266,1.2964
2008-04-11,1.308,1.31569,1.25026,1.25026
2008-04-14,1.24641,1.26563,1.22718,1.25026
2008-04-15,1.25026,1.28492,1.23499,1.28492
2008-04-16,1.2964,1.31569,1.28105,1.308
2008-04-17,1.31569,1.31569,1.28105,1.2964
2008-04-18,1.28105,1.35026,1.28105,1.35026
2008-04-21,1.35026,1.36181,1.31569,1.32343
2008-04-22,1.33872,1.33872,1.28872,1.308
2008-04-23,1.2964,1.308,1.26176,1.26951
2008-04-24,1.28105,1.29266,1.26563,1.28492
2008-04-25,1.2964,1.30408,1.27725,1.27725
2008-04-28,1.2964,1.308,1.27725,1.30027
2008-04-29,1.30027,1.30027,1.26176,1.26176
2008-04-30,1.26176,1.27725,1.26176,1.27331
2008-05-05,1.30408,1.31569,1.2964,1.308
2008-05-06,1.32716,1.33485,1.308,1.32343
2008-05-07,1.33872,1.36964,1.33872,1.35795
2008-05-08,1.34259,1.34259,1.308,1.308
2008-05-09,1.31182,1.32716,1.21562,1.21562
2008-05-12,1.23499,1.23499,1.21951,1.23105
2008-05-13,1.2426,1.25026,1.2426,1.25026
2008-05-14,1.26563,1.26563,1.21951,1.21951
2008-05-15,1.2233,1.22718,1.21562,1.2233
2008-05-16,1.22718,1.23499,1.2233,1.2233
2008-05-19,1.22718,1.22718,1.20795,1.21182
2008-05-20,1.21951,1.21951,1.20028,1.20028
2008-05-21,1.20028,1.21182,1.15783,1.16189
2008-05-23,1.14647,1.16189,1.11951,1.14647
2008-05-26,1.14247,1.16944,1.13479,1.16944
2008-05-27,1.16944,1.16944,1.15028,1.15783
2008-05-28,1.16556,1.16556,1.15028,1.15028
2008-05-29,1.16189,1.19261,1.15028,1.18092
2008-05-30,1.18092,1.20795,1.17725,1.20795
2008-06-02,1.20795,1.20795,1.17323,1.17323
2008-06-03,1.16944,1.20028,1.16944,1.19261
2008-06-04,1.18872,1.18872,1.16944,1.16944
2008-06-05,1.17323,1.20028,1.17323,1.20028
2008-06-06,1.20408,1.21951,1.18092,1.18092
2008-06-09,1.16944,1.18092,1.15028,1.15416
2008-06-10,1.13479,1.16556,1.11951,1.12338
2008-06-11,1.13479,1.13867,1.0924,1.09634
2008-06-12,1.0848,1.0924,1.07332,1.0924
2008-06-13,1.07718,1.10796,1.06557,1.10796
2008-06-16,1.10416,1.10416,1.06176,1.06176
2008-06-17,1.06176,1.0848,1.06176,1.07332
2008-06-18,1.06557,1.06944,1.05015,1.0579
2008-06-19,1.04641,1.09634,1.04641,1.0924
2008-06-20,1.09634,1.10022,1.08098,1.08098
2008-06-23,1.0848,1.08866,1.05409,1.05409
2008-06-24,1.05409,1.06557,1.05015,1.0579
2008-06-25,1.0579,1.0848,1.0579,1.0848
2008-06-26,1.0848,1.08866,1.0579,1.07718
2008-06-27,1.05409,1.05409,1.03867,1.04248
2008-06-30,1.05409,1.05409,1.04641,1.05015
2008-07-01,1.05409,1.05409,1.03106,1.04641
2008-07-02,1.04641,1.05409,1.02705,1.05409
2008-07-03,1.04641,1.05409,1.03106,1.05409
2008-07-04,1.04641,1.04641,1.03106,1.03106
2008-07-07,1.03486,1.03486,1.00022,1.00022
2008-07-08,0.981,0.981,0.96564,0.969441
2008-07-09,0.977126,1.00402,0.977126,0.996351
2008-07-10,0.973315,1.01564,0.973315,1.00789
2008-07-11,1.00789,1.00789,0.98873,0.98873
2008-07-14,0.98873,1.00022,0.977126,1.00022
2008-07-15,0.981,0.992614,0.938602,0.938602
2008-07-16,0.954026,0.961711,0.934865,0.950225
2008-07-17,0.973315,1.02332,0.973315,1.01944
2008-07-18,1.00789,1.06944,1.00022,1.0579
2008-07-21,1.04641,1.06944,1.04248,1.06557
2008-07-22,1.06557,1.08866,1.0579,1.0848
2008-07-23,1.0924,1.13098,1.0848,1.12712
2008-07-24,1.12338,1.15028,1.12338,1.12712
2008-07-25,1.10796,1.15416,1.10022,1.14647
2008-07-28,1.12712,1.18092,1.12712,1.17725
2008-07-29,1.15416,1.18486,1.15416,1.17323
2008-07-30,1.19261,1.24641,1.19261,1.24641
2008-07-31,1.2233,1.2233,1.19261,1.21182
2008-08-01,1.20028,1.20028,1.16944,1.18872
2008-08-04,1.16189,1.18092,1.16189,1.17725
2008-08-05,1.16556,1.2233,1.16556,1.2233
2008-08-06,1.23499,1.23499,1.20408,1.20795
2008-08-07,1.19634,1.35795,1.18092,1.35795
2008-08-08,1.36964,1.36964,1.31569,1.31957
2008-08-11,1.35795,1.35795,1.32716,1.33105
2008-08-12,1.33105,1.35795,1.31957,1.33872
2008-08-13,1.32343,1.32716,1.308,1.308
2008-08-14,1.31957,1.31957,1.26176,1.26176
2008-08-18,1.27725,1.2964,1.26951,1.27331
2008-08-19,1.25026,1.27331,1.23105,1.23499
2008-08-20,1.23879,1.24641,1.2233,1.24641
2008-08-21,1.2426,1.2426,1.21951,1.2426
2008-08-22,1.26176,1.27331,1.25408,1.26563
2008-08-25,1.27331,1.27725,1.2426,1.2426
2008-08-26,1.2233,1.24641,1.2233,1.22718
2008-08-27,1.23879,1.23879,1.20408,1.21182
2008-08-28,1.21182,1.27725,1.21182,1.27725
2008-08-29,1.27331,1.32716,1.27331,1.31957
2008-09-01,1.29266,1.33105,1.29266,1.32343
2008-09-02,1.33485,1.38104,1.33485,1.38104
2008-09-03,1.38104,1.38104,1.34259,1.3464
2008-09-04,1.36569,1.36569,1.33105,1.33105
2008-09-05,1.27725,1.28872,1.25026,1.25026
2008-09-08,1.29266,1.30408,1.27331,1.2964
2008-09-09,1.28105,1.2964,1.26951,1.27725
2008-09-10,1.27331,1.27331,1.23105,1.25788
2008-09-11,1.2426,1.2426,1.21951,1.21951
2008-09-12,1.24641,1.24641,1.21182,1.2233
2008-09-15,1.21182,1.21182,1.14247,1.17323
2008-09-16,1.15416,1.17323,1.12712,1.14247
2008-09-17,1.18486,1.18486,1.12712,1.12712
2008-09-18,1.10416,1.17725,1.10416,1.17725
2008-09-19,1.22718,1.24641,1.17725,1.2426
2008-09-22,1.24641,1.26176,1.23499,1.25026
2008-09-23,1.23105,1.23105,1.19634,1.20028
2008-09-24,1.19634,1.21182,1.19261,1.20028
2008-09-25,1.20028,1.25408,1.20028,1.25026
2008-09-26,1.24641,1.27725,1.23879,1.27331
2008-09-29,1.25026,1.25026,1.21182,1.21182
2008-09-30,1.15028,1.2426,1.15028,1.2426
2008-10-01,1.23105,1.29266,1.23105,1.28492
2008-10-02,1.28872,1.2964,1.21951,1.24641
2008-10-03,1.23105,1.26563,1.19634,1.23879
2008-10-06,1.20028,1.20028,1.13479,1.16189
2008-10-07,1.18486,1.18872,1.12338,1.16944
2008-10-08,1.10416,1.19261,1.10416,1.12712
2008-10-09,1.14247,1.17323,1.13479,1.16944
2008-10-10,1.08866,1.12338,1.01564,1.12338
2008-10-13,1.12712,1.16189,1.08866,1.11183
2008-10-14,1.19634,1.19634,1.15028,1.19261
2008-10-15,1.15783,1.15783,1.0848,1.08866
2008-10-16,1.03106,1.08866,1.03106,1.03867
2008-10-17,1.08098,1.08098,0.869388,0.927125
2008-10-20,0.946351,0.950225,0.880999,0.884803
2008-10-21,0.915575,0.954026,0.900218,0.942604
2008-10-22,0.92326,0.950225,0.850161,0.850161
2008-10-23,0.869388,0.873193,0.773323,0.807838
2008-10-24,0.765518,0.773323,0.746358,0.761579
2008-10-27,0.727135,0.819387,0.707777,0.777135
2008-10-28,0.819387,0.819387,0.796355,0.815582
2008-10-29,0.877129,0.900218,0.854032,0.89629
2008-10-30,0.915575,0.934865,0.89629,0.92326
2008-10-31,0.900218,0.919441,0.89629,0.907909
2008-11-03,0.915575,0.930936,0.888674,0.911705
2008-11-04,0.907909,0.977126,0.907909,0.973315
2008-11-05,0.9579,0.973315,0.930936,0.934865
2008-11-06,0.900218,0.934865,0.865642,0.865642
2008-11-07,0.877129,0.915575,0.865642,0.915575
2008-11-10,0.930936,0.954026,0.930936,0.946351
2008-11-12,0.930936,0.930936,0.800227,0.834805
2008-11-13,0.753969,0.838609,0.753969,0.765518
2008-11-14,0.807838,0.807838,0.792483,0.792483
2008-11-17,0.800227,0.800227,0.761579,0.765518
2008-11-18,0.757841,0.757841,0.715455,0.715455
2008-11-19,0.730875,0.730875,0.704037,0.730875
2008-11-20,0.680942,0.692356,0.673198,0.673198
2008-11-21,0.692356,0.704037,0.673198,0.704037
2008-11-24,0.723261,0.761579,0.711716,0.761579
2008-11-25,0.777135,0.788678,0.761579,0.78094
2008-11-26,0.777135,0.796355,0.753969,0.769383
2008-11-27,0.777135,0.788678,0.765518,0.777135
2008-11-28,0.777135,0.78094,0.738546,0.742484
2008-12-01,0.742484,0.742484,0.715455,0.727135
2008-12-02,0.704037,0.753969,0.704037,0.750163
2008-12-03,0.757841,0.765518,0.730875,0.734813
2008-12-04,0.746358,0.792483,0.746358,0.784805
2008-12-05,0.777135,0.800227,0.773323,0.777135
2008-12-08,0.815582,0.838609,0.815582,0.838609
2008-12-09,0.834805,0.873193,0.834805,0.873193
2008-12-10,0.865642,0.869388,0.850161,0.861772
2008-12-11,0.857968,0.877129,0.846225,0.857968
2008-12-12,0.823185,0.838609,0.811777,0.815582
2008-12-15,0.827122,0.827122,0.811777,0.827122
2008-12-16,0.842478,0.869388,0.823185,0.869388
2008-12-17,0.877129,0.877129,0.811777,0.811777
2008-12-18,0.815582,0.834805,0.815582,0.834805
2008-12-19,0.834805,0.865642,0.834805,0.834805
2008-12-22,0.838609,0.838609,0.807838,0.815582
2008-12-23,0.807838,0.842478,0.807838,0.815582
2008-12-29,0.819387,0.842478,0.819387,0.838609
2008-12-30,0.842478,0.869388,0.842478,0.869388
2008-12-31,0.861772,0.865642,0.842478,0.842478
2009-01-05,0.884803,0.907909,0.842478,0.90403
2009-01-06,0.900218,0.919441,0.900218,0.911705
2009-01-07,0.90403,0.907909,0.873193,0.873193
2009-01-08,0.857968,0.861772,0.846225,0.846225
2009-01-09,0.854032,0.854032,0.823185,0.823185
2009-01-12,0.819387,0.819387,0.807838,0.815582
2009-01-13,0.807838,0.807838,0.777135,0.792483
2009-01-14,0.800227,0.800227,0.742484,0.750163
2009-01-15,0.742484,0.765518,0.723261,0.734813
2009-01-16,0.761579,0.761579,0.734813,0.750163
2009-01-19,0.757841,0.757841,0.704037,0.704037
2009-01-20,0.704037,0.704037,0.684746,0.704037
2009-01-21,0.688552,0.753969,0.677003,0.738546
2009-01-22,0.753969,0.753969,0.684746,0.704037
2009-01-23,0.692356,0.723261,0.677003,0.723261
2009-01-26,0.700167,0.769383,0.700167,0.753969
2009-01-27,0.753969,0.757841,0.707777,0.715455
2009-01-28,0.734813,0.742484,0.715455,0.723261
2009-01-29,0.730875,0.730875,0.707777,0.730875
2009-01-30,0.715455,0.734813,0.707777,0.730875
2009-02-02,0.727135,0.727135,0.692356,0.696361
2009-02-03,0.696361,0.704037,0.634682,0.634682
2009-02-04,0.646297,0.654041,0.634682,0.650101
2009-02-05,0.646297,0.657846,0.630877,0.650101
2009-02-06,0.661649,0.669393,0.650101,0.665521
2009-02-09,0.665521,0.692356,0.650101,0.692356
2009-02-10,0.688552,0.704037,0.680942,0.696361
2009-02-11,0.677003,0.684746,0.661649,0.669393
2009-02-12,0.669393,0.669393,0.623201,0.630877
2009-02-13,0.638621,0.642426,0.626939,0.626939
2009-02-16,0.623201,0.623201,0.577008,0.577008
2009-02-17,0.561588,0.561588,0.46927,0.46927
2009-02-18,0.484689,0.492366,0.427015,0.453983
2009-02-19,0.480951,0.530882,0.480951,0.519333
2009-02-20,0.50011,0.515463,0.488562,0.515463
2009-02-23,0.546236,0.546236,0.50011,0.507852
2009-02-24,0.488562,0.515463,0.480951,0.496237
2009-02-25,0.519333,0.523206,0.488562,0.488562
2009-02-26,0.492366,0.515463,0.480951,0.515463
2009-02-27,0.503981,0.523206,0.503981,0.519333
2009-03-02,0.515463,0.515463,0.50011,0.503981
2009-03-03,0.507852,0.519333,0.503981,0.511657
2009-03-04,0.523206,0.550106,0.523206,0.546236
2009-03-05,0.546236,0.546236,0.527077,0.530882
2009-03-06,0.523206,0.561588,0.523206,0.553978
2009-03-09,0.561588,0.561588,0.542363,0.546236
2009-03-10,0.546236,0.577008,0.538625,0.538625
2009-03-11,0.546236,0.561588,0.538625,0.538625
2009-03-12,0.534754,0.546236,0.515463,0.546236
2009-03-13,0.569332,0.569332,0.550106,0.553978
2009-03-16,0.561588,0.580879,0.561588,0.565526
2009-03-17,0.565526,0.565526,0.542363,0.542363
2009-03-18,0.550106,0.550106,0.519333,0.523206
2009-03-19,0.530882,0.546236,0.523206,0.534754
2009-03-20,0.530882,0.542363,0.527077,0.542363
2009-03-23,0.553978,0.569332,0.553978,0.565526
2009-03-24,0.577008,0.577008,0.565526,0.573203
2009-03-25,0.569332,0.615524,0.569332,0.615524
2009-03-26,0.615524,0.615524,0.600038,0.611786
2009-03-27,0.607781,0.607781,0.584618,0.584618
2009-03-30,0.565526,0.565526,0.530882,0.546236
2009-03-31,0.557784,0.557784,0.527077,0.527077
2009-04-01,0.534754,0.534754,0.507852,0.523206
2009-04-02,0.542363,0.584618,0.523206,0.584618
2009-04-03,0.577008,0.654041,0.577008,0.634682
2009-04-06,0.642426,0.657846,0.638621,0.657846
2009-04-07,0.650101,0.669393,0.650101,0.654041
2009-04-08,0.642426,0.723261,0.642426,0.723261
2009-04-09,0.734813,0.738546,0.684746,0.723261
2009-04-14,0.711716,0.734813,0.704037,0.704037
2009-04-15,0.704037,0.715455,0.696361,0.715455
2009-04-16,0.723261,0.723261,0.696361,0.707777
2009-04-17,0.700167,0.700167,0.654041,0.654041
2009-04-20,0.654041,0.654041,0.630877,0.630877
2009-04-21,0.634682,0.646297,0.626939,0.626939
2009-04-22,0.630877,0.673198,0.630877,0.673198
2009-04-23,0.669393,0.688552,0.669393,0.677003
2009-04-24,0.677003,0.711716,0.677003,0.711716
2009-04-27,0.696361,0.704037,0.677003,0.692356
2009-04-28,0.673198,0.680942,0.657846,0.669393
2009-04-29,0.677003,0.719394,0.677003,0.719394
2009-04-30,0.738546,0.769383,0.738546,0.761579
2009-05-04,0.777135,0.788678,0.777135,0.788678
2009-05-05,0.773323,0.788678,0.769383,0.777135
2009-05-06,0.761579,0.792483,0.761579,0.78094
2009-05-07,0.792483,0.807838,0.761579,0.765518
2009-05-08,0.78094,0.78094,0.734813,0.742484
2009-05-11,0.753969,0.753969,0.719394,0.723261
2009-05-12,0.723261,0.765518,0.723261,0.742484
2009-05-13,0.753969,0.753969,0.700167,0.700167
2009-05-14,0.684746,0.700167,0.680942,0.688552
2009-05-15,0.700167,0.707777,0.692356,0.700167
2009-05-18,0.692356,0.719394,0.692356,0.719394
2009-05-19,0.730875,0.746358,0.730875,0.746358
2009-05-20,0.742484,0.757841,0.723261,0.723261
2009-05-21,0.715455,0.727135,0.715455,0.715455
2009-05-22,0.719394,0.719394,0.700167,0.704037
2009-05-25,0.711716,0.711716,0.692356,0.704037
2009-05-26,0.704037,0.704037,0.684746,0.692356
2009-05-27,0.704037,0.715455,0.692356,0.704037
2009-05-28,0.696361,0.696361,0.684746,0.684746
2009-05-29,0.688552,0.696361,0.665521,0.665521
2009-06-01,0.684746,0.730875,0.665521,0.727135
2009-06-02,0.719394,0.734813,0.719394,0.730875
2009-06-03,0.730875,0.730875,0.700167,0.700167
2009-06-04,0.711716,0.730875,0.700167,0.730875
2009-06-05,0.738546,0.742484,0.723261,0.723261
2009-06-08,0.723261,0.723261,0.707777,0.715455
2009-06-09,0.723261,0.734813,0.723261,0.734813
2009-06-10,0.746358,0.746358,0.734813,0.746358
2009-06-12,0.738546,0.753969,0.738546,0.753969
2009-06-15,0.753969,0.753969,0.734813,0.734813
2009-06-16,0.730875,0.742484,0.730875,0.734813
2009-06-17,0.738546,0.738546,0.723261,0.734813
2009-06-18,0.734813,0.738546,0.727135,0.727135
2009-06-19,0.727135,0.753969,0.727135,0.753969
2009-06-22,0.746358,0.746358,0.711716,0.711716
2009-06-23,0.715455,0.719394,0.700167,0.715455
2009-06-24,0.723261,0.730875,0.719394,0.727135
2009-06-25,0.727135,0.727135,0.707777,0.711716
2009-06-26,0.719394,0.719394,0.704037,0.704037
2009-06-29,0.700167,0.719394,0.700167,0.715455
2009-06-30,0.723261,0.727135,0.704037,0.704037
2009-07-01,0.704037,0.715455,0.704037,0.707777
2009-07-02,0.707777,0.711716,0.696361,0.696361
2009-07-03,0.696361,0.700167,0.688552,0.692356
2009-07-06,0.688552,0.700167,0.688552,0.700167
2009-07-07,0.704037,0.711716,0.688552,0.688552
2009-07-08,0.684746,0.684746,0.665521,0.665521
2009-07-09,0.677003,0.677003,0.638621,0.638621
2009-07-10,0.646297,0.657846,0.642426,0.642426
2009-07-13,0.638621,0.669393,0.634682,0.669393
2009-07-14,0.673198,0.734813,0.673198,0.734813
2009-07-15,0.734813,0.750163,0.734813,0.742484
2009-07-16,0.738546,0.753969,0.738546,0.742484
2009-07-17,0.742484,0.746358,0.738546,0.742484
2009-07-20,0.753969,0.819387,0.753969,0.815582
2009-07-21,0.800227,0.838609,0.796355,0.838609
2009-07-22,0.823185,0.834805,0.815582,0.819387
2009-07-23,0.834805,0.838609,0.815582,0.838609
2009-07-24,0.846225,0.877129,0.846225,0.861772
2009-07-27,0.892486,0.892486,0.827122,0.830934
2009-07-28,0.830934,0.854032,0.811777,0.815582
2009-07-29,0.811777,0.842478,0.811777,0.834805
2009-07-30,0.854032,0.892486,0.850161,0.892486
2009-07-31,0.89629,0.930936,0.892486,0.892486
2009-08-03,0.89629,0.919441,0.877129,0.884803
2009-08-04,0.869388,0.884803,0.842478,0.846225
2009-08-05,0.846225,0.846225,0.819387,0.819387
2009-08-06,0.827122,0.830934,0.792483,0.819387
2009-08-07,0.815582,0.838609,0.803966,0.838609
2009-08-10,0.842478,0.842478,0.807838,0.807838
2009-08-11,0.811777,0.815582,0.78094,0.78094
2009-08-12,0.773323,0.788678,0.769383,0.78094
2009-08-13,0.803966,0.815582,0.773323,0.807838
2009-08-14,0.811777,0.811777,0.78094,0.796355
2009-08-17,0.773323,0.777135,0.757841,0.757841
2009-08-18,0.773323,0.773323,0.753969,0.769383
2009-08-19,0.757841,0.788678,0.753969,0.78094
2009-08-20,0.800227,0.803966,0.788678,0.803966
2009-08-21,0.800227,0.842478,0.800227,0.834805
2009-08-24,0.850161,0.888674,0.842478,0.888674
2009-08-25,0.861772,0.938602,0.861772,0.938602
2009-08-26,0.927125,0.927125,0.880999,0.880999
2009-08-27,0.884803,0.892486,0.846225,0.846225
2009-08-28,0.884803,0.892486,0.854032,0.854032
2009-08-31,0.846225,0.865642,0.846225,0.861772
2009-09-01,0.873193,0.873193,0.834805,0.854032
2009-09-02,0.846225,0.854032,0.811777,0.815582
2009-09-03,0.827122,0.846225,0.819387,0.838609
2009-09-04,0.842478,0.850161,0.827122,0.838609
2009-09-07,0.857968,0.884803,0.857968,0.884803
2009-09-08,0.888674,0.892486,0.880999,0.888674
2009-09-09,0.873193,0.900218,0.873193,0.900218
2009-09-10,0.907909,0.907909,0.865642,0.865642
2009-09-11,0.880999,0.880999,0.857968,0.861772
2009-09-14,0.850161,0.857968,0.838609,0.846225
2009-09-15,0.857968,0.857968,0.834805,0.838609
2009-09-16,0.846225,0.861772,0.846225,0.861772
2009-09-17,0.880999,0.880999,0.861772,0.873193
2009-09-18,0.857968,0.857968,0.850161,0.854032
2009-09-21,0.854032,0.854032,0.846225,0.846225
2009-09-22,0.846225,0.907909,0.846225,0.90403
2009-09-23,0.90403,0.927125,0.90403,0.927125
2009-09-24,0.919441,0.930936,0.915575,0.927125
2009-09-25,0.927125,0.930936,0.907909,0.92326
2009-09-28,0.930936,0.930936,0.907909,0.930936
2009-09-29,0.930936,0.930936,0.892486,0.892486
2009-09-30,0.90403,0.919441,0.892486,0.900218
2009-10-01,0.911705,0.919441,0.90403,0.911705
2009-10-02,0.892486,0.900218,0.877129,0.877129
2009-10-05,0.888674,0.888674,0.865642,0.865642
2009-10-06,0.880999,0.892486,0.873193,0.892486
2009-10-07,0.900218,0.907909,0.89629,0.900218
2009-10-08,0.907909,0.92326,0.90403,0.919441
2009-10-09,0.900218,0.934865,0.900218,0.927125
2009-10-12,0.938602,0.9579,0.934865,0.954026
2009-10-13,0.9579,0.9579,0.938602,0.950225
2009-10-14,0.961711,1.01944,0.9579,1.01169
2009-10-15,1.02332,1.02332,0.977126,0.977126
2009-10-16,0.977126,0.981,0.9579,0.96564
2009-10-19,0.977126,0.98873,0.969441,0.98873
2009-10-20,1.01169,1.01169,0.996351,1.00789
2009-10-21,1.01564,1.01564,0.996351,1.01169
2009-10-22,1.00022,1.01169,0.992614,1.01169
2009-10-23,1.03106,1.03106,1.01564,1.01564
2009-10-26,1.01169,1.01169,0.996351,1.00022
2009-10-27,0.984792,0.984792,0.9579,0.96564
2009-10-28,0.96564,0.96564,0.930936,0.930936
2009-10-29,0.927125,0.950225,0.90403,0.950225
2009-10-30,0.950225,0.96564,0.930936,0.930936
2009-11-02,0.927125,0.934865,0.911705,0.930936
2009-11-03,0.92326,0.92326,0.90403,0.90403
2009-11-04,0.915575,0.938602,0.915575,0.938602
2009-11-05,0.927125,0.98873,0.927125,0.98873
2009-11-06,0.973315,1.00789,0.973315,1.00402
2009-11-09,1.01169,1.04248,1.01169,1.03867
2009-11-10,1.03867,1.06557,1.03867,1.05409
2009-11-12,1.04641,1.08098,1.03486,1.03486
2009-11-13,1.04248,1.04248,1.00402,1.00402
2009-11-16,1.03106,1.05015,1.03106,1.05015
2009-11-17,1.05015,1.05015,1.03486,1.04248
2009-11-18,1.04248,1.0579,1.02332,1.02332
2009-11-19,1.02332,1.02332,0.996351,1.00402
2009-11-20,1.00402,1.01944,0.984792,1.00789
2009-11-23,1.02332,1.04248,1.02332,1.04248
2009-11-24,1.03486,1.04248,1.01944,1.02332
2009-11-25,1.03106,1.03867,1.01944,1.01944
2009-11-26,1.01169,1.01169,0.981,0.981
2009-11-27,0.938602,0.984792,0.938602,0.977126
2009-11-30,0.996351,1.00022,0.984792,1.00022
2009-12-01,1.01169,1.01944,0.98873,0.98873
2009-12-02,1.00022,1.00789,0.98873,1.00789
2009-12-03,1.02332,1.02705,0.996351,0.996351
2009-12-04,0.996351,1.03486,0.996351,1.03486
2009-12-07,1.02332,1.02705,1.01564,1.01944
2009-12-08,1.01944,1.01944,0.98873,0.98873
2009-12-09,0.977126,0.977126,0.942604,0.942604
2009-12-10,0.950225,0.9579,0.92326,0.92326
2009-12-11,0.946351,0.950225,0.92326,0.950225
2009-12-14,0.969441,0.969441,0.954026,0.9579
2009-12-15,0.9579,0.96564,0.954026,0.961711
2009-12-16,0.9579,0.977126,0.9579,0.977126
2009-12-17,0.969441,0.969441,0.950225,0.950225
2009-12-18,0.954026,0.954026,0.927125,0.927125
2009-12-21,0.927125,0.930936,0.92326,0.92326
2009-12-22,0.927125,0.927125,0.919441,0.92326
2009-12-23,0.927125,0.927125,0.919441,0.92326
2009-12-28,0.938602,0.938602,0.92326,0.92326
2009-12-29,0.927125,0.930936,0.911705,0.927125
2009-12-30,0.927125,0.930936,0.919441,0.927125
2009-12-31,0.930936,0.930936,0.919441,0.919441
2010-01-04,0.927125,0.9579,0.919441,0.9579
2010-01-05,0.96564,0.977126,0.96564,0.973315
2010-01-06,0.973315,0.973315,0.96564,0.973315
2010-01-07,0.961711,0.969441,0.961711,0.969441
2010-01-08,0.973315,0.984792,0.969441,0.977126
2010-01-11,0.984792,1.00022,0.984792,0.996351
2010-01-12,0.996351,1.00022,0.98873,0.992614
2010-01-13,0.984792,1.00402,0.984792,1.00022
2010-01-14,1.01169,1.01169,0.996351,1.00022
2010-01-15,1.00022,1.00789,0.996351,0.996351
2010-01-18,0.996351,1.00022,0.996351,1.00022
2010-01-19,1.00022,1.02332,0.996351,1.02332
2010-01-20,1.01944,1.02332,1.01564,1.01944
2010-01-21,1.01944,1.02332,1.01944,1.01944
2010-01-22,1.00402,1.00789,0.981,0.981
2010-01-25,0.981,0.984792,0.961711,0.969441
2010-01-26,0.9579,0.9579,0.942604,0.946351
2010-01-27,0.942604,0.950225,0.938602,0.946351
2010-01-28,0.9579,0.961711,0.946351,0.946351
2010-01-29,0.951425,0.974781,0.947477,0.974781
2010-02-01,0.961711,0.969441,0.9579,0.961711
2010-02-02,0.96564,0.96564,0.950225,0.9579
2010-02-03,0.969441,0.969441,0.946351,0.950225
2010-02-04,0.950225,0.954026,0.92326,0.92326
2010-02-05,0.911705,0.911705,0.880999,0.880999
2010-02-08,0.888674,0.892486,0.861772,0.865642
2010-02-09,0.880999,0.884803,0.869388,0.869388
2010-02-10,0.877129,0.880999,0.865642,0.865642
2010-02-11,0.877129,0.877129,0.842478,0.842478
2010-02-12,0.857968,0.869388,0.854032,0.869388
2010-02-15,0.873193,0.907909,0.873193,0.907909
2010-02-16,0.911705,0.911705,0.888674,0.888674
2010-02-17,0.907909,0.907909,0.90403,0.907909
2010-02-18,0.900218,0.900218,0.888674,0.888674
2010-02-19,0.865642,0.892486,0.865642,0.869388
2010-02-22,0.884803,0.888674,0.877129,0.888674
2010-02-23,0.888674,0.89629,0.888674,0.888674
2010-02-24,0.880999,0.888674,0.873193,0.880999
2010-02-25,0.880999,0.89629,0.869388,0.869388
2010-02-26,0.873193,0.89629,0.873193,0.89629
2010-03-01,0.900218,0.90403,0.884803,0.90403
2010-03-02,0.907909,0.934865,0.892486,0.934865
2010-03-03,0.938602,0.946351,0.927125,0.934865
2010-03-04,0.934865,0.942604,0.930936,0.942604
2010-03-05,0.938602,0.9579,0.938602,0.954026
2010-03-08,0.961711,0.969441,0.950225,0.969441
2010-03-09,0.973315,0.973315,0.954026,0.9579
2010-03-10,0.961711,0.973315,0.9579,0.961711
2010-03-11,0.961711,0.973315,0.961711,0.96564
2010-03-12,0.977126,0.977126,0.96564,0.96564
2010-03-15,0.9579,0.9579,0.950225,0.950225
2010-03-16,0.950225,0.969441,0.934865,0.934865
2010-03-17,0.942604,0.950225,0.930936,0.938602
2010-03-18,0.938602,0.938602,0.911705,0.915575
2010-03-19,0.919441,0.934865,0.907909,0.911705
2010-03-22,0.92326,0.92326,0.90403,0.915575
2010-03-23,0.92326,0.92326,0.907909,0.907909
2010-03-24,0.927125,0.927125,0.907909,0.911705
2010-03-25,0.919441,0.934865,0.919441,0.934865
2010-03-26,0.927125,0.938602,0.915575,0.919441
2010-03-29,0.927125,0.930936,0.911705,0.911705
2010-03-30,0.919441,0.92326,0.919441,0.919441
2010-03-31,0.919981,0.931723,0.908298,0.912177
2010-04-01,0.92326,0.934865,0.92326,0.934865
2010-04-06,0.934865,0.9579,0.934865,0.950225
2010-04-07,0.946351,0.954026,0.942604,0.950225
2010-04-08,0.938602,0.942604,0.927125,0.934865
2010-04-09,0.946351,0.950225,0.942604,0.946351
2010-04-12,0.946351,0.950225,0.938602,0.950225
2010-04-13,0.946351,0.969441,0.946351,0.96564
2010-04-14,0.973315,0.984792,0.96564,0.981
2010-04-15,0.98873,0.98873,0.961711,0.973315
2010-04-16,0.969441,0.981,0.96564,0.977126
2010-04-19,0.954026,0.954026,0.934865,0.954026
2010-04-20,0.954026,0.977126,0.942604,0.973315
2010-04-21,0.984792,0.984792,0.954026,0.954026
2010-04-22,0.950225,0.961711,0.919441,0.919441
2010-04-23,0.927867,0.943539,0.927867,0.939609
2010-04-26,0.950225,0.96564,0.950225,0.96564
2010-04-27,0.961711,0.961711,0.927125,0.927125
2010-04-28,0.911705,0.919441,0.89629,0.907909
2010-04-29,0.915575,0.92326,0.907909,0.92326
2010-04-30,0.939609,0.939609,0.92392,0.927867
2010-05-04,0.938602,0.938602,0.89629,0.900218
2010-05-05,0.89648,0.904361,0.884803,0.884803
2010-05-06,0.884803,0.904361,0.880925,0.880925
2010-05-07,0.857298,0.880925,0.857298,0.869182
2010-05-10,0.900425,0.919981,0.900425,0.919981
2010-05-11,0.916043,0.931723,0.916043,0.919981
2010-05-12,0.92392,0.935735,0.900425,0.916043
2010-05-13,0.931723,0.931723,0.884803,0.884803
2010-05-14,0.880925,0.884803,0.869182,0.869182
2010-05-17,0.85356,0.873193,0.85356,0.869182
2010-05-18,0.876931,0.888748,0.869182,0.888748
2010-05-19,0.873193,0.876931,0.857298,0.861309
2010-05-20,0.869182,0.873193,0.829934,0.829934
2010-05-21,0.837815,0.849492,0.814318,0.834011
2010-05-24,0.845621,0.85356,0.837815,0.85356
2010-05-25,0.82219,0.834011,0.82219,0.829934
2010-05-26,0.841809,0.845621,0.82219,0.845621
2010-05-27,0.849492,0.873193,0.841809,0.865113
2010-05-28,0.869182,0.892677,0.857298,0.892677
2010-05-31,0.880925,0.900425,0.880925,0.900425
2010-06-01,0.888748,0.888748,0.876931,0.876931
2010-06-02,0.873193,0.880925,0.865113,0.873193
2010-06-04,0.884803,0.884803,0.841809,0.857298
2010-06-07,0.837815,0.845621,0.829934,0.837815
2010-06-08,0.85356,0.85356,0.829934,0.829934
2010-06-09,0.845621,0.845621,0.82219,0.845621
2010-06-10,0.845621,0.876931,0.837815,0.876931
2010-06-11,0.876931,0.880925,0.861309,0.876931
2010-06-14,0.876931,0.892677,0.876931,0.888748
2010-06-15,0.884803,0.892677,0.884803,0.888748
2010-06-16,0.89648,0.904361,0.884803,0.89648
2010-06-17,0.900425,0.904361,0.892677,0.892677
2010-06-18,0.888748,0.89648,0.876931,0.884803
2010-06-21,0.904361,0.904361,0.89648,0.904361
2010-06-22,0.900425,0.912177,0.892677,0.904361
2010-06-23,0.888748,0.904361,0.869182,0.876931
2010-06-24,0.873193,0.873193,0.849492,0.861309
2010-06-25,0.873193,0.876931,0.857298,0.861309
2010-06-28,0.861309,0.869182,0.861309,0.869182
2010-06-29,0.861309,0.861309,0.834011,0.834011
2010-06-30,0.839882,0.839882,0.827668,0.835871
2010-07-01,0.82219,0.837815,0.82219,0.834011
2010-07-02,0.829934,0.845621,0.829934,0.845621
2010-07-05,0.845621,0.845621,0.837815,0.837815
2010-07-06,0.841809,0.849492,0.841809,0.849492
2010-07-07,0.849492,0.849492,0.834011,0.845621
2010-07-08,0.85356,0.85356,0.834011,0.834011
2010-07-09,0.841809,0.841809,0.826061,0.834011
2010-07-12,0.834011,0.841809,0.829934,0.837815
2010-07-13,0.837815,0.857298,0.837815,0.849492
2010-07-14,0.857298,0.865113,0.857298,0.861309
2010-07-15,0.857298,0.869182,0.857298,0.869182
2010-07-16,0.861309,0.873193,0.861309,0.861309
2010-07-19,0.85356,0.861309,0.85356,0.857298
2010-07-20,0.861309,0.861309,0.849492,0.85356
2010-07-21,0.861309,0.876931,0.861309,0.873193
2010-07-22,0.865113,0.884803,0.865113,0.880925
2010-07-23,0.884803,0.892677,0.876931,0.876931
2010-07-26,0.892677,0.900425,0.884803,0.900425
2010-07-27,0.900425,0.904361,0.888748,0.892677
2010-07-28,0.900425,0.900425,0.892677,0.900425
2010-07-29,0.904361,0.904361,0.888748,0.888748
2010-07-30,0.89648,0.89648,0.869182,0.876931
2010-08-02,0.892677,0.908298,0.876931,0.876931
2010-08-03,0.908298,0.919981,0.904361,0.916043
2010-08-04,0.912177,0.919981,0.89648,0.919981
2010-08-05,0.916043,0.919981,0.904361,0.904361
2010-08-06,0.908298,0.916043,0.89648,0.916043
2010-08-09,0.919981,0.919981,0.904361,0.908298
2010-08-10,0.908298,0.908298,0.880925,0.884803
2010-08-11,0.884803,0.884803,0.873193,0.880925
2010-08-12,0.876931,0.880925,0.869182,0.880925
2010-08-13,0.884803,0.884803,0.869182,0.869182
2010-08-16,0.873193,0.900425,0.873193,0.900425
2010-08-17,0.892677,0.900425,0.892677,0.89648
2010-08-18,0.892677,0.892677,0.876931,0.876931
2010-08-19,0.884803,0.884803,0.857298,0.865113
2010-08-20,0.865113,0.865113,0.857298,0.857298
2010-08-23,0.865113,0.869182,0.857298,0.857298
2010-08-24,0.849492,0.849492,0.837815,0.837815
2010-08-25,0.837815,0.837815,0.826061,0.826061
2010-08-26,0.834011,0.849492,0.834011,0.841809
2010-08-27,0.841809,0.849492,0.841809,0.849492
2010-08-30,0.85356,0.85356,0.837815,0.837815
2010-08-31,0.827668,0.835871,0.823527,0.831736
2010-09-01,0.834011,0.861309,0.826061,0.861309
2010-09-02,0.861309,0.869182,0.85356,0.857298
2010-09-03,0.861309,0.861309,0.845621,0.857298
2010-09-06,0.849492,0.861309,0.849492,0.857298
2010-09-07,0.85356,0.857298,0.845621,0.849492
2010-09-08,0.849492,0.876931,0.845621,0.876931
2010-09-09,0.876931,0.876931,0.873193,0.876931
2010-09-10,0.876931,0.876931,0.861309,0.861309
2010-09-13,0.876931,0.876931,0.869182,0.869182
2010-09-14,0.869182,0.869182,0.857298,0.861309
2010-09-15,0.865113,0.865113,0.857298,0.865113
2010-09-16,0.865113,0.869182,0.857298,0.869182
2010-09-17,0.873193,0.880925,0.865113,0.869182
2010-09-20,0.869182,0.884803,0.865113,0.884803
2010-09-21,0.884803,0.904361,0.884803,0.900425
2010-09-22,0.900425,0.904361,0.892677,0.904361
2010-09-23,0.904361,0.904361,0.888748,0.892677
2010-09-24,0.884803,0.912177,0.884803,0.912177
2010-09-27,0.912177,0.92392,0.908298,0.919981
2010-09-28,0.908298,0.919981,0.904361,0.916043
2010-09-29,0.919981,0.935735,0.919981,0.919981
2010-09-30,0.912177,0.927867,0.912177,0.927867
2010-10-01,0.912177,0.931723,0.912177,0.927867
2010-10-04,0.927867,0.966968,0.927867,0.966968
2010-10-05,0.959228,0.982731,0.951425,0.982731
2010-10-06,0.978719,0.978719,0.959228,0.970906
2010-10-07,0.970906,0.978719,0.963112,0.963112
2010-10-08,0.966968,0.970906,0.95529,0.963112
2010-10-11,0.963112,0.98667,0.959228,0.974781
2010-10-12,0.963112,0.98667,0.963112,0.966968
2010-10-13,0.978719,1.01798,0.978719,1.01798
2010-10-14,1.01003,1.01003,0.990471,0.990471
2010-10-15,0.994409,0.998283,0.990471,0.990471
2010-10-18,0.982731,1.0023,0.982731,0.990471
2010-10-19,1.0023,1.0023,0.978719,0.978719
2010-10-20,0.974781,0.994409,0.974781,0.994409
2010-10-21,0.994409,1.01798,0.994409,1.01798
2010-10-22,1.00616,1.01798,1.0023,1.00616
2010-10-25,1.01003,1.02191,1.00616,1.01003
2010-10-26,1.00616,1.00616,0.994409,1.00616
2010-10-27,1.00616,1.01798,0.994409,1.0023
2010-10-28,1.0023,1.01396,1.0023,1.00616
2010-10-29,0.998952,1.01932,0.998952,1.00697
2010-11-02,1.00616,1.03354,1.00616,1.01798
2010-11-03,1.02572,1.03354,1.02191,1.02572
2010-11-04,1.03747,1.06096,1.02572,1.02572
2010-11-05,1.03747,1.03747,1.02191,1.03354
2010-11-08,1.02965,1.04141,1.02572,1.04141
2010-11-09,1.02965,1.06483,1.02965,1.06096
2010-11-10,1.05315,1.05703,1.02191,1.02572
2010-11-12,0.994409,1.02191,0.98667,0.98667
2010-11-15,0.98667,0.98667,0.978719,0.982731
2010-11-16,0.970906,0.974781,0.959228,0.963112
2010-11-17,0.959228,0.966968,0.943539,0.95529
2010-11-18,0.970906,0.970906,0.959228,0.963112
2010-11-19,0.963112,0.963112,0.935735,0.947477
2010-11-22,0.939609,0.947477,0.927867,0.927867
2010-11-23,0.931723,0.935735,0.919981,0.935735
2010-11-24,0.931723,0.947477,0.92392,0.947477
2010-11-25,0.947477,0.951425,0.939609,0.943539
2010-11-26,0.927867,0.935735,0.912177,0.931723
2010-11-29,0.935735,0.935735,0.916043,0.92392
2010-11-30,0.933665,0.949959,0.925522,0.946012
2010-12-01,0.963112,0.963112,0.951425,0.95529
2010-12-02,0.95529,0.959228,0.939609,0.939609
2010-12-03,0.943539,0.959228,0.943539,0.959228
2010-12-06,0.959228,0.974781,0.951425,0.974781
2010-12-07,0.974781,0.974781,0.959228,0.970906
2010-12-08,0.963112,0.982731,0.963112,0.982731
2010-12-09,0.98667,0.98667,0.966968,0.966968
2010-12-10,0.966968,0.974781,0.951425,0.974781
2010-12-13,0.966968,0.966968,0.947477,0.95529
2010-12-14,0.95529,0.966968,0.951425,0.966968
2010-12-15,0.95529,0.978719,0.95529,0.978719
2010-12-16,0.978719,0.982731,0.963112,0.970906
2010-12-17,0.978719,0.978719,0.966968,0.970906
2010-12-20,0.974781,0.974781,0.951425,0.959228
2010-12-21,0.966968,0.978719,0.959228,0.970906
2010-12-22,0.970906,0.974781,0.966968,0.970906
2010-12-23,0.974781,0.974781,0.963112,0.963112
2010-12-27,0.970906,0.970906,0.959228,0.970906
2010-12-28,0.970906,0.974781,0.947477,0.947477
2010-12-29,0.966309,0.974515,0.946012,0.970448
2010-12-30,0.962306,0.966309,0.949959,0.949959
2010-12-31,0.958166,0.958166,0.933665,0.933665
2011-01-03,0.939609,0.95529,0.931723,0.951425
2011-01-04,0.95529,0.959228,0.951425,0.95529
2011-01-05,0.951425,0.951425,0.916043,0.927867
2011-01-07,0.927867,0.927867,0.900425,0.900425
2011-01-10,0.900425,0.912177,0.876931,0.912177
2011-01-11,0.900425,0.904361,0.89648,0.89648
2011-01-12,0.89648,0.916043,0.89648,0.900425
2011-01-13,0.904361,0.904361,0.880925,0.888748
2011-01-14,0.880925,0.888748,0.873193,0.884803
2011-01-17,0.884803,0.89648,0.884803,0.884803
2011-01-18,0.89648,0.916043,0.89648,0.904361
2011-01-19,0.912177,0.927867,0.908298,0.908298
2011-01-20,0.908298,0.92392,0.908298,0.916043
2011-01-21,0.919981,0.92392,0.912177,0.916043
2011-01-24,0.919981,0.919981,0.908298,0.916043
2011-01-25,0.919981,0.919981,0.900425,0.904361
2011-01-26,0.904361,0.908298,0.892677,0.900425
2011-01-27,0.89648,0.89648,0.884803,0.892677
2011-01-28,0.880925,0.880925,0.880925,0.880925
2011-01-31,0.880661,0.892874,0.856239,0.892874
2011-02-01,0.892677,0.89648,0.880925,0.892677
2011-02-02,0.900425,0.904361,0.89648,0.900425
2011-02-03,0.89648,0.904361,0.884803,0.89648
2011-02-04,0.89648,0.908298,0.884803,0.904361
2011-02-07,0.900425,0.908298,0.892677,0.892677
2011-02-08,0.892677,0.904361,0.884803,0.888748
2011-02-09,0.888748,0.904361,0.884803,0.900425
2011-02-10,0.89648,0.900425,0.876931,0.880925
2011-02-11,0.876931,0.876931,0.865113,0.869182
2011-02-14,0.884803,0.884803,0.85356,0.865113
2011-02-15,0.85356,0.869182,0.85356,0.861309
2011-02-16,0.861309,0.865113,0.85356,0.857298
2011-02-17,0.857298,0.861309,0.834011,0.837815
2011-02-18,0.845621,0.849492,0.829934,0.849492
2011-02-21,0.85356,0.85356,0.837815,0.837815
2011-02-22,0.834011,0.837815,0.826061,0.834011
2011-02-23,0.837815,0.85356,0.837815,0.849492
2011-02-24,0.837815,0.841809,0.829934,0.841809
2011-02-25,0.845621,0.857298,0.841809,0.849492
2011-02-28,0.844017,0.856239,0.839882,0.856239
2011-03-01,0.857298,0.857298,0.845621,0.85356
2011-03-02,0.849492,0.85356,0.841809,0.85356
2011-03-03,0.857298,0.884803,0.857298,0.873193
2011-03-04,0.880925,0.900425,0.873193,0.892677
2011-03-07,0.89648,0.908298,0.884803,0.884803
2011-03-08,0.900425,0.908298,0.884803,0.900425
2011-03-09,0.904361,0.904361,0.880925,0.880925
2011-03-10,0.884803,0.888748,0.857298,0.857298
2011-03-11,0.845621,0.857298,0.845621,0.85356
2011-03-14,0.849492,0.857298,0.841809,0.857298
2011-03-15,0.834011,0.876931,0.834011,0.876931
2011-03-16,0.861309,0.869182,0.837815,0.837815
2011-03-17,0.839882,0.852031,0.835871,0.848028
2011-03-18,0.849492,0.849492,0.841809,0.849492
2011-03-21,0.849492,0.861309,0.845621,0.861309
2011-03-22,0.857298,0.865113,0.849492,0.857298
2011-03-23,0.849492,0.85356,0.841809,0.845621
2011-03-24,0.845621,0.85356,0.837815,0.841809
2011-03-25,0.845621,0.861309,0.837815,0.861309
2011-03-28,0.849492,0.865113,0.849492,0.865113
2011-03-29,0.865113,0.865113,0.85356,0.861309
2011-03-30,0.865113,0.865113,0.849492,0.85356
2011-03-31,0.852031,0.864385,0.848028,0.860366
2011-04-01,0.865113,0.888748,0.861309,0.888748
2011-04-04,0.880925,0.892677,0.880925,0.888748
2011-04-05,0.888806,0.892874,0.880661,0.888806
2011-04-06,0.892677,0.912177,0.888748,0.900425
2011-04-07,0.900425,0.908298,0.900425,0.904361
2011-04-08,0.912177,0.912177,0.884803,0.884803
2011-04-11,0.888748,0.888748,0.876931,0.880925
2011-04-12,0.872391,0.880661,0.868314,0.872391
2011-04-13,0.880925,0.892677,0.876931,0.892677
2011-04-14,0.89648,0.89648,0.888748,0.89648
2011-04-15,0.892677,0.904361,0.888748,0.892677
2011-04-18,0.892677,0.892677,0.861309,0.876931
2011-04-19,0.876931,0.888748,0.873193,0.876931
2011-04-20,0.888748,0.89648,0.884803,0.892677
2011-04-21,0.892677,0.892677,0.880925,0.888748
2011-04-26,0.888748,0.892677,0.884803,0.892677
2011-04-27,0.892677,0.89648,0.880925,0.884803
2011-04-28,0.888748,0.89648,0.876931,0.89648
2011-04-29,0.896951,0.896951,0.880661,0.880661
2011-05-02,0.888748,0.89648,0.876931,0.89648
2011-05-04,0.892874,0.896951,0.876591,0.884729
2011-05-05,0.880661,0.896951,0.880661,0.888806
2011-05-06,0.892874,0.896951,0.888806,0.892874
2011-05-09,0.89648,0.89648,0.880925,0.880925
2011-05-10,0.880661,0.892874,0.876591,0.892874
2011-05-11,0.896951,0.896951,0.884729,0.892874
2011-05-12,0.888806,0.888806,0.872391,0.872391
2011-05-13,0.876591,0.876591,0.839882,0.839882
2011-05-16,0.844017,0.856239,0.839882,0.852031
2011-05-17,0.852031,0.856239,0.839882,0.839882
2011-05-18,0.848028,0.852031,0.839882,0.848028
2011-05-19,0.864385,0.864385,0.835871,0.835871
2011-05-20,0.844017,0.852031,0.835871,0.848028
2011-05-23,0.844017,0.860366,0.835871,0.860366
2011-05-24,0.860366,0.876591,0.856239,0.876591
2011-05-25,0.864385,0.872391,0.864385,0.872391
2011-05-26,0.876591,0.876591,0.852031,0.856239
2011-05-27,0.860366,0.860366,0.844017,0.844017
2011-05-30,0.852031,0.856239,0.848028,0.852031
2011-05-31,0.860366,0.872391,0.860366,0.872391
2011-06-01,0.876591,0.876591,0.860366,0.864385
2011-06-02,0.860366,0.872391,0.856239,0.868314
2011-06-03,0.868314,0.868314,0.856239,0.864385
2011-06-06,0.864385,0.868314,0.856239,0.856239
2011-06-07,0.860366,0.872391,0.856239,0.860366
2011-06-08,0.860366,0.868314,0.860366,0.864385
2011-06-09,0.860366,0.872391,0.860366,0.868314
2011-06-10,0.868314,0.868314,0.860366,0.864385
2011-06-13,0.864385,0.876591,0.864385,0.872391
2011-06-14,0.868314,0.876591,0.868314,0.876591
2011-06-15,0.872391,0.876591,0.868314,0.876591
2011-06-16,0.876591,0.876591,0.868314,0.876591
2011-06-17,0.876591,0.884729,0.868314,0.884729
2011-06-20,0.876591,0.892874,0.876591,0.884729
2011-06-21,0.888806,0.892874,0.880661,0.884729
2011-06-22,0.880661,0.888806,0.860366,0.860366
2011-06-24,0.856239,0.868314,0.835871,0.839882
2011-06-27,0.844017,0.844017,0.819521,0.835871
2011-06-28,0.831736,0.844017,0.831736,0.839882
2011-06-29,0.848028,0.856239,0.844017,0.848028
2011-06-30,0.856239,0.856239,0.835871,0.835871
2011-07-01,0.835871,0.852031,0.835871,0.852031
2011-07-04,0.852031,0.860366,0.844017,0.844017
2011-07-05,0.844017,0.856239,0.839882,0.856239
2011-07-06,0.848028,0.856239,0.848028,0.848028
2011-07-07,0.852031,0.872391,0.852031,0.872391
2011-07-08,0.872391,0.872391,0.848028,0.860366
2011-07-11,0.848028,0.852031,0.827668,0.827668
2011-07-12,0.819521,0.835871,0.803163,0.827668
2011-07-13,0.827668,0.856239,0.827668,0.856239
2011-07-14,0.848028,0.856239,0.839882,0.839882
2011-07-15,0.839882,0.848028,0.827668,0.848028
2011-07-18,0.831736,0.835871,0.819521,0.819521
2011-07-19,0.815449,0.827668,0.811309,0.811309
2011-07-20,0.819521,0.831736,0.819521,0.823527
2011-07-21,0.811309,0.844017,0.799098,0.844017
2011-07-22,0.839882,0.844017,0.827668,0.835871
2011-07-25,0.823527,0.831736,0.815449,0.819521
2011-07-26,0.823527,0.823527,0.811309,0.811309
2011-07-27,0.815449,0.815449,0.799098,0.799098
2011-07-28,0.795084,0.807235,0.790884,0.807235
2011-07-29,0.799098,0.819521,0.799098,0.819521
2011-08-01,0.823527,0.827668,0.811309,0.811309
2011-08-02,0.811309,0.811309,0.795084,0.807235
2011-08-03,0.795084,0.807235,0.766514,0.766514
2011-08-04,0.770588,0.786812,0.75023,0.786812
2011-08-05,0.754302,0.803163,0.754302,0.774661
2011-08-08,0.778733,0.799098,0.758376,0.782806
2011-08-09,0.795084,0.799098,0.746157,0.746157
2011-08-10,0.758376,0.770588,0.652373,0.69723
2011-08-11,0.693224,0.762441,0.648233,0.762441
2011-08-12,0.762441,0.770588,0.754302,0.766514
2011-08-16,0.762441,0.762441,0.737945,0.758376
2011-08-17,0.742017,0.758376,0.733943,0.733943
2011-08-18,0.729871,0.729871,0.660515,0.664588
2011-08-19,0.652373,0.713581,0.640089,0.69723
2011-08-22,0.676803,0.705306,0.676803,0.701235
2011-08-23,0.69723,0.705306,0.689085,0.705306
2011-08-24,0.71759,0.725736,0.693224,0.71759
2011-08-25,0.725736,0.737945,0.709375,0.729871
2011-08-26,0.71759,0.737945,0.713581,0.721592
2011-08-29,0.725736,0.742017,0.71759,0.737945
2011-08-30,0.742017,0.758376,0.737945,0.758376
2011-08-31,0.758376,0.799098,0.758376,0.795084
2011-09-01,0.782806,0.799098,0.766514,0.790884
2011-09-02,0.782806,0.782806,0.754302,0.766514
2011-09-05,0.754302,0.766514,0.71759,0.71759
2011-09-06,0.721592,0.742017,0.705306,0.737945
2011-09-07,0.75023,0.770588,0.737945,0.770588
2011-09-08,0.758376,0.770588,0.742017,0.746157
2011-09-09,0.746157,0.746157,0.69723,0.701235
2011-09-12,0.689085,0.693224,0.660515,0.668659
2011-09-13,0.689085,0.701235,0.664588,0.69723
2011-09-14,0.689085,0.713581,0.689085,0.705306
2011-09-15,0.701235,0.746157,0.701235,0.733943
2011-09-16,0.746157,0.746157,0.729871,0.729871
2011-09-19,0.725736,0.725736,0.693224,0.709375
2011-09-20,0.701235,0.75023,0.69723,0.742017
2011-09-21,0.742017,0.746157,0.725736,0.725736
2011-09-22,0.69723,0.705306,0.668659,0.668659
2011-09-23,0.668659,0.685014,0.627874,0.668659
2011-09-26,0.640089,0.705306,0.636017,0.705306
2011-09-27,0.721592,0.737945,0.705306,0.725736
2011-09-28,0.71759,0.75023,0.709375,0.721592
2011-09-29,0.721592,0.75023,0.71759,0.71759
2011-09-30,0.721592,0.737945,0.709375,0.721592
2011-10-03,0.705306,0.729871,0.69723,0.725736
2011-10-04,0.725736,0.725736,0.701235,0.705306
2011-10-05,0.71759,0.733943,0.713581,0.733943
2011-10-06,0.737945,0.75023,0.733943,0.742017
2011-10-07,0.75023,0.766514,0.737945,0.754302
2011-10-10,0.770588,0.795084,0.75023,0.782806
2011-10-11,0.786812,0.786812,0.770588,0.770588
2011-10-12,0.778733,0.795084,0.762441,0.778733
2011-10-13,0.778733,0.782806,0.758376,0.766514
2011-10-14,0.770588,0.786812,0.762441,0.770588
2011-10-17,0.778733,0.782806,0.746157,0.758376
2011-10-18,0.746157,0.758376,0.742017,0.754302
2011-10-19,0.758376,0.766514,0.75023,0.762441
2011-10-20,0.754302,0.762441,0.721592,0.721592
2011-10-21,0.729871,0.770588,0.729871,0.766514
2011-10-24,0.778733,0.786812,0.762441,0.786812
2011-10-25,0.778733,0.803163,0.766514,0.782806
2011-10-26,0.770588,0.790884,0.762441,0.762441
2011-10-27,0.795084,0.807235,0.786812,0.803163
2011-10-28,0.807235,0.823527,0.803163,0.819521
2011-10-31,0.819521,0.819521,0.795084,0.795084
2011-11-02,0.795084,0.811309,0.778733,0.803163
2011-11-03,0.790884,0.839882,0.786812,0.823527
2011-11-04,0.827668,0.827668,0.790884,0.790884
2011-11-07,0.786812,0.803163,0.770588,0.790884
2011-11-08,0.795084,0.807235,0.790884,0.799098
2011-11-09,0.803163,0.803163,0.746157,0.754302
2011-11-10,0.737945,0.758376,0.737945,0.742017
2011-11-14,0.778733,0.778733,0.75023,0.762441
2011-11-15,0.758376,0.766514,0.721592,0.721592
2011-11-16,0.713581,0.729871,0.705306,0.729871
2011-11-17,0.71759,0.729871,0.705306,0.705306
2011-11-18,0.701235,0.721592,0.701235,0.701235
2011-11-21,0.709375,0.713581,0.685014,0.693224
2011-11-22,0.709375,0.71759,0.69723,0.701235
2011-11-23,0.689085,0.705306,0.685014,0.685014
2011-11-24,0.685014,0.701235,0.676803,0.701235
2011-11-25,0.693224,0.69723,0.680942,0.689085
2011-11-28,0.693224,0.725736,0.693224,0.713581
2011-11-29,0.71759,0.71759,0.709375,0.709375
2011-11-30,0.707509,0.758309,0.707509,0.758309
2011-12-01,0.758376,0.762441,0.742017,0.742017
2011-12-02,0.754302,0.762441,0.746157,0.754302
2011-12-05,0.758376,0.774661,0.758376,0.762441
2011-12-06,0.758376,0.770588,0.754302,0.758376
2011-12-07,0.758376,0.766514,0.754302,0.766514
2011-12-08,0.770588,0.782806,0.746157,0.746157
2011-12-09,0.733943,0.758376,0.733943,0.75023
2011-12-12,0.746157,0.75023,0.71759,0.71759
2011-12-13,0.725736,0.746157,0.725736,0.737945
2011-12-14,0.737945,0.75023,0.729871,0.729871
2011-12-15,0.737945,0.758376,0.729871,0.746157
2011-12-16,0.758376,0.762441,0.725736,0.729871
2011-12-19,0.725736,0.742017,0.71759,0.721592
2011-12-20,0.71759,0.75023,0.713581,0.737945
2011-12-21,0.754302,0.758376,0.742017,0.758376
2011-12-22,0.75023,0.762441,0.746157,0.758376
2011-12-23,0.754302,0.762441,0.75023,0.754302
2011-12-27,0.754302,0.762441,0.75023,0.762441
2011-12-28,0.754302,0.766514,0.754302,0.758376
2011-12-29,0.762441,0.762441,0.737945,0.746157
2011-12-30,0.737083,0.741353,0.728606,0.732876
2012-01-02,0.733943,0.754302,0.733943,0.754302
2012-01-03,0.758376,0.758376,0.742017,0.75023
2012-01-04,0.75023,0.75023,0.721592,0.725736
2012-01-05,0.725736,0.725736,0.693224,0.721592
2012-01-09,0.725736,0.725736,0.705306,0.713581
2012-01-10,0.725736,0.737945,0.721592,0.729871
2012-01-11,0.737945,0.737945,0.721592,0.721592
2012-01-12,0.725736,0.729871,0.721592,0.725736
2012-01-13,0.729871,0.733943,0.71759,0.721592
2012-01-16,0.71759,0.729871,0.713581,0.729871
2012-01-17,0.737945,0.758376,0.737945,0.746157
2012-01-18,0.754302,0.758376,0.746157,0.758376
2012-01-19,0.758376,0.778733,0.754302,0.778733
2012-01-20,0.778733,0.795084,0.774661,0.790884
2012-01-23,0.795084,0.799098,0.786812,0.786812
2012-01-24,0.790884,0.790884,0.778733,0.786812
2012-01-25,0.795084,0.795084,0.774661,0.778733
2012-01-26,0.778733,0.827668,0.778733,0.815449
2012-01-27,0.815449,0.827668,0.799098,0.811309
2012-01-30,0.811309,0.815449,0.795084,0.811309
2012-01-31,0.813375,0.834532,0.809109,0.817582
2012-02-01,0.819521,0.835871,0.819521,0.835871
2012-02-02,0.835871,0.839882,0.831736,0.831736
2012-02-03,0.827668,0.856239,0.827668,0.831736
2012-02-06,0.831736,0.848028,0.827668,0.844017
2012-02-07,0.839882,0.856239,0.835871,0.839882
2012-02-08,0.839882,0.852031,0.831736,0.839882
2012-02-09,0.839882,0.852031,0.839882,0.839882
2012-02-10,0.839882,0.839882,0.811309,0.815449
2012-02-13,0.831736,0.835871,0.819521,0.835871
2012-02-14,0.852031,0.852031,0.823527,0.823527
2012-02-15,0.835871,0.839882,0.823527,0.823527
2012-02-16,0.815449,0.835871,0.815449,0.827668
2012-02-17,0.839882,0.839882,0.827668,0.831736
2012-02-20,0.831736,0.839882,0.823527,0.823527
2012-02-21,0.831736,0.831736,0.819521,0.827668
2012-02-22,0.831736,0.831736,0.803163,0.811309
2012-02-23,0.807235,0.819521,0.790884,0.790884
2012-02-24,0.795084,0.803163,0.790884,0.790884
2012-02-27,0.786812,0.803163,0.778733,0.803163
2012-02-28,0.807235,0.807235,0.799098,0.803163
2012-02-29,0.809109,0.813375,0.800695,0.800695
2012-03-01,0.786812,0.815449,0.786812,0.815449
2012-03-02,0.811309,0.815449,0.799098,0.807235
2012-03-05,0.803163,0.803163,0.774661,0.774661
2012-03-06,0.774661,0.774661,0.746157,0.746157
2012-03-07,0.75023,0.778733,0.75023,0.778733
2012-03-08,0.778733,0.803163,0.770588,0.799098
2012-03-09,0.803163,0.803163,0.782806,0.786812
2012-03-12,0.799098,0.799098,0.782806,0.795084
2012-03-13,0.799098,0.799098,0.786812,0.790884
2012-03-14,0.803163,0.811309,0.795084,0.799098
2012-03-15,0.799098,0.811309,0.790884,0.803163
2012-03-16,0.799098,0.803163,0.790884,0.790884
2012-03-19,0.790884,0.799098,0.790884,0.795084
2012-03-20,0.795084,0.795084,0.778733,0.786812
2012-03-21,0.786812,0.795084,0.762441,0.762441
2012-03-22,0.766514,0.766514,0.737945,0.754302
2012-03-23,0.746157,0.770588,0.746157,0.770588
2012-03-26,0.770588,0.774661,0.766514,0.774661
2012-03-27,0.782806,0.786812,0.774661,0.782806
2012-03-28,0.774661,0.786812,0.774661,0.778733
2012-03-29,0.778733,0.778733,0.762441,0.770588
2012-03-30,0.775196,0.775196,0.770929,0.775196
2012-04-02,0.786812,0.786812,0.766514,0.782806
2012-04-03,0.782806,0.782806,0.758376,0.758376
2012-04-04,0.758376,0.758376,0.729871,0.729871
2012-04-05,0.733943,0.737945,0.729871,0.729871
2012-04-10,0.733943,0.746157,0.721592,0.725736
2012-04-11,0.737945,0.746157,0.733943,0.742017
2012-04-12,0.746157,0.746157,0.737945,0.746157
2012-04-13,0.746157,0.746157,0.729871,0.729871
2012-04-16,0.725736,0.737945,0.725736,0.737945
2012-04-17,0.737945,0.746157,0.733943,0.746157
2012-04-18,0.746157,0.746157,0.729871,0.746157
2012-04-19,0.729871,0.746157,0.721592,0.729871
2012-04-20,0.725736,0.729871,0.709375,0.721592
2012-04-23,0.713581,0.713581,0.685014,0.69723
2012-04-24,0.709375,0.709375,0.693224,0.709375
2012-04-25,0.701235,0.725736,0.701235,0.705306
2012-04-26,0.713581,0.737945,0.709375,0.737945
2012-04-27,0.733943,0.762441,0.725736,0.762441
2012-04-30,0.762516,0.762516,0.737083,0.745563
2012-05-02,0.75023,0.75023,0.733943,0.746157
2012-05-04,0.75023,0.75023,0.737945,0.746157
2012-05-07,0.733943,0.746157,0.733943,0.746157
2012-05-08,0.742017,0.742017,0.725736,0.725736
2012-05-09,0.729871,0.733943,0.71759,0.71759
2012-05-10,0.728606,0.728606,0.720256,0.724399
2012-05-11,0.721592,0.721592,0.685014,0.685014
2012-05-14,0.689085,0.689085,0.668659,0.672731
2012-05-15,0.680942,0.680942,0.668659,0.672731
2012-05-16,0.664588,0.680942,0.660515,0.676803
2012-05-17,0.672731,0.676803,0.652373,0.652373
2012-05-18,0.652373,0.656443,0.640089,0.640089
2012-05-21,0.652373,0.664588,0.648233,0.656443
2012-05-22,0.664588,0.664588,0.656443,0.660515
2012-05-23,0.656443,0.656443,0.636017,0.636017
2012-05-24,0.640089,0.644161,0.627874,0.631878
2012-05-25,0.627874,0.640089,0.619663,0.636017
2012-05-28,0.636017,0.644161,0.636017,0.640089
2012-05-29,0.640089,0.664588,0.636017,0.664588
2012-05-30,0.656443,0.676803,0.652373,0.664588
2012-05-31,0.669327,0.690487,0.665054,0.682075
2012-06-01,0.682075,0.686215,0.656644,0.665054
2012-06-04,0.664588,0.672731,0.652373,0.656443
2012-06-05,0.652373,0.656644,0.626939,0.626939
2012-06-06,0.635416,0.673532,0.631145,0.673532
2012-06-08,0.665054,0.682075,0.648167,0.673532
2012-06-11,0.682075,0.686215,0.677738,0.682075
2012-06-12,0.677738,0.698965,0.677738,0.698965
2012-06-13,0.694759,0.707509,0.690487,0.690487
2012-06-14,0.694759,0.703304,0.690487,0.694759
2012-06-15,0.698965,0.720256,0.698965,0.711716
2012-06-18,0.720256,0.724399,0.707509,0.715986
2012-06-19,0.715986,0.737083,0.715986,0.737083
2012-06-20,0.732876,0.741353,0.720256,0.724399
2012-06-21,0.720256,0.728606,0.715986,0.720256
2012-06-22,0.711716,0.720256,0.711716,0.720256
2012-06-25,0.720256,0.720256,0.707509,0.707509
2012-06-26,0.715986,0.741353,0.715986,0.741353
2012-06-27,0.741353,0.758309,0.737083,0.758309
2012-06-28,0.758309,0.758309,0.737083,0.745563
2012-06-29,0.754036,0.758309,0.74977,0.758309
2012-07-02,0.758309,0.758309,0.737083,0.741353
2012-07-03,0.745563,0.758309,0.741353,0.754036
2012-07-04,0.758309,0.758309,0.745563,0.745563
2012-07-05,0.745563,0.754036,0.741353,0.754036
2012-07-06,0.754036,0.758309,0.732876,0.74977
2012-07-09,0.745563,0.745563,0.715986,0.715986
2012-07-10,0.724399,0.728606,0.715986,0.724399
2012-07-11,0.724399,0.724399,0.703304,0.703304
2012-07-12,0.703304,0.715986,0.698965,0.711716
2012-07-13,0.720256,0.724399,0.711716,0.724399
2012-07-16,0.724399,0.724399,0.707509,0.711716
2012-07-17,0.711716,0.732876,0.711716,0.732876
2012-07-18,0.732876,0.732876,0.703304,0.711716
2012-07-19,0.711716,0.720256,0.707509,0.715986
2012-07-20,0.720256,0.720256,0.707509,0.707509
2012-07-23,0.698965,0.698965,0.677738,0.682075
2012-07-24,0.682075,0.682075,0.669327,0.677738
2012-07-25,0.673532,0.690487,0.669327,0.682075
2012-07-26,0.686215,0.698965,0.673532,0.677738
2012-07-27,0.686215,0.694759,0.682075,0.686215
2012-07-30,0.686215,0.703304,0.686215,0.703304
2012-07-31,0.690487,0.703304,0.690487,0.698965
2012-08-01,0.698965,0.707509,0.698965,0.703304
2012-08-02,0.703304,0.720256,0.703304,0.703304
2012-08-03,0.707509,0.741353,0.707509,0.737083
2012-08-06,0.737083,0.758309,0.737083,0.758309
2012-08-07,0.758309,0.779468,0.74977,0.779468
2012-08-08,0.775196,0.783675,0.766782,0.783675
2012-08-09,0.783675,0.800695,0.775196,0.800695
2012-08-10,0.796422,0.817582,0.796422,0.800695
2012-08-13,0.796422,0.821788,0.796422,0.813375
2012-08-14,0.817582,0.817582,0.804902,0.809109
2012-08-16,0.817582,0.830339,0.813375,0.821788
2012-08-17,0.826061,0.826061,0.804902,0.813375
2012-08-20,0.813375,0.813375,0.800695,0.809109
2012-08-21,0.813375,0.821788,0.809109,0.809109
2012-08-22,0.804902,0.809109,0.796422,0.796422
2012-08-23,0.800695,0.804902,0.787942,0.800695
2012-08-24,0.800695,0.800695,0.783675,0.787942
2012-08-27,0.787942,0.787942,0.783675,0.787942
2012-08-28,0.779468,0.792148,0.779468,0.792148
2012-08-29,0.792148,0.792148,0.770929,0.775196
2012-08-30,0.770929,0.770929,0.766782,0.766782
2012-08-31,0.766782,0.783675,0.766782,0.775196
2012-09-03,0.779468,0.787942,0.779468,0.783675
2012-09-04,0.783675,0.783675,0.766782,0.766782
2012-09-05,0.766782,0.783675,0.766782,0.783675
2012-09-06,0.783675,0.813375,0.783675,0.813375
2012-09-07,0.804902,0.821788,0.804902,0.821788
2012-09-10,0.817582,0.826061,0.809109,0.821788
2012-09-11,0.809109,0.821788,0.809109,0.817582
2012-09-12,0.821788,0.821788,0.800695,0.804902
2012-09-13,0.809109,0.813375,0.796422,0.813375
2012-09-14,0.838816,0.851493,0.834532,0.834532
2012-09-17,0.826061,0.84295,0.826061,0.826061
2012-09-18,0.826061,0.826061,0.813375,0.826061
2012-09-19,0.834532,0.84295,0.821788,0.84295
2012-09-20,0.830339,0.838816,0.830339,0.834532
2012-09-21,0.834532,0.834532,0.821788,0.821788
2012-09-24,0.826061,0.830339,0.813375,0.826061
2012-09-25,0.830339,0.84295,0.830339,0.84295
2012-09-26,0.830339,0.834532,0.817582,0.821788
2012-09-27,0.826061,0.826061,0.813375,0.817582
2012-09-28,0.821788,0.821788,0.800695,0.813375
2012-10-01,0.809109,0.826061,0.800695,0.821788
2012-10-02,0.817582,0.826061,0.813375,0.813375
2012-10-03,0.817582,0.817582,0.800695,0.804902
2012-10-04,0.809109,0.809109,0.800695,0.809109
2012-10-05,0.809109,0.821788,0.809109,0.821788
2012-10-08,0.817582,0.817582,0.804902,0.804902
2012-10-09,0.809109,0.813375,0.800695,0.800695
2012-10-10,0.800695,0.817582,0.800695,0.817582
2012-10-11,0.817582,0.826061,0.809109,0.809109
2012-10-12,0.804902,0.809109,0.792148,0.792148
2012-10-15,0.796422,0.800695,0.783675,0.783675
2012-10-16,0.787942,0.800695,0.783675,0.800695
2012-10-17,0.800695,0.817582,0.796422,0.809109
2012-10-18,0.813375,0.813375,0.800695,0.800695
2012-10-19,0.800695,0.813375,0.779468,0.779468
2012-10-22,0.787942,0.804902,0.779468,0.792148
2012-10-23,0.792148,0.796422,0.783675,0.792148
2012-10-24,0.792148,0.792148,0.787942,0.792148
2012-10-25,0.783675,0.796422,0.783675,0.792148
2012-10-26,0.792148,0.796422,0.787942,0.787942
2012-10-29,0.783675,0.792148,0.783675,0.792148
2012-10-30,0.787942,0.792148,0.787942,0.792148
2012-10-31,0.783675,0.796422,0.783675,0.787942
2012-11-02,0.792148,0.800695,0.792148,0.796422
2012-11-05,0.796422,0.804902,0.792148,0.796422
2012-11-06,0.787942,0.796422,0.787942,0.796422
2012-11-07,0.796422,0.800695,0.787942,0.787942
2012-11-08,0.792148,0.792148,0.783675,0.792148
2012-11-09,0.787942,0.787942,0.783675,0.783675
2012-11-12,0.792148,0.792148,0.787942,0.787942
2012-11-13,0.792148,0.804902,0.787942,0.804902
2012-11-14,0.804902,0.809109,0.800695,0.800695
2012-11-15,0.792148,0.809109,0.775196,0.775196
2012-11-16,0.770929,0.779468,0.770929,0.775196
2012-11-19,0.775196,0.783675,0.775196,0.775196
2012-11-20,0.779468,0.783675,0.770929,0.770929
2012-11-21,0.775196,0.779468,0.770929,0.770929
2012-11-22,0.775196,0.775196,0.762516,0.762516
2012-11-23,0.770929,0.770929,0.762516,0.766782
2012-11-26,0.766782,0.770929,0.762516,0.766782
2012-11-27,0.779468,0.779468,0.775196,0.779468
2012-11-28,0.775196,0.783675,0.775196,0.775196
2012-11-29,0.779468,0.779468,0.775196,0.779468
2012-11-30,0.779468,0.783675,0.779468,0.783675
2012-12-03,0.779468,0.792148,0.779468,0.787942
2012-12-04,0.783675,0.809109,0.783675,0.804902
2012-12-05,0.813375,0.813375,0.804902,0.813375
2012-12-06,0.813375,0.821788,0.809109,0.813375
2012-12-07,0.813375,0.821788,0.813375,0.813375
2012-12-10,0.817582,0.817582,0.809109,0.813375
2012-12-11,0.813375,0.817582,0.804902,0.804902
2012-12-12,0.804902,0.813375,0.796422,0.813375
2012-12-13,0.809109,0.813375,0.800695,0.800695
2012-12-14,0.804902,0.809109,0.792148,0.804902
2012-12-17,0.809109,0.809109,0.796422,0.804902
2012-12-18,0.809109,0.813375,0.804902,0.809109
2012-12-19,0.809109,0.817582,0.804902,0.813375
2012-12-20,0.813375,0.838816,0.809109,0.834532
2012-12-21,0.826061,0.834532,0.821788,0.834532
2012-12-27,0.834532,0.851493,0.834532,0.847226
2012-12-28,0.859977,0.859977,0.830339,0.830339
2013-01-02,0.855694,0.855694,0.838816,0.84295
2013-01-03,0.838816,0.84295,0.834532,0.838816
2013-01-04,0.834532,0.838816,0.826061,0.834532
2013-01-07,0.830339,0.830339,0.821788,0.826061
2013-01-08,0.826061,0.834532,0.813375,0.813375
2013-01-09,0.817582,0.821788,0.804902,0.821788
2013-01-10,0.821788,0.826061,0.821788,0.826061
2013-01-11,0.826061,0.834532,0.821788,0.821788
2013-01-14,0.826061,0.847226,0.821788,0.847226
2013-01-15,0.838816,0.847226,0.838816,0.84295
2013-01-16,0.830339,0.834532,0.830339,0.834532
2013-01-17,0.84295,0.84295,0.834532,0.838816
2013-01-18,0.84295,0.847226,0.834532,0.84295
2013-01-21,0.84295,0.84295,0.834532,0.834532
2013-01-22,0.834532,0.838816,0.830339,0.834532
2013-01-23,0.826061,0.830339,0.813375,0.826061
2013-01-24,0.826061,0.834532,0.826061,0.830339
2013-01-25,0.834532,0.838816,0.830339,0.838816
2013-01-28,0.834532,0.838816,0.830339,0.834532
2013-01-29,0.830339,0.834532,0.821788,0.834532
2013-01-30,0.783675,0.787942,0.770929,0.775196
2013-01-31,0.770929,0.770929,0.754036,0.754036
2013-02-01,0.758309,0.770929,0.754036,0.766782
2013-02-04,0.775196,0.779468,0.770929,0.775196
2013-02-05,0.779468,0.787942,0.775196,0.787942
2013-02-06,0.792148,0.792148,0.783675,0.792148
2013-02-07,0.792148,0.792148,0.787942,0.792148
2013-02-08,0.792148,0.796422,0.787942,0.792148
2013-02-11,0.787942,0.792148,0.787942,0.787942
2013-02-12,0.787942,0.792148,0.787942,0.787942
2013-02-13,0.792148,0.792148,0.787942,0.787942
2013-02-14,0.792148,0.792148,0.783675,0.787942
2013-02-15,0.792148,0.792148,0.787942,0.792148
2013-02-18,0.796422,0.796422,0.787942,0.787942
2013-02-19,0.787942,0.792148,0.787942,0.787942
2013-02-20,0.783675,0.792148,0.783675,0.787942
2013-02-21,0.787942,0.792148,0.787942,0.792148
2013-02-22,0.792148,0.792148,0.787942,0.792148
2013-02-25,0.796422,0.809109,0.792148,0.809109
2013-02-26,0.792148,0.800695,0.792148,0.800695
2013-02-27,0.800695,0.800695,0.796422,0.800695
2013-02-28,0.802762,0.802762,0.793821,0.798228
2013-03-01,0.792148,0.796422,0.787942,0.787942
2013-03-04,0.787942,0.792148,0.787942,0.792148
2013-03-05,0.796422,0.809109,0.796422,0.809109
2013-03-06,0.809109,0.809109,0.787942,0.796422
2013-03-07,0.796422,0.796422,0.787942,0.787942
2013-03-08,0.796422,0.804902,0.787942,0.796422
2013-03-11,0.796422,0.796422,0.792148,0.796422
2013-03-12,0.796422,0.796422,0.787942,0.787942
2013-03-13,0.792148,0.796422,0.787942,0.792148
2013-03-14,0.796422,0.800695,0.792148,0.800695
2013-03-15,0.804902,0.813375,0.804902,0.813375
2013-03-18,0.804902,0.804902,0.758309,0.758309
2013-03-19,0.758309,0.758309,0.74977,0.74977
2013-03-20,0.754036,0.758309,0.741353,0.741353
2013-03-21,0.745563,0.745563,0.741353,0.745563
2013-03-22,0.745563,0.745563,0.724399,0.728606
2013-03-25,0.737083,0.741353,0.728606,0.737083
2013-03-26,0.737083,0.74977,0.732876,0.745563
2013-03-27,0.745563,0.754036,0.741353,0.745563
2013-03-28,0.741353,0.74977,0.741353,0.745563
2013-04-02,0.74977,0.758309,0.745563,0.74977
2013-04-03,0.745563,0.754036,0.728606,0.732876
2013-04-04,0.732876,0.745563,0.728606,0.732876
2013-04-05,0.732876,0.737083,0.720256,0.720256
2013-04-08,0.724399,0.732876,0.724399,0.732876
2013-04-09,0.737083,0.745563,0.732876,0.745563
2013-04-10,0.745563,0.762516,0.741353,0.758309
2013-04-11,0.762516,0.766782,0.754036,0.766782
2013-04-12,0.762516,0.762516,0.74977,0.754036
2013-04-15,0.74977,0.754036,0.737083,0.737083
2013-04-17,0.758309,0.758309,0.724399,0.724399
2013-04-18,0.724399,0.732876,0.724399,0.724399
2013-04-19,0.732876,0.732876,0.728606,0.732876
2013-04-22,0.732876,0.732876,0.724399,0.728606
2013-04-23,0.724399,0.737083,0.724399,0.737083
2013-04-24,0.737083,0.741353,0.724399,0.732876
2013-04-25,0.741353,0.741353,0.715986,0.715986
2013-04-26,0.720256,0.728606,0.720256,0.724399
2013-04-29,0.724399,0.728606,0.720256,0.720256
2013-04-30,0.713581,0.717859,0.713581,0.717859
2013-05-02,0.724399,0.724399,0.703304,0.703304
2013-05-06,0.711716,0.711716,0.707509,0.711716
2013-05-07,0.715986,0.724399,0.707509,0.711716
2013-05-08,0.720256,0.732876,0.720256,0.732876
2013-05-09,0.732876,0.732876,0.715986,0.715986
2013-05-10,0.715986,0.720256,0.711716,0.715986
2013-05-13,0.711716,0.732876,0.711716,0.711716
2013-05-14,0.711716,0.732876,0.711716,0.728606
2013-05-15,0.732876,0.741353,0.732876,0.741353
2013-05-16,0.745563,0.745563,0.737083,0.745563
2013-05-17,0.741353,0.754036,0.741353,0.741353
2013-05-20,0.74977,0.754036,0.741353,0.741353
2013-05-21,0.74977,0.74977,0.737083,0.737083
2013-05-22,0.745563,0.745563,0.728606,0.732876
2013-05-23,0.724399,0.741353,0.724399,0.741353
2013-05-24,0.741353,0.754036,0.741353,0.74977
2013-05-27,0.74977,0.766782,0.74977,0.766782
2013-05-28,0.76699,0.771531,0.76699,0.771531
2013-05-29,0.76699,0.771531,0.758108,0.76699
2013-05-31,0.753634,0.771531,0.753634,0.771531
2013-06-03,0.74977,0.762516,0.74977,0.758309
2013-06-04,0.758108,0.771531,0.758108,0.771531
2013-06-05,0.76699,0.780472,0.762575,0.762575
2013-06-06,0.762575,0.771531,0.762575,0.76699
2013-06-07,0.76699,0.78928,0.76699,0.775931
2013-06-10,0.787942,0.796422,0.783675,0.792148
2013-06-11,0.798228,0.798228,0.780472,0.78488
2013-06-12,0.78928,0.793821,0.775931,0.78488
2013-06-13,0.775931,0.780472,0.771531,0.771531
2013-06-14,0.775931,0.78488,0.775931,0.780472
2013-06-17,0.780472,0.78928,0.762575,0.775931
2013-06-18,0.775931,0.780472,0.775931,0.775931
2013-06-19,0.78928,0.78928,0.758108,0.758108
2013-06-20,0.758108,0.762575,0.73581,0.749226
2013-06-21,0.749226,0.753634,0.704571,0.749226
2013-06-24,0.717859,0.731405,0.713581,0.713581
2013-06-25,0.722398,0.731405,0.713581,0.713581
2013-06-26,0.700101,0.722398,0.691221,0.722398
2013-06-27,0.731405,0.731405,0.691221,0.700101
2013-06-28,0.700101,0.731405,0.695693,0.731405
2013-07-01,0.731405,0.731405,0.709113,0.713581
2013-07-02,0.717859,0.73581,0.713581,0.731405
2013-07-03,0.726867,0.731405,0.709113,0.709113
2013-07-04,0.709113,0.713581,0.700101,0.709113
2013-07-05,0.713581,0.717859,0.695693,0.700101
2013-07-08,0.700101,0.704571,0.686749,0.691221
2013-07-09,0.695693,0.695693,0.677805,0.691221
2013-07-10,0.691221,0.704571,0.691221,0.704571
2013-07-11,0.709113,0.726867,0.709113,0.726867
2013-07-12,0.722398,0.740215,0.717859,0.740215
2013-07-15,0.73581,0.753634,0.73581,0.753634
2013-07-16,0.753634,0.758108,0.749226,0.758108
2013-07-17,0.749226,0.771531,0.749226,0.758108
2013-07-18,0.753634,0.758108,0.753634,0.753634
2013-07-19,0.758108,0.775931,0.753634,0.775931
2013-07-22,0.775931,0.78488,0.775931,0.775931
2013-07-23,0.775931,0.793821,0.775931,0.78488
2013-07-24,0.78488,0.793821,0.78488,0.78928
2013-07-25,0.78928,0.78928,0.775931,0.780472
2013-07-26,0.78488,0.78928,0.771531,0.78488
2013-07-29,0.78488,0.78488,0.775931,0.780472
2013-07-30,0.780472,0.798228,0.780472,0.793821
2013-07-31,0.798228,0.811644,0.793821,0.798228
2013-08-01,0.802762,0.811644,0.802762,0.802762
2013-08-02,0.807169,0.811644,0.802762,0.802762
2013-08-05,0.811644,0.81605,0.802762,0.81605
2013-08-06,0.820584,0.820584,0.78488,0.793821
2013-08-07,0.793821,0.81605,0.78928,0.811644
2013-08-08,0.811644,0.887342,0.811644,0.887342
2013-08-09,0.891948,0.905229,0.87846,0.905229
2013-08-12,0.905229,0.936477,0.900822,0.927519
2013-08-13,0.927519,0.936477,0.923049,0.927519
2013-08-14,0.927519,0.949831,0.927519,0.945416
2013-08-16,0.945416,0.945416,0.936477,0.936477
2013-08-19,0.940947,0.940947,0.923049,0.923049
2013-08-20,0.914169,0.914169,0.905229,0.905229
2013-08-21,0.909704,0.918644,0.89629,0.89629
2013-08-22,0.89629,0.914169,0.89629,0.905229
2013-08-23,0.909704,0.914169,0.89629,0.914169
2013-08-26,0.918644,0.923049,0.914169,0.923049
2013-08-27,0.918644,0.918644,0.905229,0.905229
2013-08-28,0.905229,0.909704,0.905229,0.905229
2013-08-29,0.914169,0.914169,0.89629,0.900822
2013-08-30,0.905229,0.914169,0.887342,0.914169
2013-09-02,0.923049,0.927519,0.909704,0.909704
2013-09-03,0.909704,0.914169,0.900822,0.909704
2013-09-04,0.914169,0.923049,0.882935,0.882935
2013-09-05,0.860639,0.869587,0.824925,0.856239
2013-09-06,0.856239,0.860639,0.847292,0.860639
2013-09-09,0.865113,0.882935,0.856239,0.87846
2013-09-10,0.882935,0.887342,0.87846,0.887342
2013-09-11,0.891948,0.89629,0.874061,0.891948
2013-09-12,0.891948,0.909704,0.891948,0.909704
2013-09-13,0.909704,0.909704,0.89629,0.89629
2013-09-16,0.918644,0.918644,0.89629,0.900822
2013-09-17,0.900822,0.914169,0.900822,0.909704
2013-09-18,0.909704,0.918644,0.900822,0.914169
2013-09-19,0.927519,0.940947,0.918644,0.936477
2013-09-20,0.927519,0.940947,0.918644,0.927519
2013-09-23,0.936477,0.936477,0.909704,0.914169
2013-09-24,0.905229,0.918644,0.905229,0.909704
2013-09-25,0.909704,0.931989,0.909704,0.931989
2013-09-26,0.931989,0.95877,0.931989,0.954301
2013-09-27,0.95877,0.96324,0.949831,0.954301
2013-09-30,0.940947,0.949831,0.936477,0.936477
2013-10-01,0.931989,0.940947,0.927519,0.936477
2013-10-02,0.936477,0.949831,0.931989,0.945416
2013-10-03,0.949831,0.976658,0.945416,0.967646
2013-10-04,0.96324,0.972115,0.96324,0.96324
2013-10-07,0.954301,0.95877,0.949831,0.954301
2013-10-08,0.949831,0.95877,0.949831,0.949831
2013-10-09,0.954301,0.967646,0.949831,0.96324
2013-10-10,0.972115,1.00784,0.972115,0.998952
2013-10-11,1.01678,1.02565,1.00329,1.0123
2013-10-14,1.0123,1.03459,1.0123,1.03459
2013-10-15,1.04802,1.04802,1.00784,1.00784
2013-10-16,1.0123,1.02565,1.00784,1.00784
2013-10-17,1.01678,1.03012,1.0123,1.0123
2013-10-18,1.02118,1.0434,0.994473,1.03012
2013-10-21,1.03012,1.05688,1.03012,1.05688
2013-10-22,1.0613,1.0613,1.03012,1.03012
2013-10-23,1.02118,1.03012,0.998952,0.998952
2013-10-24,1.0123,1.02565,1.00784,1.02118
2013-10-25,1.02118,1.02118,1.00784,1.00784
2013-10-28,1.03012,1.03459,1.02118,1.02565
2013-10-29,1.03012,1.05236,1.03012,1.0434
2013-10-30,1.0434,1.07925,1.03012,1.03012
2013-10-31,1.02565,1.03012,1.0123,1.0123
2013-11-04,1.02565,1.02565,1.00784,1.0123
2013-11-05,1.01678,1.02118,0.998952,0.998952
2013-11-06,1.0123,1.02565,1.00784,1.02118
2013-11-07,1.00784,1.03907,1.00784,1.02118
2013-11-08,1.00784,1.02118,0.998952,1.00784
2013-11-12,1.01678,1.02118,1.00329,1.00329
2013-11-13,0.998952,1.00329,0.972115,0.972115
2013-11-14,0.994473,0.994473,0.954301,0.954301
2013-11-15,0.96324,0.972115,0.95877,0.967646
2013-11-18,0.972115,0.990013,0.95877,0.981064
2013-11-19,0.985525,0.990013,0.967646,0.972115
2013-11-20,0.972115,0.972115,0.96324,0.967646
2013-11-21,0.96324,0.976658,0.95877,0.976658
2013-11-22,0.972115,0.981064,0.972115,0.976658
2013-11-25,0.976658,0.985525,0.972115,0.972115
2013-11-26,0.967646,0.967646,0.945416,0.954301
2013-11-27,0.949831,0.95877,0.949831,0.95877
2013-11-28,0.95877,0.96324,0.945416,0.954301
2013-11-29,0.954301,0.96324,0.954301,0.95877
2013-12-02,0.954301,0.967646,0.931989,0.931989
2013-12-03,0.931989,0.936477,0.927519,0.931989
2013-12-04,0.931989,0.949831,0.923049,0.931989
2013-12-05,0.931989,0.936477,0.914169,0.918644
2013-12-06,0.927519,0.936477,0.923049,0.931989
2013-12-09,0.940947,0.945416,0.927519,0.927519
2013-12-10,0.931989,0.931989,0.914169,0.918644
2013-12-11,0.931989,0.940947,0.923049,0.936477
2013-12-12,0.927519,0.931989,0.914169,0.923049
2013-12-13,0.931989,0.931989,0.900822,0.905229
2013-12-16,0.905229,0.914169,0.905229,0.905229
2013-12-17,0.909704,0.923049,0.905229,0.905229
2013-12-18,0.905229,0.923049,0.891948,0.900822
2013-12-19,0.909704,0.927519,0.89629,0.89629
2013-12-20,0.909704,0.918644,0.905229,0.905229
2013-12-23,0.918644,0.918644,0.905229,0.909704
2013-12-27,0.914169,0.914169,0.905229,0.914169
2013-12-30,0.927519,0.927519,0.909704,0.914169
2014-01-02,0.923049,0.927519,0.914169,0.918644
2014-01-03,0.909704,0.914169,0.905229,0.905229
2014-01-07,0.891948,0.891948,0.874061,0.87846
2014-01-08,0.87846,0.914169,0.874061,0.909704
2014-01-09,0.909704,0.909704,0.87846,0.87846
2014-01-10,0.87846,0.900822,0.87846,0.87846
2014-01-13,0.900822,0.914169,0.900822,0.914169
2014-01-14,0.909704,0.936477,0.900822,0.909704
2014-01-15,0.931989,0.940947,0.931989,0.931989
2014-01-16,0.940947,0.940947,0.923049,0.923049
2014-01-17,0.923049,0.923049,0.909704,0.914169
2014-01-20,0.909704,0.923049,0.909704,0.914169
2014-01-21,0.918644,0.949831,0.918644,0.945416
2014-01-22,0.954301,0.967646,0.940947,0.954301
2014-01-23,0.95877,0.981064,0.945416,0.945416
2014-01-24,0.945416,0.949831,0.918644,0.918644
2014-01-27,0.918644,0.931989,0.89629,0.918644
2014-01-28,0.909704,0.914169,0.900822,0.909704
2014-01-29,0.927519,0.931989,0.900822,0.905229
2014-01-30,0.900822,0.931989,0.89629,0.931989
2014-01-31,0.931989,0.949831,0.918644,0.940947
2014-02-03,0.945416,0.949831,0.927519,0.936477
2014-02-04,0.918644,0.940947,0.918644,0.931989
2014-02-05,0.927519,0.940947,0.923049,0.923049
2014-02-06,0.936477,0.954301,0.927519,0.954301
2014-02-07,0.949831,0.954301,0.945416,0.945416
2014-02-10,0.949831,0.949831,0.940947,0.945416
2014-02-11,0.940947,0.967646,0.940947,0.967646
2014-02-12,0.972115,0.976658,0.967646,0.976658
2014-02-13,0.967646,0.990013,0.967646,0.985525
2014-02-14,0.985525,0.998952,0.981064,0.985525
2014-02-17,0.998952,0.998952,0.954301,0.95877
2014-02-18,0.967646,0.967646,0.949831,0.954301
2014-02-19,0.96324,0.985525,0.95877,0.981064
2014-02-20,0.976658,0.976658,0.95877,0.96324
2014-02-21,0.972115,0.976658,0.96324,0.972115
2014-02-24,0.972115,1.00329,0.972115,0.990013
2014-02-25,0.990013,0.994473,0.985525,0.985525
2014-02-26,0.990013,0.990013,0.972115,0.981064
2014-02-27,0.972115,0.976658,0.967646,0.967646
2014-02-28,0.972115,0.985525,0.967646,0.981064
2014-03-03,0.954301,0.967646,0.918644,0.918644
2014-03-04,0.940947,0.945416,0.918644,0.936477
2014-03-05,0.936477,0.949831,0.931989,0.940947
2014-03-06,0.945416,0.96324,0.936477,0.945416
2014-03-07,0.949831,0.954301,0.931989,0.936477
2014-03-10,0.931989,0.945416,0.931989,0.931989
2014-03-11,0.940947,0.945416,0.927519,0.945416
2014-03-12,0.940947,0.940947,0.905229,0.905229
2014-03-13,0.909704,0.909704,0.891948,0.891948
2014-03-14,0.874061,0.914169,0.874061,0.914169
2014-03-17,0.909704,0.931989,0.909704,0.931989
2014-03-18,0.918644,0.931989,0.914169,0.914169
2014-03-19,0.923049,0.931989,0.914169,0.927519
2014-03-20,0.923049,0.940947,0.923049,0.931989
2014-03-21,0.940947,0.945416,0.918644,0.918644
2014-03-24,0.918644,0.927519,0.914169,0.914169
2014-03-25,0.923049,0.945416,0.923049,0.945416
2014-03-26,0.949831,0.949831,0.945416,0.945416
2014-03-27,0.945416,0.949831,0.936477,0.936477
2014-03-28,0.945416,0.95877,0.940947,0.95877
2014-03-31,0.95877,0.981064,0.954301,0.976658
2014-04-01,0.976658,0.981064,0.967646,0.976658
2014-04-02,0.981064,0.994473,0.972115,0.994473
2014-04-03,0.990013,0.990013,0.967646,0.972115
2014-04-04,0.972115,0.990013,0.972115,0.990013
2014-04-07,0.972115,0.985525,0.967646,0.985525
2014-04-08,0.985525,0.985525,0.972115,0.985525
2014-04-09,0.990013,0.990013,0.972115,0.976658
2014-04-10,0.981064,0.990013,0.976658,0.990013
2014-04-11,0.976658,0.985525,0.976658,0.985525
2014-04-14,0.981064,0.985525,0.972115,0.976658
2014-04-15,0.972115,0.972115,0.954301,0.954301
2014-04-16,0.96324,0.96324,0.945416,0.949831
2014-04-17,0.954301,0.96324,0.949831,0.96324
2014-04-22,0.954301,0.972115,0.954301,0.972115
2014-04-23,0.976658,0.976658,0.96324,0.972115
2014-04-24,0.972115,0.976658,0.95877,0.96324
2014-04-25,0.949831,0.96324,0.940947,0.96324
2014-04-28,0.940947,0.95877,0.940947,0.949831
2014-04-29,0.954301,0.976658,0.954301,0.976658
2014-04-30,0.976658,0.976658,0.954301,0.96324
2014-05-02,0.96324,0.972115,0.95877,0.96324
2014-05-05,0.967646,0.967646,0.940947,0.945416
2014-05-06,0.945416,0.949831,0.918644,0.923049
2014-05-07,0.923049,0.936477,0.909704,0.923049
2014-05-08,0.927519,0.940947,0.918644,0.940947
2014-05-09,0.936477,0.940947,0.936477,0.940947
2014-05-12,0.931989,0.931989,0.905229,0.909704
2014-05-13,0.914169,0.923049,0.905229,0.909704
2014-05-14,0.914169,0.914169,0.887342,0.887342
2014-05-15,0.887342,0.891948,0.87846,0.882935
2014-05-16,0.887342,0.887342,0.865113,0.869587
2014-05-19,0.874061,0.874061,0.865113,0.869587
2014-05-20,0.874061,0.874061,0.869587,0.874061
2014-05-21,0.874061,0.87846,0.869587,0.874061
2014-05-22,0.882935,0.891948,0.87846,0.887342
2014-05-23,0.891948,0.900822,0.891948,0.89629
2014-05-26,0.89629,0.905229,0.89629,0.905229
2014-05-27,0.905229,0.909704,0.905229,0.909704
2014-05-28,0.909704,0.914169,0.900822,0.905229
2014-05-29,0.905229,0.909704,0.900822,0.909704
2014-05-30,0.914169,0.914169,0.89629,0.89629
2014-06-02,0.89629,0.900822,0.887342,0.891948
2014-06-03,0.89629,0.89629,0.887342,0.891948
2014-06-04,0.891948,0.905229,0.891948,0.905229
2014-06-05,0.909704,0.918644,0.909704,0.918644
2014-06-06,0.918644,0.923049,0.914169,0.918644
2014-06-09,0.918644,0.936477,0.918644,0.923049
2014-06-10,0.931989,0.931989,0.931989,0.931989
2014-06-11,0.931989,0.936477,0.927519,0.931989
2014-06-12,0.927519,0.931989,0.923049,0.927519
2014-06-13,0.927519,0.931989,0.923049,0.927519
2014-06-16,0.926594,0.93601,0.921914,0.93601
2014-06-17,0.93601,0.945416,0.931329,0.93601
2014-06-18,0.93601,0.93601,0.917233,0.921914
2014-06-20,0.926594,0.926594,0.91244,0.917233
2014-06-23,0.921914,0.931329,0.917233,0.917233
2014-06-24,0.926594,0.926594,0.907768,0.907768
2014-06-25,0.898349,0.907768,0.893685,0.898349
2014-06-26,0.907768,0.907768,0.884266,0.888938
2014-06-27,0.888938,0.893685,0.879528,0.879528
2014-06-30,0.888938,0.893685,0.874854,0.893685
2014-07-01,0.893685,0.907768,0.888938,0.903096
2014-07-02,0.91244,0.91244,0.893685,0.898349
2014-07-03,0.903096,0.903096,0.884266,0.888938
2014-07-04,0.884266,0.898349,0.884266,0.898349
2014-07-07,0.898349,0.907768,0.893685,0.903096
2014-07-08,0.903096,0.903096,0.874854,0.874854
2014-07-09,0.879528,0.879528,0.851294,0.851294
2014-07-10,0.860705,0.874854,0.851294,0.874854
2014-07-11,0.874854,0.903096,0.874854,0.898349
2014-07-14,0.888938,0.91244,0.888938,0.903096
2014-07-15,0.903096,0.917233,0.898349,0.917233
2014-07-16,0.91244,0.921914,0.91244,0.921914
2014-07-17,0.91244,0.921914,0.91244,0.921914
2014-07-18,0.917233,0.917233,0.907768,0.91244
2014-07-21,0.91244,0.917233,0.903096,0.907768
2014-07-22,0.91244,0.921914,0.907768,0.921914
2014-07-23,0.921914,0.921914,0.91244,0.917233
2014-07-24,0.921914,0.931329,0.917233,0.917233
2014-07-25,0.917233,0.926594,0.907768,0.907768
2014-07-28,0.917233,0.917233,0.898349,0.907768
2014-07-29,0.91244,0.91244,0.898349,0.898349
2014-07-30,0.893685,0.893685,0.874854,0.874854
2014-07-31,0.874854,0.879528,0.846688,0.851294
2014-08-01,0.856099,0.879528,0.851294,0.879528
2014-08-04,0.884266,0.888938,0.884266,0.884266
2014-08-05,0.888938,0.954759,0.888938,0.954759
2014-08-06,0.950097,0.964174,0.945416,0.954759
2014-08-07,0.950097,0.950097,0.926594,0.931329
2014-08-08,0.926594,0.93601,0.917233,0.926594
2014-08-11,0.931329,0.945416,0.931329,0.93601
2014-08-12,0.940672,0.945416,0.940672,0.945416
2014-08-13,0.950097,0.97839,0.950097,0.97839
2014-08-14,0.97839,1.00188,0.96891,1.00188
2014-08-18,0.997212,1.01131,0.997212,1.01131
2014-08-19,1.00188,1.01591,1.00188,1.01591
2014-08-20,1.01131,1.02064,1.01131,1.02064
2014-08-21,1.01591,1.02531,1.01591,1.01591
2014-08-22,1.01591,1.01591,1.00655,1.01131
2014-08-25,1.00655,1.01591,1.00188,1.00655
2014-08-26,1.01131,1.01591,1.00188,1.00188
2014-08-27,1.00188,1.01131,1.00188,1.01131
2014-08-28,1.01131,1.01591,0.987805,0.997212
2014-08-29,0.992476,0.997212,0.987805,0.987805
2014-09-01,0.997212,0.997212,0.982997,0.997212
2014-09-02,0.997212,1.01591,0.997212,1.01591
2014-09-03,1.01131,1.04413,1.01131,1.0348
2014-09-04,1.0348,1.05362,1.02531,1.05362
2014-09-05,1.04895,1.05362,1.03947,1.04895
2014-09-08,1.05362,1.06303,1.03947,1.06303
2014-09-09,1.05362,1.05829,1.04895,1.04895
2014-09-10,1.05362,1.05362,1.0348,1.04413
2014-09-11,1.04413,1.04895,1.03947,1.04413
2014-09-12,1.04413,1.04413,1.03006,1.03006
2014-09-15,1.03006,1.03947,1.03006,1.03947
2014-09-16,1.03947,1.06303,1.03006,1.05829
2014-09-17,1.05829,1.06303,1.05362,1.06303
2014-09-18,1.05829,1.06303,1.03947,1.05829
2014-09-19,1.05829,1.0677,1.04895,1.0677
2014-09-22,1.06303,1.0677,1.04895,1.05362
2014-09-23,1.04895,1.04895,1.0348,1.03947
2014-09-24,1.03947,1.04895,1.03006,1.0348
2014-09-25,1.03947,1.05362,1.02531,1.03006
2014-09-26,1.02531,1.05362,1.02064,1.04895
2014-09-29,1.05829,1.0677,1.04413,1.06303
2014-09-30,1.06303,1.08179,1.06303,1.0677
2014-10-01,1.07238,1.07238,1.05829,1.0677
2014-10-02,1.04895,1.05362,1.03006,1.03006
2014-10-03,1.0348,1.04895,1.0348,1.03947
2014-10-06,1.04895,1.04895,1.0348,1.03947
2014-10-07,1.03947,1.04413,1.03006,1.03947
2014-10-08,1.03006,1.04413,1.01591,1.0348
2014-10-09,1.04413,1.04413,1.01591,1.01591
2014-10-10,1.01591,1.01591,0.97839,0.982997
2014-10-13,0.982997,0.997212,0.97839,0.97839
2014-10-14,0.987805,0.992476,0.959558,0.97839
2014-10-15,0.97839,0.97839,0.945416,0.954759
2014-10-16,0.964174,0.982997,0.945416,0.982997
2014-10-17,0.982997,1.00188,0.97839,0.987805
2014-10-20,0.987805,0.997212,0.96891,0.96891
2014-10-21,0.96891,1.00188,0.96891,1.00188
2014-10-22,1.00188,1.00655,0.997212,0.997212
2014-10-23,0.987805,1.00188,0.982997,0.982997
2014-10-24,0.96891,0.97839,0.959558,0.959558
2014-10-27,0.96891,0.97839,0.959558,0.964174
2014-10-28,0.96891,0.96891,0.954759,0.964174
2014-10-29,0.96891,0.973654,0.954759,0.959558
2014-10-30,0.964174,0.97839,0.954759,0.97839
2014-10-31,0.97839,0.982997,0.964174,0.964174
2014-11-03,0.96891,0.973654,0.959558,0.96891
2014-11-04,0.964174,0.987805,0.964174,0.97839
2014-11-05,0.982997,1.00655,0.982997,0.992476
2014-11-06,0.992476,0.997212,0.982997,0.982997
2014-11-07,0.987805,0.992476,0.97839,0.992476
2014-11-10,0.987805,0.987805,0.93601,0.93601
2014-11-12,0.93601,0.945416,0.926594,0.926594
2014-11-13,0.931329,0.93601,0.921914,0.921914
2014-11-14,0.926594,0.959558,0.921914,0.954759
2014-11-17,0.954759,0.964174,0.950097,0.959558
2014-11-18,0.959558,0.973654,0.959558,0.973654
2014-11-19,0.973654,0.97839,0.954759,0.959558
2014-11-20,0.945416,0.950097,0.931329,0.931329
2014-11-21,0.945416,0.945416,0.931329,0.93601
2014-11-24,0.940672,0.954759,0.940672,0.940672
2014-11-25,0.940672,0.954759,0.93601,0.950097
2014-11-26,0.940672,0.964174,0.940672,0.954759
2014-11-27,0.954759,0.973654,0.954759,0.96891
2014-11-28,0.964174,0.982997,0.964174,0.97839
2014-12-01,0.982997,0.982997,0.959558,0.97839
2014-12-02,0.97839,1.00188,0.97839,0.997212
2014-12-03,0.997212,1.00655,0.997212,1.00188
2014-12-04,1.00188,1.00655,0.982997,0.982997
2014-12-05,0.987805,1.00655,0.987805,0.997212
2014-12-08,1.00655,1.01131,0.997212,1.00655
2014-12-09,1.00655,1.00655,0.987805,0.987805
2014-12-10,0.987805,0.997212,0.97839,0.97839
2014-12-11,0.982997,0.982997,0.973654,0.97839
2014-12-12,0.97839,0.982997,0.96891,0.973654
2014-12-15,0.96891,0.97839,0.950097,0.950097
2014-12-16,0.954759,0.954759,0.926594,0.93601
2014-12-17,0.940672,0.959558,0.931329,0.945416
2014-12-18,0.954759,0.97839,0.954759,0.973654
2014-12-19,0.973654,0.973654,0.950097,0.959558
2014-12-22,0.959558,0.964174,0.945416,0.954759
2014-12-23,0.954759,0.964174,0.950097,0.954759
2014-12-29,0.959558,0.959558,0.926594,0.93601
2014-12-30,0.954759,0.954759,0.931329,0.945416
2015-01-02,0.959558,0.959558,0.93601,0.940672
2015-01-05,0.940672,0.940672,0.917233,0.917233
2015-01-07,0.921914,0.926594,0.91244,0.926594
2015-01-08,0.926594,0.945416,0.926594,0.945416
2015-01-09,0.945416,0.950097,0.931329,0.931329
2015-01-12,0.931329,0.93601,0.917233,0.926594
2015-01-13,0.926594,0.945416,0.926594,0.945416
2015-01-14,0.93601,0.945416,0.93601,0.940672
2015-01-15,0.940672,0.945416,0.903096,0.91244
2015-01-16,0.917233,0.917233,0.893685,0.907768
2015-01-19,0.91244,0.931329,0.91244,0.926594
2015-01-20,0.926594,0.940672,0.926594,0.931329
2015-01-21,0.926594,0.950097,0.926594,0.940672
2015-01-22,0.945416,0.959558,0.93601,0.959558
2015-01-23,0.959558,0.97839,0.945416,0.945416
2015-01-26,0.945416,0.973654,0.945416,0.973654
2015-01-27,0.973654,0.982997,0.964174,0.97839
2015-01-28,0.97839,0.97839,0.954759,0.973654
2015-01-29,0.973654,0.97839,0.959558,0.959558
2015-01-30,0.964174,0.96891,0.945416,0.945416
2015-02-02,0.950097,0.964174,0.940672,0.954759
2015-02-03,0.964174,0.964174,0.945416,0.964174
2015-02-04,0.964174,0.973654,0.964174,0.973654
2015-02-05,0.973654,0.987805,0.959558,0.987805
2015-02-06,0.982997,1.00655,0.982997,1.00655
2015-02-09,1.00188,1.00655,0.997212,1.00188
2015-02-10,1.00655,1.00655,0.997212,1.00188
2015-02-11,0.992476,1.00655,0.945416,0.945416
2015-02-12,0.945416,0.96891,0.945416,0.959558
2015-02-13,0.964174,0.96891,0.959558,0.96891
2015-02-16,0.96891,0.97839,0.96891,0.973654
2015-02-17,0.973654,0.97839,0.96891,0.973654
2015-02-18,0.973654,0.97839,0.964174,0.964174
2015-02-19,0.964174,0.96891,0.950097,0.950097
2015-02-20,0.954759,0.964174,0.954759,0.964174
2015-02-23,0.964174,0.964174,0.954759,0.959558
2015-02-24,0.959558,0.959558,0.950097,0.959558
2015-02-25,0.959558,0.964174,0.950097,0.954759
2015-02-26,0.950097,0.954759,0.950097,0.950097
2015-02-27,0.945416,0.954759,0.940672,0.954759
2015-03-02,0.954759,0.964174,0.950097,0.964174
2015-03-03,0.959558,0.964174,0.945416,0.945416
2015-03-04,0.945416,0.973654,0.945416,0.96891
2015-03-05,0.964174,0.97839,0.945416,0.945416
2015-03-06,0.945416,0.954759,0.945416,0.950097
2015-03-09,0.954759,0.964174,0.950097,0.954759
2015-03-10,0.954759,0.959558,0.945416,0.954759
2015-03-11,0.959558,0.97839,0.954759,0.97839
2015-03-12,0.96891,0.973654,0.96891,0.973654
2015-03-13,0.973654,0.973654,0.959558,0.964174
2015-03-16,0.964174,0.96891,0.959558,0.959558
2015-03-17,0.964174,0.973654,0.959558,0.96891
2015-03-18,0.96891,0.97839,0.954759,0.954759
2015-03-19,0.959558,0.96891,0.959558,0.96891
2015-03-20,0.964174,0.973654,0.964174,0.973654
2015-03-23,0.973654,0.97839,0.96891,0.973654
2015-03-24,0.973654,0.97839,0.964174,0.964174
2015-03-25,0.959558,0.96891,0.954759,0.954759
2015-03-26,0.954759,0.954759,0.945416,0.950097
2015-03-27,0.954759,0.959558,0.945416,0.945416
2015-03-30,0.945416,0.954759,0.940672,0.945416
2015-03-31,0.945416,0.945416,0.945416,0.945416
2015-04-01,0.945416,0.950097,0.940672,0.940672
2015-04-02,0.940672,0.945416,0.940672,0.945416
2015-04-07,0.950097,0.954759,0.950097,0.950097
2015-04-08,0.954759,0.954759,0.940672,0.945416
2015-04-09,0.945416,0.959558,0.940672,0.959558
2015-04-10,0.959558,0.964174,0.950097,0.959558
2015-04-13,0.950097,0.954759,0.945416,0.954759
2015-04-14,0.954759,0.954759,0.945416,0.945416
2015-04-15,0.950097,0.96891,0.950097,0.96891
2015-04-16,0.96891,0.992476,0.96891,0.992476
2015-04-17,0.992476,0.997212,0.973654,0.973654
2015-04-20,0.97839,0.992476,0.973654,0.992476
2015-04-21,0.997212,0.997212,0.97839,0.987805
2015-04-22,0.987805,0.992476,0.97839,0.992476
2015-04-23,0.997212,0.997212,0.97839,0.992476
2015-04-24,0.997212,0.997212,0.982997,0.987805
2015-04-27,0.992476,1.01591,0.97839,1.00655
2015-04-28,1.00188,1.00655,0.992476,0.997212
2015-04-29,0.992476,1.00655,0.982997,0.987805
2015-04-30,0.982997,0.997212,0.964174,0.964174
2015-05-04,0.96891,0.973654,0.959558,0.959558
2015-05-05,0.959558,0.964174,0.954759,0.954759
2015-05-06,0.959558,0.987805,0.959558,0.987805
2015-05-07,0.982997,0.997212,0.973654,0.992476
2015-05-08,0.992476,1.00655,0.992476,0.997212
2015-05-11,1.00655,1.00655,0.982997,0.982997
2015-05-12,0.997212,0.997212,0.96891,0.96891
2015-05-13,0.96891,0.97839,0.954759,0.973654
2015-05-14,0.964174,0.97839,0.959558,0.96891
2015-05-15,0.96891,0.97839,0.96891,0.96891
2015-05-18,0.973654,0.97839,0.973654,0.97839
2015-05-19,0.97839,0.97839,0.964174,0.964174
2015-05-20,0.96891,0.973654,0.954759,0.96891
2015-05-21,0.964174,0.96891,0.954759,0.964174
2015-05-22,0.964174,0.973654,0.964174,0.96891
2015-05-25,0.954759,0.959558,0.945416,0.954759
2015-05-26,0.945416,0.950097,0.931329,0.931329
2015-05-27,0.93601,0.940672,0.926594,0.940672
2015-05-28,0.940672,0.950097,0.93601,0.93601
2015-05-29,0.93601,0.950097,0.931329,0.945416
2015-06-01,0.950097,0.954759,0.940672,0.945416
2015-06-02,0.940672,0.945416,0.931329,0.931329
2015-06-03,0.93601,0.93601,0.917233,0.917233
2015-06-05,0.917233,0.917233,0.903096,0.903096
2015-06-08,0.903096,0.91244,0.898349,0.898349
2015-06-09,0.903096,0.91244,0.884266,0.884266
2015-06-10,0.884266,0.917233,0.884266,0.917233
2015-06-11,0.921914,0.926594,0.91244,0.917233
2015-06-12,0.917233,0.921914,0.91244,0.91244
2015-06-15,0.91244,0.921914,0.907768,0.91244
2015-06-16,0.91244,0.921914,0.91244,0.917233
2015-06-17,0.917233,0.926594,0.898349,0.903096
2015-06-18,0.898349,0.917233,0.898349,0.91244
2015-06-19,0.930862,0.930862,0.910911,0.910911
2015-06-22,0.915848,0.940736,0.915848,0.930862
2015-06-23,0.935799,0.940736,0.930862,0.930862
2015-06-24,0.930862,0.935799,0.925852,0.930862
2015-06-25,0.925852,0.945755,0.925852,0.945755
2015-06-26,0.945755,0.950692,0.940736,0.950692
2015-06-29,0.920787,0.950692,0.920787,0.945755
2015-06-30,0.935799,0.96063,0.935799,0.96063
2015-07-01,0.955702,0.96063,0.940736,0.955702
2015-07-02,0.950692,0.950692,0.930862,0.930862
2015-07-03,0.935799,0.935799,0.910911,0.920787
2015-07-06,0.905891,0.920787,0.905891,0.910911
2015-07-07,0.910911,0.920787,0.880999,0.880999
2015-07-08,0.886002,0.886002,0.861102,0.871117
2015-07-09,0.866114,0.876129,0.861102,0.871117
2015-07-10,0.880999,0.886002,0.876129,0.876129
2015-07-13,0.880999,0.886002,0.866114,0.886002
2015-07-14,0.886002,0.886002,0.871117,0.876129
2015-07-15,0.876129,0.880999,0.871117,0.876129
2015-07-16,0.880999,0.905891,0.880999,0.905891
2015-07-17,0.910911,0.910911,0.900954,0.900954
2015-07-20,0.896083,0.896083,0.866114,0.871117
2015-07-21,0.871117,0.891072,0.861102,0.876129
2015-07-22,0.871117,0.876129,0.836277,0.841214
2015-07-23,0.84615,0.856165,0.841214,0.851162
2015-07-24,0.84615,0.84615,0.82633,0.82633
2015-07-27,0.82633,0.836277,0.811309,0.82132
2015-07-28,0.82132,0.836277,0.816378,0.831273
2015-07-29,0.831273,0.880999,0.831273,0.866114
2015-07-30,0.871117,0.871117,0.836277,0.84615
2015-07-31,0.84615,0.856165,0.84615,0.84615
2015-08-03,0.84615,0.866114,0.84615,0.866114
2015-08-04,0.871117,0.950692,0.856165,0.950692
2015-08-05,0.950692,0.96564,0.950692,0.96063
2015-08-06,0.950692,0.950692,0.920787,0.920787
2015-08-07,0.930862,0.945755,0.920787,0.945755
2015-08-10,0.945755,0.955702,0.935799,0.955702
2015-08-11,0.955702,0.955702,0.930862,0.935799
2015-08-12,0.930862,0.930862,0.910911,0.930862
2015-08-13,0.925852,0.97065,0.925852,0.96564
2015-08-14,0.96564,0.96564,0.945755,0.950692
2015-08-17,0.955702,0.955702,0.930862,0.935799
2015-08-18,0.940736,0.940736,0.925852,0.930862
2015-08-19,0.945755,0.945755,0.930862,0.940736
2015-08-20,0.935799,0.945755,0.925852,0.935799
2015-08-21,0.920787,0.945755,0.920787,0.940736
2015-08-24,0.905891,0.925852,0.900954,0.920787
2015-08-25,0.920787,0.930862,0.900954,0.900954
2015-08-26,0.900954,0.910911,0.886002,0.905891
2015-08-27,0.915848,0.930862,0.915848,0.930862
2015-08-28,0.935799,0.945755,0.915848,0.945755
2015-08-31,0.940736,0.950692,0.930862,0.950692
2015-09-01,0.940736,0.940736,0.915848,0.915848
2015-09-02,0.915848,0.945755,0.915848,0.935799
2015-09-03,0.940736,0.955702,0.940736,0.950692
2015-09-04,0.940736,0.945755,0.930862,0.940736
2015-09-07,0.940736,0.940736,0.920787,0.920787
2015-09-08,0.925852,0.930862,0.920787,0.925852
2015-09-09,0.930862,0.940736,0.920787,0.920787
2015-09-10,0.920787,0.955702,0.920787,0.955702
2015-09-11,0.955702,0.97065,0.950692,0.97065
2015-09-14,0.96063,0.96063,0.940736,0.940736
2015-09-15,0.940736,0.96063,0.935799,0.950692
2015-09-16,0.955702,0.955702,0.935799,0.940736
2015-09-17,0.940736,0.955702,0.935799,0.950692
2015-09-18,0.950692,0.955702,0.925852,0.935799
2015-09-21,0.940736,0.940736,0.930862,0.940736
2015-09-22,0.935799,0.940736,0.920787,0.925852
2015-09-23,0.920787,0.930862,0.910911,0.910911
2015-09-24,0.915848,0.930862,0.910911,0.915848
2015-09-25,0.925852,0.940736,0.925852,0.930862
2015-09-28,0.930862,0.935799,0.900954,0.910911
2015-09-29,0.910911,0.910911,0.891072,0.900954
2015-09-30,0.905891,0.920787,0.900954,0.910911
2015-10-01,0.920787,0.920787,0.900954,0.905891
2015-10-02,0.910911,0.915848,0.886002,0.896083
2015-10-05,0.900954,0.910911,0.900954,0.910911
2015-10-06,0.910911,0.915848,0.900954,0.905891
2015-10-07,0.905891,0.915848,0.900954,0.910911
2015-10-08,0.905891,0.920787,0.896083,0.910911
2015-10-09,0.910911,0.910911,0.900954,0.905891
2015-10-12,0.910911,0.915848,0.900954,0.915848
2015-10-13,0.905891,0.910911,0.896083,0.910911
2015-10-14,0.905891,0.915848,0.900954,0.905891
2015-10-15,0.910911,0.915848,0.905891,0.905891
2015-10-16,0.910911,0.920787,0.910911,0.915848
2015-10-19,0.920787,0.925852,0.910911,0.910911
2015-10-20,0.910911,0.920787,0.910911,0.920787
2015-10-21,0.925852,0.935799,0.915848,0.925852
2015-10-22,0.925852,0.930862,0.915848,0.925852
2015-10-23,0.925852,0.935799,0.905891,0.915848
2015-10-26,0.900954,0.925852,0.900954,0.915848
2015-10-27,0.915848,0.915848,0.910911,0.910911
2015-10-28,0.915848,0.915848,0.905891,0.910911
2015-10-29,0.910911,0.910911,0.880999,0.880999
2015-10-30,0.886002,0.896083,0.876129,0.886002
2015-11-02,0.896083,0.900954,0.891072,0.896083
2015-11-03,0.896083,0.896083,0.880999,0.880999
2015-11-04,0.880999,0.886002,0.876129,0.876129
2015-11-05,0.871117,0.880999,0.871117,0.871117
2015-11-06,0.871117,0.880999,0.856165,0.861102
2015-11-09,0.861102,0.866114,0.82633,0.84615
2015-11-10,0.851162,0.861102,0.831273,0.831273
2015-11-12,0.836277,0.836277,0.816378,0.82633
2015-11-13,0.816378,0.82633,0.806366,0.811309
2015-11-16,0.806366,0.82633,0.806366,0.816378
2015-11-17,0.816378,0.831273,0.816378,0.831273
2015-11-18,0.831273,0.831273,0.816378,0.82132
2015-11-19,0.82633,0.82633,0.811309,0.811309
2015-11-20,0.816378,0.82633,0.811309,0.82633
2015-11-23,0.82633,0.82633,0.796422,0.801364
2015-11-24,0.806366,0.806366,0.77159,0.781543
2015-11-25,0.781543,0.801364,0.781543,0.796422
2015-11-26,0.796422,0.806366,0.791487,0.806366
2015-11-27,0.801364,0.801364,0.786478,0.796422
2015-11-30,0.796422,0.801364,0.781543,0.781543
2015-12-01,0.786478,0.796422,0.786478,0.791487
2015-12-02,0.791487,0.791487,0.77159,0.776467
2015-12-03,0.77159,0.781543,0.77159,0.77159
2015-12-04,0.766589,0.801364,0.761579,0.801364
2015-12-07,0.806366,0.82633,0.806366,0.811309
2015-12-08,0.806366,0.811309,0.786478,0.791487
2015-12-09,0.786478,0.791487,0.77159,0.786478
2015-12-10,0.781543,0.806366,0.781543,0.806366
2015-12-11,0.806366,0.811309,0.781543,0.781543
2015-12-14,0.776467,0.791487,0.776467,0.786478
2015-12-15,0.781543,0.806366,0.781543,0.806366
2015-12-16,0.806366,0.841214,0.801364,0.841214
2015-12-17,0.84615,0.866114,0.841214,0.856165
2015-12-18,0.856165,0.871117,0.851162,0.856165
2015-12-21,0.856165,0.856165,0.841214,0.841214
2015-12-22,0.84615,0.84615,0.816378,0.82132
2015-12-23,0.82633,0.836277,0.82132,0.836277
2015-12-28,0.831273,0.831273,0.82633,0.831273
2015-12-29,0.831273,0.841214,0.82633,0.836277
2015-12-30,0.836277,0.836277,0.816378,0.82132
2016-01-04,0.806366,0.816378,0.796422,0.801364
2016-01-05,0.806366,0.806366,0.776467,0.776467
2016-01-07,0.766589,0.77159,0.751635,0.761579
2016-01-08,0.766589,0.766589,0.751635,0.756577
2016-01-11,0.751635,0.756577,0.741551,0.741551
2016-01-12,0.746625,0.766589,0.746625,0.761579
2016-01-13,0.77159,0.786478,0.761579,0.786478
2016-01-14,0.776467,0.806366,0.766589,0.806366
2016-01-15,0.796422,0.801364,0.781543,0.781543
2016-01-18,0.756577,0.781543,0.756577,0.756577
2016-01-19,0.766589,0.77159,0.741551,0.741551
2016-01-20,0.736616,0.741551,0.71185,0.721797
2016-01-21,0.731675,0.741551,0.721797,0.736616
2016-01-22,0.746625,0.756577,0.741551,0.751635
2016-01-25,0.751635,0.756577,0.736616,0.736616
2016-01-26,0.736616,0.746625,0.726732,0.736616
2016-01-27,0.736616,0.746625,0.736616,0.746625
2016-01-28,0.741551,0.776467,0.741551,0.776467
2016-01-29,0.781543,0.781543,0.77159,0.781543
2016-02-01,0.786478,0.796422,0.781543,0.796422
2016-02-02,0.791487,0.791487,0.77159,0.77159
2016-02-03,0.776467,0.791487,0.77159,0.786478
2016-02-04,0.786478,0.811309,0.786478,0.811309
2016-02-05,0.811309,0.82132,0.811309,0.811309
2016-02-08,0.811309,0.811309,0.801364,0.806366
2016-02-09,0.811309,0.831273,0.806366,0.806366
2016-02-10,0.816378,0.816378,0.806366,0.811309
2016-02-11,0.811309,0.811309,0.796422,0.796422
2016-02-12,0.796422,0.811309,0.791487,0.791487
2016-02-15,0.811309,0.811309,0.796422,0.801364
2016-02-16,0.801364,0.82132,0.791487,0.82132
2016-02-17,0.82132,0.841214,0.82132,0.836277
2016-02-18,0.836277,0.851162,0.831273,0.84615
2016-02-19,0.84615,0.84615,0.836277,0.841214
2016-02-22,0.84615,0.861102,0.84615,0.84615
2016-02-23,0.841214,0.84615,0.831273,0.831273
2016-02-24,0.831273,0.841214,0.82132,0.82132
2016-02-25,0.831273,0.841214,0.831273,0.841214
2016-02-26,0.84615,0.861102,0.84615,0.84615
2016-02-29,0.84615,0.851162,0.82633,0.831273
2016-03-01,0.831273,0.841214,0.82633,0.841214
2016-03-02,0.841214,0.856165,0.841214,0.856165
2016-03-03,0.856165,0.876129,0.856165,0.876129
2016-03-04,0.876129,0.876129,0.861102,0.871117
2016-03-07,0.866114,0.876129,0.861102,0.876129
2016-03-08,0.871117,0.880999,0.861102,0.866114
2016-03-09,0.866114,0.866114,0.856165,0.866114
2016-03-10,0.866114,0.880999,0.861102,0.871117
2016-03-11,0.876129,0.886002,0.871117,0.876129
2016-03-14,0.886002,0.896083,0.880999,0.891072
2016-03-15,0.886002,0.900954,0.886002,0.896083
2016-03-16,0.896083,0.896083,0.880999,0.880999
2016-03-17,0.886002,0.891072,0.871117,0.886002
2016-03-18,0.886002,0.896083,0.880999,0.896083
2016-03-21,0.891072,0.896083,0.886002,0.896083
2016-03-22,0.896083,0.896083,0.886002,0.896083
2016-03-23,0.891072,0.900954,0.891072,0.896083
2016-03-24,0.891072,0.891072,0.871117,0.886002
2016-03-29,0.886002,0.900954,0.886002,0.900954
2016-03-30,0.900954,0.935799,0.900954,0.935799
2016-03-31,0.925852,0.925852,0.905891,0.920787
2016-04-01,0.910911,0.920787,0.896083,0.905891
2016-04-04,0.905891,0.910911,0.900954,0.905891
2016-04-05,0.905891,0.905891,0.880999,0.880999
2016-04-06,0.886002,0.886002,0.861102,0.861102
2016-04-07,0.871117,0.871117,0.84615,0.851162
2016-04-08,0.856165,0.866114,0.84615,0.851162
2016-04-11,0.856165,0.866114,0.84615,0.84615
2016-04-12,0.851162,0.856165,0.841214,0.84615
2016-04-13,0.856165,0.866114,0.851162,0.861102
2016-04-14,0.861102,0.866114,0.856165,0.861102
2016-04-15,0.861102,0.871117,0.861102,0.866114
2016-04-18,0.866114,0.876129,0.861102,0.876129
2016-04-19,0.876129,0.896083,0.876129,0.896083
2016-04-20,0.891072,0.900954,0.891072,0.896083
2016-04-21,0.900954,0.900954,0.880999,0.886002
2016-04-22,0.886002,0.886002,0.871117,0.880999
2016-04-25,0.880999,0.880999,0.871117,0.876129
2016-04-26,0.880999,0.880999,0.861102,0.866114
2016-04-27,0.866114,0.866114,0.84615,0.84615
2016-04-28,0.84615,0.861102,0.84615,0.861102
2016-04-29,0.861102,0.866114,0.851162,0.866114
2016-05-02,0.866114,0.880999,0.861102,0.876129
2016-05-04,0.866114,0.866114,0.84615,0.84615
2016-05-05,0.84615,0.84615,0.82132,0.82633
2016-05-06,0.82633,0.861102,0.82633,0.856165
2016-05-09,0.856165,0.871117,0.856165,0.871117
2016-05-10,0.866114,0.866114,0.84615,0.84615
2016-05-11,0.836277,0.836277,0.811309,0.816378
2016-05-12,0.816378,0.82132,0.806366,0.806366
2016-05-13,0.806366,0.82633,0.806366,0.82132
2016-05-16,0.831273,0.84615,0.831273,0.84615
2016-05-17,0.851162,0.856165,0.836277,0.836277
2016-05-18,0.841214,0.841214,0.831273,0.836277
2016-05-19,0.84615,0.84615,0.82132,0.82633
2016-05-20,0.82132,0.82132,0.801364,0.801364
2016-05-23,0.806366,0.82132,0.806366,0.816378
2016-05-24,0.816378,0.82633,0.811309,0.82132
2016-05-25,0.82132,0.831273,0.82132,0.82633
2016-05-27,0.82132,0.841214,0.82132,0.831273
2016-05-30,0.831273,0.831273,0.82633,0.831273
2016-05-31,0.831273,0.836277,0.811309,0.811309
2016-06-01,0.811309,0.811309,0.776467,0.781543
2016-06-02,0.776467,0.791487,0.77159,0.781543
2016-06-03,0.781543,0.796422,0.77159,0.796422
2016-06-06,0.801364,0.806366,0.791487,0.806366
2016-06-07,0.811309,0.82633,0.811309,0.82633
2016-06-08,0.82633,0.841214,0.816378,0.841214
2016-06-09,0.841214,0.841214,0.82633,0.82633
2016-06-10,0.831273,0.831273,0.791487,0.791487
2016-06-13,0.786478,0.796422,0.786478,0.796422
2016-06-14,0.791487,0.796422,0.781543,0.786478
2016-06-15,0.786478,0.796422,0.786478,0.796422
2016-06-16,0.781543,0.791487,0.77159,0.786478
2016-06-17,0.796422,0.801364,0.786478,0.801364
2016-06-20,0.801364,0.806366,0.801364,0.806366
2016-06-21,0.808968,0.830132,0.808968,0.81958
2016-06-22,0.814244,0.814244,0.808968,0.808968
2016-06-23,0.803698,0.803698,0.793084,0.798496
2016-06-24,0.66619,0.787808,0.66619,0.787808
2016-06-27,0.771992,0.777268,0.766722,0.777268
2016-06-28,0.798496,0.81958,0.793084,0.808968
2016-06-29,0.808968,0.814244,0.782605,0.787808
2016-06-30,0.782605,0.793084,0.777268,0.793084
2016-07-01,0.798496,0.798496,0.771992,0.777268
2016-07-04,0.766722,0.771992,0.750832,0.750832
2016-07-05,0.750832,0.750832,0.734947,0.740286
2016-07-06,0.745563,0.745563,0.719125,0.734947
2016-07-07,0.740286,0.756168,0.740286,0.740286
2016-07-08,0.740286,0.750832,0.740286,0.740286
2016-07-11,0.756168,0.766722,0.745563,0.761446
2016-07-12,0.761446,0.782605,0.761446,0.777268
2016-07-13,0.745563,0.745563,0.724399,0.729736
2016-07-14,0.729736,0.734947,0.724399,0.729736
2016-07-15,0.734947,0.734947,0.729736,0.734947
2016-07-18,0.734947,0.740286,0.729736,0.734947
2016-07-19,0.734947,0.734947,0.729736,0.734947
2016-07-20,0.734947,0.740286,0.734947,0.740286
2016-07-21,0.740286,0.745563,0.740286,0.745563
2016-07-22,0.745563,0.745563,0.734947,0.740286
2016-07-25,0.740286,0.740286,0.740286,0.740286
2016-07-26,0.734947,0.740286,0.734947,0.734947
2016-07-27,0.734947,0.734947,0.698031,0.713851
2016-07-28,0.713851,0.719125,0.713851,0.719125
2016-07-29,0.724399,0.724399,0.708513,0.713851
2016-08-01,0.708513,0.713851,0.703304,0.713851
2016-08-02,0.724399,0.724399,0.708513,0.719125
2016-08-03,0.724399,0.771992,0.692623,0.771992
2016-08-04,0.766722,0.782605,0.766722,0.782605
2016-08-05,0.787808,0.787808,0.771992,0.782605
2016-08-08,0.787808,0.808968,0.787808,0.798496
2016-08-09,0.803698,0.830132,0.798496,0.830132
2016-08-10,0.830132,0.835483,0.81958,0.824925
2016-08-11,0.824925,0.824925,0.81958,0.824925
2016-08-12,0.830132,0.830132,0.81958,0.81958
2016-08-16,0.81958,0.830132,0.81958,0.824925
2016-08-17,0.830132,0.830132,0.814244,0.824925
2016-08-18,0.824925,0.824925,0.803698,0.814244
2016-08-19,0.808968,0.808968,0.793084,0.793084
2016-08-22,0.793084,0.803698,0.787808,0.798496
2016-08-23,0.787808,0.787808,0.771992,0.782605
2016-08-24,0.782605,0.793084,0.777268,0.782605
2016-08-25,0.787808,0.793084,0.782605,0.787808
2016-08-26,0.787808,0.787808,0.782605,0.782605
2016-08-29,0.777268,0.782605,0.771992,0.782605
2016-08-30,0.782605,0.808968,0.782605,0.808968
2016-08-31,0.808968,0.81958,0.808968,0.81958
2016-09-01,0.81958,0.824925,0.787808,0.787808
2016-09-02,0.787808,0.798496,0.787808,0.793084
2016-09-05,0.798496,0.803698,0.793084,0.798496
2016-09-06,0.803698,0.808968,0.793084,0.798496
2016-09-07,0.798496,0.803698,0.782605,0.793084
2016-09-08,0.793084,0.798496,0.787808,0.798496
2016-09-09,0.798496,0.798496,0.782605,0.782605
2016-09-12,0.782605,0.793084,0.777268,0.793084
2016-09-13,0.793084,0.793084,0.782605,0.782605
2016-09-14,0.782605,0.787808,0.777268,0.782605
2016-09-15,0.782605,0.793084,0.782605,0.787808
2016-09-16,0.787808,0.798496,0.787808,0.793084
2016-09-19,0.798496,0.798496,0.787808,0.793084
2016-09-20,0.793084,0.798496,0.787808,0.798496
2016-09-21,0.793084,0.803698,0.793084,0.798496
2016-09-22,0.803698,0.808968,0.798496,0.808968
2016-09-23,0.808968,0.808968,0.793084,0.803698
2016-09-26,0.798496,0.803698,0.787808,0.793084
2016-09-27,0.793084,0.793084,0.782605,0.787808
2016-09-28,0.787808,0.793084,0.787808,0.787808
2016-09-29,0.793084,0.798496,0.793084,0.793084
2016-09-30,0.787808,0.793084,0.771992,0.771992
2016-10-03,0.777268,0.798496,0.777268,0.793084
2016-10-04,0.798496,0.803698,0.793084,0.803698
2016-10-05,0.798496,0.798496,0.787808,0.798496
2016-10-06,0.803698,0.814244,0.798496,0.808968
2016-10-07,0.808968,0.808968,0.798496,0.803698
2016-10-10,0.803698,0.814244,0.803698,0.803698
2016-10-11,0.803698,0.808968,0.798496,0.798496
2016-10-12,0.798496,0.798496,0.787808,0.798496
2016-10-13,0.782605,0.782605,0.756168,0.756168
2016-10-14,0.761446,0.761446,0.750832,0.750832
2016-10-17,0.750832,0.761446,0.750832,0.756168
2016-10-18,0.761446,0.761446,0.750832,0.750832
2016-10-19,0.750832,0.756168,0.750832,0.750832
2016-10-20,0.750832,0.756168,0.750832,0.756168
2016-10-21,0.756168,0.756168,0.756168,0.756168
2016-10-24,0.756168,0.771992,0.756168,0.766722
2016-10-25,0.766722,0.766722,0.756168,0.761446
2016-10-26,0.761446,0.761446,0.750832,0.756168
2016-10-27,0.756168,0.761446,0.750832,0.750832
2016-10-28,0.750832,0.771992,0.750832,0.771992
2016-10-31,0.771992,0.771992,0.756168,0.756168
2016-11-02,0.756168,0.756168,0.724399,0.729736
2016-11-03,0.729736,0.734947,0.724399,0.729736
2016-11-04,0.734947,0.734947,0.724399,0.729736
2016-11-07,0.740286,0.740286,0.729736,0.734947
2016-11-08,0.734947,0.745563,0.734947,0.745563
2016-11-09,0.729736,0.745563,0.729736,0.745563
2016-11-10,0.750832,0.771992,0.745563,0.761446
2016-11-14,0.756168,0.761446,0.734947,0.734947
2016-11-15,0.734947,0.740286,0.729736,0.734947
2016-11-16,0.740286,0.745563,0.729736,0.729736
2016-11-17,0.734947,0.740286,0.729736,0.734947
2016-11-18,0.729736,0.734947,0.724399,0.724399
2016-11-21,0.724399,0.724399,0.713851,0.713851
2016-11-22,0.719125,0.719125,0.713851,0.713851
2016-11-23,0.713851,0.734947,0.713851,0.729736
2016-11-24,0.734947,0.750832,0.729736,0.750832
2016-11-25,0.750832,0.750832,0.713851,0.719125
2016-11-28,0.719125,0.724399,0.719125,0.719125
2016-11-29,0.724399,0.729736,0.719125,0.719125
2016-11-30,0.724399,0.729736,0.719125,0.724399
2016-12-01,0.724399,0.724399,0.703304,0.708513
2016-12-02,0.708513,0.719125,0.698031,0.708513
2016-12-05,0.713851,0.740286,0.708513,0.740286
2016-12-06,0.740286,0.750832,0.740286,0.745563
2016-12-07,0.750832,0.750832,0.729736,0.734947
2016-12-08,0.756168,0.761446,0.719125,0.734947
2016-12-09,0.719125,0.750832,0.719125,0.750832
2016-12-12,0.750832,0.756168,0.740286,0.740286
2016-12-13,0.745563,0.761446,0.740286,0.761446
2016-12-14,0.761446,0.761446,0.745563,0.750832
2016-12-15,0.750832,0.756168,0.750832,0.756168
2016-12-16,0.756168,0.756168,0.750832,0.756168
2016-12-19,0.756168,0.756168,0.745563,0.750832
2016-12-20,0.756168,0.761446,0.750832,0.761446
2016-12-21,0.761446,0.777268,0.761446,0.766722
2016-12-22,0.761446,0.766722,0.756168,0.761446
2016-12-23,0.761446,0.766722,0.750832,0.756168
2016-12-27,0.761446,0.761446,0.756168,0.761446
2016-12-28,0.761446,0.771992,0.756168,0.761446
2016-12-29,0.756168,0.771992,0.756168,0.771992
2016-12-30,0.777268,0.777268,0.766722,0.766722
2017-01-02,0.766722,0.787808,0.766722,0.782605
2017-01-03,0.787808,0.808968,0.782605,0.808968
2017-01-04,0.803698,0.808968,0.793084,0.798496
2017-01-05,0.798496,0.803698,0.793084,0.798496
2017-01-09,0.798496,0.798496,0.782605,0.787808
2017-01-10,0.793084,0.803698,0.787808,0.793084
2017-01-11,0.793084,0.793084,0.782605,0.793084
2017-01-12,0.793084,0.793084,0.782605,0.782605
2017-01-13,0.787808,0.787808,0.777268,0.782605
2017-01-16,0.782605,0.803698,0.777268,0.798496
2017-01-17,0.798496,0.803698,0.793084,0.798496
2017-01-18,0.798496,0.798496,0.782605,0.787808
2017-01-19,0.787808,0.787808,0.782605,0.782605
2017-01-20,0.782605,0.787808,0.782605,0.782605
2017-01-23,0.782605,0.787808,0.782605,0.787808
2017-01-24,0.787808,0.793084,0.782605,0.793084
2017-01-25,0.793084,0.840742,0.793084,0.840742
2017-01-26,0.846018,0.846018,0.830132,0.835483
2017-01-27,0.835483,0.840742,0.81958,0.840742
2017-01-30,0.840742,0.840742,0.824925,0.824925
2017-01-31,0.824925,0.830132,0.81958,0.824925
2017-02-01,0.830132,0.840742,0.824925,0.835483
2017-02-02,0.835483,0.835483,0.830132,0.830132
2017-02-03,0.830132,0.830132,0.824925,0.824925
2017-02-06,0.830132,0.846018,0.824925,0.840742
2017-02-07,0.840742,0.840742,0.830132,0.830132
2017-02-08,0.835483,0.835483,0.824925,0.830132
2017-02-09,0.846018,0.861904,0.846018,0.846018
2017-02-10,0.851294,0.867181,0.851294,0.861904
2017-02-13,0.861904,0.867181,0.856563,0.861904
2017-02-14,0.861904,0.872391,0.861904,0.867181
2017-02-15,0.872391,0.877791,0.867181,0.872391
2017-02-16,0.872391,0.883001,0.867181,0.877791
2017-02-17,0.883001,0.883001,0.867181,0.867181
2017-02-20,0.872391,0.872391,0.856563,0.861904
2017-02-21,0.861904,0.883001,0.861904,0.877791
2017-02-22,0.883001,0.893685,0.877791,0.883001
2017-02-23,0.883001,0.888276,0.872391,0.877791
2017-02-24,0.872391,0.872391,0.851294,0.856563
2017-02-27,0.856563,0.856563,0.851294,0.856563
2017-02-28,0.856563,0.856563,0.840742,0.846018
2017-03-01,0.846018,0.877791,0.846018,0.872391
2017-03-02,0.872391,0.877791,0.867181,0.877791
2017-03-03,0.872391,0.872391,0.856563,0.856563
2017-03-06,0.856563,0.856563,0.846018,0.851294
2017-03-07,0.846018,0.851294,0.835483,0.835483
2017-03-08,0.835483,0.846018,0.824925,0.824925
2017-03-09,0.824925,0.824925,0.808968,0.81958
2017-03-10,0.81958,0.835483,0.814244,0.81958
2017-03-13,0.81958,0.835483,0.81958,0.835483
2017-03-14,0.835483,0.835483,0.824925,0.830132
2017-03-15,0.840742,0.840742,0.81958,0.81958
2017-03-16,0.830132,0.846018,0.830132,0.846018
2017-03-17,0.846018,0.851294,0.840742,0.840742
2017-03-20,0.846018,0.851294,0.840742,0.846018
2017-03-21,0.851294,0.856563,0.830132,0.835483
2017-03-22,0.824925,0.830132,0.814244,0.824925
2017-03-23,0.81958,0.824925,0.814244,0.81958
2017-03-24,0.81958,0.824925,0.814244,0.81958
2017-03-27,0.814244,0.81958,0.808968,0.81958
2017-03-28,0.81958,0.824925,0.81958,0.824925
2017-03-29,0.835483,0.835483,0.824925,0.824925
2017-03-30,0.824925,0.830132,0.814244,0.81958
2017-03-31,0.814244,0.814244,0.798496,0.798496
2017-04-03,0.803698,0.814244,0.803698,0.808968
2017-04-04,0.808968,0.81958,0.808968,0.814244
2017-04-05,0.81958,0.824925,0.814244,0.824925
2017-04-06,0.81958,0.830132,0.814244,0.830132
2017-04-07,0.824925,0.830132,0.824925,0.824925
2017-04-10,0.830132,0.830132,0.824925,0.830132
2017-04-11,0.830132,0.830132,0.808968,0.814244
2017-04-12,0.814244,0.81958,0.798496,0.803698
2017-04-13,0.803698,0.803698,0.793084,0.803698
2017-04-18,0.808968,0.824925,0.808968,0.81958
2017-04-19,0.81958,0.835483,0.81958,0.830132
2017-04-20,0.835483,0.835483,0.814244,0.81958
2017-04-21,0.81958,0.81958,0.798496,0.798496
2017-04-24,0.814244,0.81958,0.808968,0.814244
2017-04-25,0.81958,0.840742,0.814244,0.840742
2017-04-26,0.840742,0.851294,0.835483,0.851294
2017-04-27,0.846018,0.861904,0.846018,0.856563
2017-04-28,0.861904,0.861904,0.846018,0.851294
2017-05-02,0.856563,0.861904,0.851294,0.861904
2017-05-04,0.861904,0.861904,0.840742,0.851294
2017-05-05,0.846018,0.851294,0.840742,0.846018
2017-05-08,0.856563,0.856563,0.840742,0.846018
2017-05-09,0.846018,0.883001,0.846018,0.877791
2017-05-10,0.877791,0.888276,0.851294,0.851294
2017-05-11,0.851294,0.856563,0.851294,0.851294
2017-05-12,0.851294,0.856563,0.851294,0.856563
2017-05-15,0.861904,0.861904,0.851294,0.861904
2017-05-16,0.861904,0.861904,0.846018,0.851294
2017-05-17,0.851294,0.861904,0.846018,0.851294
2017-05-18,0.846018,0.851294,0.824925,0.835483
2017-05-19,0.830132,0.835483,0.824925,0.830132
2017-05-22,0.830132,0.835483,0.824925,0.830132
2017-05-23,0.830132,0.835483,0.824925,0.830132
2017-05-24,0.830132,0.830132,0.824925,0.830132
2017-05-25,0.840742,0.840742,0.835483,0.840742
2017-05-26,0.840742,0.840742,0.824925,0.830132
2017-05-29,0.830132,0.830132,0.824925,0.824925
2017-05-30,0.81958,0.824925,0.814244,0.814244
2017-05-31,0.814244,0.835483,0.814244,0.81958
2017-06-01,0.814244,0.81958,0.808968,0.808968
2017-06-02,0.814244,0.814244,0.803698,0.803698
2017-06-05,0.803698,0.803698,0.787808,0.787808
2017-06-06,0.787808,0.787808,0.777268,0.787808
2017-06-07,0.787808,0.793084,0.787808,0.787808
2017-06-08,0.793084,0.798496,0.787808,0.793084
2017-06-09,0.793084,0.798496,0.782605,0.782605
2017-06-12,0.782605,0.782605,0.766722,0.777268
2017-06-13,0.777268,0.777268,0.766722,0.771992
2017-06-14,0.777268,0.777268,0.761446,0.777268
2017-06-16,0.777268,0.777268,0.766722,0.766722
2017-06-19,0.771992,0.777268,0.771992,0.771992
2017-06-20,0.787548,0.787548,0.764916,0.770588
2017-06-21,0.770588,0.770588,0.759238,0.759238
2017-06-22,0.764916,0.781869,0.759238,0.764916
2017-06-23,0.764916,0.776265,0.764916,0.776265
2017-06-26,0.787548,0.810171,0.787548,0.804568
2017-06-27,0.810171,0.815917,0.804568,0.810171
2017-06-28,0.810171,0.810171,0.804568,0.804568
2017-06-29,0.804568,0.810171,0.787548,0.793218
2017-06-30,0.793218,0.793218,0.787548,0.793218
2017-07-03,0.793218,0.804568,0.793218,0.804568
2017-07-04,0.798822,0.804568,0.787548,0.787548
2017-07-05,0.793218,0.804568,0.793218,0.798822
2017-07-06,0.798822,0.798822,0.787548,0.793218
2017-07-07,0.793218,0.798822,0.793218,0.793218
2017-07-10,0.798822,0.804568,0.798822,0.804568
2017-07-11,0.804568,0.804568,0.793218,0.798822
2017-07-12,0.798822,0.815917,0.798822,0.815917
2017-07-13,0.821588,0.832935,0.815917,0.832935
2017-07-14,0.832935,0.832935,0.821588,0.827262
2017-07-17,0.827262,0.832935,0.827262,0.832935
2017-07-18,0.832935,0.832935,0.821588,0.827262
2017-07-19,0.827262,0.827262,0.821588,0.821588
2017-07-20,0.827262,0.827262,0.815917,0.821588
2017-07-21,0.821588,0.821588,0.815917,0.815917
2017-07-24,0.815917,0.815917,0.804568,0.810171
2017-07-25,0.810171,0.821588,0.804568,0.810171
2017-07-26,0.810171,0.821588,0.810171,0.815917
2017-07-27,0.815917,0.815917,0.804568,0.810171
2017-07-28,0.810171,0.815917,0.804568,0.810171
2017-07-31,0.815917,0.821588,0.810171,0.810171
2017-08-01,0.815917,0.815917,0.804568,0.810171
2017-08-02,0.810171,0.878196,0.810171,0.878196
2017-08-03,0.872523,0.872523,0.855561,0.866916
2017-08-04,0.861177,0.878196,0.861177,0.872523
2017-08-07,0.878196,0.883869,0.872523,0.878196
2017-08-08,0.878196,0.889484,0.878196,0.889484
2017-08-09,0.889484,0.889484,0.872523,0.878196
2017-08-10,0.878196,0.883869,0.878196,0.878196
2017-08-11,0.872523,0.878196,0.872523,0.878196
2017-08-14,0.878196,0.883869,0.878196,0.878196
2017-08-16,0.878196,0.878196,0.878196,0.878196
2017-08-17,0.878196,0.878196,0.855561,0.855561
2017-08-18,0.855561,0.855561,0.832935,0.838551
2017-08-21,0.844215,0.844215,0.838551,0.844215
2017-08-22,0.849888,0.849888,0.844215,0.844215
2017-08-23,0.844215,0.849888,0.832935,0.838551
2017-08-24,0.844215,0.855561,0.838551,0.855561
2017-08-25,0.861177,0.861177,0.855561,0.855561
2017-08-28,0.861177,0.878196,0.849888,0.872523
2017-08-29,0.878196,0.878196,0.861177,0.866916
2017-08-30,0.878196,0.883869,0.872523,0.878196
2017-08-31,0.878196,0.878196,0.866916,0.878196
2017-09-01,0.872523,0.878196,0.872523,0.872523
2017-09-04,0.872523,0.878196,0.866916,0.872523
2017-09-05,0.872523,0.883869,0.872523,0.878196
2017-09-06,0.878196,0.889484,0.878196,0.878196
2017-09-07,0.878196,0.883869,0.861177,0.866916
2017-09-08,0.861177,0.872523,0.861177,0.866916
2017-09-11,0.866916,0.883869,0.866916,0.883869
2017-09-12,0.883869,0.89529,0.878196,0.878196
2017-09-13,0.878196,0.889484,0.878196,0.878196
2017-09-14,0.878196,0.889484,0.878196,0.889484
2017-09-15,0.89529,0.906569,0.89529,0.900888
2017-09-18,0.906569,0.906569,0.89529,0.900888
2017-09-19,0.89529,0.906569,0.89529,0.89529
2017-09-20,0.900888,0.900888,0.878196,0.883869
2017-09-21,0.883869,0.883869,0.878196,0.878196
2017-09-22,0.878196,0.883869,0.872523,0.878196
2017-09-25,0.878196,0.878196,0.866916,0.866916
2017-09-26,0.866916,0.872523,0.861177,0.866916
2017-09-27,0.872523,0.872523,0.855561,0.861177
2017-09-28,0.861177,0.861177,0.861177,0.861177
2017-09-29,0.878196,0.878196,0.878196,0.878196
2017-10-02,0.878196,0.883869,0.861177,0.866916
2017-10-03,0.866916,0.872523,0.861177,0.861177
2017-10-04,0.861177,0.861177,0.855561,0.855561
2017-10-05,0.855561,0.872523,0.855561,0.866916
2017-10-06,0.872523,0.872523,0.872523,0.872523
2017-10-09,0.872523,0.872523,0.861177,0.872523
2017-10-10,0.872523,0.872523,0.866916,0.872523
2017-10-11,0.872523,0.878196,0.872523,0.878196
2017-10-12,0.878196,0.883869,0.872523,0.883869
2017-10-13,0.883869,0.900888,0.883869,0.889484
2017-10-16,0.889484,0.89529,0.872523,0.872523
2017-10-17,0.878196,0.878196,0.872523,0.872523
2017-10-18,0.872523,0.872523,0.866916,0.872523
2017-10-19,0.866916,0.878196,0.861177,0.872523
2017-10-20,0.872523,0.872523,0.855561,0.855561
2017-10-23,0.855561,0.861177,0.855561,0.855561
2017-10-24,0.849888,0.849888,0.804568,0.810171
2017-10-25,0.810171,0.815917,0.810171,0.810171
2017-10-26,0.810171,0.815917,0.804568,0.804568
2017-10-27,0.804568,0.810171,0.804568,0.810171
2017-10-30,0.815917,0.821588,0.810171,0.821588
2017-10-31,0.821588,0.821588,0.810171,0.815917
2017-11-02,0.810171,0.815917,0.810171,0.810171
2017-11-03,0.810171,0.821588,0.810171,0.821588
2017-11-06,0.827262,0.832935,0.821588,0.832935
2017-11-07,0.832935,0.849888,0.832935,0.844215
2017-11-08,0.861177,0.861177,0.815917,0.815917
2017-11-09,0.815917,0.827262,0.810171,0.827262
2017-11-10,0.821588,0.821588,0.815917,0.815917
2017-11-13,0.815917,0.827262,0.815917,0.827262
2017-11-14,0.832935,0.832935,0.821588,0.821588
2017-11-15,0.821588,0.821588,0.810171,0.810171
2017-11-16,0.815917,0.827262,0.815917,0.821588
2017-11-17,0.821588,0.832935,0.821588,0.827262
2017-11-20,0.827262,0.827262,0.821588,0.821588
2017-11-21,0.821588,0.855561,0.821588,0.855561
2017-11-22,0.855561,0.866916,0.855561,0.855561
2017-11-23,0.855561,0.878196,0.855561,0.878196
2017-11-24,0.883869,0.883869,0.861177,0.866916
2017-11-27,0.866916,0.889484,0.866916,0.889484
2017-11-28,0.883869,0.889484,0.866916,0.866916
2017-11-29,0.866916,0.872523,0.855561,0.855561
2017-11-30,0.855561,0.872523,0.855561,0.855561
2017-12-01,0.855561,0.861177,0.844215,0.849888
2017-12-04,0.849888,0.855561,0.849888,0.849888
2017-12-05,0.849888,0.861177,0.849888,0.849888
2017-12-06,0.849888,0.849888,0.827262,0.827262
2017-12-07,0.832935,0.832935,0.815917,0.827262
2017-12-08,0.827262,0.844215,0.827262,0.844215
2017-12-11,0.844215,0.855561,0.832935,0.832935
2017-12-12,0.838551,0.849888,0.832935,0.849888
2017-12-13,0.849888,0.855561,0.844215,0.855561
2017-12-14,0.849888,0.861177,0.849888,0.861177
2017-12-15,0.855561,0.861177,0.849888,0.861177
2017-12-18,0.861177,0.866916,0.855561,0.861177
2017-12-19,0.861177,0.866916,0.855561,0.855561
2017-12-20,0.855561,0.872523,0.855561,0.872523
2017-12-21,0.866916,0.866916,0.861177,0.861177
2017-12-22,0.866916,0.866916,0.849888,0.849888
2017-12-27,0.849888,0.861177,0.849888,0.861177
2017-12-28,0.861177,0.866916,0.855561,0.866916
2017-12-29,0.866916,0.872523,0.861177,0.866916
2018-01-03,0.878196,0.878196,0.866916,0.878196
2018-01-04,0.883869,0.900888,0.883869,0.900888
2018-01-05,0.900888,0.900888,0.889484,0.89529
2018-01-08,0.89529,0.900888,0.889484,0.900888
2018-01-09,0.900888,0.900888,0.889484,0.89529
2018-01-10,0.89529,0.89529,0.878196,0.883869
2018-01-11,0.883869,0.889484,0.878196,0.889484
2018-01-12,0.889484,0.889484,0.872523,0.878196
2018-01-15,0.878196,0.883869,0.866916,0.878196
2018-01-16,0.878196,0.89529,0.872523,0.889484
2018-01-17,0.89529,0.906569,0.89529,0.89529
2018-01-18,0.900888,0.900888,0.889484,0.889484
2018-01-19,0.89529,0.900888,0.89529,0.900888
2018-01-22,0.906569,0.917911,0.906569,0.917911
2018-01-23,0.923526,0.940479,0.917911,0.934865
2018-01-24,0.940479,0.946213,0.929259,0.940479
2018-01-25,0.934865,0.940479,0.929259,0.940479
2018-01-26,0.940479,0.940479,0.923526,0.929259
2018-01-29,0.929259,0.934865,0.900888,0.906569
2018-01-30,0.906569,0.912242,0.900888,0.900888
2018-01-31,0.900888,0.912242,0.900888,0.906569
2018-02-01,0.912242,0.917911,0.889484,0.89529
2018-02-02,0.89529,0.89529,0.889484,0.89529
2018-02-05,0.889484,0.89529,0.883869,0.883869
2018-02-06,0.861177,0.866916,0.855561,0.855561
2018-02-07,0.861177,0.866916,0.855561,0.861177
2018-02-08,0.861177,0.866916,0.849888,0.849888
2018-02-09,0.849888,0.861177,0.838551,0.855561
2018-02-12,0.866916,0.878196,0.866916,0.872523
2018-02-13,0.872523,0.883869,0.872523,0.883869
2018-02-14,0.889484,0.89529,0.878196,0.889484
2018-02-15,0.89529,0.900888,0.883869,0.883869
2018-02-16,0.889484,0.889484,0.861177,0.861177
2018-02-19,0.866916,0.878196,0.866916,0.872523
2018-02-20,0.866916,0.866916,0.861177,0.861177
2018-02-21,0.861177,0.872523,0.861177,0.872523
2018-02-22,0.866916,0.889484,0.861177,0.883869
2018-02-23,0.889484,0.889484,0.878196,0.883869
2018-02-26,0.889484,0.889484,0.866916,0.866916
2018-02-27,0.883869,0.900888,0.861177,0.861177
2018-02-28,0.855561,0.861177,0.844215,0.844215
2018-03-01,0.844215,0.849888,0.827262,0.832935
2018-03-02,0.827262,0.832935,0.815917,0.821588
2018-03-05,0.815917,0.827262,0.815917,0.827262
2018-03-06,0.838551,0.838551,0.827262,0.838551
2018-03-07,0.827262,0.849888,0.827262,0.849888
2018-03-08,0.849888,0.849888,0.821588,0.827262
2018-03-09,0.827262,0.838551,0.815917,0.838551
2018-03-12,0.844215,0.844215,0.827262,0.827262
2018-03-13,0.832935,0.838551,0.798822,0.804568
2018-03-14,0.804568,0.804568,0.776265,0.804568
2018-03-15,0.804568,0.804568,0.776265,0.781869
2018-03-16,0.781869,0.781869,0.776265,0.781869
2018-03-19,0.781869,0.781869,0.770588,0.781869
2018-03-20,0.781869,0.804568,0.781869,0.804568
2018-03-21,0.804568,0.810171,0.793218,0.804568
2018-03-22,0.804568,0.810171,0.781869,0.798822
2018-03-23,0.787548,0.798822,0.781869,0.793218
2018-03-26,0.793218,0.798822,0.787548,0.793218
2018-03-27,0.804568,0.804568,0.793218,0.793218
2018-03-28,0.793218,0.793218,0.776265,0.776265
2018-03-29,0.776265,0.793218,0.776265,0.787548
2018-04-03,0.787548,0.793218,0.787548,0.793218
2018-04-04,0.793218,0.793218,0.776265,0.781869
2018-04-05,0.787548,0.787548,0.781869,0.787548
2018-04-06,0.787548,0.787548,0.776265,0.781869
2018-04-09,0.787548,0.793218,0.781869,0.787548
2018-04-10,0.793218,0.793218,0.787548,0.793218
2018-04-11,0.793218,0.798822,0.787548,0.793218
2018-04-12,0.793218,0.798822,0.793218,0.793218
2018-04-13,0.798822,0.798822,0.787548,0.787548
2018-04-16,0.787548,0.787548,0.781869,0.781869
2018-04-17,0.787548,0.793218,0.787548,0.787548
2018-04-18,0.787548,0.793218,0.781869,0.781869
2018-04-19,0.781869,0.787548,0.781869,0.781869
2018-04-20,0.787548,0.787548,0.776265,0.776265
2018-04-23,0.781869,0.781869,0.770588,0.776265
2018-04-24,0.776265,0.781869,0.770588,0.770588
2018-04-25,0.770588,0.770588,0.747896,0.747896
2018-04-26,0.753568,0.759238,0.747896,0.753568
2018-04-27,0.759238,0.759238,0.747896,0.753568
2018-04-30,0.753568,0.759238,0.742286,0.747896
2018-05-02,0.747896,0.753568,0.742286,0.753568
2018-05-04,0.753568,0.753568,0.742286,0.747896
2018-05-07,0.747896,0.747896,0.736616,0.736616
2018-05-08,0.742286,0.742286,0.725269,0.730875
2018-05-09,0.730875,0.747896,0.730875,0.742286
2018-05-10,0.753568,0.753568,0.736616,0.753568
2018-05-11,0.753568,0.776265,0.753568,0.776265
2018-05-14,0.776265,0.781869,0.776265,0.776265
2018-05-15,0.776265,0.776265,0.764916,0.764916
2018-05-16,0.770588,0.770588,0.759238,0.759238
2018-05-17,0.759238,0.759238,0.742286,0.747896
2018-05-18,0.747896,0.753568,0.736616,0.742286
2018-05-21,0.747896,0.753568,0.742286,0.742286
2018-05-22,0.742286,0.747896,0.736616,0.736616
2018-05-23,0.736616,0.742286,0.730875,0.736616
2018-05-24,0.736616,0.742286,0.736616,0.736616
2018-05-25,0.736616,0.736616,0.725269,0.730875
2018-05-28,0.736616,0.742286,0.730875,0.736616
2018-05-29,0.736616,0.736616,0.725269,0.725269
2018-05-30,0.725269,0.725269,0.719528,0.725269
2018-06-01,0.730875,0.753568,0.719528,0.753568
2018-06-04,0.753568,0.770588,0.742286,0.747896
2018-06-05,0.747896,0.781869,0.736616,0.776265
2018-06-06,0.776265,0.776265,0.764916,0.776265
2018-06-07,0.776265,0.787548,0.776265,0.787548
2018-06-08,0.776265,0.781869,0.770588,0.776265
2018-06-11,0.781869,0.787548,0.776265,0.787548
2018-06-12,0.781869,0.787548,0.776265,0.787548
2018-06-13,0.781869,0.781869,0.776265,0.776265
2018-06-14,0.776265,0.781869,0.770588,0.776265
2018-06-15,0.776265,0.776265,0.753568,0.753568
2018-06-18,0.753568,0.753568,0.736616,0.742286
2018-06-19,0.730875,0.736616,0.725269,0.730875
2018-06-20,0.730875,0.747896,0.730875,0.742286
2018-06-21,0.747896,0.747896,0.730875,0.742286
2018-06-22,0.747896,0.747896,0.736616,0.742286
2018-06-25,0.742286,0.742286,0.736616,0.736616
2018-06-26,0.736616,0.747896,0.736616,0.742286
2018-06-27,0.742286,0.742286,0.736616,0.736616
2018-06-28,0.736616,0.736616,0.725269,0.725269
2018-06-29,0.730875,0.736616,0.725269,0.730875
2018-07-02,0.730875,0.730875,0.719528,0.725269
2018-07-03,0.730875,0.730875,0.725269,0.730875
2018-07-04,0.730875,0.736616,0.730875,0.736616
2018-07-05,0.736616,0.742689,0.730472,0.736616
2018-07-06,0.736616,0.742689,0.730472,0.730472
2018-07-09,0.736616,0.736616,0.724399,0.730472
2018-07-10,0.730472,0.742689,0.730472,0.736616
2018-07-11,0.736616,0.736616,0.730472,0.730472
2018-07-12,0.736616,0.736616,0.724399,0.730472
2018-07-13,0.736616,0.736616,0.724399,0.730472
2018-07-16,0.724399,0.724399,0.71839,0.71839
2018-07-17,0.724399,0.724399,0.706173,0.712245
2018-07-18,0.712245,0.71839,0.700101,0.706173
2018-07-19,0.706173,0.712245,0.706173,0.712245
2018-07-20,0.712245,0.724399,0.706173,0.724399
2018-07-23,0.724399,0.730472,0.724399,0.730472
2018-07-24,0.730472,0.754838,0.730472,0.748767
2018-07-25,0.748767,0.754838,0.742689,0.748767
2018-07-26,0.748767,0.748767,0.742689,0.748767
2018-07-27,0.748767,0.748767,0.742689,0.742689
2018-07-30,0.742689,0.760978,0.742689,0.760978
2018-07-31,0.760978,0.779201,0.760978,0.779201
2018-08-01,0.779201,0.779201,0.754838,0.767049
2018-08-02,0.767049,0.773129,0.767049,0.773129
2018-08-03,0.773129,0.773129,0.767049,0.773129
2018-08-06,0.773129,0.773129,0.760978,0.773129
2018-08-07,0.773129,0.779201,0.767049,0.767049
2018-08-08,0.815783,0.876591,0.809703,0.876591
2018-08-09,0.882736,0.894884,0.876591,0.894884
2018-08-10,0.888806,0.888806,0.864443,0.864443
2018-08-13,0.858373,0.864443,0.85222,0.858373
2018-08-14,0.858373,0.870513,0.85222,0.858373
2018-08-16,0.858373,0.858373,0.84615,0.85222
2018-08-17,0.858373,0.858373,0.834011,0.834011
2018-08-20,0.840081,0.84615,0.840081,0.840081
2018-08-21,0.84615,0.864443,0.834011,0.864443
2018-08-22,0.858373,0.870513,0.858373,0.864443
2018-08-23,0.864443,0.888806,0.864443,0.882736
2018-08-24,0.882736,0.882736,0.870513,0.870513
2018-08-27,0.882736,0.900954,0.876591,0.900954
2018-08-28,0.900954,0.900954,0.888806,0.888806
2018-08-29,0.888806,0.888806,0.870513,0.876591
2018-08-30,0.882736,0.888806,0.876591,0.876591
2018-08-31,0.876591,0.876591,0.864443,0.870513
2018-09-03,0.870513,0.882736,0.864443,0.870513
2018-09-04,0.876591,0.882736,0.85222,0.858373
2018-09-05,0.858373,0.870513,0.85222,0.85222
2018-09-06,0.84615,0.858373,0.840081,0.840081
2018-09-07,0.840081,0.840081,0.815783,0.815783
2018-09-10,0.815783,0.840081,0.815783,0.834011
2018-09-11,0.840081,0.840081,0.821855,0.821855
2018-09-12,0.821855,0.827933,0.78534,0.78534
2018-09-13,0.791412,0.803564,0.78534,0.797492
2018-09-14,0.803564,0.803564,0.791412,0.803564
2018-09-17,0.803564,0.803564,0.791412,0.797492
2018-09-18,0.797492,0.809703,0.797492,0.797492
2018-09-19,0.803564,0.827933,0.803564,0.821855
2018-09-20,0.815783,0.840081,0.815783,0.834011
2018-09-21,0.840081,0.840081,0.803564,0.803564
2018-09-24,0.809703,0.809703,0.791412,0.797492
2018-09-25,0.809703,0.809703,0.803564,0.803564
2018-09-26,0.803564,0.809703,0.797492,0.809703
2018-09-27,0.803564,0.803564,0.791412,0.803564
2018-09-28,0.797492,0.797492,0.78534,0.791412
2018-10-01,0.797492,0.797492,0.78534,0.78534
2018-10-02,0.779201,0.797492,0.773129,0.797492
2018-10-03,0.797492,0.803564,0.797492,0.797492
2018-10-04,0.791412,0.797492,0.78534,0.791412
2018-10-05,0.791412,0.791412,0.779201,0.779201
2018-10-08,0.779201,0.779201,0.767049,0.767049
2018-10-09,0.767049,0.78534,0.767049,0.78534
2018-10-10,0.779201,0.78534,0.767049,0.767049
2018-10-11,0.760978,0.767049,0.754838,0.760978
2018-10-12,0.760978,0.767049,0.760978,0.760978
2018-10-15,0.760978,0.760978,0.754838,0.754838
2018-10-16,0.760978,0.773129,0.754838,0.773129
2018-10-17,0.779201,0.78534,0.760978,0.767049
2018-10-18,0.767049,0.773129,0.760978,0.773129
2018-10-19,0.767049,0.773129,0.760978,0.773129
2018-10-22,0.779201,0.779201,0.760978,0.767049
2018-10-23,0.760978,0.767049,0.760978,0.760978
2018-10-24,0.760978,0.779201,0.760978,0.773129
2018-10-25,0.760978,0.767049,0.760978,0.767049
2018-10-26,0.767049,0.767049,0.754838,0.754838
2018-10-29,0.754838,0.767049,0.748767,0.754838
2018-10-30,0.754838,0.767049,0.754838,0.767049
2018-10-31,0.767049,0.779201,0.767049,0.779201
2018-11-02,0.78534,0.797492,0.78534,0.791412
2018-11-05,0.791412,0.797492,0.791412,0.797492
2018-11-06,0.797492,0.803564,0.791412,0.803564
2018-11-07,0.803564,0.834011,0.803564,0.809703
2018-11-08,0.809703,0.809703,0.803564,0.809703
2018-11-09,0.809703,0.809703,0.797492,0.803564
2018-11-13,0.803564,0.803564,0.78534,0.791412
2018-11-14,0.78534,0.78534,0.767049,0.779201
2018-11-15,0.779201,0.78534,0.760978,0.760978
2018-11-16,0.767049,0.773129,0.706173,0.736616
2018-11-19,0.736616,0.748767,0.71839,0.742689
2018-11-20,0.736616,0.754838,0.736616,0.742689
2018-11-21,0.742689,0.754838,0.742689,0.754838
2018-11-22,0.754838,0.760978,0.748767,0.754838
2018-11-23,0.760978,0.760978,0.754838,0.754838
2018-11-26,0.767049,0.767049,0.760978,0.767049
2018-11-27,0.767049,0.779201,0.760978,0.779201
2018-11-28,0.779201,0.791412,0.779201,0.78534
2018-11-29,0.791412,0.797492,0.779201,0.797492
2018-11-30,0.797492,0.797492,0.773129,0.797492
2018-12-03,0.803564,0.821855,0.803564,0.821855
2018-12-04,0.821855,0.821855,0.809703,0.821855
2018-12-05,0.809703,0.821855,0.803564,0.821855
2018-12-06,0.815783,0.815783,0.791412,0.791412
2018-12-07,0.797492,0.803564,0.78534,0.791412
2018-12-10,0.78534,0.791412,0.773129,0.773129
2018-12-11,0.779201,0.78534,0.748767,0.748767
2018-12-12,0.754838,0.779201,0.754838,0.779201
2018-12-13,0.78534,0.78534,0.767049,0.78534
2018-12-14,0.779201,0.779201,0.760978,0.773129
2018-12-17,0.773129,0.78534,0.773129,0.779201
2018-12-18,0.767049,0.809703,0.767049,0.809703
2018-12-19,0.809703,0.809703,0.797492,0.809703
2018-12-20,0.803564,0.809703,0.797492,0.797492
2018-12-21,0.803564,0.803564,0.779201,0.791412
2018-12-27,0.797492,0.797492,0.78534,0.78534
2018-12-28,0.791412,0.797492,0.78534,0.791412
2019-01-02,0.791412,0.809703,0.779201,0.809703
2019-01-03,0.803564,0.803564,0.791412,0.791412
2019-01-04,0.791412,0.809703,0.791412,0.809703
2019-01-07,0.809703,0.821855,0.809703,0.821855
2019-01-08,0.821855,0.827933,0.815783,0.827933
2019-01-09,0.827933,0.834011,0.821855,0.827933
2019-01-10,0.821855,0.821855,0.815783,0.821855
2019-01-11,0.827933,0.827933,0.821855,0.821855
2019-01-14,0.827933,0.834011,0.821855,0.834011
2019-01-15,0.840081,0.85222,0.840081,0.85222
2019-01-16,0.85222,0.85222,0.84615,0.85222
2019-01-17,0.84615,0.85222,0.84615,0.84615
2019-01-18,0.85222,0.85222,0.840081,0.840081
2019-01-21,0.840081,0.840081,0.834011,0.840081
2019-01-22,0.821855,0.821855,0.815783,0.815783
2019-01-23,0.815783,0.834011,0.815783,0.827933
2019-01-24,0.834011,0.840081,0.821855,0.827933
2019-01-25,0.834011,0.834011,0.821855,0.821855
2019-01-28,0.827933,0.827933,0.815783,0.827933
2019-01-29,0.827933,0.827933,0.821855,0.821855
2019-01-30,0.821855,0.821855,0.803564,0.803564
2019-01-31,0.815783,0.815783,0.797492,0.803564
2019-02-01,0.803564,0.809703,0.803564,0.809703
2019-02-04,0.815783,0.821855,0.809703,0.815783
2019-02-05,0.815783,0.827933,0.815783,0.827933
2019-02-06,0.827933,0.834011,0.821855,0.827933
2019-02-07,0.827933,0.834011,0.803564,0.803564
2019-02-08,0.803564,0.815783,0.803564,0.815783
2019-02-11,0.815783,0.821855,0.809703,0.809703
2019-02-12,0.815783,0.821855,0.809703,0.821855
2019-02-13,0.821855,0.821855,0.809703,0.809703
2019-02-14,0.815783,0.815783,0.797492,0.797492
2019-02-15,0.797492,0.809703,0.797492,0.803564
2019-02-18,0.803564,0.809703,0.797492,0.803564
2019-02-19,0.803564,0.809703,0.803564,0.809703
2019-02-20,0.815783,0.827933,0.815783,0.827933
2019-02-21,0.827933,0.827933,0.815783,0.821855
2019-02-22,0.815783,0.827933,0.815783,0.821855
2019-02-25,0.821855,0.840081,0.815783,0.840081
2019-02-26,0.84615,0.84615,0.827933,0.834011
2019-02-27,0.834011,0.834011,0.791412,0.791412
2019-02-28,0.797492,0.797492,0.78534,0.791412
2019-03-01,0.791412,0.803564,0.78534,0.791412
2019-03-04,0.797492,0.797492,0.78534,0.791412
2019-03-05,0.78534,0.78534,0.779201,0.779201
2019-03-06,0.78534,0.78534,0.779201,0.779201
2019-03-07,0.779201,0.779201,0.767049,0.773129
2019-03-08,0.773129,0.773129,0.754838,0.760978
2019-03-11,0.760978,0.760978,0.760978,0.760978
2019-03-12,0.767049,0.767049,0.760978,0.767049
2019-03-13,0.767049,0.773129,0.760978,0.773129
2019-03-14,0.773129,0.773129,0.767049,0.767049
2019-03-15,0.773129,0.78534,0.773129,0.779201
2019-03-18,0.78534,0.78534,0.773129,0.773129
2019-03-19,0.773129,0.779201,0.767049,0.773129
2019-03-20,0.773129,0.78534,0.773129,0.78534
2019-03-21,0.78534,0.78534,0.773129,0.78534
2019-03-22,0.78534,0.78534,0.767049,0.767049
2019-03-25,0.767049,0.779201,0.767049,0.779201
2019-03-26,0.773129,0.779201,0.767049,0.779201
2019-03-27,0.779201,0.78534,0.773129,0.773129
2019-03-28,0.773129,0.773129,0.767049,0.773129
2019-03-29,0.773129,0.779201,0.767049,0.773129
2019-04-01,0.779201,0.779201,0.773129,0.773129
2019-04-02,0.773129,0.779201,0.773129,0.779201
2019-04-03,0.779201,0.78534,0.779201,0.78534
2019-04-04,0.78534,0.803564,0.78534,0.797492
2019-04-05,0.803564,0.803564,0.791412,0.791412
2019-04-08,0.797492,0.797492,0.78534,0.791412
2019-04-09,0.791412,0.797492,0.78534,0.797492
2019-04-10,0.791412,0.803564,0.791412,0.797492
2019-04-11,0.797492,0.803564,0.797492,0.797492
2019-04-12,0.797492,0.803564,0.797492,0.803564
2019-04-15,0.797492,0.797492,0.791412,0.791412
2019-04-16,0.791412,0.797492,0.791412,0.797492
2019-04-17,0.797492,0.803564,0.797492,0.803564
2019-04-18,0.809703,0.821855,0.809703,0.821855
2019-04-23,0.815783,0.821855,0.815783,0.821855
2019-04-24,0.821855,0.827933,0.809703,0.815783
2019-04-25,0.815783,0.815783,0.797492,0.803564
2019-04-26,0.797492,0.815783,0.797492,0.815783
2019-04-29,0.815783,0.821855,0.815783,0.821855
2019-04-30,0.815783,0.815783,0.791412,0.797492
2019-05-02,0.797492,0.803564,0.797492,0.797492
2019-05-06,0.791412,0.797492,0.78534,0.791412
2019-05-07,0.791412,0.791412,0.760978,0.760978
2019-05-08,0.760978,0.767049,0.748767,0.754838
2019-05-09,0.754838,0.754838,0.724399,0.724399
2019-05-10,0.730472,0.742689,0.730472,0.736616
2019-05-13,0.736616,0.736616,0.71839,0.724399
2019-05-14,0.730472,0.730472,0.712245,0.712245
2019-05-15,0.71839,0.71839,0.700101,0.706173
2019-05-16,0.706173,0.71839,0.706173,0.71839
2019-05-17,0.71839,0.71839,0.712245,0.71839
2019-05-20,0.71839,0.724399,0.706173,0.706173
2019-05-21,0.706173,0.712245,0.706173,0.712245
2019-05-22,0.712245,0.71839,0.706173,0.71839
2019-05-23,0.712245,0.71839,0.706173,0.712245
2019-05-24,0.712245,0.71839,0.712245,0.71839
2019-05-27,0.71839,0.724399,0.71839,0.71839
2019-05-28,0.71839,0.71839,0.706173,0.706173
2019-05-29,0.706173,0.71839,0.706173,0.71839
2019-05-30,0.71839,0.736616,0.712245,0.736616
2019-05-31,0.730472,0.736616,0.730472,0.736616
2019-06-03,0.730472,0.748767,0.730472,0.742689
2019-06-04,0.742689,0.754838,0.742689,0.748767
2019-06-05,0.748767,0.754838,0.748767,0.754838
2019-06-06,0.754838,0.767049,0.754838,0.767049
2019-06-07,0.760978,0.773129,0.760978,0.773129
2019-06-10,0.767049,0.773129,0.760978,0.767049
2019-06-11,0.767049,0.779201,0.767049,0.767049
2019-06-12,0.767049,0.767049,0.760978,0.760978
2019-06-13,0.760978,0.779201,0.760978,0.779201
2019-06-14,0.773129,0.779201,0.773129,0.773129
2019-06-17,0.773129,0.78534,0.773129,0.779201
2019-06-18,0.779201,0.791412,0.779201,0.791412
2019-06-19,0.791412,0.797492,0.791412,0.791412
2019-06-21,0.791412,0.791412,0.78534,0.78534
2019-06-24,0.791412,0.791412,0.78534,0.791412
2019-06-25,0.791412,0.791412,0.773129,0.773129
2019-06-26,0.773129,0.779201,0.767049,0.773129
2019-06-27,0.773129,0.779201,0.773129,0.779201
2019-06-28,0.773129,0.779201,0.773129,0.773129
2019-07-01,0.779201,0.78534,0.779201,0.779201
2019-07-02,0.779201,0.779201,0.779201,0.779201
2019-07-03,0.779201,0.779201,0.767049,0.767049
2019-07-04,0.773129,0.773129,0.767049,0.767049
2019-07-05,0.767049,0.767049,0.754838,0.760978
2019-07-08,0.760978,0.760978,0.754838,0.754838
2019-07-09,0.758176,0.777604,0.758176,0.777604
2019-07-10,0.771122,0.784077,0.764649,0.771122
2019-07-11,0.777604,0.784077,0.771122,0.777604
2019-07-12,0.784077,0.784077,0.771122,0.771122
2019-07-15,0.777604,0.777604,0.771122,0.771122
2019-07-16,0.777604,0.777604,0.764649,0.771122
2019-07-17,0.771122,0.777604,0.771122,0.771122
2019-07-18,0.771122,0.784077,0.771122,0.784077
2019-07-19,0.777604,0.790543,0.777604,0.784077
2019-07-22,0.784077,0.784077,0.777604,0.784077
2019-07-23,0.777604,0.784077,0.777604,0.784077
2019-07-24,0.784077,0.784077,0.777604,0.777604
2019-07-25,0.784077,0.784077,0.764649,0.764649
2019-07-26,0.771122,0.771122,0.764649,0.764649
2019-07-29,0.764649,0.771122,0.758176,0.771122
2019-07-30,0.764649,0.771122,0.764649,0.764649
2019-07-31,0.764649,0.764649,0.751695,0.758176
2019-08-01,0.758176,0.758176,0.738751,0.738751
2019-08-02,0.732205,0.745228,0.732205,0.738751
2019-08-05,0.738751,0.738751,0.712783,0.712783
2019-08-06,0.712783,0.732205,0.712783,0.719259
2019-08-07,0.725736,0.745228,0.712783,0.745228
2019-08-08,0.758176,0.764649,0.751695,0.758176
2019-08-09,0.764649,0.764649,0.751695,0.751695
2019-08-12,0.758176,0.758176,0.738751,0.751695
2019-08-13,0.751695,0.764649,0.745228,0.758176
2019-08-14,0.758176,0.758176,0.745228,0.745228
2019-08-16,0.751695,0.758176,0.751695,0.758176
2019-08-19,0.764649,0.764649,0.758176,0.758176
2019-08-20,0.764649,0.764649,0.751695,0.758176
2019-08-21,0.758176,0.758176,0.758176,0.758176
2019-08-22,0.758176,0.758176,0.751695,0.751695
2019-08-23,0.751695,0.758176,0.745228,0.751695
2019-08-26,0.745228,0.751695,0.738751,0.745228
2019-08-27,0.745228,0.745228,0.732205,0.738751
2019-08-28,0.738751,0.751695,0.732205,0.738751
2019-08-29,0.738751,0.738751,0.719259,0.719259
2019-08-30,0.725736,0.751695,0.725736,0.751695
2019-09-02,0.758176,0.764649,0.751695,0.764649
2019-09-03,0.764649,0.764649,0.751695,0.758176
2019-09-04,0.764649,0.771122,0.758176,0.758176
2019-09-05,0.764649,0.771122,0.758176,0.771122
2019-09-06,0.771122,0.777604,0.771122,0.777604
2019-09-09,0.777604,0.816452,0.777604,0.816452
2019-09-10,0.816452,0.835946,0.816452,0.822992
2019-09-11,0.822992,0.829462,0.822992,0.829462
2019-09-12,0.829462,0.829462,0.822992,0.829462
2019-09-13,0.829462,0.829462,0.822992,0.829462
2019-09-16,0.822992,0.835946,0.822992,0.822992
2019-09-17,0.822992,0.822992,0.809978,0.809978
2019-09-18,0.803498,0.816452,0.803498,0.816452
2019-09-19,0.816452,0.816452,0.809978,0.816452
2019-09-20,0.816452,0.816452,0.797024,0.803498
2019-09-23,0.803498,0.803498,0.784077,0.784077
2019-09-24,0.790543,0.797024,0.784077,0.790543
2019-09-25,0.790543,0.803498,0.790543,0.803498
2019-09-26,0.803498,0.803498,0.790543,0.797024
2019-09-27,0.797024,0.803498,0.797024,0.797024
2019-09-30,0.790543,0.797024,0.790543,0.790543
2019-10-01,0.790543,0.790543,0.777604,0.784077
2019-10-02,0.777604,0.784077,0.764649,0.764649
2019-10-03,0.764649,0.777604,0.758176,0.771122
2019-10-04,0.771122,0.784077,0.771122,0.784077
2019-10-07,0.784077,0.784077,0.777604,0.784077
2019-10-08,0.777604,0.784077,0.777604,0.784077
2019-10-09,0.790543,0.803498,0.784077,0.803498
2019-10-10,0.803498,0.803498,0.790543,0.803498
2019-10-11,0.803498,0.809978,0.797024,0.803498
2019-10-14,0.803498,0.803498,0.797024,0.797024
2019-10-15,0.803498,0.809978,0.797024,0.809978
2019-10-16,0.809978,0.822992,0.809978,0.822992
2019-10-17,0.822992,0.835946,0.822992,0.829462
2019-10-18,0.822992,0.822992,0.816452,0.822992
2019-10-21,0.816452,0.829462,0.816452,0.829462
2019-10-22,0.829462,0.835946,0.822992,0.835946
2019-10-23,0.835946,0.842412,0.829462,0.842412
2019-10-24,0.842412,0.874797,0.842412,0.874797
2019-10-25,0.874797,0.874797,0.855371,0.861838
2019-10-28,0.855371,0.861838,0.855371,0.861838
2019-10-29,0.868314,0.868314,0.855371,0.861838
2019-10-30,0.861838,0.861838,0.848888,0.848888
2019-10-31,0.848888,0.848888,0.829462,0.829462
2019-11-04,0.835946,0.842412,0.829462,0.842412
2019-11-05,0.842412,0.842412,0.835946,0.835946
2019-11-06,0.842412,0.842412,0.790543,0.790543
2019-11-07,0.790543,0.797024,0.784077,0.790543
2019-11-08,0.784077,0.790543,0.777604,0.784077
2019-11-12,0.784077,0.784077,0.777604,0.777604
2019-11-13,0.777604,0.777604,0.758176,0.764649
2019-11-14,0.764649,0.777604,0.764649,0.771122
2019-11-15,0.771122,0.777604,0.771122,0.777604
2019-11-18,0.777604,0.784077,0.764649,0.771122
2019-11-19,0.771122,0.771122,0.764649,0.771122
2019-11-20,0.771122,0.777604,0.764649,0.777604
2019-11-21,0.771122,0.777604,0.771122,0.777604
2019-11-22,0.777604,0.777604,0.771122,0.777604
2019-11-25,0.777604,0.777604,0.777604,0.777604
2019-11-26,0.784077,0.784077,0.771122,0.771122
2019-11-27,0.771122,0.777604,0.771122,0.771122
2019-11-28,0.771122,0.777604,0.764649,0.777604
2019-11-29,0.771122,0.784077,0.771122,0.784077
2019-12-02,0.771122,0.771122,0.745228,0.745228
2019-12-03,0.745228,0.745228,0.719259,0.719259
2019-12-04,0.719259,0.732205,0.719259,0.719259
2019-12-05,0.719259,0.732205,0.712783,0.725736
2019-12-06,0.725736,0.725736,0.712783,0.712783
2019-12-09,0.712783,0.712783,0.706308,0.712783
2019-12-10,0.712783,0.712783,0.699832,0.699832
2019-12-11,0.706308,0.706308,0.693358,0.706308
2019-12-12,0.712783,0.732205,0.712783,0.732205
2019-12-13,0.738751,0.738751,0.732205,0.732205
2019-12-16,0.732205,0.738751,0.732205,0.732205
2019-12-17,0.738751,0.745228,0.732205,0.738751
2019-12-18,0.745228,0.751695,0.745228,0.745228
2019-12-19,0.751695,0.751695,0.745228,0.751695
2019-12-20,0.745228,0.751695,0.745228,0.745228
2019-12-23,0.745228,0.751695,0.745228,0.751695
2019-12-27,0.751695,0.758176,0.751695,0.751695
2019-12-30,0.751695,0.751695,0.745228,0.751695
2020-01-02,0.758176,0.764649,0.758176,0.758176
2020-01-03,0.758176,0.758176,0.751695,0.758176
2020-01-07,0.758176,0.764649,0.745228,0.751695
2020-01-08,0.751695,0.751695,0.738751,0.738751
2020-01-09,0.745228,0.764649,0.745228,0.764649
2020-01-10,0.764649,0.784077,0.764649,0.784077
2020-01-13,0.784077,0.803498,0.777604,0.797024
2020-01-14,0.797024,0.797024,0.784077,0.784077
2020-01-15,0.784077,0.784077,0.764649,0.764649
2020-01-16,0.764649,0.771122,0.758176,0.764649
2020-01-17,0.764649,0.784077,0.764649,0.771122
2020-01-20,0.771122,0.771122,0.758176,0.758176
2020-01-21,0.758176,0.758176,0.751695,0.751695
2020-01-22,0.758176,0.758176,0.745228,0.751695
2020-01-23,0.751695,0.751695,0.751695,0.751695
2020-01-24,0.751695,0.758176,0.751695,0.751695
2020-01-27,0.745228,0.745228,0.725736,0.725736
2020-01-28,0.725736,0.732205,0.725736,0.732205
2020-01-29,0.732205,0.738751,0.732205,0.738751
2020-01-30,0.738751,0.738751,0.732205,0.738751
2020-01-31,0.745228,0.745228,0.725736,0.738751
2020-02-03,0.732205,0.745228,0.732205,0.745228
2020-02-04,0.751695,0.751695,0.719259,0.725736
2020-02-05,0.725736,0.738751,0.719259,0.738751
2020-02-06,0.745228,0.751695,0.738751,0.751695
2020-02-07,0.745228,0.758176,0.745228,0.758176
2020-02-10,0.758176,0.758176,0.751695,0.751695
2020-02-11,0.758176,0.764649,0.751695,0.764649
2020-02-12,0.764649,0.777604,0.764649,0.771122
2020-02-13,0.771122,0.771122,0.751695,0.764649
2020-02-14,0.771122,0.771122,0.751695,0.751695
2020-02-17,0.758176,0.764649,0.745228,0.758176
2020-02-18,0.751695,0.764649,0.751695,0.758176
2020-02-19,0.758176,0.764649,0.751695,0.758176
2020-02-20,0.764649,0.771122,0.758176,0.764649
2020-02-21,0.758176,0.758176,0.751695,0.751695
2020-02-24,0.745228,0.745228,0.719259,0.719259
2020-02-25,0.719259,0.725736,0.706308,0.706308
2020-02-26,0.706308,0.719259,0.699832,0.712783
2020-02-27,0.706308,0.719259,0.680408,0.680408
2020-02-28,0.667457,0.667457,0.641491,0.641491
2020-03-02,0.654508,0.667457,0.635015,0.647966
2020-03-03,0.654508,0.693358,0.654508,0.686882
2020-03-04,0.686882,0.699832,0.680408,0.686882
2020-03-05,0.693358,0.693358,0.673933,0.673933
2020-03-06,0.667457,0.673933,0.647966,0.654508
2020-03-09,0.615591,0.628541,0.583216,0.596166
2020-03-10,0.602641,0.609116,0.583216,0.583216
2020-03-11,0.589692,0.589692,0.544299,0.544299
2020-03-12,0.511924,0.511924,0.440633,0.440633
2020-03-13,0.453583,0.473008,0.447108,0.460058
2020-03-16,0.440633,0.440633,0.401784,0.408257
2020-03-17,0.421208,0.421208,0.382291,0.408257
2020-03-18,0.395308,0.408257,0.382291,0.382291
2020-03-19,0.382291,0.395308,0.375817,0.382291
2020-03-20,0.401784,0.421208,0.382291,0.414733
2020-03-23,0.401784,0.401784,0.388766,0.388766
2020-03-24,0.401784,0.408257,0.395308,0.395308
2020-03-25,0.414733,0.421208,0.388766,0.401784
2020-03-26,0.401784,0.414733,0.388766,0.414733
2020-03-27,0.414733,0.421208,0.401784,0.401784
2020-03-30,0.408257,0.408257,0.395308,0.408257
2020-03-31,0.408257,0.414733,0.401784,0.408257
2020-04-01,0.401784,0.408257,0.395308,0.395308
2020-04-02,0.395308,0.395308,0.388766,0.395308
2020-04-03,0.388766,0.388766,0.382291,0.388766
2020-04-06,0.401784,0.414733,0.395308,0.414733
2020-04-07,0.421208,0.453583,0.421208,0.447108
2020-04-08,0.447108,0.453583,0.401784,0.401784
2020-04-09,0.414733,0.414733,0.395308,0.408257
2020-04-14,0.414733,0.414733,0.401784,0.414733
2020-04-15,0.421208,0.421208,0.395308,0.395308
2020-04-16,0.401784,0.401784,0.388766,0.388766
2020-04-17,0.395308,0.395308,0.388766,0.395308
2020-04-20,0.401784,0.401784,0.388766,0.401784
2020-04-21,0.395308,0.395308,0.382291,0.382291
2020-04-22,0.382291,0.382291,0.369341,0.375817
2020-04-23,0.375817,0.375817,0.362866,0.362866
2020-04-24,0.362866,0.362866,0.356391,0.356391
2020-04-27,0.362866,0.362866,0.343441,0.349917
2020-04-28,0.349917,0.362866,0.349917,0.356391
2020-04-29,0.356391,0.375817,0.356391,0.375817
2020-04-30,0.382291,0.388766,0.375817,0.375817
2020-05-04,0.369341,0.369341,0.362866,0.362866
2020-05-05,0.369341,0.369341,0.362866,0.362866
2020-05-06,0.369341,0.369341,0.356391,0.356391
2020-05-07,0.362866,0.362866,0.356391,0.362866
2020-05-08,0.369341,0.369341,0.362866,0.362866
2020-05-11,0.362866,0.369341,0.349917,0.349917
2020-05-12,0.362866,0.375817,0.349917,0.369341
2020-05-13,0.362866,0.375817,0.362866,0.362866
2020-05-14,0.362866,0.362866,0.349917,0.356391
2020-05-15,0.356391,0.362866,0.356391,0.356391
2020-05-18,0.362866,0.369341,0.356391,0.369341
2020-05-19,0.375817,0.375817,0.369341,0.369341
2020-05-20,0.369341,0.369341,0.362866,0.369341
2020-05-21,0.369341,0.369341,0.362866,0.369341
2020-05-22,0.362866,0.362866,0.356391,0.362866
2020-05-25,0.369341,0.369341,0.362866,0.369341
2020-05-26,0.369341,0.382291,0.369341,0.382291
2020-05-27,0.382291,0.401784,0.382291,0.395308
2020-05-28,0.401784,0.414733,0.375817,0.382291
2020-05-29,0.375817,0.375817,0.369341,0.375817
2020-06-01,0.382291,0.382291,0.375817,0.382291
2020-06-02,0.382291,0.382291,0.369341,0.375817
2020-06-03,0.375817,0.388766,0.375817,0.388766
2020-06-04,0.388766,0.395308,0.382291,0.395308
2020-06-05,0.401784,0.408257,0.395308,0.408257
2020-06-08,0.408257,0.427683,0.408257,0.427683
2020-06-09,0.434158,0.434158,0.414733,0.414733
2020-06-10,0.414733,0.414733,0.401784,0.408257
2020-06-12,0.388766,0.395308,0.382291,0.388766
2020-06-15,0.382291,0.382291,0.375817,0.375817
2020-06-16,0.388766,0.408257,0.388766,0.401784
2020-06-17,0.401784,0.408257,0.388766,0.395308
2020-06-18,0.395308,0.395308,0.388766,0.395308
2020-06-19,0.395308,0.395308,0.388766,0.395308
2020-06-22,0.388766,0.388766,0.382291,0.382291
2020-06-23,0.388766,0.408257,0.388766,0.401784
2020-06-24,0.401784,0.401784,0.388766,0.388766
2020-06-25,0.388766,0.388766,0.382291,0.388766
2020-06-26,0.388766,0.388766,0.375817,0.375817
2020-06-29,0.375817,0.382291,0.369341,0.382291
2020-06-30,0.382291,0.382291,0.375817,0.382291
2020-07-01,0.382291,0.388766,0.375817,0.382291
2020-07-02,0.388766,0.401784,0.388766,0.395308
2020-07-03,0.401784,0.401784,0.388766,0.395308
2020-07-06,0.401784,0.408257,0.395308,0.401784
2020-07-07,0.401784,0.401784,0.395308,0.395308
2020-07-08,0.388766,0.395308,0.388766,0.388766
2020-07-09,0.395308,0.395308,0.388766,0.395308
2020-07-10,0.388766,0.401784,0.388766,0.401784
2020-07-13,0.401784,0.401784,0.401784,0.401784
2020-07-14,0.395308,0.401784,0.388766,0.395308
2020-07-15,0.395308,0.408257,0.395308,0.408257
2020-07-16,0.401784,0.401784,0.401784,0.401784
2020-07-17,0.401784,0.401784,0.395308,0.395308
2020-07-20,0.395308,0.401784,0.388766,0.401784
2020-07-21,0.401784,0.421208,0.401784,0.408257
2020-07-22,0.408257,0.408257,0.401784,0.401784
2020-07-23,0.401784,0.401784,0.388766,0.388766
2020-07-24,0.388766,0.395308,0.388766,0.395308
2020-07-27,0.395308,0.395308,0.382291,0.382291
2020-07-28,0.382291,0.388766,0.375817,0.382291
2020-07-29,0.382291,0.382291,0.375817,0.382291
2020-07-30,0.382291,0.382291,0.362866,0.362866
2020-07-31,0.369341,0.369341,0.362866,0.362866
2020-08-03,0.362866,0.369341,0.356391,0.362866
2020-08-04,0.369341,0.375817,0.369341,0.375817
2020-08-05,0.401784,0.401784,0.369341,0.369341
2020-08-06,0.369341,0.375817,0.362866,0.362866
2020-08-07,0.362866,0.369341,0.362866,0.362866
2020-08-10,0.362866,0.375817,0.362866,0.375817
2020-08-11,0.375817,0.388766,0.375817,0.388766
2020-08-12,0.388766,0.395308,0.382291,0.388766
2020-08-13,0.388766,0.395308,0.388766,0.388766
2020-08-14,0.388766,0.388766,0.382291,0.388766
2020-08-17,0.388766,0.388766,0.382291,0.388766
2020-08-18,0.382291,0.382291,0.375817,0.375817
2020-08-19,0.375817,0.375817,0.369341,0.369341
2020-08-20,0.369341,0.369341,0.362866,0.362866
2020-08-21,0.369341,0.369341,0.362866,0.362866
2020-08-24,0.369341,0.375817,0.369341,0.375817
2020-08-25,0.375817,0.382291,0.369341,0.369341
2020-08-26,0.369341,0.382291,0.369341,0.369341
2020-08-27,0.369341,0.369341,0.369341,0.369341
2020-08-28,0.369341,0.382291,0.369341,0.369341
2020-08-31,0.369341,0.375817,0.356391,0.362866
2020-09-01,0.362866,0.362866,0.349917,0.349917
2020-09-02,0.356391,0.356391,0.349917,0.349917
2020-09-03,0.349917,0.356391,0.349917,0.349917
2020-09-04,0.349917,0.349917,0.349917,0.349917
2020-09-07,0.356391,0.356391,0.349917,0.349917
2020-09-08,0.349917,0.356391,0.336966,0.343441
2020-09-09,0.343441,0.356391,0.343441,0.349917
2020-09-10,0.349917,0.356391,0.349917,0.356391
2020-09-11,0.356391,0.356391,0.349917,0.356391
2020-09-14,0.356391,0.362866,0.356391,0.362866
2020-09-15,0.356391,0.356391,0.356391,0.356391
2020-09-16,0.356391,0.356391,0.349917,0.349917
2020-09-17,0.349917,0.356391,0.343441,0.356391
2020-09-18,0.356391,0.356391,0.349917,0.349917
2020-09-21,0.343441,0.349917,0.336966,0.336966
2020-09-22,0.336966,0.336966,0.330478,0.336966
2020-09-23,0.336966,0.336966,0.330478,0.336966
2020-09-24,0.330478,0.336966,0.330478,0.336966
2020-09-25,0.336966,0.336966,0.330478,0.330478
2020-09-28,0.336966,0.343441,0.336966,0.343441
2020-09-29,0.343441,0.343441,0.336966,0.343441
2020-09-30,0.336966,0.349917,0.336966,0.349917
2020-10-01,0.349917,0.349917,0.343441,0.343441
2020-10-02,0.343441,0.349917,0.343441,0.343441
2020-10-05,0.349917,0.356391,0.349917,0.356391
2020-10-06,0.356391,0.375817,0.356391,0.375817
2020-10-07,0.375817,0.375817,0.369341,0.375817
2020-10-08,0.375817,0.375817,0.369341,0.369341
2020-10-09,0.369341,0.369341,0.362866,0.362866
2020-10-12,0.362866,0.369341,0.356391,0.356391
2020-10-13,0.362866,0.362866,0.343441,0.343441
2020-10-14,0.343441,0.349917,0.343441,0.349917
2020-10-15,0.343441,0.343441,0.330478,0.330478
2020-10-16,0.330478,0.336966,0.323996,0.330478
2020-10-19,0.336966,0.336966,0.323996,0.330478
2020-10-20,0.323996,0.330478,0.323996,0.330478
2020-10-21,0.330478,0.330478,0.323996,0.323996
2020-10-22,0.323996,0.323996,0.317521,0.323996
2020-10-23,0.323996,0.336966,0.323996,0.330478
2020-10-26,0.323996,0.330478,0.323996,0.330478
2020-10-27,0.330478,0.336966,0.317521,0.317521
2020-10-28,0.317521,0.317521,0.291602,0.298076
2020-10-29,0.298076,0.298076,0.28512,0.291602
2020-10-30,0.28512,0.291602,0.28512,0.291602
2020-11-02,0.291602,0.304558,0.291602,0.298076
2020-11-03,0.304558,0.311039,0.304558,0.311039
2020-11-04,0.304558,0.311039,0.298076,0.304558
2020-11-05,0.311039,0.311039,0.304558,0.304558
2020-11-06,0.298076,0.304558,0.291602,0.298076
2020-11-09,0.298076,0.330478,0.291602,0.330478
2020-11-10,0.330478,0.349917,0.330478,0.349917
2020-11-12,0.356391,0.362866,0.356391,0.362866
2020-11-13,0.362866,0.369341,0.356391,0.362866
2020-11-16,0.369341,0.388766,0.369341,0.382291
2020-11-17,0.382291,0.395308,0.382291,0.388766
2020-11-18,0.382291,0.395308,0.382291,0.388766
2020-11-19,0.388766,0.388766,0.375817,0.375817
2020-11-20,0.375817,0.388766,0.375817,0.388766
2020-11-23,0.388766,0.401784,0.388766,0.395308
2020-11-24,0.401784,0.408257,0.395308,0.408257
2020-11-25,0.414733,0.414733,0.401784,0.408257
2020-11-26,0.408257,0.408257,0.401784,0.401784
2020-11-27,0.401784,0.408257,0.401784,0.401784
2020-11-30,0.401784,0.401784,0.382291,0.382291
2020-12-01,0.388766,0.388766,0.382291,0.388766
2020-12-02,0.388766,0.401784,0.382291,0.401784
2020-12-03,0.401784,0.401784,0.388766,0.395308
2020-12-04,0.395308,0.401784,0.395308,0.401784
2020-12-07,0.401784,0.401784,0.395308,0.401784
2020-12-08,0.401784,0.401784,0.401784,0.401784
2020-12-09,0.401784,0.440633,0.401784,0.434158
2020-12-10,0.434158,0.434158,0.414733,0.421208
2020-12-11,0.427683,0.427683,0.401784,0.414733
2020-12-14,0.414733,0.427683,0.414733,0.421208
2020-12-15,0.421208,0.427683,0.414733,0.421208
2020-12-16,0.421208,0.427683,0.421208,0.427683
2020-12-17,0.427683,0.427683,0.401784,0.408257
2020-12-18,0.408257,0.414733,0.395308,0.401784
2020-12-21,0.395308,0.395308,0.382291,0.395308
2020-12-22,0.395308,0.408257,0.395308,0.408257
2020-12-23,0.408257,0.414733,0.408257,0.414733
2020-12-28,0.421208,0.427683,0.421208,0.421208
2020-12-29,0.427683,0.427683,0.427683,0.427683
2020-12-30,0.427683,0.427683,0.414733,0.414733
2021-01-04,0.408257,0.421208,0.408257,0.414733
2021-01-05,0.414733,0.427683,0.414733,0.421208
2021-01-07,0.427683,0.447108,0.427683,0.447108
2021-01-08,0.447108,0.473008,0.447108,0.466533
2021-01-11,0.466533,0.486026,0.466533,0.473008
2021-01-12,0.47955,0.47955,0.460058,0.466533
2021-01-13,0.466533,0.473008,0.460058,0.466533
2021-01-14,0.466533,0.473008,0.453583,0.460058
2021-01-15,0.460058,0.460058,0.447108,0.447108
2021-01-18,0.447108,0.460058,0.440633,0.460058
2021-01-19,0.466533,0.466533,0.447108,0.447108
2021-01-20,0.447108,0.453583,0.440633,0.453583
2021-01-21,0.453583,0.453583,0.440633,0.440633
2021-01-22,0.440633,0.447108,0.434158,0.440633
2021-01-25,0.447108,0.447108,0.427683,0.434158
2021-01-26,0.434158,0.434158,0.427683,0.434158
2021-01-27,0.434158,0.434158,0.427683,0.427683
2021-01-28,0.421208,0.434158,0.414733,0.434158
2021-01-29,0.427683,0.434158,0.427683,0.434158
2021-02-01,0.434158,0.434158,0.427683,0.434158
2021-02-02,0.434158,0.447108,0.434158,0.440633
2021-02-03,0.447108,0.447108,0.434158,0.434158
2021-02-04,0.434158,0.440633,0.427683,0.427683
2021-02-05,0.434158,0.453583,0.434158,0.447108
2021-02-08,0.453583,0.453583,0.440633,0.440633
2021-02-09,0.440633,0.447108,0.440633,0.440633
2021-02-10,0.440633,0.440633,0.434158,0.434158
2021-02-11,0.434158,0.447108,0.434158,0.447108
2021-02-12,0.447108,0.447108,0.434158,0.440633
2021-02-15,0.440633,0.447108,0.440633,0.447108
2021-02-16,0.447108,0.473008,0.447108,0.466533
2021-02-17,0.466533,0.466533,0.453583,0.453583
2021-02-18,0.453583,0.466533,0.447108,0.453583
2021-02-19,0.460058,0.460058,0.453583,0.453583
2021-02-22,0.453583,0.453583,0.447108,0.447108
2021-02-23,0.453583,0.453583,0.434158,0.440633
2021-02-24,0.440633,0.447108,0.440633,0.440633
2021-02-25,0.453583,0.473008,0.453583,0.453583
2021-02-26,0.447108,0.460058,0.447108,0.453583
2021-03-01,0.460058,0.47955,0.460058,0.47955
2021-03-02,0.47955,0.492499,0.473008,0.47955
2021-03-03,0.47955,0.498974,0.47955,0.486026
2021-03-04,0.47955,0.486026,0.473008,0.47955
2021-03-05,0.47955,0.486026,0.473008,0.47955
2021-03-08,0.47955,0.486026,0.473008,0.486026
2021-03-09,0.486026,0.498974,0.486026,0.486026
2021-03-10,0.486026,0.498974,0.486026,0.492499
2021-03-11,0.492499,0.492499,0.47955,0.486026
2021-03-12,0.486026,0.492499,0.47955,0.492499
2021-03-15,0.492499,0.498974,0.492499,0.492499
2021-03-16,0.492499,0.492499,0.486026,0.486026
2021-03-17,0.47955,0.47955,0.466533,0.466533
2021-03-18,0.473008,0.486026,0.473008,0.47955
2021-03-19,0.47955,0.47955,0.466533,0.466533
2021-03-22,0.466533,0.47955,0.466533,0.466533
2021-03-23,0.47955,0.47955,0.466533,0.473008
2021-03-24,0.473008,0.473008,0.466533,0.466533
2021-03-25,0.466533,0.473008,0.460058,0.460058
2021-03-26,0.466533,0.473008,0.460058,0.473008
2021-03-29,0.473008,0.47955,0.473008,0.473008
2021-03-30,0.47955,0.47955,0.473008,0.473008
2021-03-31,0.47955,0.47955,0.473008,0.473008
2021-04-01,0.473008,0.47955,0.466533,0.47955
2021-04-06,0.47955,0.486026,0.47955,0.486026
2021-04-07,0.486026,0.492499,0.486026,0.492499
2021-04-08,0.492499,0.492499,0.486026,0.486026
2021-04-09,0.486026,0.492499,0.47955,0.486026
2021-04-12,0.486026,0.498974,0.486026,0.498974
2021-04-13,0.498974,0.498974,0.492499,0.498974
2021-04-14,0.498974,0.50545,0.498974,0.498974
2021-04-15,0.50545,0.50545,0.498974,0.50545
2021-04-16,0.50545,0.511924,0.50545,0.511924
2021-04-19,0.50545,0.518399,0.50545,0.50545
2021-04-20,0.50545,0.511924,0.50545,0.50545
2021-04-21,0.50545,0.511924,0.50545,0.511924
2021-04-22,0.511924,0.511924,0.50545,0.511924
2021-04-23,0.511924,0.511924,0.50545,0.50545
2021-04-26,0.50545,0.511924,0.50545,0.511924
2021-04-27,0.511924,0.518399,0.50545,0.511924
2021-04-28,0.511924,0.531349,0.511924,0.531349
2021-04-29,0.531349,0.557249,0.531349,0.544299
2021-04-30,0.544299,0.544299,0.531349,0.531349
2021-05-04,0.537825,0.544299,0.531349,0.531349
2021-05-05,0.537825,0.537825,0.531349,0.537825
2021-05-06,0.557249,0.563791,0.544299,0.550774
2021-05-07,0.563791,0.563791,0.550774,0.563791
2021-05-10,0.563791,0.583216,0.563791,0.576741
2021-05-11,0.570267,0.576741,0.557249,0.570267
2021-05-12,0.563791,0.576741,0.563791,0.563791
2021-05-13,0.557249,0.570267,0.557249,0.570267
2021-05-14,0.570267,0.576741,0.563791,0.570267
2021-05-17,0.576741,0.596166,0.576741,0.596166
2021-05-18,0.602641,0.609116,0.602641,0.609116
2021-05-19,0.609116,0.609116,0.602641,0.602641
2021-05-20,0.602641,0.615591,0.602641,0.609116
2021-05-21,0.615591,0.615591,0.609116,0.615591
2021-05-24,0.615591,0.615591,0.609116,0.609116
2021-05-25,0.609116,0.622067,0.609116,0.615591
2021-05-26,0.622067,0.622067,0.609116,0.609116
2021-05-27,0.609116,0.628541,0.609116,0.628541
2021-05-28,0.628541,0.641491,0.628541,0.641491
2021-05-31,0.641491,0.654508,0.635015,0.647966
2021-06-01,0.647966,0.654508,0.641491,0.647966
2021-06-02,0.647966,0.654508,0.641491,0.654508
2021-06-04,0.654508,0.660983,0.647966,0.654508
2021-06-07,0.654508,0.660983,0.654508,0.660983
2021-06-08,0.660983,0.660983,0.647966,0.654508
2021-06-09,0.654508,0.654508,0.641491,0.641491
2021-06-10,0.647966,0.667457,0.641491,0.667457
2021-06-11,0.667457,0.667457,0.660983,0.660983
2021-06-14,0.667457,0.673933,0.660983,0.673933
2021-06-15,0.680408,0.680408,0.667457,0.667457
2021-06-16,0.660983,0.673933,0.660983,0.660983
2021-06-17,0.660983,0.667457,0.660983,0.667457
2021-06-18,0.667457,0.667457,0.660983,0.667457
2021-06-21,0.667457,0.667457,0.654508,0.660983
2021-06-22,0.667457,0.667457,0.660983,0.667457
2021-06-23,0.660983,0.673933,0.660983,0.667457
2021-06-24,0.667457,0.693358,0.667457,0.693358
2021-06-25,0.693358,0.693358,0.680408,0.693358
2021-06-28,0.693358,0.693358,0.680408,0.693358
2021-06-29,0.686882,0.686882,0.660983,0.667457
2021-06-30,0.667457,0.667457,0.622067,0.628541
2021-07-01,0.628541,0.635015,0.622067,0.635015
2021-07-02,0.635015,0.641491,0.628541,0.635015
2021-07-05,0.635015,0.641491,0.635015,0.635015
2021-07-06,0.635015,0.641491,0.615591,0.615591
2021-07-07,0.615591,0.628541,0.615591,0.628541
2021-07-08,0.628541,0.628541,0.609116,0.615591
2021-07-09,0.609116,0.622067,0.609116,0.622067
2021-07-12,0.622067,0.622067,0.602641,0.609116
2021-07-13,0.609116,0.622067,0.609116,0.609116
2021-07-14,0.609116,0.628541,0.609116,0.622067
2021-07-15,0.622067,0.622067,0.609116,0.609116
2021-07-16,0.615591,0.628541,0.615591,0.628541
2021-07-19,0.622067,0.622067,0.602641,0.602641
2021-07-20,0.602641,0.609116,0.596166,0.609116
2021-07-21,0.609116,0.628541,0.609116,0.628541
2021-07-22,0.628541,0.635015,0.615591,0.615591
2021-07-23,0.615591,0.622067,0.615591,0.615591
2021-07-26,0.622067,0.622067,0.609116,0.615591
2021-07-27,0.615591,0.615591,0.609116,0.615591
2021-07-28,0.615591,0.635015,0.615591,0.628541
2021-07-29,0.628541,0.635015,0.628541,0.635015
2021-07-30,0.628541,0.635015,0.628541,0.635015
2021-08-02,0.635015,0.647966,0.635015,0.647966
2021-08-03,0.647966,0.647966,0.635015,0.641491
2021-08-04,0.647966,0.667457,0.647966,0.667457
2021-08-05,0.667457,0.667457,0.654508,0.654508
2021-08-06,0.654508,0.667457,0.654508,0.660983
2021-08-09,0.660983,0.680408,0.660983,0.680408
2021-08-10,0.680408,0.693358,0.680408,0.686882
2021-08-11,0.686882,0.693358,0.680408,0.693358
2021-08-12,0.693358,0.693358,0.686882,0.686882
2021-08-13,0.686882,0.699832,0.680408,0.699832
2021-08-16,0.686882,0.699832,0.686882,0.693358
2021-08-17,0.693358,0.693358,0.680408,0.693358
2021-08-18,0.693358,0.693358,0.686882,0.693358
2021-08-19,0.686882,0.693358,0.673933,0.680408
2021-08-20,0.680408,0.686882,0.673933,0.680408
2021-08-23,0.680408,0.686882,0.680408,0.680408
2021-08-24,0.686882,0.686882,0.680408,0.686882
2021-08-25,0.680408,0.693358,0.680408,0.693358
2021-08-26,0.693358,0.693358,0.686882,0.693358
2021-08-27,0.686882,0.693358,0.686882,0.693358
2021-08-30,0.699832,0.712783,0.699832,0.706308
2021-08-31,0.699832,0.712783,0.699832,0.712783
2021-09-01,0.712783,0.725736,0.712783,0.719259
2021-09-02,0.719259,0.725736,0.706308,0.725736
2021-09-03,0.719259,0.719259,0.712783,0.719259
2021-09-06,0.719259,0.732205,0.719259,0.732205
2021-09-07,0.732205,0.738751,0.725736,0.732205
2021-09-08,0.732205,0.732205,0.719259,0.725736
2021-09-09,0.727601,0.727601,0.707578,0.714254
2021-09-10,0.714254,0.727601,0.714254,0.714254
2021-09-13,0.714254,0.734276,0.714254,0.734276
2021-09-14,0.734276,0.734276,0.727601,0.734276
2021-09-15,0.720928,0.727601,0.714254,0.714254
2021-09-16,0.714254,0.727601,0.714254,0.720928
2021-09-17,0.714254,0.720928,0.707578,0.707578
2021-09-20,0.7009,0.7009,0.674199,0.680875
2021-09-21,0.680875,0.694226,0.680875,0.68755
2021-09-22,0.694226,0.714254,0.694226,0.714254
2021-09-23,0.720928,0.720928,0.707578,0.707578
2021-09-24,0.707578,0.714254,0.7009,0.714254
2021-09-27,0.714254,0.74095,0.707578,0.720928
2021-09-28,0.714254,0.720928,0.707578,0.707578
2021-09-29,0.714254,0.720928,0.707578,0.714254
2021-09-30,0.720928,0.720928,0.707578,0.707578
2021-10-01,0.7009,0.74095,0.694226,0.74095
2021-10-04,0.74095,0.774325,0.734276,0.754302
2021-10-05,0.754302,0.767652,0.747622,0.760978
2021-10-06,0.760978,0.80103,0.754302,0.787673
2021-10-07,0.794356,0.80103,0.794356,0.80103
2021-10-08,0.80103,0.821053,0.80103,0.821053
2021-10-11,0.821053,0.841082,0.821053,0.834399
2021-10-12,0.827726,0.841082,0.827726,0.841082
2021-10-13,0.834399,0.841082,0.821053,0.821053
2021-10-14,0.821053,0.854428,0.821053,0.854428
2021-10-15,0.854428,0.861102,0.841082,0.847755
2021-10-18,0.847755,0.867776,0.847755,0.847755
2021-10-19,0.854428,0.854428,0.834399,0.834399
2021-10-20,0.834399,0.847755,0.827726,0.841082
2021-10-21,0.841082,0.854428,0.834399,0.847755
2021-10-22,0.847755,0.854428,0.841082,0.847755
2021-10-25,0.841082,0.854428,0.834399,0.847755
2021-10-26,0.847755,0.861102,0.834399,0.861102
2021-10-27,0.854428,0.867776,0.854428,0.861102
2021-10-28,0.854428,0.867776,0.847755,0.847755
2021-10-29,0.854428,0.901161,0.854428,0.901161
2021-11-02,0.907834,0.907834,0.87445,0.894487
2021-11-03,0.901161,0.901161,0.867776,0.87445
2021-11-04,0.881131,0.894487,0.87445,0.887806
2021-11-05,0.894487,0.907834,0.887806,0.907834
2021-11-08,0.914508,0.914508,0.894487,0.907834
2021-11-09,0.901161,0.907834,0.887806,0.894487
2021-11-10,0.894487,0.914508,0.881131,0.887806
2021-11-12,0.887806,0.894487,0.867776,0.887806
2021-11-15,0.887806,0.894487,0.881131,0.887806
2021-11-16,0.887806,0.887806,0.867776,0.87445
2021-11-17,0.87445,0.881131,0.87445,0.87445
2021-11-18,0.881131,0.881131,0.847755,0.854428
2021-11-19,0.854428,0.861102,0.821053,0.834399
2021-11-22,0.834399,0.847755,0.834399,0.841082
2021-11-23,0.834399,0.854428,0.821053,0.847755
2021-11-24,0.854428,0.854428,0.834399,0.841082
2021-11-25,0.847755,0.854428,0.841082,0.847755
2021-11-26,0.827726,0.827726,0.787673,0.787673
2021-11-29,0.794356,0.821053,0.774325,0.814378
2021-11-30,0.80103,0.841082,0.80103,0.834399
2021-12-01,0.841082,0.841082,0.814378,0.821053
2021-12-02,0.827726,0.827726,0.814378,0.814378
2021-12-03,0.821053,0.827726,0.80103,0.807704
2021-12-06,0.814378,0.827726,0.814378,0.827726
2021-12-07,0.827726,0.847755,0.827726,0.841082
2021-12-08,0.847755,0.847755,0.827726,0.834399
2021-12-09,0.827726,0.834399,0.80103,0.814378
2021-12-10,0.814378,0.814378,0.80103,0.807704
2021-12-13,0.807704,0.821053,0.794356,0.807704
2021-12-14,0.807704,0.807704,0.781,0.794356
2021-12-15,0.794356,0.794356,0.774325,0.787673
2021-12-16,0.787673,0.821053,0.787673,0.814378
2021-12-17,0.807704,0.807704,0.787673,0.80103
2021-12-20,0.781,0.80103,0.774325,0.80103
2021-12-21,0.80103,0.807704,0.794356,0.80103
2021-12-22,0.80103,0.807704,0.794356,0.807704
2021-12-23,0.80103,0.834399,0.80103,0.834399
2021-12-27,0.834399,0.841082,0.827726,0.834399
2021-12-28,0.834399,0.861102,0.834399,0.854428
2021-12-29,0.847755,0.861102,0.841082,0.847755
2021-12-30,0.841082,0.861102,0.841082,0.854428
2022-01-03,0.861102,0.887806,0.861102,0.87445
2022-01-04,0.87445,0.887806,0.867776,0.87445
2022-01-05,0.867776,0.867776,0.854428,0.861102
2022-01-07,0.861102,0.867776,0.847755,0.867776
2022-01-10,0.867776,0.887806,0.867776,0.881131
2022-01-11,0.887806,0.92119,0.887806,0.92119
2022-01-12,0.927867,0.961234,0.927867,0.954557
2022-01-13,0.954557,0.961234,0.947889,0.954557
2022-01-14,0.947889,0.961234,0.934535,0.954557
2022-01-17,0.947889,0.954557,0.934535,0.941212
2022-01-18,0.934535,0.934535,0.92119,0.927867
2022-01-19,0.92119,0.954557,0.92119,0.934535
2022-01-20,0.941212,0.947889,0.927867,0.941212
2022-01-21,0.934535,0.941212,0.934535,0.941212
2022-01-24,0.934535,0.954557,0.887806,0.894487
2022-01-25,0.894487,0.914508,0.887806,0.907834
2022-01-26,0.914508,0.934535,0.914508,0.927867
2022-01-27,0.927867,0.961234,0.92119,0.947889
2022-01-28,0.947889,0.947889,0.914508,0.927867
2022-01-31,0.941212,0.954557,0.927867,0.947889
2022-02-01,0.954557,0.967911,0.954557,0.961234
2022-02-02,0.967911,0.974588,0.954557,0.961234
2022-02-03,0.961234,0.967911,0.954557,0.967911
2022-02-04,0.967911,0.967911,0.941212,0.941212
2022-02-07,0.947889,0.947889,0.92119,0.934535
2022-02-08,0.941212,0.967911,0.941212,0.967911
2022-02-09,0.967911,0.967911,0.954557,0.967911
2022-02-10,0.961234,0.961234,0.947889,0.954557
2022-02-11,0.941212,0.941212,0.92119,0.934535
2022-02-14,0.907834,0.927867,0.901161,0.92119
2022-02-15,0.927867,0.947889,0.92119,0.927867
2022-02-16,0.941212,0.954557,0.927867,0.947889
2022-02-17,0.947889,0.947889,0.914508,0.914508
2022-02-18,0.907834,0.92119,0.901161,0.901161
2022-02-21,0.901161,0.901161,0.841082,0.841082
2022-02-22,0.814378,0.847755,0.814378,0.841082
2022-02-23,0.841082,0.861102,0.827726,0.827726
2022-02-24,0.760978,0.781,0.694226,0.707578
2022-02-25,0.74095,0.834399,0.74095,0.834399
2022-02-28,0.80103,0.821053,0.781,0.807704
2022-03-01,0.807704,0.814378,0.734276,0.734276
2022-03-02,0.734276,0.760978,0.720928,0.747622
2022-03-03,0.754302,0.767652,0.720928,0.767652
2022-03-04,0.754302,0.754302,0.674199,0.674199
2022-03-07,0.634149,0.714254,0.620798,0.68755
2022-03-08,0.68755,0.74095,0.68755,0.7009
2022-03-09,0.720928,0.781,0.720928,0.774325
2022-03-10,0.787673,0.787673,0.74095,0.74095
2022-03-11,0.747622,0.787673,0.747622,0.774325
2022-03-14,0.787673,0.787673,0.760978,0.767652
2022-03-15,0.760978,0.80103,0.760978,0.794356
2022-03-16,0.807704,0.841082,0.807704,0.827726
2022-03-17,0.841082,0.854428,0.827726,0.834399
2022-03-18,0.834399,0.834399,0.821053,0.821053
2022-03-21,0.827726,0.841082,0.794356,0.80103
2022-03-22,0.80103,0.821053,0.80103,0.807704
2022-03-23,0.814378,0.821053,0.794356,0.80103
2022-03-24,0.807704,0.821053,0.80103,0.807704
2022-03-25,0.814378,0.814378,0.781,0.794356
2022-03-28,0.80103,0.814378,0.787673,0.787673
2022-03-29,0.794356,0.861102,0.787673,0.861102
2022-03-30,0.854428,0.854428,0.834399,0.841082
2022-03-31,0.847755,0.854428,0.827726,0.827726
2022-04-01,0.834399,0.861102,0.834399,0.861102
2022-04-04,0.867776,0.87445,0.847755,0.861102
2022-04-05,0.87445,0.87445,0.834399,0.834399
2022-04-06,0.841082,0.854428,0.821053,0.834399
2022-04-07,0.841082,0.841082,0.827726,0.827726
2022-04-08,0.834399,0.847755,0.821053,0.827726
2022-04-11,0.827726,0.841082,0.821053,0.841082
2022-04-12,0.847755,0.847755,0.814378,0.814378
2022-04-13,0.827726,0.834399,0.821053,0.821053
2022-04-14,0.827726,0.827726,0.80103,0.80103
2022-04-19,0.807704,0.807704,0.781,0.794356
2022-04-20,0.80103,0.814378,0.794356,0.80103
2022-04-21,0.814378,0.841082,0.814378,0.827726
2022-04-22,0.821053,0.821053,0.794356,0.80103
2022-04-25,0.787673,0.794356,0.734276,0.754302
2022-04-26,0.760978,0.774325,0.754302,0.754302
2022-04-27,0.74095,0.754302,0.714254,0.720928
2022-04-28,0.747622,0.747622,0.714254,0.714254
2022-04-29,0.734276,0.74095,0.714254,0.720928
2022-05-02,0.720928,0.720928,0.707578,0.714254
2022-05-04,0.720928,0.720928,0.694226,0.694226
2022-05-05,0.714254,0.714254,0.680875,0.680875
2022-05-06,0.680875,0.680875,0.654174,0.674199
2022-05-09,0.667524,0.667524,0.647499,0.647499
2022-05-10,0.654174,0.654174,0.640824,0.647499
2022-05-11,0.654174,0.654174,0.627473,0.627473
2022-05-12,0.614122,0.627473,0.594097,0.614122
2022-05-13,0.634149,0.660849,0.634149,0.660849
2022-05-16,0.660849,0.680875,0.647499,0.660849
2022-05-17,0.674199,0.68755,0.660849,0.68755
2022-05-18,0.694226,0.7009,0.680875,0.680875
2022-05-19,0.667524,0.680875,0.660849,0.674199
2022-05-20,0.694226,0.694226,0.674199,0.680875
2022-05-23,0.694226,0.7009,0.68755,0.7009
2022-05-24,0.694226,0.714254,0.694226,0.7009
2022-05-25,0.714254,0.714254,0.680875,0.68755
2022-05-26,0.68755,0.7009,0.680875,0.7009
2022-05-27,0.7009,0.7009,0.680875,0.680875
2022-05-30,0.694226,0.7009,0.68755,0.7009
2022-05-31,0.7009,0.7009,0.68755,0.694226
2022-06-01,0.694226,0.7009,0.68755,0.68755
2022-06-02,0.694226,0.714254,0.694226,0.707578
2022-06-03,0.707578,0.707578,0.674199,0.674199
2022-06-06,0.680875,0.7009,0.680875,0.7009
2022-06-07,0.694226,0.7009,0.680875,0.68755
2022-06-08,0.68755,0.694226,0.667524,0.674199
2022-06-09,0.674199,0.680875,0.654174,0.654174
2022-06-10,0.647499,0.647499,0.620798,0.620798
2022-06-13,0.607448,0.607448,0.594097,0.594097
2022-06-14,0.600772,0.634149,0.600772,0.620798
2022-06-15,0.627473,0.627473,0.607448,0.627473
2022-06-17,0.614122,0.627473,0.607448,0.607448
2022-06-20,0.614122,0.620798,0.607448,0.614122
2022-06-21,0.620798,0.627473,0.614122,0.620798
2022-06-22,0.614122,0.614122,0.607448,0.614122
2022-06-23,0.614122,0.627473,0.607448,0.614122
2022-06-24,0.614122,0.627473,0.607448,0.627473
2022-06-27,0.634149,0.634149,0.620798,0.620798
2022-06-28,0.627473,0.647499,0.627473,0.640824
2022-06-29,0.627473,0.634149,0.620798,0.627473
2022-06-30,0.620798,0.620798,0.600772,0.607448
2022-07-01,0.607448,0.627473,0.600772,0.600772
2022-07-04,0.614122,0.614122,0.567395,0.580747
2022-07-05,0.594097,0.600772,0.567395,0.574071
2022-07-06,0.580747,0.587421,0.567395,0.580747
2022-07-07,0.587421,0.607448,0.587421,0.587421
2022-07-08,0.587421,0.607448,0.580747,0.607448
2022-07-11,0.600772,0.614122,0.594097,0.600772
2022-07-12,0.594097,0.594097,0.567395,0.567395
2022-07-13,0.567395,0.574071,0.554046,0.560721
2022-07-14,0.567395,0.567395,0.547371,0.547371
2022-07-15,0.554046,0.554046,0.547371,0.554046
2022-07-18,0.560721,0.574071,0.560721,0.567395
2022-07-19,0.567395,0.580747,0.560721,0.574071
2022-07-20,0.580747,0.580747,0.574071,0.574071
2022-07-21,0.574071,0.574071,0.560721,0.574071
2022-07-22,0.579746,0.579746,0.565606,0.565606
2022-07-25,0.572675,0.586816,0.565606,0.586816
2022-07-26,0.579746,0.579746,0.551466,0.558535
2022-07-27,0.565606,0.565606,0.551466,0.558535
2022-07-28,0.565606,0.572675,0.565606,0.565606
2022-07-29,0.565606,0.579746,0.565606,0.579746
2022-08-01,0.579746,0.586816,0.579746,0.586816
2022-08-02,0.579746,0.586816,0.579746,0.579746
2022-08-03,0.586816,0.586816,0.565606,0.579746
2022-08-04,0.572675,0.600956,0.551466,0.600956
2022-08-05,0.608026,0.615096,0.593885,0.600956
2022-08-08,0.608026,0.629237,0.600956,0.629237
2022-08-09,0.629237,0.643376,0.629237,0.629237
2022-08-10,0.629237,0.636306,0.615096,0.636306
2022-08-11,0.643376,0.643376,0.622166,0.636306
2022-08-12,0.629237,0.643376,0.629237,0.636306
2022-08-16,0.643376,0.643376,0.629237,0.636306
2022-08-17,0.629237,0.629237,0.615096,0.615096
2022-08-18,0.622166,0.643376,0.622166,0.636306
2022-08-19,0.622166,0.629237,0.615096,0.622166
2022-08-22,0.622166,0.629237,0.608026,0.622166
2022-08-23,0.615096,0.622166,0.600956,0.600956
2022-08-24,0.600956,0.600956,0.579746,0.579746
2022-08-25,0.593885,0.600956,0.593885,0.600956
2022-08-26,0.600956,0.600956,0.572675,0.579746
2022-08-29,0.572675,0.572675,0.558535,0.572675
2022-08-30,0.572675,0.579746,0.565606,0.565606
2022-08-31,0.572675,0.572675,0.558535,0.565606
2022-09-01,0.558535,0.558535,0.530255,0.530255
2022-09-02,0.537325,0.544396,0.530255,0.537325
2022-09-05,0.530255,0.544396,0.530255,0.537325
2022-09-06,0.537325,0.537325,0.530255,0.537325
2022-09-07,0.537325,0.544396,0.530255,0.544396
2022-09-08,0.551466,0.565606,0.544396,0.558535
2022-09-09,0.565606,0.593885,0.565606,0.593885
2022-09-12,0.600956,0.622166,0.593885,0.622166
2022-09-13,0.629237,0.629237,0.593885,0.600956
2022-09-14,0.586816,0.608026,0.586816,0.608026
2022-09-15,0.615096,0.622166,0.608026,0.615096
2022-09-16,0.600956,0.608026,0.579746,0.586816
2022-09-19,0.586816,0.600956,0.586816,0.600956
2022-09-20,0.615096,0.615096,0.579746,0.586816
2022-09-21,0.579746,0.586816,0.572675,0.572675
2022-09-22,0.565606,0.579746,0.565606,0.579746
2022-09-23,0.572675,0.572675,0.558535,0.558535
2022-09-26,0.551466,0.558535,0.544396,0.551466
2022-09-27,0.558535,0.565606,0.551466,0.558535
2022-09-28,0.544396,0.551466,0.530255,0.544396
2022-09-29,0.551466,0.551466,0.523185,0.530255
2022-09-30,0.530255,0.530255,0.516115,0.523185
2022-10-03,0.523185,0.523185,0.509045,0.516115
2022-10-04,0.530255,0.551466,0.530255,0.551466
2022-10-05,0.551466,0.551466,0.530255,0.530255
2022-10-06,0.537325,0.544396,0.537325,0.544396
2022-10-07,0.544396,0.551466,0.544396,0.551466
2022-10-10,0.544396,0.551466,0.544396,0.544396
2022-10-11,0.544396,0.572675,0.537325,0.558535
2022-10-12,0.565606,0.572675,0.558535,0.572675
2022-10-13,0.572675,0.572675,0.551466,0.565606
2022-10-14,0.579746,0.586816,0.572675,0.579746
2022-10-17,0.579746,0.593885,0.579746,0.586816
2022-10-18,0.600956,0.622166,0.600956,0.622166
2022-10-19,0.622166,0.629237,0.600956,0.608026
2022-10-20,0.608026,0.629237,0.608026,0.629237
2022-10-21,0.622166,0.636306,0.615096,0.622166
2022-10-24,0.629237,0.636306,0.622166,0.629237
2022-10-25,0.636306,0.636306,0.622166,0.629237
2022-10-26,0.636306,0.643376,0.636306,0.643376
2022-10-27,0.643376,0.657517,0.636306,0.657517
2022-10-28,0.650446,0.664586,0.643376,0.664586
2022-10-31,0.664586,0.678727,0.664586,0.678727
2022-11-02,0.678727,0.685796,0.671656,0.685796
2022-11-03,0.657517,0.685796,0.657517,0.685796
2022-11-04,0.678727,0.685796,0.671656,0.671656
2022-11-07,0.678727,0.714076,0.678727,0.707007
2022-11-08,0.707007,0.714076,0.692866,0.707007
2022-11-09,0.707007,0.714076,0.707007,0.707007
2022-11-10,0.707007,0.728217,0.699937,0.728217
2022-11-14,0.728217,0.770639,0.728217,0.763564
2022-11-15,0.763564,0.784775,0.756496,0.777707
2022-11-16,0.763564,0.770639,0.735287,0.763564
2022-11-17,0.763564,0.763564,0.728217,0.735287
2022-11-18,0.735287,0.749428,0.728217,0.742357
2022-11-21,0.749428,0.749428,0.735287,0.742357
2022-11-22,0.735287,0.749428,0.735287,0.742357
2022-11-23,0.742357,0.749428,0.742357,0.742357
2022-11-24,0.749428,0.763564,0.749428,0.763564
2022-11-25,0.763564,0.763564,0.749428,0.763564
2022-11-28,0.763564,0.770639,0.749428,0.749428
2022-11-29,0.756496,0.756496,0.735287,0.742357
2022-11-30,0.749428,0.756496,0.735287,0.742357
2022-12-01,0.763564,0.763564,0.756496,0.763564
2022-12-02,0.763564,0.763564,0.742357,0.749428
2022-12-05,0.749428,0.763564,0.749428,0.756496
2022-12-06,0.756496,0.756496,0.735287,0.735287
2022-12-07,0.735287,0.742357,0.735287,0.742357
2022-12-08,0.742357,0.742357,0.728217,0.728217
2022-12-09,0.728217,0.735287,0.728217,0.735287
2022-12-12,0.735287,0.756496,0.728217,0.749428
2022-12-13,0.756496,0.770639,0.742357,0.756496
2022-12-14,0.756496,0.770639,0.756496,0.763564
2022-12-15,0.763564,0.763564,0.742357,0.742357
2022-12-16,0.742357,0.742357,0.735287,0.742357
2022-12-19,0.742357,0.749428,0.735287,0.742357
2022-12-20,0.735287,0.756496,0.735287,0.756496
2022-12-21,0.763564,0.770639,0.756496,0.770639
2022-12-22,0.770639,0.777707,0.763564,0.770639
2022-12-23,0.770639,0.770639,0.756496,0.756496
2022-12-27,0.763564,0.763564,0.749428,0.749428
2022-12-28,0.756496,0.763564,0.749428,0.756496
2022-12-29,0.756496,0.777707,0.756496,0.777707
2022-12-30,0.756496,0.770639,0.756496,0.763564
2023-01-02,0.770639,0.777707,0.763564,0.763564
2023-01-03,0.770639,0.813055,0.770639,0.805987
2023-01-04,0.805987,0.827196,0.805987,0.827196
2023-01-05,0.827196,0.841337,0.827196,0.834267
2023-01-09,0.848408,0.876691,0.848408,0.869612
2023-01-10,0.869612,0.883761,0.855479,0.883761
2023-01-11,0.883761,0.897895,0.876691,0.876691
2023-01-12,0.876691,0.904973,0.876691,0.897895
2023-01-13,0.904973,0.904973,0.876691,0.897895
2023-01-16,0.897895,0.919102,0.890824,0.904973
2023-01-17,0.904973,0.904973,0.869612,0.869612
2023-01-18,0.862549,0.862549,0.841337,0.848408
2023-01-19,0.834267,0.848408,0.834267,0.841337
2023-01-20,0.848408,0.848408,0.834267,0.848408
2023-01-23,0.848408,0.855479,0.841337,0.855479
2023-01-24,0.862549,0.862549,0.848408,0.855479
2023-01-25,0.841337,0.855479,0.805987,0.813055
2023-01-26,0.827196,0.827196,0.805987,0.820131
2023-01-27,0.827196,0.827196,0.813055,0.813055
2023-01-30,0.813055,0.813055,0.791851,0.798919
2023-01-31,0.798919,0.820131,0.798919,0.820131
2023-02-01,0.820131,0.820131,0.805987,0.805987
2023-02-02,0.820131,0.820131,0.805987,0.820131
2023-02-03,0.813055,0.834267,0.813055,0.827196
2023-02-06,0.827196,0.827196,0.798919,0.805987
2023-02-07,0.813055,0.813055,0.805987,0.805987
2023-02-08,0.813055,0.827196,0.813055,0.820131
2023-02-09,0.827196,0.848408,0.827196,0.834267
2023-02-10,0.834267,0.834267,0.813055,0.813055
2023-02-13,0.820131,0.827196,0.813055,0.820131
2023-02-14,0.827196,0.834267,0.820131,0.827196
2023-02-15,0.827196,0.834267,0.820131,0.834267
2023-02-16,0.834267,0.841337,0.813055,0.841337
2023-02-17,0.834267,0.834267,0.813055,0.813055
2023-02-20,0.813055,0.813055,0.791851,0.798919
2023-02-21,0.798919,0.798919,0.770639,0.784775
2023-02-22,0.784775,0.784775,0.763564,0.763564
2023-02-23,0.763564,0.784775,0.763564,0.770639
2023-02-24,0.777707,0.791851,0.777707,0.777707
2023-02-27,0.791851,0.791851,0.777707,0.784775
2023-02-28,0.784775,0.805987,0.784775,0.791851
2023-03-01,0.798919,0.805987,0.791851,0.791851
2023-03-02,0.798919,0.798919,0.714076,0.714076
2023-03-03,0.714076,0.721147,0.707007,0.721147
2023-03-06,0.728217,0.742357,0.728217,0.742357
2023-03-07,0.742357,0.749428,0.735287,0.742357
2023-03-08,0.742357,0.742357,0.735287,0.742357
2023-03-09,0.742357,0.742357,0.728217,0.728217
2023-03-10,0.714076,0.714076,0.699937,0.699937
2023-03-13,0.707007,0.707007,0.664586,0.671656
2023-03-14,0.671656,0.685796,0.664586,0.671656
2023-03-15,0.685796,0.685796,0.643376,0.650446
2023-03-16,0.664586,0.664586,0.636306,0.650446
2023-03-17,0.657517,0.664586,0.629237,0.629237
2023-03-20,0.622166,0.643376,0.600956,0.643376
2023-03-21,0.650446,0.678727,0.650446,0.671656
2023-03-22,0.678727,0.685796,0.664586,0.664586
2023-03-23,0.657517,0.664586,0.650446,0.664586
2023-03-24,0.657517,0.657517,0.636306,0.643376
2023-03-27,0.657517,0.657517,0.643376,0.657517
2023-03-28,0.657517,0.678727,0.657517,0.664586
2023-03-29,0.671656,0.685796,0.671656,0.678727
2023-03-30,0.685796,0.699937,0.685796,0.699937
2023-03-31,0.699937,0.699937,0.692866,0.699937
2023-04-03,0.707007,0.721147,0.707007,0.707007
2023-04-04,0.721147,0.728217,0.707007,0.707007
2023-04-05,0.707007,0.707007,0.692866,0.692866
2023-04-06,0.692866,0.707007,0.685796,0.699937
2023-04-11,0.707007,0.721147,0.699937,0.714076
2023-04-12,0.721147,0.742357,0.714076,0.735287
2023-04-13,0.735287,0.749428,0.735287,0.749428
2023-04-14,0.749428,0.763564,0.749428,0.763564
2023-04-17,0.770639,0.770639,0.763564,0.763564
2023-04-18,0.770639,0.791851,0.763564,0.784775
2023-04-19,0.784775,0.791851,0.770639,0.791851
2023-04-20,0.791851,0.805987,0.791851,0.798919
2023-04-21,0.798919,0.805987,0.784775,0.791851
2023-04-24,0.791851,0.805987,0.791851,0.805987
2023-04-25,0.798919,0.805987,0.784775,0.798919
2023-04-26,0.791851,0.791851,0.777707,0.784775
2023-04-27,0.791851,0.805987,0.728217,0.728217
2023-04-28,0.735287,0.735287,0.707007,0.707007
2023-05-02,0.707007,0.721147,0.699937,0.699937
2023-05-04,0.699937,0.707007,0.678727,0.678727
2023-05-05,0.678727,0.699937,0.678727,0.699937
2023-05-08,0.699937,0.707007,0.699937,0.699937
2023-05-09,0.692866,0.699937,0.692866,0.699937
2023-05-10,0.707007,0.714076,0.692866,0.707007
2023-05-11,0.714076,0.714076,0.699937,0.699937
2023-05-12,0.707007,0.721147,0.707007,0.707007
2023-05-15,0.714076,0.714076,0.699937,0.707007
2023-05-16,0.707007,0.714076,0.707007,0.714076
2023-05-17,0.714076,0.721147,0.699937,0.714076
2023-05-18,0.721147,0.728217,0.721147,0.728217
2023-05-19,0.728217,0.749428,0.728217,0.749428
2023-05-22,0.749428,0.756496,0.742357,0.749428
2023-05-23,0.749428,0.763564,0.749428,0.756496
2023-05-24,0.749428,0.756496,0.735287,0.735287
2023-05-25,0.742357,0.749428,0.735287,0.749428
2023-05-26,0.749428,0.763564,0.749428,0.763564
2023-05-29,0.763564,0.763564,0.749428,0.756496
2023-05-30,0.756496,0.756496,0.742357,0.742357
2023-05-31,0.728217,0.728217,0.707007,0.707007
2023-06-01,0.714076,0.728217,0.714076,0.728217
2023-06-02,0.728217,0.770639,0.728217,0.770639
2023-06-05,0.770639,0.777707,0.756496,0.756496
2023-06-06,0.756496,0.791851,0.756496,0.784775
2023-06-07,0.784775,0.798919,0.777707,0.777707
2023-06-09,0.791851,0.805987,0.784775,0.798919
2023-06-12,0.798919,0.813055,0.798919,0.798919
2023-06-13,0.798919,0.798919,0.784775,0.791851
2023-06-14,0.791851,0.827196,0.791851,0.827196
2023-06-15,0.827196,0.827196,0.805987,0.827196
2023-06-16,0.827196,0.841337,0.827196,0.827196
2023-06-19,0.827196,0.827196,0.813055,0.820131
2023-06-20,0.820131,0.827196,0.805987,0.805987
2023-06-21,0.813055,0.827196,0.805987,0.820131
2023-06-22,0.820131,0.834267,0.813055,0.827196
2023-06-23,0.827196,0.827196,0.798919,0.798919
2023-06-26,0.798919,0.820131,0.791851,0.820131
2023-06-27,0.820131,0.820131,0.798919,0.805987
2023-06-28,0.805987,0.813055,0.777707,0.791851
2023-06-29,0.791851,0.805987,0.791851,0.805987
2023-06-30,0.805987,0.820131,0.805987,0.820131
2023-07-03,0.832414,0.832414,0.824984,0.832414
2023-07-04,0.839849,0.839849,0.817552,0.817552
2023-07-05,0.817552,0.817552,0.795255,0.795255
2023-07-06,0.795255,0.81012,0.787822,0.802687
2023-07-07,0.81012,0.824984,0.81012,0.824984
2023-07-10,0.824984,0.832414,0.817552,0.824984
2023-07-11,0.832414,0.832414,0.824984,0.824984
2023-07-12,0.832414,0.862144,0.832414,0.862144
2023-07-13,0.862144,0.877013,0.85471,0.877013
2023-07-14,0.869579,0.88444,0.869579,0.869579
2023-07-17,0.862144,0.877013,0.862144,0.862144
2023-07-18,0.85471,0.88444,0.85471,0.88444
2023-07-19,0.891874,0.891874,0.88444,0.891874
2023-07-20,0.891874,0.899309,0.88444,0.88444
2023-07-21,0.891874,0.891874,0.877013,0.877013
2023-07-24,0.877013,0.88444,0.869579,0.88444
2023-07-25,0.891874,0.891874,0.877013,0.88444
2023-07-26,0.88444,0.88444,0.88444,0.88444
2023-07-27,0.88444,0.914169,0.88444,0.914169
2023-07-28,0.906743,0.914169,0.906743,0.914169
2023-07-31,0.914169,0.921602,0.914169,0.914169
2023-08-01,0.921602,0.921602,0.899309,0.906743
2023-08-02,0.899309,0.906743,0.891874,0.899309
2023-08-03,0.899309,0.899309,0.869579,0.869579
2023-08-04,0.869579,0.887416,0.869579,0.882215
2023-08-07,0.882959,0.885183,0.87478,0.88147
2023-08-08,0.88147,0.88147,0.841337,0.84505
2023-08-09,0.850996,0.856943,0.843562,0.844307
2023-08-10,0.844307,0.858431,0.844307,0.85323
2023-08-11,0.85323,0.85323,0.837616,0.844307
2023-08-14,0.837616,0.83836,0.821267,0.824984
2023-08-16,0.815322,0.816065,0.800458,0.80566
2023-08-17,0.804174,0.807889,0.790796,0.793769
2023-08-18,0.785593,0.797485,0.785593,0.795998
2023-08-21,0.793025,0.802687,0.793025,0.802687
2023-08-22,0.802687,0.802687,0.787079,0.788566
2023-08-23,0.785593,0.796742,0.781876,0.793025
2023-08-24,0.800458,0.81012,0.800458,0.804917
2023-08-25,0.793769,0.818294,0.793769,0.799714
2023-08-28,0.804174,0.82647,0.798228,0.822755
2023-08-29,0.824241,0.827957,0.814579,0.818294
2023-08-30,0.819782,0.827213,0.814579,0.824241
2023-08-31,0.82647,0.83019,0.807889,0.810863
2023-09-01,0.804917,0.819782,0.804917,0.819782
2023-09-04,0.816065,0.819038,0.8012,0.803431
2023-09-05,0.800458,0.806404,0.790052,0.790052
2023-09-06,0.790796,0.795255,0.723161,0.752147
2023-09-07,0.751404,0.753634,0.73208,0.743973
2023-09-08,0.752147,0.752147,0.741742,0.751404
2023-09-11,0.75512,0.762553,0.747689,0.749175
2023-09-12,0.749918,0.758837,0.749918,0.754378
2023-09-13,0.751404,0.755864,0.746945,0.754378
2023-09-14,0.752147,0.767756,0.752147,0.767756
2023-09-15,0.775188,0.778161,0.760323,0.76404
2023-09-18,0.75958,0.762553,0.741742,0.742485
2023-09-19,0.742485,0.762553,0.741742,0.761067
2023-09-20,0.761067,0.78262,0.761067,0.780391
2023-09-21,0.766269,0.768498,0.754378,0.758837
2023-09-22,0.758837,0.762553,0.745458,0.745458
2023-09-25,0.745458,0.750662,0.732824,0.732824
2023-09-26,0.73431,0.753634,0.729107,0.749175
2023-09-27,0.748431,0.748431,0.73431,0.735053
2023-09-28,0.735053,0.739513,0.729107,0.737283
2023-09-29,0.737283,0.764782,0.73654,0.758837
2023-10-02,0.762553,0.762553,0.743229,0.743973
2023-10-03,0.743973,0.746945,0.729851,0.738026
2023-10-04,0.731337,0.764782,0.729107,0.758837
2023-10-05,0.762553,0.774445,0.753634,0.771471
2023-10-06,0.770728,0.80566,0.770728,0.795255
2023-10-09,0.789309,0.822755,0.784849,0.816809
2023-10-10,0.827957,0.842082,0.823498,0.833904
2023-10-11,0.833904,0.84654,0.825728,0.842818
2023-10-12,0.841337,0.851741,0.839105,0.847283
2023-10-13,0.843562,0.849508,0.825728,0.840593
2023-10-16,0.871812,0.955794,0.871812,0.952075
2023-10-17,0.946131,0.981064,0.940186,0.960996
2023-10-18,0.949098,0.949098,0.926063,0.930523
2023-10-19,0.921602,0.921602,0.892618,0.894107
2023-10-20,0.888161,0.89113,0.873292,0.875525
2023-10-23,0.875525,0.903766,0.87478,0.893363
2023-10-24,0.903766,0.942412,0.903766,0.928298
2023-10-25,0.932007,0.954301,0.927547,0.950591
2023-10-26,0.933491,0.963222,0.927547,0.95877
2023-10-27,0.965457,0.965457,0.942412,0.944647
2023-10-30,0.946873,0.965457,0.946131,0.961738
2023-10-31,0.954301,0.973627,0.954301,0.959512
2023-11-02,0.975862,0.975862,0.957278,0.969917
2023-11-03,0.968424,0.976604,0.955043,0.963973
2023-11-06,0.970659,0.972143,0.956536,0.963222
2023-11-07,0.961738,0.978829,0.950591,0.958019
2023-11-08,0.968424,0.968424,0.865866,0.865866
2023-11-09,0.87478,0.901533,0.874037,0.901533
2023-11-10,0.895587,0.914169,0.891874,0.891874
2023-11-13,0.891874,0.92086,0.890386,0.893363
2023-11-14,0.896331,0.950591,0.896331,0.948356
2023-11-15,0.953568,0.966941,0.934984,0.936477
2023-11-16,0.934242,0.959512,0.934242,0.943896
2023-11-17,0.943896,0.960245,0.943896,0.955794
2023-11-20,0.957278,0.984032,0.94984,0.960245
2023-11-21,0.95877,0.969917,0.951333,0.957278
2023-11-22,0.952826,0.959512,0.948356,0.959512
2023-11-23,0.957278,0.969175,0.948356,0.950591
2023-11-24,0.947624,0.955794,0.945389,0.948356
2023-11-27,0.948356,0.948356,0.930523,0.939444
2023-11-28,0.937952,0.961738,0.937952,0.956536
2023-11-29,0.953568,0.967682,0.946131,0.965457
2023-11-30,0.963973,0.972143,0.957278,0.967682
2023-12-01,0.967682,1.02194,0.967682,1.01822
2023-12-04,1.01228,1.02565,1.00559,1.00559
2023-12-05,1.0041,1.02863,1.0041,1.01154
2023-12-06,1.01154,1.0212,1.00485,1.00856
2023-12-07,1.00559,1.01525,0.992211,1.0145
2023-12-08,1.0145,1.01896,1.00559,1.01674
2023-12-11,1.02045,1.0212,1.00485,1.01079
2023-12-12,1.016,1.016,0.993695,1.00559
2023-12-13,1.00336,1.01748,0.998897,1.016
2023-12-14,1.02565,1.02938,1.01302,1.02565
2023-12-15,1.02343,1.02343,0.998155,1.00633
2023-12-18,1.00559,1.04053,1.00559,1.03309
2023-12-19,1.02938,1.0487,1.02789,1.03903
2023-12-20,1.03977,1.04795,1.02045,1.02938
2023-12-21,1.02491,1.05018,1.02491,1.04274
2023-12-22,1.03309,1.04498,1.03309,1.04274
2023-12-27,1.04127,1.05836,1.04127,1.05538
2023-12-28,1.0591,1.0591,1.0487,1.05241
2023-12-29,1.05612,1.05688,1.04053,1.04721
2024-01-02,1.04721,1.05316,1.01376,1.02639
2024-01-03,1.01896,1.03457,1.01228,1.03457
2024-01-04,1.03309,1.03607,1.01154,1.0316
2024-01-05,1.016,1.01971,0.992953,1.016
2024-01-08,1.01079,1.0368,1.00187,1.0368
2024-01-09,1.05464,1.05464,1.02194,1.04053
2024-01-10,1.03607,1.03607,1.01302,1.016
2024-01-11,1.02418,1.02639,0.988501,0.998155
2024-01-12,0.99592,1.01896,0.99592,1.01822
2024-01-15,1.01674,1.01674,0.98775,0.997413
2024-01-16,0.992211,0.995188,0.978829,0.991469
2024-01-17,0.982548,0.989976,0.974369,0.986266
2024-01-18,0.983299,1.01004,0.983299,1.00707
2024-01-19,1.00782,1.01302,0.990718,0.990718
2024-01-22,1.01376,1.01971,1.00707,1.01971
2024-01-23,1.01971,1.01971,0.998897,1.00485
2024-01-24,1.0145,1.01822,1.00559,1.01228
2024-01-25,1.01228,1.01971,1.0041,1.00856
2024-01-26,1.00336,1.02194,1.00336,1.01971
2024-01-29,1.01525,1.02194,1.00782,1.00856
2024-01-30,1.01004,1.02938,1.01004,1.02789
2024-01-31,1.02714,1.0643,1.02714,1.0643
2024-02-01,1.05762,1.07991,1.05762,1.0643
2024-02-02,1.06876,1.1037,1.0643,1.1022
2024-02-05,1.1022,1.11335,1.0918,1.0918
2024-02-06,1.09478,1.11262,1.08735,1.0918
2024-02-07,1.09403,1.09998,1.08215,1.09998
2024-02-08,1.10518,1.10518,1.07843,1.08809
2024-02-09,1.08511,1.09998,1.08511,1.08809
2024-02-12,1.09478,1.10146,1.06951,1.09329
2024-02-13,1.09106,1.097,1.07917,1.08809
2024-02-14,1.0866,1.12302,1.0866,1.12302
2024-02-15,1.13119,1.13119,1.1037,1.1089
2024-02-16,1.10593,1.13565,1.10593,1.1245
2024-02-19,1.12599,1.13193,1.11855,1.12525
2024-02-20,1.12599,1.16017,1.12599,1.15423
2024-02-21,1.16092,1.16985,1.15572,1.15646
2024-02-22,1.20105,1.20105,1.09329,1.09329
2024-02-23,1.10444,1.1245,1.08957,1.11855
2024-02-26,1.12228,1.12525,1.11559,1.11708
2024-02-27,1.11855,1.12302,1.09998,1.10444
2024-02-28,1.1037,1.11113,1.10073,1.1022
2024-02-29,1.10295,1.12376,1.10295,1.11262
2024-03-01,1.11782,1.12228,1.10295,1.11262
2024-03-04,1.11708,1.11708,1.10146,1.1089
2024-03-05,1.10146,1.10667,1.09626,1.10073
2024-03-06,1.09552,1.10146,1.07991,1.08735
2024-03-07,1.08065,1.08065,1.0539,1.06876
2024-03-08,1.07025,1.07471,1.05092,1.07471
2024-03-11,1.07471,1.09775,1.071,1.09775
2024-03-12,1.09849,1.14532,1.0866,1.14457
2024-03-13,1.14382,1.15498,1.12971,1.13193
2024-03-14,1.14382,1.14382,1.12376,1.13045
2024-03-15,1.12971,1.14532,1.11038,1.12079
2024-03-18,1.12747,1.12747,1.0814,1.09403
2024-03-19,1.09552,1.10295,1.06505,1.08511
2024-03-20,1.0918,1.11335,1.07471,1.11335
2024-03-21,1.13193,1.152,1.12823,1.152
2024-03-22,1.14978,1.15572,1.14161,1.14161
2024-03-25,1.14457,1.14755,1.12673,1.12673
2024-03-26,1.12673,1.15423,1.11855,1.14828
2024-03-27,1.14903,1.15423,1.13863,1.14457
2024-03-28,1.14457,1.17579,1.14457,1.16985
2024-04-02,1.1691,1.18025,1.1535,1.16241
2024-04-03,1.16761,1.17802,1.1587,1.16613
2024-04-04,1.16687,1.18396,1.16538,1.18396
2024-04-05,1.18173,1.20105,1.16985,1.20105
2024-04-08,1.20254,1.22633,1.20254,1.22187
2024-04-09,1.23153,1.23153,1.19214,1.19214
2024-04-10,1.19883,1.22335,1.19883,1.21221
2024-04-11,1.20254,1.20626,1.17579,1.17727
2024-04-12,1.18843,1.19214,1.16092,1.16092
2024-04-15,1.16017,1.18173,1.16017,1.17059
2024-04-16,1.1639,1.1639,1.12747,1.13491
2024-04-17,1.13937,1.17355,1.13937,1.16167
2024-04-18,1.17059,1.1795,1.14903,1.1795
2024-04-19,1.16315,1.19065,1.16315,1.18768
2024-04-22,1.1899,1.21963,1.1899,1.21963
2024-04-23,1.24046,1.27023,1.24046,1.24956
2024-04-24,1.25865,1.26444,1.23136,1.23219
2024-04-25,1.23136,1.23219,1.20656,1.21647
2024-04-26,1.22557,1.2388,1.2231,1.2388
2024-04-29,1.23136,1.24046,1.20242,1.2264
2024-04-30,1.23136,1.23136,1.20904,1.20986
2024-05-02,1.22557,1.22557,1.1925,1.19828
2024-05-06,1.20986,1.23302,1.17844,1.17844
2024-05-07,1.17844,1.1958,1.16852,1.17761
2024-05-08,1.17265,1.18257,1.15941,1.17844
2024-05-09,1.17844,1.18671,1.17182,1.17595
2024-05-10,1.17678,1.17761,1.12882,1.12965
2024-05-13,1.13047,1.14867,1.12386,1.1437
2024-05-14,1.1437,1.14949,1.12303,1.14205
2024-05-15,1.13792,1.15446,1.13378,1.15446
2024-05-16,1.15446,1.15694,1.11889,1.12468
2024-05-17,1.12468,1.12468,1.09243,1.10815
2024-05-20,1.10318,1.1098,1.09822,1.10897
2024-05-21,1.10318,1.10318,1.06679,1.0701
2024-05-22,1.06928,1.06928,1.05852,1.06845
2024-05-23,1.06845,1.11889,1.06431,1.1098
2024-05-24,1.09656,1.10235,1.07341,1.08747
2024-05-27,1.09243,1.10567,1.09161,1.10483
2024-05-28,1.11062,1.11228,1.08664,1.09822
2024-05-29,1.09656,1.10401,1.07672,1.07672
2024-05-31,1.08003,1.11394,1.08003,1.09656
2024-06-03,1.11476,1.12055,1.09243,1.09574
2024-06-04,1.09656,1.09656,1.04943,1.05852
2024-06-05,1.06266,1.08085,1.06183,1.07672
2024-06-06,1.08664,1.09988,1.07176,1.09656
2024-06-07,1.09574,1.09574,1.05852,1.06431
2024-06-10,1.06266,1.06928,1.05604,1.06515
2024-06-11,1.06928,1.07424,1.05439,1.05439
2024-06-12,1.05935,1.09491,1.05935,1.09243
2024-06-13,1.08995,1.08995,1.05935,1.05935
2024-06-14,1.05935,1.06762,1.04612,1.06762
2024-06-17,1.06762,1.08416,1.06597,1.08251
2024-06-18,1.08664,1.10897,1.08334,1.08334
2024-06-19,1.08334,1.11641,1.08334,1.11228
2024-06-20,1.11228,1.13543,1.10483,1.11724
2024-06-21,1.11724,1.12055,1.1098,1.11145
2024-06-24,1.10731,1.13047,1.10483,1.12551
2024-06-25,1.12386,1.14453,1.11807,1.12882
2024-06-26,1.13378,1.13378,1.11228,1.11559
2024-06-27,1.11724,1.13874,1.11724,1.13047
2024-06-28,1.13295,1.15694,1.13295,1.15115
2024-07-01,1.15446,1.16273,1.15115,1.15611
2024-07-02,1.15528,1.16107,1.14867,1.15941
2024-07-03,1.1652,1.17595,1.14535,1.14949
2024-07-04,1.14949,1.15776,1.14453,1.15032
2024-07-05,1.15115,1.15694,1.13543,1.13709
2024-07-08,1.14205,1.15611,1.14205,1.15528
2024-07-09,1.15528,1.15694,1.14784,1.1528
2024-07-10,1.1528,1.16025,1.14535,1.14784
2024-07-11,1.14867,1.16438,1.14867,1.16438
2024-07-12,1.15941,1.16934,1.15446,1.16686
2024-07-15,1.16686,1.17844,1.16438,1.17844
2024-07-16,1.17182,1.17182,1.13295,1.13295
2024-07-17,1.13461,1.13956,1.09822,1.11062
2024-07-18,1.11062,1.13378,1.10153,1.12551
2024-07-19,1.11807,1.12882,1.10567,1.12137
2024-07-22,1.12137,1.14288,1.12137,1.14122
2024-07-23,1.1404,1.1404,1.1098,1.11807
2024-07-24,1.11641,1.12634,1.10649,1.11228
2024-07-25,1.08416,1.10731,1.08416,1.10235
2024-07-26,1.10235,1.1131,1.08995,1.1007
2024-07-29,1.10318,1.11724,1.1007,1.11724
2024-07-30,1.11394,1.1222,1.0974,1.0974
2024-07-31,1.1007,1.11062,1.0974,1.09904
2024-08-01,1.09904,1.09904,1.06928,1.06928
2024-08-02,1.06431,1.06431,1.02793,1.03868
2024-08-05,0.994024,1.00394,0.976658,0.99898
2024-08-06,1.01056,1.01056,0.962599,0.973343
2024-08-07,0.986578,1.0023,0.976658,0.990718
2024-08-08,0.967554,1.10567,0.941927,1.10567
2024-08-09,1.11228,1.13378,1.10815,1.11559
2024-08-12,1.12386,1.15941,1.12386,1.15859
2024-08-13,1.16852,1.18174,1.15859,1.15859
2024-08-14,1.16686,1.18588,1.15859,1.18174
2024-08-16,1.21069,1.23632,1.20904,1.23467
2024-08-19,1.23136,1.24294,1.22723,1.23219
2024-08-20,1.24459,1.24459,1.21317,1.21565
2024-08-21,1.21565,1.22226,1.21317,1.21896
2024-08-22,1.2264,1.23467,1.21399,1.21731
2024-08-23,1.21731,1.23963,1.21731,1.22971
2024-08-26,1.22392,1.22392,1.20407,1.21152
2024-08-27,1.21152,1.21152,1.17926,1.20407
2024-08-28,1.20407,1.20573,1.18753,1.20407
2024-08-29,1.20738,1.21978,1.20573,1.21483
2024-08-30,1.21483,1.2264,1.2082,1.21896
2024-09-02,1.21813,1.25121,1.20573,1.2479
2024-09-03,1.25286,1.25286,1.21565,1.21813
2024-09-04,1.19332,1.21069,1.19332,1.20986
2024-09-05,1.20656,1.2264,1.19663,1.19828
2024-09-06,1.1958,1.1958,1.15776,1.16355
2024-09-09,1.16273,1.18919,1.16273,1.18257
2024-09-10,1.18753,1.18919,1.14453,1.14867
2024-09-11,1.13874,1.14701,1.12137,1.1313
2024-09-12,1.14784,1.15859,1.13295,1.13874
2024-09-13,1.13956,1.17182,1.13956,1.16934
2024-09-16,1.15941,1.15941,1.13956,1.14535
2024-09-17,1.1437,1.16438,1.14288,1.15198
2024-09-18,1.15198,1.16768,1.15198,1.15694
2024-09-19,1.16852,1.18671,1.15941,1.18257
2024-09-20,1.18505,1.18505,1.14205,1.14619
2024-09-23,1.14535,1.15115,1.13295,1.14288
2024-09-24,1.15528,1.17595,1.1528,1.1652
2024-09-25,1.16934,1.16934,1.14205,1.15694
2024-09-26,1.16934,1.1834,1.15694,1.17182
2024-09-27,1.16686,1.17431,1.15528,1.17347
2024-09-30,1.16934,1.16934,1.13047,1.13047
2024-10-01,1.14535,1.14535,1.10731,1.11807
2024-10-02,1.11889,1.12468,1.1007,1.10401
2024-10-03,1.09077,1.09491,1.07672,1.08334
2024-10-04,1.08912,1.09822,1.07837,1.09326
2024-10-07,1.10483,1.10483,1.08003,1.08995
2024-10-08,1.07837,1.11476,1.07837,1.10483
2024-10-09,1.10815,1.15198,1.10649,1.15032
2024-10-10,1.15032,1.15941,1.13792,1.13874
2024-10-11,1.13626,1.17431,1.13626,1.16189
2024-10-14,1.16107,1.16934,1.15446,1.1652
2024-10-15,1.16934,1.17347,1.15694,1.15941
2024-10-16,1.15941,1.16603,1.1437,1.16273
2024-10-17,1.16355,1.16355,1.12303,1.12303
2024-10-18,1.12468,1.16107,1.12468,1.14867
2024-10-21,1.15032,1.15032,1.11889,1.11889
2024-10-22,1.12551,1.12551,1.09904,1.10483
2024-10-23,1.1131,1.12634,1.10483,1.12634
2024-10-24,1.12716,1.12799,1.10897,1.11889
2024-10-25,1.11973,1.11973,1.09574,1.11394
2024-10-28,1.12303,1.12716,1.09904,1.10401
2024-10-29,1.10401,1.1404,1.10401,1.1404
2024-10-30,1.1313,1.1313,1.10401,1.10401
2024-10-31,1.09243,1.09409,1.07837,1.07837
2024-11-04,1.09161,1.11062,1.09161,1.11062
2024-11-05,1.1007,1.10483,1.09243,1.10401
2024-11-06,1.10815,1.13213,1.10401,1.10897
2024-11-07,1.13874,1.19746,1.10235,1.10235
2024-11-08,1.10815,1.10815,1.08334,1.09822
2024-11-12,1.09822,1.11559,1.08582,1.0883
2024-11-13,1.09077,1.09077,1.06349,1.06845
2024-11-14,1.0701,1.0701,1.03124,1.0453
2024-11-15,1.04943,1.04943,1.0147,1.0147
2024-11-18,1.0056,1.01883,0.979965,0.988236
2024-11-19,0.987402,0.987402,0.932822,0.964248
2024-11-20,0.970036,0.979965,0.961766,0.969212
2024-11-21,0.971694,0.987402,0.959293,0.985754
2024-11-22,0.989884,0.994024,0.967554,0.987402
2024-11-25,0.99898,1.00064,0.989884,0.997331
2024-11-26,0.995673,0.99898,0.984096,0.990718
2024-11-27,0.991542,0.991542,0.974176,0.984929
2024-11-28,0.992367,1.00312,0.989884,0.995673
2024-11-29,0.99898,0.99898,0.95267,0.960941
2024-12-02,0.970036,1.01221,0.970036,1.01221
2024-12-03,1.01221,1.01966,1.00146,1.0147
2024-12-04,1.02214,1.04446,1.01718,1.03289
2024-12-05,1.04116,1.05439,1.03785,1.05109
2024-12-06,1.05356,1.06183,1.05109,1.05356
2024-12-09,1.05522,1.05522,1.03703,1.04116
2024-12-10,1.03206,1.04116,1.02379,1.04116
2024-12-11,1.03289,1.03454,1.02462,1.03124
2024-12-12,1.0271,1.03703,1.0271,1.03537
2024-12-13,1.03454,1.04777,1.02876,1.02958
2024-12-16,1.03454,1.03868,1.01966,1.0271
2024-12-17,1.0271,1.0271,0.987402,0.987402
2024-12-18,0.984929,1.00891,0.982447,1.00725
2024-12-19,0.989884,1.00477,0.989884,1.00146
2024-12-20,0.99898,0.99898,0.971694,0.982447
2024-12-23,0.985754,0.995673,0.984929,0.98906
2024-12-27,0.989884,0.989884,0.972518,0.982447
2024-12-30,0.991542,0.991542,0.968388,0.976658
2025-01-02,0.977483,0.984929,0.962599,0.984929
2025-01-03,0.984096,1.00394,0.984096,0.994849
2025-01-07,1.00477,1.02214,1.00312,1.01883
2025-01-08,1.01635,1.02462,0.99898,1.00477
2025-01-09,1.00394,1.02131,0.997331,1.02049
2025-01-10,1.02297,1.04116,1.02297,1.03785
2025-01-13,1.03619,1.03619,1.0147,1.01635
2025-01-14,1.02379,1.03703,1.02297,1.03454
2025-01-15,1.03454,1.05439,1.03206,1.05356
2025-01-16,1.05522,1.05522,1.02462,1.02462
2025-01-17,1.03206,1.04364,1.03206,1.03372
2025-01-20,1.03372,1.04612,1.0304,1.04282
2025-01-21,1.04364,1.05935,1.04364,1.05935
2025-01-22,1.06018,1.0883,1.06018,1.08416
2025-01-23,1.08416,1.08416,1.07837,1.08003
2025-01-24,1.08251,1.09574,1.08251,1.09326
2025-01-27,1.08251,1.10567,1.08085,1.10567
2025-01-28,1.10483,1.12386,1.10483,1.12303
2025-01-29,1.12303,1.13378,1.12303,1.12386
2025-01-30,1.12634,1.14535,1.12634,1.14205
2025-01-31,1.14205,1.14535,1.12965,1.13543
2025-02-03,1.10235,1.11889,1.10235,1.11559
2025-02-04,1.1222,1.12551,1.10483,1.1222
2025-02-05,1.12551,1.12799,1.09656,1.10483
2025-02-06,1.11228,1.14701,1.11228,1.14535
2025-02-07,1.14701,1.17017,1.14701,1.16438
2025-02-10,1.16438,1.16852,1.15776,1.1652
2025-02-11,1.16686,1.19415,1.16438,1.19001
2025-02-12,1.19663,1.23963,1.19663,1.2388
2025-02-13,1.24294,1.26196,1.23384,1.24294
2025-02-14,1.24377,1.24377,1.21483,1.22061
2025-02-17,1.21399,1.22971,1.21399,1.22557
2025-02-18,1.23302,1.29256,1.23302,1.2909
2025-02-19,1.2909,1.2909,1.25617,1.26362
2025-02-20,1.25038,1.26527,1.2479,1.25369
2025-02-21,1.25038,1.25204,1.23963,1.24046
2025-02-24,1.24046,1.24046,1.19084,1.19415
2025-02-25,1.1925,1.22475,1.1925,1.21399
2025-02-26,1.22557,1.23632,1.21813,1.23632
2025-02-27,1.23632,1.25783,1.17844,1.17844
2025-02-28,1.16934,1.16934,1.14949,1.15694
2025-03-03,1.15694,1.16686,1.14205,1.16273
2025-03-04,1.14535,1.14535,1.09326,1.09904
2025-03-05,1.1313,1.15859,1.1313,1.15776
2025-03-06,1.15776,1.18836,1.15776,1.18588
2025-03-07,1.16852,1.19415,1.16852,1.19415
2025-03-10,1.1925,1.1925,1.14122,1.14949
2025-03-11,1.14619,1.16189,1.13792,1.14535
2025-03-12,1.15859,1.18671,1.15859,1.18257
2025-03-13,1.18423,1.20904,1.17595,1.19994
2025-03-14,1.20407,1.25948,1.20407,1.25204
2025-03-17,1.25204,1.26527,1.25121,1.25783
2025-03-18,1.26196,1.29008,1.26196,1.26775
2025-03-19,1.26196,1.26527,1.24294,1.24377
2025-03-20,1.24708,1.24708,1.20656,1.22475
2025-03-21,1.22475,1.22475,1.18092,1.20407
2025-03-24,1.21813,1.22061,1.20904,1.20986
2025-03-25,1.21813,1.24294,1.21647,1.24294
2025-03-26,1.24459,1.24459,1.23219,1.24211
2025-03-27,1.22475,1.25121,1.2231,1.24625
2025-03-28,1.2355,1.2355,1.21813,1.22805
2025-03-31,1.21152,1.21152,1.18919,1.1958
2025-04-01,1.20904,1.2355,1.20904,1.23136
2025-04-02,1.23136,1.25121,1.21896,1.2479
2025-04-03,1.22475,1.22723,1.17678,1.17678
2025-04-04,1.16355,1.16355,1.05935,1.05935
2025-04-07,0.983271,1.05274,0.975825,1.01387
2025-04-08,1.12303,1.12303,1.03124,1.06183
2025-04-09,1.0271,1.05274,1.01883,1.02462
2025-04-10,1.14949,1.14949,1.10401,1.11889
2025-04-11,1.11724,1.13874,1.10567,1.12303
2025-04-14,1.14453,1.16273,1.14205,1.15776
2025-04-15,1.17017,1.20159,1.16355,1.18588
2025-04-16,1.17678,1.20077,1.17595,1.19084
2025-04-17,1.19084,1.2231,1.19084,1.20159
2025-04-22,1.19994,1.22557,1.19994,1.22557
2025-04-23,1.25452,1.30662,1.25452,1.30579
2025-04-24,1.30579,1.30827,1.2785,1.30496
2025-04-25,1.30744,1.31075,1.29669,1.30414
2025-04-28,1.31985,1.31985,1.30662,1.3091
2025-04-29,1.31323,1.32233,1.30331,1.31075
2025-04-30,1.31489,1.31736,1.20325,1.20325
2025-05-02,1.23219,1.23219,1.19746,1.21069
2025-05-05,1.21647,1.21647,1.19167,1.20738
2025-05-06,1.20994,1.20994,1.1678,1.17696
2025-05-07,1.1678,1.19528,1.1678,1.1907
2025-05-08,1.20078,1.22551,1.20078,1.20994
2025-05-09,1.22367,1.26397,1.22367,1.26214
2025-05-12,1.27771,1.28962,1.26031,1.26489
2025-05-13,1.26672,1.28596,1.25665,1.28596
2025-05-14,1.28962,1.29603,1.28046,1.29145
2025-05-15,1.29145,1.29145,1.27222,1.27955
2025-05-16,1.28962,1.29695,1.27405,1.28596
2025-05-19,1.25939,1.26672,1.23558,1.26489
2025-05-20,1.27405,1.28412,1.26123,1.28412
2025-05-21,1.28138,1.28321,1.25756,1.26947
2025-05-22,1.25939,1.26855,1.25573,1.26581
2025-05-23,1.26672,1.2768,1.21177,1.2484
2025-05-26,1.26214,1.29237,1.26214,1.28596
2025-05-27,1.28596,1.30977,1.28321,1.30611
2025-05-28,1.30611,1.32717,1.30611,1.32076
2025-05-29,1.32717,1.33358,1.30702,1.30885
2025-05-30,1.30153,1.30885,1.28596,1.30428
2025-06-02,1.24566,1.30428,1.23009,1.29786
2025-06-03,1.29786,1.29786,1.24657,1.25207
2025-06-04,1.25939,1.27405,1.24291,1.27405
2025-06-05,1.27222,1.27588,1.23924,1.24566
2025-06-06,1.24566,1.24566,1.18063,1.21451
2025-06-09,1.21451,1.2365,1.20444,1.23192
2025-06-10,1.23192,1.2887,1.23009,1.2713
2025-06-11,1.27222,1.28962,1.25115,1.28962
2025-06-12,1.27405,1.29695,1.26031,1.27405
2025-06-13,1.23833,1.26947,1.23833,1.25024
2025-06-16,1.25024,1.27039,1.24566,1.25115
2025-06-17,1.24291,1.25756,1.23009,1.2484
2025-06-18,1.2484,1.2484,1.22734,1.23924
2025-06-20,1.23924,1.24474,1.2365,1.24291
2025-06-23,1.23283,1.23283,1.20352,1.20627
2025-06-24,1.231,1.28138,1.231,1.28138
2025-06-25,1.27405,1.27405,1.2484,1.2539
2025-06-26,1.26306,1.2997,1.26306,1.2887
2025-06-27,1.2887,1.29328,1.27588,1.28779
2025-06-30,1.29328,1.31252,1.28962,1.30885
2025-07-01,1.30428,1.31252,1.28687,1.29145
2025-07-02,1.29695,1.30885,1.2942,1.2997
2025-07-03,1.2997,1.34366,1.2997,1.33908
2025-07-04,1.33908,1.33908,1.31618,1.33358
2025-07-07,1.33175,1.33816,1.32259,1.33267
2025-07-08,1.34,1.3519,1.34,1.34732
2025-07-09,1.35465,1.35923,1.34366,1.35465
2025-07-10,1.35465,1.35831,1.30611,1.30977
2025-07-11,1.31893,1.31893,1.29237,1.30885
2025-07-14,1.30244,1.32351,1.29878,1.32351
2025-07-15,1.32626,1.35465,1.31618,1.32259
2025-07-16,1.32351,1.33725,1.31527,1.3345
2025-07-17,1.34274,1.37205,1.32717,1.36473
2025-07-18,1.36931,1.40869,1.36931,1.39953
2025-07-21,1.39953,1.39953,1.37297,1.3922
2025-07-22,1.38854,1.38946,1.37846,1.38304
2025-07-23,1.3977,1.40411,1.38396,1.39495
2025-07-24,1.40411,1.43434,1.40411,1.42884
2025-07-25,1.42884,1.43983,1.41693,1.43342
2025-07-28,1.4435,1.44441,1.39862,1.39862
2025-07-29,1.40136,1.44075,1.39129,1.4325
2025-07-30,1.4325,1.45174,1.43067,1.44716
2025-07-31,1.44624,1.46639,1.438,1.44808
2025-08-01,1.4325,1.4325,1.40686,1.41235
2025-08-04,1.4151,1.44808,1.4151,1.44258
2025-08-05,1.45723,1.46365,1.4435,1.44533
2025-08-06,1.45082,1.51036,1.45082,1.50395
2025-08-07,1.50028,1.68347,1.50028,1.68347
2025-08-08,1.68988,1.72194,1.65691,1.71461
2025-08-11,1.70911,1.70911,1.68438,1.68988
2025-08-12,1.69446,1.71095,1.68347,1.69537
2025-08-13,1.70545,1.70911,1.66423,1.68347
2025-08-14,1.65141,1.65141,1.61294,1.62668
2025-08-18,1.64317,1.64317,1.59645,1.63401
2025-08-19,1.64042,1.65691,1.63126,1.64683
2025-08-20,1.63584,1.65782,1.63218,1.64408
2025-08-21,1.65507,1.6624,1.64408,1.65507
2025-08-22,1.54333,1.54333,1.45265,1.46914
2025-08-25,1.47372,1.49479,1.47372,1.47922
2025-08-26,1.48013,1.48196,1.45723,1.47738
2025-08-27,1.47738,1.48471,1.4554,1.45723
2025-08-28,1.46639,1.46823,1.43708,1.43708
2025-08-29,1.43525,1.43525,1.40686,1.41419
2025-09-01,1.4206,1.44075,1.38121,1.40228
2025-09-02,1.40503,1.41235,1.37755,1.41144
2025-09-03,1.41602,1.43159,1.39587,1.39678
2025-09-04,1.38579,1.45357,1.37938,1.45174
2025-09-05,1.4609,1.4609,1.39037,1.39037
2025-09-08,1.3977,1.41235,1.39129,1.41235
2025-09-09,1.41235,1.41235,1.38671,1.39587
2025-09-10,1.38396,1.38396,1.34824,1.37572
2025-09-11,1.35831,1.40136,1.35831,1.3977
2025-09-12,1.40319,1.40319,1.37846,1.38579
2025-09-15,1.39678,1.39678,1.38396,1.39037
2025-09-16,1.38946,1.38946,1.36381,1.36564
2025-09-17,1.36564,1.37572,1.35648,1.36839
2025-09-18,1.37755,1.38579,1.36473,1.37022
2025-09-19,1.38762,1.38762,1.36839,1.37846
2025-09-22,1.37114,1.37114,1.35007,1.36656
2025-09-23,1.37022,1.37389,1.36289,1.36564
2025-09-24,1.36656,1.36656,1.33358,1.36473
2025-09-25,1.36473,1.36473,1.32259,1.32717
2025-09-26,1.32534,1.36381,1.32351,1.36381
2025-09-29,1.36747,1.36747,1.34183,1.34366
2025-09-30,1.33542,1.35099,1.33542,1.34824
2025-10-01,1.33908,1.36473,1.33175,1.36198
2025-10-02,1.36564,1.42243,1.36564,1.39862
2025-10-03,1.39862,1.41419,1.3922,1.39862
2025-10-06,1.40045,1.40869,1.38304,1.38304
2025-10-07,1.3977,1.4325,1.3977,1.41693
2025-10-08,1.42518,1.44716,1.41602,1.42609
2025-10-09,1.42976,1.43342,1.41785,1.41968
2025-10-10,1.41235,1.43434,1.41235,1.42426
2025-10-13,1.41602,1.438,1.41602,1.42609
2025-10-14,1.42609,1.42609,1.40411,1.41602
2025-10-15,1.41968,1.44991,1.41968,1.44258
2025-10-16,1.45265,1.45265,1.43617,1.44075
2025-10-17,1.42976,1.43342,1.40503,1.42701
2025-10-20,1.4325,1.44716,1.42701,1.43983
2025-10-21,1.44624,1.45723,1.43342,1.44716
2025-10-22,1.44716,1.48471,1.44716,1.47647
2025-10-23,1.47647,1.49754,1.47006,1.4838
2025-10-24,1.49662,1.49662,1.47189,1.47555
2025-10-27,1.48746,1.49021,1.47097,1.47647
2025-10-28,1.48196,1.52135,1.48013,1.51952
2025-10-29,1.52684,1.53875,1.50486,1.52226
2025-10-30,1.54333,1.54333,1.40319,1.40319
2025-10-31,1.40777,1.40777,1.36381,1.37205
2025-11-03,1.37846,1.39037,1.37846,1.38396
2025-11-04,1.38121,1.38671,1.37389,1.38671
2025-11-05,1.38579,1.39312,1.37205,1.3803
2025-11-06,1.38946,1.42976,1.38762,1.40319
2025-11-07,1.40319,1.40869,1.38762,1.39678
2025-11-10,1.41877,1.42518,1.40503,1.40503
2025-11-12,1.42609,1.4325,1.40136,1.40869
2025-11-13,1.40869,1.41877,1.39953,1.40686
2025-11-14,1.39953,1.39953,1.36931,1.38213
2025-11-17,1.38304,1.3977,1.37572,1.37938
2025-11-18,1.36473,1.37205,1.34732,1.35831
2025-11-19,1.3574,1.40686,1.35557,1.40228
2025-11-20,1.41144,1.4325,1.39404,1.39953
2025-11-21,1.38121,1.3977,1.3748,1.38854
2025-11-24,1.39037,1.40869,1.38121,1.38854
2025-11-25,1.39678,1.45082,1.39312,1.44258
2025-11-26,1.44258,1.45907,1.43434,1.45449
2025-11-27,1.4554,1.45815,1.44991,1.45449
2025-11-28,1.44808,1.45632,1.43892,1.44808
2025-12-01,1.43708,1.45632,1.43342,1.44441
2025-12-02,1.44075,1.44075,1.40686,1.42518
2025-12-03,1.41877,1.43983,1.41877,1.42518
2025-12-04,1.43067,1.43434,1.42518,1.43342
2025-12-05,1.43342,1.43342,1.41785,1.41785
2025-12-08,1.42151,1.44808,1.42151,1.43525
2025-12-09,1.43708,1.47006,1.43708,1.46731
2025-12-10,1.46365,1.47738,1.4554,1.47281
2025-12-11,1.47097,1.49845,1.46731,1.49845
2025-12-12,1.49845,1.51402,1.49021,1.49296
2025-12-15,1.49112,1.536,1.4783,1.52501
2025-12-16,1.52501,1.53051,1.50578,1.51036
2025-12-17,1.51585,1.51585,1.46548,1.47555
2025-12-18,1.47097,1.48471,1.45815,1.48471
2025-12-19,1.49112,1.51402,1.4838,1.50669
2025-12-22,1.50578,1.51036,1.48105,1.48746
2025-12-23,1.49021,1.50486,1.46273,1.48105
2025-12-29,1.48105,1.4838,1.46365,1.47372
2025-12-30,1.47555,1.48746,1.47097,1.48471
2026-01-02,1.48471,1.53234,1.48471,1.52959
2026-01-05,1.52959,1.53875,1.51677,1.52959
2026-01-07,1.53875,1.55157,1.50944,1.54242
2026-01-08,1.53692,1.53967,1.51219,1.52684
2026-01-09,1.5241,1.53326,1.50395,1.52593
2026-01-12,1.52593,1.53509,1.51219,1.53509
2026-01-13,1.54242,1.54242,1.51219,1.52776
2026-01-14,1.51311,1.51677,1.48196,1.51402
2026-01-15,1.52593,1.53784,1.49754,1.51036
2026-01-16,1.51036,1.51036,1.4957,1.50853
2026-01-19,1.49021,1.50486,1.48105,1.49387
2026-01-20,1.50211,1.50395,1.47372,1.50395
2026-01-21,1.50486,1.50486,1.47555,1.50028
2026-01-22,1.50853,1.56073,1.50853,1.56073
2026-01-23,1.56257,1.56257,1.50944,1.50944
2026-01-26,1.51585,1.55799,1.51311,1.55341
2026-01-27,1.55249,1.59096,1.55249,1.58088
2026-01-28,1.59279,1.59279,1.56165,1.56715
2026-01-29,1.56806,1.58363,1.54058,1.54058
2026-01-30,1.54425,1.58363,1.54425,1.56989
2026-02-02,1.55249,1.60287,1.55249,1.60287
2026-02-03,1.61477,1.6853,1.61477,1.6798
2026-02-04,1.69446,1.69446,1.66057,1.68988
2026-02-05,1.68713,1.70087,1.64225,1.65233
2026-02-06,1.65233,1.67064,1.64683,1.66698
2026-02-09,1.6853,1.6853,1.66515,1.6798
2026-02-10,1.69079,1.69354,1.67522,1.67522
2026-02-11,1.67431,1.67431,1.63767,1.6679
2026-02-12,1.67248,1.69446,1.66423,1.66423
2026-02-13,1.65782,1.65782,1.60653,1.60836
2026-02-16,1.62302,1.63126,1.61569,1.62302
2026-02-17,1.62302,1.62393,1.60287,1.62393
2026-02-18,1.65691,1.65691,1.63034,1.65141
2026-02-19,1.66515,1.70911,1.57905,1.57905
2026-02-20,1.57905,1.5818,1.56715,1.58088
2026-02-23,1.58088,1.60745,1.58088,1.59096
2026-02-24,1.59188,1.59188,1.54516,1.56348
2026-02-25,1.57264,1.59371,1.56806,1.5873
2026-02-26,1.58638,1.58638,1.54883,1.55157
2026-02-27,1.57081,1.57081,1.53326,1.53875
2026-03-02,1.49479,1.52868,1.47922,1.5012
2026-03-03,1.48838,1.48838,1.42151,1.4325
2026-03-04,1.42151,1.48288,1.42151,1.46731
2026-03-05,1.47555,1.49112,1.44991,1.47738
2026-03-06,1.48288,1.48288,1.41235,1.41968
2026-03-09,1.38396,1.41144,1.37205,1.41144
2026-03-10,1.44166,1.46914,1.44166,1.45174
2026-03-11,1.4554,1.4554,1.42792,1.4435
2026-03-12,1.44166,1.44166,1.39862,1.42243
2026-03-13,1.41419,1.45174,1.41419,1.42701
2026-03-16,1.43983,1.4435,1.41419,1.43525
2026-03-17,1.44166,1.49387,1.43525,1.48746
2026-03-18,1.50486,1.52501,1.48105,1.48288
2026-03-19,1.48288,1.48288,1.45357,1.46548
2026-03-20,1.47555,1.47555,1.42792,1.43708
2026-03-23,1.41968,1.47922,1.39037,1.45357
2026-03-24,1.46365,1.46365,1.42518,1.42976
2026-03-25,1.44533,1.47189,1.44533,1.45907
2026-03-26,1.45449,1.45449,1.43342,1.44899
2026-03-27,1.46731,1.46731,1.43525,1.45998
2026-03-30,1.45815,1.46181,1.4435,1.44533
2026-03-31,1.44624,1.49387,1.44624,1.47922
2026-04-01,1.5012,1.52501,1.5012,1.52043
2026-04-02,1.50303,1.53051,1.5012,1.52868
2026-04-07,1.53417,1.57264,1.52776,1.53692
2026-04-08,1.62393,1.65233,1.61294,1.63859
2026-04-09,1.63218,1.63309,1.61844,1.63309
2026-04-10,1.6679,1.68896,1.62851,1.6853
2026-04-13,1.67339,1.68347,1.66515,1.68347
2026-04-14,1.69995,1.7201,1.69171,1.70453
2026-04-15,1.70545,1.71461,1.68347,1.70179
2026-04-16,1.70728,1.70728,1.67064,1.68622
2026-04-17,1.68622,1.72652,1.66881,1.72652
2026-04-20,1.71003,1.71003,1.68988,1.69904
2026-04-21,1.71003,1.71003,1.6853,1.6853
2026-04-22,1.68988,1.68988,1.65049,1.65782
2026-04-23,1.65141,1.65141,1.60378,1.61294
2026-04-24,1.61477,1.61569,1.59188,1.60378
2026-04-27,1.61203,1.61203,1.58088,1.58363
2026-04-28,1.59188,1.61294,1.58638,1.58913
2026-04-29,1.59737,1.6047,1.56898,1.57905
2026-04-30,1.61203,1.61203,1.53875,1.53875
2026-05-04,1.58913,1.58913,1.52776,1.52776
2026-05-05,1.52959,1.53234,1.50944,1.53234
2026-05-06,1.54791,1.60195,1.54791,1.58272
2026-05-07,1.58455,1.59004,1.55982,1.56898
2026-05-08,1.5818,1.5818,1.53142,1.5415
2026-05-11,1.55524,1.56806,1.54058,1.55982
2026-05-12,1.5818,1.5818,1.52501,1.53509
2026-05-13,1.54791,1.55707,1.53509,1.55707
2026-05-14,1.56348,1.6047,1.5589,1.59188
2026-05-15,1.5818,1.5818,1.53967,1.54699
2026-05-18,1.54699,1.55707,1.53142,1.54791
2026-05-19,1.55524,1.55524,1.52226,1.52501
2026-05-20,1.53509,1.57172,1.51769,1.56257
2026-05-21,1.56989,1.57722,1.55066,1.5644
2026-05-22,1.57447,1.59004,1.57081,1.58913
2026-05-25,1.60195,1.63767,1.60195,1.63218
2026-05-26,1.63309,1.63676,1.61569,1.61844
2026-05-27,1.62851,1.645,1.6276,1.62943
2026-05-28,1.63492,1.63492,1.60287,1.60928
2026-05-29,1.62576,1.62576,1.61386,1.61386
2026-06-01,1.6221,1.6221,1.56806,1.56806
2026-06-02,1.58455,1.59829,1.56715,1.58088
2026-06-03,1.58088,1.58088,1.56165,1.57447
2026-06-05,1.5644,1.5644,1.54058,1.54058
2026-06-08,1.53784,1.56715,1.52776,1.56715
2026-06-09,1.5818,1.60103,1.56348,1.58821
2026-06-10,1.58821,1.59004,1.57172,1.57172
2026-06-11,1.58638,1.59462,1.57172,1.57172
2026-06-12,1.607,1.676,1.607,1.661
2026-06-15,1.698,1.705,1.665,1.666
2026-06-16,1.676,1.71,1.676,1.695
2026-06-17,1.695,1.715,1.693,1.715
2026-06-18,1.714,1.722,1.698,1.717
2026-06-19,1.724,1.724,1.702,1.715
2026-06-22,1.715,1.716,1.685,1.687
2026-06-23,1.676,1.683,1.655,1.683
2026-06-24,1.682,1.684,1.656,1.667
2026-06-25,1.668,1.682,1.658,1.676
2026-06-26,1.682,1.682,1.657,1.667
2026-06-29,1.676,1.676,1.65,1.657
2026-06-30,1.663,1.67,1.643,1.667
2026-07-01,1.661,1.682,1.65,1.682
2026-07-02,1.676,1.7,1.676,1.7
2026-07-03,1.703,1.704,1.687,1.699
2026-07-06,1.705,1.714,1.69,1.711
2026-07-07,1.703,1.703,1.678,1.69
2026-07-08,1.682,1.712,1.66,1.712
2026-07-09,1.712,1.742,1.712,1.715
2026-07-10,1.725,1.782,1.725,1.78
2026-07-13,1.77,1.781,1.765,1.773
2026-07-14,1.741,1.741,1.697,1.727
2026-07-15,1.727,1.743,1.714,1.716
2026-07-16,1.719,1.724,1.681,1.7
2026-07-17,1.696,1.696,1.641,1.668
2026-07-20,1.675,1.7,1.671,1.694
2026-07-21,1.706,1.721,1.7,1.721
2026-07-22,1.723,1.727,1.711,1.719
2026-07-23,1.712,1.712,1.682,1.697
2026-07-24,1.695,1.727,1.695,1.703
2026-07-27,1.723,1.739,1.704,1.731
2026-07-28,1.727,1.758,1.727,1.732
2026-07-29,1.727,1.752,1.727,1.729
2026-07-30,1.728,1.966,1.728,1.966
2026-07-31,1.966,1.966,1.936,1.96
2026-08-03,1.968,1.978,1.954,1.966
2026-08-04,1.97,2.036,1.97,2.036
2026-08-05,2.036,2.036,1.997,2.02
2026-08-06,2.024,2.053,2.021,2.051
2026-08-07,2.043,2.043,2.019,2.019
2026-08-10,2.019,2.028,1.998,2.028
2026-08-11,2.028,2.036,2.019,2.024
2026-08-12,2.026,2.04,2.017,2.04
2026-08-13,2.043,2.05,2.027,2.036
2026-08-14,2.036,2.069,2.03,2.069
2026-08-17,2.06,2.063,2.046,2.051
2026-08-18,2.044,2.055,2.026,2.026
2026-08-19,2.023,2.099,1.998,2.075
2026-08-20,2.083,2.083,2.055,2.072
2026-08-21,2.075,2.104,2.066,2.066
2026-08-24,2.067,2.067,2.031,2.056
2026-08-25,2.067,2.067,2.046,2.052
2026-08-26,2.067,2.091,2.059,2.091
2026-08-27,2.091,2.091,2.022,2.027
2026-08-28,2.048,2.048,2.031,2.04
2026-08-31,2.049,2.075,2.049,2.068
2026-09-01,2.064,2.071,2.02,2.046
2026-09-02,2.043,2.057,2.035,2.053
2026-09-03,2.053,2.078,2.033,2.067
2026-09-04,2.075,2.109,2.075,2.107
2026-09-07,2.107,2.124,2.097,2.124
2026-09-08,2.124,2.151,2.099,2.144
2026-09-09,2.143,2.15,2.107,2.126
2026-09-10,2.138,2.142,2.115,2.12
2026-09-11,2.138,2.151,2.117,2.134
2026-09-14,2.134,2.146,2.122,2.138
2026-09-15,2.138,2.155,2.1,2.155
2026-09-16,2.161,2.161,2.13,2.136
