Data,Otwarcie,Najwyzszy,Najnizszy,Zamkniecie
2014-12-03,0.999907,0.999907,0.999907,0.999907
2014-12-04,1.00827,1.00827,0.999907,1.00827
2014-12-05,1.00827,1.00827,0.975084,0.991617
2014-12-08,0.983352,0.999907,0.983352,0.983352
2014-12-09,0.991617,0.991617,0.958538,0.958538
2014-12-10,0.958538,0.958538,0.942079,0.942079
2014-12-11,0.942079,0.942079,0.942079,0.942079
2014-12-12,0.925536,0.925536,0.917263,0.925536
2014-12-15,0.900634,0.917263,0.900634,0.908993
2014-12-16,0.900634,0.900634,0.867633,0.867633
2014-12-17,0.917263,0.917263,0.892446,0.908993
2014-12-18,0.925536,0.950355,0.925536,0.950355
2014-12-19,0.958538,0.958538,0.942079,0.950355
2014-12-22,0.958538,0.958538,0.933807,0.950355
2014-12-23,0.950355,0.958538,0.950355,0.958538
2014-12-29,0.966809,0.966809,0.925536,0.950355
2015-01-02,0.925536,0.950355,0.925536,0.950355
2015-01-05,0.908993,0.950355,0.908993,0.950355
2015-01-07,0.892446,0.900634,0.892446,0.892446
2015-01-08,0.908993,0.933807,0.884177,0.892446
2015-01-09,0.842903,0.884177,0.776811,0.784996
2015-01-12,0.809813,0.809813,0.768537,0.793269
2015-01-13,0.826357,0.875991,0.793269,0.875991
2015-01-14,0.842903,0.892446,0.842903,0.851174
2015-01-15,0.875991,0.875991,0.859447,0.859447
2015-01-16,0.892446,0.892446,0.884177,0.884177
2015-01-19,0.900634,0.900634,0.867633,0.875991
2015-01-20,0.900634,0.900634,0.892446,0.892446
2015-01-21,0.892446,0.892446,0.859447,0.859447
2015-01-22,0.867633,0.917263,0.867633,0.917263
2015-01-23,0.917263,0.933807,0.917263,0.933807
2015-01-26,0.933807,0.933807,0.900634,0.900634
2015-01-27,0.917263,0.917263,0.900634,0.900634
2015-01-28,0.908993,0.908993,0.900634,0.900634
2015-01-29,0.875991,0.900634,0.875991,0.900634
2015-01-30,0.892446,0.892446,0.875991,0.875991
2015-02-02,0.875991,0.875991,0.851174,0.867633
2015-02-03,0.900634,0.908993,0.884177,0.908993
2015-02-04,0.908993,0.908993,0.875991,0.908993
2015-02-05,0.917263,0.917263,0.884177,0.900634
2015-02-06,0.900634,0.917263,0.900634,0.917263
2015-02-09,0.892446,0.908993,0.892446,0.908993
2015-02-10,0.900634,0.917263,0.892446,0.892446
2015-02-11,0.892446,0.892446,0.892446,0.892446
2015-02-12,0.892446,0.925536,0.892446,0.925536
2015-02-13,0.925536,0.942079,0.925536,0.942079
2015-02-16,0.950355,0.950355,0.908993,0.933807
2015-02-17,0.942079,0.942079,0.933807,0.933807
2015-02-18,0.950355,0.958538,0.950355,0.958538
2015-02-19,0.958538,0.999907,0.958538,0.999907
2015-02-23,0.966809,0.966809,0.933807,0.942079
2015-02-24,0.917263,0.966809,0.917263,0.966809
2015-02-25,0.933807,0.966809,0.933807,0.966809
2015-02-26,0.966809,0.975084,0.966809,0.975084
2015-02-27,0.975084,0.975084,0.975084,0.975084
2015-03-02,0.975084,0.975084,0.975084,0.975084
2015-03-03,0.975084,0.975084,0.958538,0.958538
2015-03-04,0.975084,0.975084,0.966809,0.966809
2015-03-05,0.966809,0.975084,0.966809,0.975084
2015-03-06,0.975084,0.975084,0.975084,0.975084
2015-03-09,0.975084,0.975084,0.966809,0.966809
2015-03-10,0.950355,0.966809,0.950355,0.958538
2015-03-11,0.958538,0.958538,0.950355,0.950355
2015-03-12,0.958538,0.966809,0.958538,0.966809
2015-03-13,0.950355,0.975084,0.950355,0.966809
2015-03-16,0.966809,0.975084,0.966809,0.975084
2015-03-17,0.975084,0.975084,0.975084,0.975084
2015-03-18,0.958538,0.966809,0.942079,0.966809
2015-03-19,0.966809,0.975084,0.966809,0.975084
2015-03-20,0.975084,1.00827,0.975084,1.00827
2015-03-23,1.02473,1.02473,0.999907,0.999907
2015-03-24,1.01645,1.03291,1.01645,1.03291
2015-03-25,1.03291,1.03291,1.01645,1.02473
2015-03-26,1.01645,1.02473,1.01645,1.02473
2015-03-27,1.03291,1.04125,1.02473,1.04125
2015-03-30,1.04125,1.04125,1.04125,1.04125
2015-03-31,1.04945,1.04945,1.04125,1.04125
2015-04-01,1.04125,1.05771,1.04125,1.05771
2015-04-02,1.01645,1.06601,1.01645,1.06601
2015-04-07,1.02473,1.05771,1.02473,1.04945
2015-04-08,1.05771,1.06601,1.05771,1.06601
2015-04-09,1.06601,1.06601,1.04125,1.04945
2015-04-10,1.04945,1.04945,1.04125,1.04125
2015-04-13,1.04945,1.04945,1.03291,1.03291
2015-04-14,1.04125,1.04125,1.03291,1.04125
2015-04-15,1.04125,1.06601,1.04125,1.06601
2015-04-16,1.03291,1.06601,1.02473,1.06601
2015-04-17,1.00827,1.01645,0.983352,0.983352
2015-04-20,0.983352,1.00827,0.983352,1.00827
2015-04-21,0.983352,0.991617,0.983352,0.991617
2015-04-22,0.991617,0.991617,0.975084,0.975084
2015-04-23,0.975084,0.975084,0.975084,0.975084
2015-04-27,0.999907,0.999907,0.999907,0.999907
2015-04-28,1.01645,1.01645,0.859447,0.859447
2015-04-29,0.859447,0.867633,0.859447,0.859447
2015-04-30,0.851174,0.875991,0.851174,0.867633
2015-05-04,0.859447,0.875991,0.859447,0.867633
2015-05-05,0.859447,0.867633,0.859447,0.867633
2015-05-06,0.842903,0.859447,0.842903,0.842903
2015-05-07,0.842903,0.842903,0.842903,0.842903
2015-05-08,0.851174,0.867633,0.851174,0.867633
2015-05-11,0.867633,0.875991,0.859447,0.859447
2015-05-12,0.859447,0.867633,0.859447,0.859447
2015-05-13,0.851174,0.867633,0.851174,0.867633
2015-05-14,0.859447,0.867633,0.859447,0.859447
2015-05-18,0.859447,0.859447,0.834717,0.859447
2015-05-19,0.859447,0.867633,0.859447,0.867633
2015-05-20,0.867633,0.875991,0.867633,0.867633
2015-05-21,0.884177,0.884177,0.884177,0.884177
2015-05-22,0.867633,0.875991,0.867633,0.867633
2015-05-26,0.851174,0.851174,0.851174,0.851174
2015-05-27,0.842903,0.842903,0.834717,0.842903
2015-05-28,0.842903,0.851174,0.842903,0.842903
2015-06-01,0.851174,0.851174,0.834717,0.851174
2015-06-02,0.834717,0.859447,0.834717,0.859447
2015-06-03,0.859447,0.859447,0.851174,0.851174
2015-06-09,0.826357,0.826357,0.826357,0.826357
2015-06-10,0.826357,0.851174,0.818086,0.851174
2015-06-11,0.842903,0.842903,0.842903,0.842903
2015-06-12,0.834717,0.834717,0.834717,0.834717
2015-06-15,0.834717,0.834717,0.834717,0.834717
2015-06-17,0.809813,0.809813,0.809813,0.809813
2015-06-18,0.809813,0.809813,0.801628,0.801628
2015-06-19,0.809813,0.826357,0.809813,0.826357
2015-06-22,0.801628,0.867633,0.801628,0.867633
2015-06-23,0.867633,0.884177,0.867633,0.884177
2015-06-24,0.884177,0.884177,0.884177,0.884177
2015-06-25,0.867633,0.867633,0.867633,0.867633
2015-06-26,0.859447,0.884177,0.801628,0.884177
2015-06-29,0.826357,0.826357,0.826357,0.826357
2015-07-01,0.875991,0.875991,0.834717,0.834717
2015-07-03,0.809813,0.875991,0.809813,0.875991
2015-07-06,0.801628,0.801628,0.768537,0.793269
2015-07-07,0.793269,0.793269,0.793269,0.793269
2015-07-08,0.751995,0.784996,0.751995,0.784996
2015-07-10,0.784996,0.826357,0.784996,0.826357
2015-07-14,0.818086,0.834717,0.818086,0.834717
2015-07-15,0.834717,0.842903,0.834717,0.842903
2015-07-16,0.851174,0.859447,0.851174,0.859447
2015-07-20,0.875991,0.875991,0.875991,0.875991
2015-07-21,0.875991,0.875991,0.867633,0.867633
2015-07-22,0.842903,0.842903,0.842903,0.842903
2015-07-23,0.842903,0.842903,0.842903,0.842903
2015-07-27,0.842903,0.842903,0.842903,0.842903
2015-07-30,0.834717,0.842903,0.826357,0.842903
2015-07-31,0.818086,0.818086,0.818086,0.818086
2015-08-11,0.834717,0.834717,0.834717,0.834717
2015-08-12,0.809813,0.834717,0.809813,0.834717
2015-08-13,0.784996,0.784996,0.784996,0.784996
2015-08-14,0.784996,0.784996,0.784996,0.784996
2015-08-17,0.768537,0.834717,0.751995,0.834717
2015-08-19,0.834717,0.834717,0.834717,0.834717
2015-08-21,0.793269,0.793269,0.743808,0.751995
2015-08-24,0.743808,0.743808,0.669445,0.669445
2015-08-25,0.677631,0.702447,0.677631,0.685904
2015-08-27,0.685904,0.751995,0.685904,0.751995
2015-08-28,0.743808,0.743808,0.743808,0.743808
2015-09-01,0.702447,0.735449,0.702447,0.735449
2015-09-02,0.702447,0.727177,0.702447,0.727177
2015-09-04,0.677631,0.694088,0.644541,0.677631
2015-09-07,0.677631,0.677631,0.644541,0.644541
2015-09-08,0.694088,0.694088,0.644541,0.644541
2015-09-09,0.685904,0.718905,0.685904,0.718905
2015-09-10,0.685904,0.685904,0.685904,0.685904
2015-09-11,0.669445,0.702447,0.669445,0.702447
2015-09-15,0.702447,0.702447,0.661085,0.661085
2015-09-16,0.652815,0.661085,0.652815,0.661085
2015-09-17,0.710633,0.710633,0.702447,0.702447
2015-09-22,0.661085,0.661085,0.661085,0.661085
2015-09-23,0.661085,0.661085,0.661085,0.661085
2015-09-24,0.661085,0.661085,0.611539,0.661085
2015-09-25,0.611539,0.661085,0.611539,0.661085
2015-09-28,0.636269,0.644541,0.611539,0.644541
2015-09-29,0.619726,0.619726,0.594995,0.594995
2015-09-30,0.611539,0.611539,0.611539,0.611539
2015-10-01,0.644541,0.644541,0.611539,0.611539
2015-10-02,0.611539,0.611539,0.594995,0.594995
2015-10-06,0.644541,0.644541,0.644541,0.644541
2015-10-07,0.644541,0.685904,0.644541,0.685904
2015-10-08,0.669445,0.669445,0.661085,0.661085
2015-10-09,0.685904,0.694088,0.685904,0.694088
2015-10-12,0.694088,0.702447,0.669445,0.694088
2015-10-14,0.694088,0.694088,0.694088,0.694088
2015-10-15,0.694088,0.702447,0.694088,0.702447
2015-10-19,0.702447,0.702447,0.702447,0.702447
2015-10-20,0.702447,0.702447,0.702447,0.702447
2015-10-22,0.627997,0.677631,0.627997,0.677631
2015-10-23,0.677631,0.685904,0.677631,0.685904
2015-10-29,0.652815,0.710633,0.652815,0.710633
2015-10-30,0.685904,0.694088,0.685904,0.694088
2015-11-02,0.710633,0.718905,0.710633,0.718905
2015-11-04,0.710633,0.710633,0.710633,0.710633
2015-11-05,0.718905,0.727177,0.694088,0.727177
2015-11-06,0.727177,0.727177,0.702447,0.702447
2015-11-13,0.661085,0.727177,0.661085,0.727177
2015-11-19,0.718905,0.718905,0.718905,0.718905
2015-11-24,0.661085,0.685904,0.661085,0.685904
2015-11-26,0.677631,0.727177,0.677631,0.718905
2015-11-27,0.661085,0.727177,0.661085,0.727177
2015-12-03,0.694088,0.727177,0.694088,0.727177
2015-12-07,0.718905,0.718905,0.718905,0.718905
2015-12-08,0.652815,0.661085,0.644541,0.644541
2015-12-09,0.636269,0.644541,0.627997,0.644541
2015-12-11,0.685904,0.685904,0.685904,0.685904
2015-12-14,0.652815,0.652815,0.603268,0.603268
2015-12-15,0.619726,0.619726,0.586722,0.619726
2015-12-16,0.603268,0.619726,0.603268,0.619726
2015-12-17,0.644541,0.644541,0.627997,0.627997
2015-12-21,0.627997,0.661085,0.627997,0.661085
2015-12-23,0.644541,0.644541,0.636269,0.636269
2015-12-28,0.636269,0.652815,0.603268,0.619726
2015-12-29,0.652815,0.652815,0.652815,0.652815
2015-12-30,0.636269,0.644541,0.636269,0.644541
2016-01-04,0.627997,0.644541,0.603268,0.644541
2016-01-05,0.603268,0.636269,0.603268,0.636269
2016-01-07,0.594995,0.611539,0.594995,0.611539
2016-01-08,0.594995,0.594995,0.561906,0.561906
2016-01-12,0.561906,0.594995,0.561906,0.594995
2016-01-14,0.603268,0.603268,0.553635,0.553635
2016-01-15,0.553635,0.561906,0.553635,0.553635
2016-01-18,0.545361,0.545361,0.537175,0.537175
2016-01-21,0.537175,0.537175,0.537175,0.537175
2016-01-22,0.520546,0.561906,0.520546,0.561906
2016-01-26,0.570264,0.570264,0.570264,0.570264
2016-01-27,0.537175,0.545361,0.537175,0.545361
2016-01-28,0.570264,0.570264,0.520546,0.520546
2016-01-29,0.553635,0.553635,0.553635,0.553635
2016-02-02,0.520546,0.520546,0.504087,0.520546
2016-02-03,0.495901,0.495901,0.479356,0.479356
2016-02-04,0.487542,0.495901,0.479356,0.495901
2016-02-05,0.51236,0.520546,0.51236,0.520546
2016-02-08,0.520546,0.520546,0.504087,0.504087
2016-02-09,0.487542,0.487542,0.470998,0.479356
2016-02-10,0.487542,0.520546,0.479356,0.51236
2016-02-11,0.454453,0.470998,0.454453,0.470998
2016-02-12,0.470998,0.470998,0.454453,0.470998
2016-02-15,0.470998,0.495901,0.470998,0.495901
2016-02-16,0.487542,0.495901,0.487542,0.495901
2016-02-17,0.479356,0.504087,0.479356,0.504087
2016-02-18,0.504087,0.51236,0.504087,0.504087
2016-02-19,0.479356,0.51236,0.454453,0.504087
2016-02-22,0.520546,0.520546,0.520546,0.520546
2016-02-23,0.495901,0.504087,0.470998,0.470998
2016-02-24,0.470998,0.520546,0.470998,0.51236
2016-02-25,0.479356,0.504087,0.479356,0.504087
2016-02-26,0.504087,0.504087,0.470998,0.495901
2016-02-29,0.495901,0.504087,0.487542,0.495901
2016-03-01,0.504087,0.51236,0.487542,0.487542
2016-03-02,0.520546,0.537175,0.520546,0.537175
2016-03-03,0.537175,0.545361,0.537175,0.545361
2016-03-04,0.553635,0.553635,0.553635,0.553635
2016-03-07,0.570264,0.570264,0.561906,0.561906
2016-03-08,0.553635,0.570264,0.528903,0.570264
2016-03-10,0.561906,0.57845,0.561906,0.57845
2016-03-11,0.586722,0.594995,0.57845,0.57845
2016-03-14,0.603268,0.603268,0.603268,0.603268
2016-03-15,0.611539,0.619726,0.611539,0.619726
2016-03-16,0.611539,0.611539,0.586722,0.586722
2016-03-17,0.570264,0.611539,0.553635,0.611539
2016-03-18,0.611539,0.611539,0.603268,0.603268
2016-03-21,0.627997,0.636269,0.627997,0.636269
2016-03-23,0.603268,0.603268,0.553635,0.594995
2016-03-24,0.553635,0.586722,0.553635,0.586722
2016-03-29,0.545361,0.570264,0.545361,0.570264
2016-03-30,0.553635,0.553635,0.553635,0.553635
2016-03-31,0.553635,0.553635,0.528903,0.537175
2016-04-01,0.545361,0.545361,0.520546,0.520546
2016-04-04,0.537175,0.537175,0.51236,0.528903
2016-04-05,0.528903,0.537175,0.504087,0.537175
2016-04-06,0.504087,0.528903,0.495901,0.520546
2016-04-07,0.520546,0.520546,0.487542,0.495901
2016-04-08,0.51236,0.51236,0.51236,0.51236
2016-04-11,0.504087,0.528903,0.495901,0.528903
2016-04-12,0.504087,0.504087,0.504087,0.504087
2016-04-13,0.51236,0.545361,0.51236,0.537175
2016-04-14,0.545361,0.553635,0.545361,0.553635
2016-04-15,0.553635,0.553635,0.545361,0.545361
2016-04-19,0.545361,0.570264,0.545361,0.570264
2016-04-20,0.570264,0.586722,0.561906,0.586722
2016-04-21,0.594995,0.603268,0.586722,0.594995
2016-04-22,0.611539,0.611539,0.611539,0.611539
2016-04-27,0.603268,0.636269,0.603268,0.627997
2016-04-28,0.627997,0.627997,0.627997,0.627997
2016-05-05,0.57845,0.57845,0.537175,0.57845
2016-05-06,0.545361,0.545361,0.545361,0.545361
2016-05-09,0.51236,0.51236,0.51236,0.51236
2016-05-10,0.537175,0.57845,0.537175,0.57845
2016-05-11,0.545361,0.57845,0.545361,0.57845
2016-05-12,0.537175,0.636269,0.537175,0.586722
2016-05-13,0.636269,0.636269,0.553635,0.57845
2016-05-16,0.545361,0.57845,0.545361,0.57845
2016-05-18,0.570264,0.57845,0.520546,0.57845
2016-05-19,0.570264,0.57845,0.528903,0.553635
2016-05-20,0.528903,0.570264,0.528903,0.570264
2016-05-23,0.570264,0.570264,0.553635,0.553635
2016-05-24,0.528903,0.570264,0.528903,0.570264
2016-05-25,0.528903,0.619726,0.528903,0.553635
2016-05-27,0.528903,0.537175,0.528903,0.537175
2016-05-30,0.553635,0.553635,0.537175,0.545361
2016-06-01,0.594995,0.594995,0.553635,0.553635
2016-06-02,0.57845,0.57845,0.561906,0.561906
2016-06-03,0.594995,0.594995,0.586722,0.586722
2016-06-06,0.553635,0.586722,0.553635,0.586722
2016-06-07,0.603268,0.619726,0.603268,0.619726
2016-06-08,0.636269,0.636269,0.553635,0.570264
2016-06-09,0.594995,0.594995,0.561906,0.57845
2016-06-10,0.619726,0.619726,0.537175,0.545361
2016-06-13,0.561906,0.57845,0.520546,0.553635
2016-06-14,0.528903,0.545361,0.528903,0.545361
2016-06-15,0.528903,0.528903,0.504087,0.520546
2016-06-16,0.495901,0.520546,0.495901,0.520546
2016-06-17,0.520546,0.561906,0.520546,0.561906
2016-06-20,0.553635,0.553635,0.504087,0.51236
2016-06-21,0.504087,0.537175,0.495901,0.51236
2016-06-22,0.51236,0.553635,0.51236,0.520546
2016-06-23,0.51236,0.561906,0.51236,0.561906
2016-06-24,0.51236,0.51236,0.454453,0.495901
2016-06-27,0.495901,0.495901,0.470998,0.470998
2016-06-28,0.470998,0.479356,0.470998,0.479356
2016-06-29,0.479356,0.479356,0.479356,0.479356
2016-06-30,0.470998,0.479356,0.462812,0.479356
2016-07-01,0.470998,0.470998,0.470998,0.470998
2016-07-04,0.470998,0.504087,0.470998,0.504087
2016-07-05,0.504087,0.504087,0.470998,0.479356
2016-07-06,0.462812,0.462812,0.454453,0.462812
2016-07-07,0.462812,0.487542,0.462812,0.487542
2016-07-08,0.454453,0.479356,0.454453,0.454453
2016-07-11,0.479356,0.487542,0.470998,0.487542
2016-07-12,0.487542,0.528903,0.487542,0.520546
2016-07-13,0.520546,0.520546,0.487542,0.51236
2016-07-14,0.470998,0.51236,0.470998,0.495901
2016-07-15,0.520546,0.520546,0.520546,0.520546
2016-07-18,0.495901,0.528903,0.495901,0.51236
2016-07-19,0.51236,0.51236,0.504087,0.51236
2016-07-20,0.51236,0.520546,0.51236,0.520546
2016-07-21,0.520546,0.520546,0.520546,0.520546
2016-07-25,0.520546,0.528903,0.479356,0.479356
2016-07-26,0.504087,0.520546,0.487542,0.487542
2016-07-27,0.528903,0.528903,0.520546,0.520546
2016-07-28,0.479356,0.495901,0.479356,0.495901
2016-07-29,0.520546,0.520546,0.520546,0.520546
2016-08-01,0.520546,0.520546,0.504087,0.504087
2016-08-02,0.495901,0.504087,0.470998,0.504087
2016-08-03,0.479356,0.479356,0.462812,0.470998
2016-08-04,0.479356,0.495901,0.479356,0.495901
2016-08-05,0.470998,0.487542,0.470998,0.487542
2016-08-08,0.470998,0.504087,0.470998,0.504087
2016-08-10,0.504087,0.51236,0.504087,0.51236
2016-08-12,0.520546,0.520546,0.51236,0.520546
2016-08-16,0.51236,0.51236,0.51236,0.51236
2016-08-19,0.495901,0.495901,0.495901,0.495901
2016-08-22,0.495901,0.495901,0.495901,0.495901
2016-08-23,0.495901,0.495901,0.495901,0.495901
2016-08-24,0.51236,0.520546,0.51236,0.51236
2016-08-25,0.504087,0.51236,0.504087,0.51236
2016-08-26,0.520546,0.520546,0.520546,0.520546
2016-08-29,0.520546,0.520546,0.51236,0.51236
2016-08-30,0.528903,0.528903,0.520546,0.528903
2016-08-31,0.537175,0.553635,0.537175,0.553635
2016-09-01,0.545361,0.561906,0.528903,0.528903
2016-09-05,0.561906,0.561906,0.561906,0.561906
2016-09-06,0.561906,0.561906,0.561906,0.561906
2016-09-08,0.570264,0.570264,0.570264,0.570264
2016-09-09,0.561906,0.570264,0.51236,0.51236
2016-09-12,0.495901,0.545361,0.495901,0.545361
2016-09-13,0.545361,0.561906,0.545361,0.545361
2016-09-14,0.545361,0.561906,0.537175,0.561906
2016-09-15,0.545361,0.561906,0.545361,0.561906
2016-09-16,0.553635,0.553635,0.520546,0.545361
2016-09-19,0.537175,0.537175,0.537175,0.537175
2016-09-21,0.528903,0.570264,0.528903,0.570264
2016-09-22,0.553635,0.561906,0.553635,0.553635
2016-09-23,0.545361,0.545361,0.537175,0.545361
2016-09-26,0.537175,0.570264,0.520546,0.570264
2016-09-28,0.520546,0.528903,0.520546,0.528903
2016-09-29,0.520546,0.537175,0.520546,0.537175
2016-09-30,0.504087,0.504087,0.504087,0.504087
2016-10-03,0.545361,0.545361,0.537175,0.537175
2016-10-04,0.537175,0.537175,0.51236,0.537175
2016-10-06,0.537175,0.545361,0.537175,0.545361
2016-10-07,0.537175,0.537175,0.537175,0.537175
2016-10-10,0.528903,0.528903,0.528903,0.528903
2016-10-12,0.528903,0.528903,0.528903,0.528903
2016-10-13,0.553635,0.553635,0.537175,0.537175
2016-10-14,0.537175,0.537175,0.537175,0.537175
2016-10-18,0.537175,0.545361,0.537175,0.545361
2016-10-19,0.553635,0.553635,0.545361,0.545361
2016-10-20,0.561906,0.570264,0.561906,0.570264
2016-10-21,0.561906,0.57845,0.561906,0.570264
2016-10-24,0.57845,0.603268,0.57845,0.603268
2016-10-25,0.594995,0.594995,0.586722,0.594995
2016-10-26,0.603268,0.603268,0.594995,0.594995
2016-10-27,0.594995,0.603268,0.594995,0.603268
2016-10-28,0.603268,0.603268,0.603268,0.603268
2016-10-31,0.603268,0.603268,0.603268,0.603268
2016-11-02,0.594995,0.594995,0.594995,0.594995
2016-11-03,0.603268,0.603268,0.603268,0.603268
2016-11-08,0.57845,0.57845,0.570264,0.570264
2016-11-09,0.57845,0.57845,0.57845,0.57845
2016-11-10,0.594995,0.619726,0.594995,0.611539
2016-11-15,0.594995,0.627997,0.594995,0.619726
2016-11-16,0.553635,0.603268,0.553635,0.603268
2016-11-17,0.586722,0.586722,0.586722,0.586722
2016-11-18,0.586722,0.586722,0.586722,0.586722
2016-11-23,0.570264,0.57845,0.570264,0.57845
2016-11-24,0.586722,0.586722,0.586722,0.586722
2016-11-25,0.586722,0.586722,0.586722,0.586722
2016-11-28,0.586722,0.586722,0.586722,0.586722
2016-11-30,0.594995,0.594995,0.570264,0.586722
2016-12-01,0.586722,0.586722,0.586722,0.586722
2016-12-02,0.57845,0.57845,0.57845,0.57845
2016-12-06,0.603268,0.603268,0.603268,0.603268
2016-12-07,0.603268,0.627997,0.603268,0.619726
2016-12-08,0.627997,0.669445,0.627997,0.669445
2016-12-09,0.702447,0.702447,0.669445,0.669445
2016-12-13,0.652815,0.669445,0.652815,0.661085
2016-12-15,0.702447,0.702447,0.694088,0.702447
2016-12-19,0.685904,0.685904,0.685904,0.685904
2016-12-22,0.644541,0.685904,0.644541,0.669445
2016-12-23,0.669445,0.669445,0.669445,0.669445
2016-12-27,0.652815,0.677631,0.652815,0.677631
2016-12-28,0.644541,0.661085,0.603268,0.661085
2016-12-29,0.694088,0.694088,0.694088,0.694088
2017-01-03,0.694088,0.694088,0.694088,0.694088
2017-01-09,0.702447,0.702447,0.702447,0.702447
2017-01-13,0.685904,0.710633,0.685904,0.710633
2017-01-16,0.710633,0.710633,0.710633,0.710633
2017-01-17,0.702447,0.702447,0.702447,0.702447
2017-01-18,0.677631,0.702447,0.677631,0.702447
2017-01-25,0.710633,0.727177,0.710633,0.727177
2017-01-26,0.727177,0.776811,0.727177,0.727177
2017-01-27,0.710633,0.760267,0.685904,0.760267
2017-01-30,0.694088,0.702447,0.694088,0.702447
2017-01-31,0.694088,0.743808,0.694088,0.743808
2017-02-01,0.743808,0.743808,0.743808,0.743808
2017-02-03,0.743808,0.743808,0.743808,0.743808
2017-02-07,0.743808,0.760267,0.743808,0.760267
2017-02-08,0.677631,0.685904,0.677631,0.685904
2017-02-09,0.685904,0.735449,0.685904,0.727177
2017-02-10,0.685904,0.710633,0.669445,0.669445
2017-02-13,0.702447,0.702447,0.685904,0.685904
2017-02-14,0.685904,0.702447,0.677631,0.702447
2017-02-15,0.685904,0.694088,0.685904,0.694088
2017-02-16,0.685904,0.685904,0.685904,0.685904
2017-02-21,0.685904,0.685904,0.669445,0.677631
2017-02-22,0.685904,0.685904,0.685904,0.685904
2017-02-24,0.677631,0.677631,0.677631,0.677631
2017-02-27,0.669445,0.669445,0.669445,0.669445
2017-02-28,0.685904,0.685904,0.685904,0.685904
2017-03-01,0.677631,0.694088,0.677631,0.694088
2017-03-03,0.694088,0.710633,0.694088,0.710633
2017-03-06,0.694088,0.710633,0.694088,0.710633
2017-03-08,0.702447,0.702447,0.702447,0.702447
2017-03-09,0.702447,0.710633,0.702447,0.710633
2017-03-10,0.718905,0.743808,0.694088,0.743808
2017-03-16,0.743808,0.743808,0.735449,0.743808
2017-03-17,0.743808,0.760267,0.743808,0.751995
2017-03-21,0.760267,0.760267,0.760267,0.760267
2017-03-22,0.743808,0.760267,0.743808,0.760267
2017-03-23,0.760267,0.760267,0.760267,0.760267
2017-03-27,0.743808,0.760267,0.735449,0.760267
2017-03-28,0.743808,0.760267,0.743808,0.760267
2017-03-29,0.768537,0.768537,0.768537,0.768537
2017-03-31,0.743808,0.751995,0.743808,0.751995
2017-04-03,0.751995,0.768537,0.751995,0.760267
2017-04-04,0.760267,0.760267,0.760267,0.760267
2017-04-05,0.751995,0.760267,0.751995,0.751995
2017-04-06,0.743808,0.743808,0.743808,0.743808
2017-04-07,0.751995,0.751995,0.751995,0.751995
2017-04-10,0.751995,0.776811,0.751995,0.776811
2017-04-13,0.735449,0.735449,0.718905,0.727177
2017-04-18,0.727177,0.727177,0.710633,0.718905
2017-04-19,0.735449,0.735449,0.727177,0.727177
2017-04-20,0.743808,0.760267,0.743808,0.760267
2017-04-21,0.743808,0.768537,0.743808,0.768537
2017-04-24,0.768537,0.793269,0.768537,0.776811
2017-04-25,0.784996,0.826357,0.776811,0.801628
2017-04-27,0.784996,0.818086,0.784996,0.818086
2017-04-28,0.818086,0.818086,0.776811,0.809813
2017-05-02,0.793269,0.793269,0.793269,0.793269
2017-05-04,0.793269,0.801628,0.793269,0.801628
2017-05-05,0.793269,0.809813,0.793269,0.809813
2017-05-08,0.768537,0.809813,0.768537,0.801628
2017-05-09,0.809813,0.809813,0.801628,0.801628
2017-05-10,0.801628,0.801628,0.801628,0.801628
2017-05-12,0.784996,0.784996,0.784996,0.784996
2017-05-15,0.784996,0.784996,0.784996,0.784996
2017-05-17,0.784996,0.793269,0.776811,0.784996
2017-05-18,0.768537,0.826357,0.743808,0.776811
2017-05-19,0.834717,0.834717,0.751995,0.768537
2017-05-22,0.826357,0.826357,0.826357,0.826357
2017-05-23,0.751995,0.768537,0.743808,0.768537
2017-05-24,0.834717,0.834717,0.768537,0.818086
2017-05-25,0.768537,0.768537,0.760267,0.760267
2017-05-26,0.760267,0.760267,0.751995,0.751995
2017-05-30,0.760267,0.809813,0.760267,0.768537
2017-06-01,0.760267,0.760267,0.743808,0.743808
2017-06-02,0.768537,0.768537,0.768537,0.768537
2017-06-06,0.751995,0.751995,0.751995,0.751995
2017-06-07,0.760267,0.760267,0.760267,0.760267
2017-06-08,0.760267,0.784996,0.760267,0.776811
2017-06-09,0.768537,0.784996,0.768537,0.776811
2017-06-12,0.776811,0.801628,0.776811,0.801628
2017-06-13,0.735449,0.760267,0.735449,0.760267
2017-06-14,0.793269,0.793269,0.776811,0.793269
2017-06-16,0.809813,0.809813,0.760267,0.809813
2017-06-19,0.809813,0.809813,0.784996,0.784996
2017-06-27,0.768537,0.768537,0.768537,0.768537
2017-06-28,0.768537,0.768537,0.768537,0.768537
2017-06-30,0.768537,0.768537,0.760267,0.760267
2017-07-03,0.768537,0.768537,0.768537,0.768537
2017-07-04,0.776811,0.776811,0.776811,0.776811
2017-07-05,0.784996,0.784996,0.784996,0.784996
2017-07-06,0.760267,0.793269,0.760267,0.793269
2017-07-07,0.768537,0.768537,0.768537,0.768537
2017-07-10,0.793269,0.793269,0.793269,0.793269
2017-07-11,0.793269,0.793269,0.751995,0.751995
2017-07-13,0.751995,0.768537,0.751995,0.760267
2017-07-14,0.768537,0.768537,0.743808,0.743808
2017-07-17,0.768537,0.768537,0.743808,0.743808
2017-07-19,0.735449,0.735449,0.718905,0.727177
2017-07-20,0.793269,0.793269,0.793269,0.793269
2017-07-21,0.784996,0.784996,0.743808,0.751995
2017-07-24,0.768537,0.768537,0.743808,0.743808
2017-07-27,0.760267,0.834717,0.760267,0.834717
2017-07-28,0.793269,0.867633,0.793269,0.867633
2017-08-01,0.867633,0.867633,0.867633,0.867633
2017-08-03,0.842903,0.842903,0.842903,0.842903
2017-08-07,0.867633,0.867633,0.859447,0.867633
2017-08-09,0.875991,0.875991,0.859447,0.859447
2017-08-11,0.834717,0.834717,0.826357,0.834717
2017-08-14,0.834717,0.851174,0.826357,0.826357
2017-08-18,0.818086,0.818086,0.818086,0.818086
2017-08-23,0.818086,0.818086,0.818086,0.818086
2017-08-28,0.834717,0.842903,0.834717,0.842903
2017-08-31,0.818086,0.851174,0.818086,0.851174
2017-09-05,0.809813,0.809813,0.809813,0.809813
2017-09-06,0.801628,0.801628,0.801628,0.801628
2017-09-07,0.801628,0.801628,0.801628,0.801628
2017-09-08,0.809813,0.818086,0.809813,0.818086
2017-09-11,0.809813,0.809813,0.809813,0.809813
2017-09-12,0.842903,0.842903,0.826357,0.826357
2017-09-13,0.834717,0.834717,0.834717,0.834717
2017-09-14,0.842903,0.842903,0.834717,0.842903
2017-09-15,0.842903,0.842903,0.834717,0.834717
2017-09-18,0.842903,0.842903,0.834717,0.842903
2017-09-21,0.834717,0.851174,0.834717,0.842903
2017-09-26,0.867633,0.867633,0.867633,0.867633
2017-09-27,0.875991,0.884177,0.875991,0.884177
2017-09-28,0.884177,0.884177,0.884177,0.884177
2017-10-02,0.851174,0.851174,0.851174,0.851174
2017-10-03,0.867633,0.867633,0.859447,0.859447
2017-10-05,0.842903,0.884177,0.842903,0.884177
2017-10-09,0.859447,0.859447,0.859447,0.859447
2017-10-10,0.875991,0.875991,0.875991,0.875991
2017-10-12,0.842903,0.851174,0.842903,0.851174
2017-10-13,0.834717,0.834717,0.834717,0.834717
2017-10-16,0.834717,0.834717,0.826357,0.826357
2017-10-18,0.826357,0.826357,0.826357,0.826357
2017-10-24,0.818086,0.818086,0.818086,0.818086
2017-10-27,0.793269,0.793269,0.760267,0.793269
2017-10-30,0.801628,0.801628,0.793269,0.801628
2017-10-31,0.809813,0.809813,0.801628,0.809813
2017-11-03,0.801628,0.801628,0.801628,0.801628
2017-11-06,0.818086,0.818086,0.793269,0.793269
2017-11-08,0.768537,0.801628,0.768537,0.801628
2017-11-09,0.784996,0.801628,0.784996,0.784996
2017-11-10,0.784996,0.784996,0.784996,0.784996
2017-11-13,0.801628,0.801628,0.801628,0.801628
2017-11-14,0.776811,0.801628,0.768537,0.768537
2017-11-15,0.793269,0.793269,0.760267,0.760267
2017-11-16,0.760267,0.784996,0.760267,0.776811
2017-11-17,0.760267,0.776811,0.760267,0.760267
2017-11-21,0.768537,0.776811,0.768537,0.776811
2017-11-22,0.760267,0.776811,0.760267,0.776811
2017-11-23,0.801628,0.801628,0.768537,0.768537
2017-11-27,0.776811,0.784996,0.776811,0.784996
2017-11-28,0.826357,0.826357,0.826357,0.826357
2017-11-29,0.826357,0.826357,0.826357,0.826357
2017-12-04,0.818086,0.818086,0.818086,0.818086
2017-12-06,0.809813,0.809813,0.809813,0.809813
2017-12-07,0.743808,0.776811,0.743808,0.760267
2017-12-08,0.784996,0.818086,0.760267,0.776811
2017-12-11,0.818086,0.818086,0.776811,0.793269
2017-12-12,0.784996,0.784996,0.784996,0.784996
2017-12-13,0.784996,0.793269,0.784996,0.784996
2017-12-14,0.784996,0.784996,0.776811,0.776811
2017-12-15,0.776811,0.776811,0.776811,0.776811
2017-12-18,0.776811,0.776811,0.776811,0.776811
2017-12-19,0.776811,0.784996,0.776811,0.784996
2017-12-20,0.784996,0.784996,0.784996,0.784996
2017-12-21,0.784996,0.784996,0.784996,0.784996
2017-12-22,0.784996,0.784996,0.784996,0.784996
2017-12-27,0.793269,0.793269,0.793269,0.793269
2017-12-28,0.760267,0.776811,0.760267,0.776811
2017-12-29,0.768537,0.801628,0.768537,0.801628
2018-01-03,0.784996,0.793269,0.784996,0.793269
2018-01-04,0.768537,0.801628,0.768537,0.801628
2018-01-08,0.801628,0.801628,0.801628,0.801628
2018-01-09,0.793269,0.826357,0.793269,0.818086
2018-01-11,0.768537,0.818086,0.768537,0.818086
2018-01-12,0.818086,0.818086,0.818086,0.818086
2018-01-15,0.834717,0.834717,0.834717,0.834717
2018-01-22,0.834717,0.834717,0.834717,0.834717
2018-01-24,0.842903,0.842903,0.842903,0.842903
2018-01-26,0.842903,0.851174,0.842903,0.851174
2018-01-29,0.851174,0.851174,0.851174,0.851174
2018-01-30,0.834717,0.834717,0.818086,0.818086
2018-01-31,0.859447,0.859447,0.859447,0.859447
2018-02-02,0.867633,0.867633,0.842903,0.842903
2018-02-05,0.867633,0.867633,0.818086,0.859447
2018-02-06,0.784996,0.859447,0.784996,0.859447
2018-02-07,0.859447,0.859447,0.801628,0.801628
2018-02-09,0.784996,0.818086,0.784996,0.818086
2018-02-12,0.768537,0.784996,0.768537,0.776811
2018-02-13,0.776811,0.784996,0.776811,0.784996
2018-02-19,0.784996,0.818086,0.784996,0.818086
2018-02-21,0.793269,0.818086,0.793269,0.793269
2018-02-22,0.809813,0.809813,0.809813,0.809813
2018-02-23,0.809813,0.809813,0.801628,0.801628
2018-02-27,0.818086,0.818086,0.809813,0.818086
2018-03-02,0.784996,0.784996,0.776811,0.776811
2018-03-05,0.809813,0.809813,0.801628,0.801628
2018-03-06,0.776811,0.809813,0.776811,0.809813
2018-03-09,0.784996,0.784996,0.776811,0.776811
2018-03-12,0.784996,0.784996,0.784996,0.784996
2018-03-14,0.776811,0.776811,0.776811,0.776811
2018-03-19,0.776811,0.776811,0.776811,0.776811
2018-03-20,0.768537,0.768537,0.768537,0.768537
2018-03-22,0.743808,0.743808,0.743808,0.743808
2018-03-26,0.768537,0.768537,0.768537,0.768537
2018-03-28,0.735449,0.735449,0.718905,0.727177
2018-04-04,0.743808,0.743808,0.727177,0.727177
2018-04-05,0.743808,0.743808,0.743808,0.743808
2018-04-16,0.751995,0.751995,0.751995,0.751995
2018-04-23,0.776811,0.776811,0.776811,0.776811
2018-04-24,0.784996,0.809813,0.776811,0.809813
2018-04-25,0.751995,0.760267,0.751995,0.760267
2018-04-26,0.801628,0.801628,0.751995,0.751995
2018-04-27,0.760267,0.760267,0.751995,0.751995
2018-04-30,0.751995,0.760267,0.751995,0.760267
2018-05-04,0.793269,0.793269,0.743808,0.743808
2018-05-07,0.743808,0.743808,0.743808,0.743808
2018-05-14,0.768537,0.768537,0.768537,0.768537
2018-05-18,0.743808,0.784996,0.743808,0.784996
2018-05-21,0.751995,0.784996,0.751995,0.784996
2018-05-23,0.768537,0.768537,0.768537,0.768537
2018-05-24,0.751995,0.751995,0.702447,0.702447
2018-05-25,0.636269,0.702447,0.636269,0.702447
2018-05-28,0.710633,0.710633,0.694088,0.694088
2018-05-29,0.661085,0.694088,0.652815,0.652815
2018-06-01,0.669445,0.694088,0.669445,0.685904
2018-06-04,0.669445,0.669445,0.669445,0.669445
2018-06-05,0.685904,0.685904,0.685904,0.685904
2018-06-06,0.685904,0.685904,0.685904,0.685904
2018-06-11,0.661085,0.710633,0.661085,0.702447
2018-06-20,0.669445,0.669445,0.669445,0.669445
2018-06-26,0.669445,0.669445,0.669445,0.669445
2018-06-28,0.677631,0.677631,0.677631,0.677631
2018-07-04,0.669445,0.669445,0.669445,0.669445
2018-07-06,0.669445,0.669445,0.669445,0.669445
2018-07-13,0.661085,0.661085,0.652815,0.652815
2018-07-16,0.661085,0.661085,0.661085,0.661085
2018-07-26,0.685904,0.685904,0.661085,0.661085
2018-07-27,0.685904,0.694088,0.661085,0.694088
2018-07-30,0.685904,0.685904,0.685904,0.685904
2018-07-31,0.685904,0.685904,0.685904,0.685904
2018-08-02,0.685904,0.685904,0.669445,0.669445
2018-08-03,0.669445,0.669445,0.669445,0.669445
2018-08-09,0.661085,0.661085,0.661085,0.661085
2018-08-10,0.661085,0.661085,0.644541,0.644541
2018-08-13,0.627997,0.644541,0.627997,0.627997
2018-08-16,0.627997,0.627997,0.627997,0.627997
2018-08-17,0.627997,0.627997,0.619726,0.619726
2018-08-20,0.619726,0.619726,0.619726,0.619726
2018-08-22,0.627997,0.627997,0.627997,0.627997
2018-08-28,0.619726,0.619726,0.619726,0.619726
2018-08-29,0.652815,0.652815,0.652815,0.652815
2018-08-30,0.644541,0.644541,0.644541,0.644541
2018-08-31,0.636269,0.636269,0.636269,0.636269
2018-09-03,0.694088,0.694088,0.694088,0.694088
2018-09-04,0.644541,0.644541,0.611539,0.611539
2018-09-05,0.594995,0.636269,0.594995,0.636269
2018-09-06,0.627997,0.627997,0.627997,0.627997
2018-09-07,0.594995,0.594995,0.594995,0.594995
2018-09-10,0.619726,0.661085,0.619726,0.661085
2018-09-11,0.685904,0.685904,0.603268,0.677631
2018-09-12,0.603268,0.636269,0.594995,0.611539
2018-09-13,0.611539,0.644541,0.603268,0.603268
2018-09-17,0.619726,0.652815,0.619726,0.652815
2018-09-18,0.644541,0.644541,0.611539,0.619726
2018-09-21,0.652815,0.652815,0.652815,0.652815
2018-09-24,0.652815,0.652815,0.644541,0.644541
2018-09-25,0.644541,0.644541,0.644541,0.644541
2018-09-26,0.644541,0.644541,0.644541,0.644541
2018-09-27,0.652815,0.652815,0.636269,0.636269
2018-09-28,0.627997,0.627997,0.619726,0.619726
2018-10-01,0.627997,0.652815,0.619726,0.652815
2018-10-04,0.661085,0.669445,0.619726,0.669445
2018-10-05,0.627997,0.652815,0.627997,0.652815
2018-10-08,0.627997,0.652815,0.627997,0.652815
2018-10-09,0.652815,0.652815,0.644541,0.644541
2018-10-10,0.644541,0.644541,0.611539,0.636269
2018-10-11,0.636269,0.636269,0.636269,0.636269
2018-10-12,0.611539,0.611539,0.611539,0.611539
2018-10-15,0.611539,0.611539,0.594995,0.611539
2018-10-16,0.603268,0.603268,0.603268,0.603268
2018-10-17,0.636269,0.636269,0.627997,0.627997
2018-10-18,0.636269,0.636269,0.603268,0.603268
2018-10-19,0.603268,0.636269,0.586722,0.636269
2018-10-22,0.594995,0.594995,0.586722,0.586722
2018-10-24,0.611539,0.611539,0.611539,0.611539
2018-10-25,0.586722,0.636269,0.586722,0.636269
2018-10-29,0.619726,0.627997,0.586722,0.586722
2018-10-30,0.586722,0.586722,0.586722,0.586722
2018-11-05,0.619726,0.619726,0.619726,0.619726
2018-11-06,0.619726,0.619726,0.619726,0.619726
2018-11-07,0.619726,0.619726,0.603268,0.603268
2018-11-08,0.603268,0.619726,0.603268,0.619726
2018-11-14,0.619726,0.627997,0.619726,0.627997
2018-11-15,0.619726,0.619726,0.619726,0.619726
2018-11-21,0.619726,0.619726,0.619726,0.619726
2018-11-22,0.619726,0.619726,0.570264,0.586722
2018-11-23,0.57845,0.57845,0.57845,0.57845
2018-11-26,0.586722,0.586722,0.586722,0.586722
2018-11-27,0.586722,0.619726,0.586722,0.619726
2018-11-28,0.619726,0.619726,0.594995,0.594995
2018-11-30,0.594995,0.619726,0.594995,0.619726
2018-12-03,0.611539,0.611539,0.57845,0.611539
2018-12-04,0.611539,0.611539,0.603268,0.603268
2018-12-05,0.603268,0.603268,0.603268,0.603268
2018-12-06,0.619726,0.619726,0.570264,0.570264
2018-12-07,0.57845,0.57845,0.570264,0.570264
2018-12-10,0.586722,0.586722,0.561906,0.561906
2018-12-11,0.561906,0.561906,0.561906,0.561906
2018-12-12,0.586722,0.586722,0.57845,0.57845
2018-12-13,0.57845,0.57845,0.57845,0.57845
2018-12-14,0.570264,0.570264,0.570264,0.570264
2018-12-18,0.570264,0.570264,0.570264,0.570264
2018-12-19,0.553635,0.586722,0.553635,0.57845
2018-12-20,0.570264,0.570264,0.570264,0.570264
2018-12-21,0.570264,0.570264,0.561906,0.561906
2018-12-27,0.561906,0.586722,0.553635,0.553635
2018-12-28,0.553635,0.553635,0.553635,0.553635
2019-01-02,0.57845,0.57845,0.553635,0.570264
2019-01-03,0.570264,0.570264,0.570264,0.570264
2019-01-04,0.570264,0.586722,0.570264,0.586722
2019-01-07,0.586722,0.603268,0.586722,0.594995
2019-01-09,0.594995,0.611539,0.594995,0.603268
2019-01-10,0.603268,0.611539,0.603268,0.611539
2019-01-11,0.603268,0.611539,0.603268,0.603268
2019-01-14,0.611539,0.611539,0.603268,0.603268
2019-01-15,0.611539,0.611539,0.603268,0.611539
2019-01-16,0.611539,0.611539,0.603268,0.611539
2019-01-17,0.611539,0.611539,0.594995,0.611539
2019-01-18,0.619726,0.619726,0.619726,0.619726
2019-01-21,0.619726,0.619726,0.619726,0.619726
2019-01-22,0.619726,0.619726,0.619726,0.619726
2019-01-24,0.619726,0.619726,0.619726,0.619726
2019-01-25,0.619726,0.627997,0.619726,0.619726
2019-01-28,0.619726,0.619726,0.611539,0.619726
2019-01-29,0.619726,0.644541,0.611539,0.611539
2019-01-30,0.619726,0.619726,0.594995,0.594995
2019-01-31,0.57845,0.594995,0.570264,0.570264
2019-02-01,0.570264,0.57845,0.553635,0.57845
2019-02-04,0.570264,0.57845,0.561906,0.57845
2019-02-05,0.57845,0.57845,0.570264,0.570264
2019-02-06,0.57845,0.57845,0.570264,0.570264
2019-02-07,0.561906,0.570264,0.561906,0.570264
2019-02-08,0.570264,0.586722,0.553635,0.553635
2019-02-11,0.561906,0.561906,0.561906,0.561906
2019-02-12,0.570264,0.570264,0.570264,0.570264
2019-02-13,0.561906,0.561906,0.561906,0.561906
2019-02-14,0.57845,0.57845,0.57845,0.57845
2019-02-15,0.553635,0.57845,0.553635,0.561906
2019-02-18,0.57845,0.57845,0.57845,0.57845
2019-02-19,0.57845,0.57845,0.570264,0.570264
2019-02-20,0.57845,0.57845,0.57845,0.57845
2019-02-22,0.57845,0.57845,0.57845,0.57845
2019-02-25,0.57845,0.586722,0.57845,0.57845
2019-02-26,0.57845,0.594995,0.57845,0.594995
2019-02-27,0.594995,0.594995,0.570264,0.586722
2019-02-28,0.586722,0.586722,0.586722,0.586722
2019-03-01,0.594995,0.594995,0.594995,0.594995
2019-03-04,0.603268,0.603268,0.594995,0.603268
2019-03-05,0.603268,0.603268,0.57845,0.603268
2019-03-06,0.586722,0.603268,0.586722,0.603268
2019-03-07,0.594995,0.603268,0.57845,0.594995
2019-03-08,0.594995,0.594995,0.570264,0.570264
2019-03-11,0.594995,0.594995,0.570264,0.570264
2019-03-12,0.57845,0.57845,0.57845,0.57845
2019-03-13,0.57845,0.586722,0.57845,0.586722
2019-03-14,0.594995,0.594995,0.594995,0.594995
2019-03-15,0.603268,0.603268,0.594995,0.594995
2019-03-18,0.603268,0.611539,0.603268,0.611539
2019-03-19,0.611539,0.627997,0.594995,0.611539
2019-03-20,0.619726,0.619726,0.611539,0.611539
2019-03-21,0.603268,0.603268,0.603268,0.603268
2019-03-22,0.603268,0.603268,0.603268,0.603268
2019-03-25,0.603268,0.603268,0.603268,0.603268
2019-03-26,0.586722,0.586722,0.57845,0.57845
2019-03-27,0.57845,0.594995,0.57845,0.586722
2019-03-28,0.586722,0.586722,0.57845,0.57845
2019-03-29,0.57845,0.57845,0.57845,0.57845
2019-04-01,0.586722,0.586722,0.586722,0.586722
2019-04-02,0.586722,0.603268,0.586722,0.594995
2019-04-03,0.594995,0.611539,0.594995,0.611539
2019-04-04,0.611539,0.611539,0.594995,0.603268
2019-04-05,0.611539,0.611539,0.611539,0.611539
2019-04-08,0.611539,0.611539,0.611539,0.611539
2019-04-09,0.627997,0.627997,0.611539,0.627997
2019-04-10,0.611539,0.627997,0.611539,0.627997
2019-04-11,0.627997,0.627997,0.603268,0.619726
2019-04-12,0.603268,0.636269,0.603268,0.636269
2019-04-15,0.644541,0.644541,0.644541,0.644541
2019-04-16,0.644541,0.644541,0.644541,0.644541
2019-04-17,0.644541,0.652815,0.644541,0.652815
2019-04-23,0.652815,0.652815,0.619726,0.619726
2019-04-24,0.619726,0.652815,0.619726,0.627997
2019-04-25,0.636269,0.636269,0.636269,0.636269
2019-04-26,0.636269,0.636269,0.619726,0.619726
2019-04-29,0.644541,0.644541,0.611539,0.619726
2019-04-30,0.619726,0.627997,0.619726,0.619726
2019-05-02,0.619726,0.627997,0.611539,0.619726
2019-05-06,0.644541,0.644541,0.586722,0.586722
2019-05-07,0.586722,0.586722,0.586722,0.586722
2019-05-08,0.586722,0.586722,0.57845,0.57845
2019-05-09,0.57845,0.57845,0.570264,0.570264
2019-05-10,0.570264,0.57845,0.570264,0.570264
2019-05-13,0.570264,0.570264,0.570264,0.570264
2019-05-14,0.570264,0.570264,0.561906,0.561906
2019-05-15,0.553635,0.553635,0.553635,0.553635
2019-05-16,0.553635,0.57845,0.553635,0.57845
2019-05-17,0.57845,0.586722,0.57845,0.586722
2019-05-21,0.586722,0.586722,0.57845,0.586722
2019-05-22,0.586722,0.586722,0.561906,0.57845
2019-05-23,0.553635,0.57845,0.553635,0.553635
2019-05-24,0.553635,0.553635,0.553635,0.553635
2019-05-27,0.520546,0.537175,0.520546,0.537175
2019-05-28,0.570264,0.570264,0.570264,0.570264
2019-05-29,0.537175,0.537175,0.537175,0.537175
2019-05-30,0.545361,0.545361,0.545361,0.545361
2019-05-31,0.561906,0.561906,0.537175,0.561906
2019-06-03,0.545361,0.561906,0.537175,0.537175
2019-06-04,0.537175,0.537175,0.537175,0.537175
2019-06-05,0.570264,0.570264,0.537175,0.537175
2019-06-06,0.570264,0.570264,0.537175,0.537175
2019-06-07,0.561906,0.561906,0.537175,0.545361
2019-06-10,0.537175,0.537175,0.537175,0.537175
2019-06-11,0.561906,0.570264,0.561906,0.570264
2019-06-12,0.561906,0.561906,0.545361,0.545361
2019-06-13,0.537175,0.545361,0.537175,0.545361
2019-06-14,0.537175,0.537175,0.537175,0.537175
2019-06-17,0.537175,0.545361,0.537175,0.545361
2019-06-18,0.537175,0.537175,0.537175,0.537175
2019-06-19,0.537175,0.545361,0.537175,0.545361
2019-06-24,0.553635,0.561906,0.537175,0.545361
2019-06-25,0.545361,0.545361,0.537175,0.537175
2019-06-26,0.561906,0.561906,0.537175,0.537175
2019-06-27,0.553635,0.553635,0.553635,0.553635
2019-06-28,0.561906,0.561906,0.561906,0.561906
2019-07-01,0.561906,0.561906,0.561906,0.561906
2019-07-02,0.561906,0.561906,0.561906,0.561906
2019-07-03,0.561906,0.561906,0.553635,0.553635
2019-07-04,0.561906,0.561906,0.561906,0.561906
2019-07-05,0.570264,0.570264,0.570264,0.570264
2019-07-08,0.57845,0.57845,0.57845,0.57845
2019-07-09,0.57845,0.57845,0.57845,0.57845
2019-07-10,0.57845,0.57845,0.570264,0.570264
2019-07-11,0.570264,0.570264,0.570264,0.570264
2019-07-12,0.570264,0.570264,0.570264,0.570264
2019-07-15,0.570264,0.570264,0.537175,0.537175
2019-07-16,0.545361,0.545361,0.545361,0.545361
2019-07-18,0.570264,0.570264,0.570264,0.570264
2019-07-19,0.561906,0.561906,0.553635,0.553635
2019-07-22,0.553635,0.553635,0.545361,0.545361
2019-07-24,0.570264,0.570264,0.553635,0.561906
2019-07-25,0.561906,0.570264,0.561906,0.570264
2019-07-29,0.561906,0.561906,0.561906,0.561906
2019-07-30,0.561906,0.570264,0.537175,0.537175
2019-07-31,0.537175,0.537175,0.528903,0.528903
2019-08-01,0.537175,0.537175,0.537175,0.537175
2019-08-02,0.528903,0.528903,0.51236,0.520546
2019-08-05,0.537175,0.537175,0.51236,0.51236
2019-08-06,0.528903,0.528903,0.504087,0.504087
2019-08-07,0.504087,0.504087,0.487542,0.495901
2019-08-08,0.495901,0.504087,0.495901,0.504087
2019-08-09,0.487542,0.495901,0.487542,0.487542
2019-08-12,0.487542,0.487542,0.487542,0.487542
2019-08-13,0.51236,0.51236,0.479356,0.479356
2019-08-14,0.479356,0.479356,0.479356,0.479356
2019-08-16,0.479356,0.479356,0.479356,0.479356
2019-08-19,0.479356,0.479356,0.479356,0.479356
2019-08-20,0.504087,0.504087,0.479356,0.479356
2019-08-21,0.487542,0.487542,0.479356,0.479356
2019-08-22,0.479356,0.487542,0.479356,0.487542
2019-08-23,0.479356,0.479356,0.479356,0.479356
2019-08-26,0.504087,0.504087,0.479356,0.479356
2019-08-27,0.504087,0.504087,0.504087,0.504087
2019-08-28,0.495901,0.495901,0.495901,0.495901
2019-09-03,0.495901,0.495901,0.495901,0.495901
2019-09-04,0.504087,0.504087,0.462812,0.470998
2019-09-05,0.470998,0.470998,0.462812,0.470998
2019-09-06,0.470998,0.470998,0.470998,0.470998
2019-09-09,0.479356,0.479356,0.470998,0.479356
2019-09-11,0.479356,0.520546,0.479356,0.520546
2019-09-12,0.520546,0.520546,0.504087,0.520546
2019-09-13,0.528903,0.528903,0.528903,0.528903
2019-09-16,0.520546,0.528903,0.520546,0.528903
2019-09-17,0.528903,0.528903,0.520546,0.528903
2019-09-18,0.528903,0.528903,0.520546,0.520546
2019-09-19,0.528903,0.537175,0.528903,0.537175
2019-09-20,0.537175,0.537175,0.537175,0.537175
2019-09-23,0.537175,0.537175,0.51236,0.520546
2019-09-24,0.51236,0.51236,0.51236,0.51236
2019-09-25,0.528903,0.528903,0.528903,0.528903
2019-09-26,0.51236,0.51236,0.51236,0.51236
2019-09-27,0.51236,0.51236,0.51236,0.51236
2019-09-30,0.528903,0.528903,0.528903,0.528903
2019-10-02,0.528903,0.528903,0.51236,0.528903
2019-10-03,0.51236,0.537175,0.495901,0.495901
2019-10-04,0.537175,0.537175,0.495901,0.504087
2019-10-08,0.528903,0.528903,0.487542,0.487542
2019-10-10,0.495901,0.504087,0.495901,0.504087
2019-10-11,0.520546,0.520546,0.520546,0.520546
2019-10-15,0.528903,0.537175,0.520546,0.537175
2019-10-16,0.520546,0.537175,0.520546,0.537175
2019-10-17,0.537175,0.553635,0.537175,0.553635
2019-10-18,0.545361,0.561906,0.545361,0.561906
2019-10-21,0.537175,0.561906,0.537175,0.537175
2019-10-22,0.561906,0.561906,0.561906,0.561906
2019-10-23,0.561906,0.570264,0.553635,0.570264
2019-10-24,0.570264,0.570264,0.570264,0.570264
2019-10-25,0.553635,0.553635,0.537175,0.537175
2019-10-28,0.537175,0.553635,0.51236,0.537175
2019-10-29,0.561906,0.570264,0.561906,0.570264
2019-10-30,0.553635,0.561906,0.553635,0.553635
2019-10-31,0.528903,0.545361,0.504087,0.51236
2019-11-04,0.520546,0.528903,0.51236,0.528903
2019-11-05,0.528903,0.537175,0.528903,0.537175
2019-11-07,0.528903,0.528903,0.528903,0.528903
2019-11-08,0.528903,0.528903,0.528903,0.528903
2019-11-12,0.528903,0.528903,0.520546,0.528903
2019-11-13,0.528903,0.528903,0.520546,0.520546
2019-11-14,0.520546,0.520546,0.504087,0.504087
2019-11-15,0.504087,0.504087,0.504087,0.504087
2019-11-18,0.504087,0.504087,0.504087,0.504087
2019-11-19,0.520546,0.520546,0.504087,0.504087
2019-11-20,0.504087,0.520546,0.504087,0.520546
2019-11-21,0.520546,0.520546,0.504087,0.504087
2019-11-22,0.520546,0.520546,0.520546,0.520546
2019-11-25,0.51236,0.51236,0.504087,0.51236
2019-11-27,0.504087,0.504087,0.504087,0.504087
2019-11-28,0.520546,0.520546,0.504087,0.520546
2019-11-29,0.520546,0.520546,0.504087,0.504087
2019-12-02,0.504087,0.520546,0.487542,0.487542
2019-12-03,0.495901,0.495901,0.487542,0.487542
2019-12-04,0.487542,0.487542,0.487542,0.487542
2019-12-05,0.487542,0.487542,0.487542,0.487542
2019-12-06,0.487542,0.51236,0.487542,0.51236
2019-12-09,0.520546,0.520546,0.51236,0.520546
2019-12-10,0.51236,0.51236,0.51236,0.51236
2019-12-11,0.51236,0.51236,0.51236,0.51236
2019-12-12,0.51236,0.520546,0.51236,0.520546
2019-12-13,0.520546,0.528903,0.51236,0.520546
2019-12-16,0.528903,0.528903,0.504087,0.51236
2019-12-17,0.528903,0.528903,0.51236,0.51236
2019-12-18,0.51236,0.51236,0.51236,0.51236
2019-12-19,0.51236,0.528903,0.51236,0.51236
2019-12-20,0.51236,0.528903,0.51236,0.528903
2019-12-23,0.528903,0.528903,0.528903,0.528903
2019-12-27,0.528903,0.528903,0.528903,0.528903
2019-12-30,0.495901,0.520546,0.495901,0.51236
2020-01-02,0.51236,0.528903,0.51236,0.528903
2020-01-03,0.537175,0.537175,0.520546,0.537175
2020-01-07,0.537175,0.537175,0.528903,0.528903
2020-01-08,0.528903,0.528903,0.51236,0.51236
2020-01-10,0.528903,0.528903,0.51236,0.51236
2020-01-13,0.51236,0.51236,0.51236,0.51236
2020-01-14,0.528903,0.528903,0.51236,0.51236
2020-01-15,0.51236,0.51236,0.504087,0.504087
2020-01-16,0.504087,0.520546,0.504087,0.504087
2020-01-17,0.504087,0.520546,0.504087,0.520546
2020-01-20,0.520546,0.520546,0.504087,0.51236
2020-01-21,0.51236,0.51236,0.51236,0.51236
2020-01-22,0.51236,0.51236,0.504087,0.504087
2020-01-23,0.51236,0.51236,0.51236,0.51236
2020-01-24,0.51236,0.520546,0.51236,0.51236
2020-01-27,0.520546,0.520546,0.495901,0.51236
2020-01-28,0.51236,0.51236,0.495901,0.51236
2020-01-29,0.51236,0.51236,0.504087,0.504087
2020-01-30,0.479356,0.487542,0.479356,0.487542
2020-01-31,0.479356,0.487542,0.479356,0.487542
2020-02-03,0.487542,0.487542,0.479356,0.479356
2020-02-04,0.479356,0.504087,0.479356,0.504087
2020-02-05,0.504087,0.51236,0.504087,0.51236
2020-02-06,0.51236,0.528903,0.504087,0.504087
2020-02-07,0.504087,0.504087,0.504087,0.504087
2020-02-10,0.51236,0.528903,0.504087,0.528903
2020-02-11,0.528903,0.537175,0.504087,0.51236
2020-02-12,0.528903,0.528903,0.51236,0.51236
2020-02-14,0.520546,0.528903,0.520546,0.528903
2020-02-17,0.528903,0.537175,0.51236,0.537175
2020-02-18,0.537175,0.537175,0.537175,0.537175
2020-02-19,0.537175,0.537175,0.528903,0.537175
2020-02-20,0.537175,0.537175,0.51236,0.51236
2020-02-21,0.528903,0.528903,0.51236,0.51236
2020-02-24,0.51236,0.51236,0.495901,0.495901
2020-02-25,0.495901,0.495901,0.487542,0.487542
2020-02-26,0.487542,0.487542,0.479356,0.487542
2020-02-27,0.520546,0.520546,0.470998,0.470998
2020-02-28,0.470998,0.470998,0.454453,0.462812
2020-03-02,0.462812,0.462812,0.446183,0.454453
2020-03-03,0.454453,0.470998,0.454453,0.470998
2020-03-04,0.470998,0.470998,0.446183,0.454453
2020-03-05,0.470998,0.470998,0.429688,0.429688
2020-03-06,0.421461,0.429688,0.421461,0.421461
2020-03-09,0.454453,0.454453,0.37186,0.37186
2020-03-10,0.388397,0.39666,0.363605,0.363605
2020-03-11,0.380134,0.380134,0.37186,0.380134
2020-03-12,0.363605,0.363605,0.330545,0.330545
2020-03-13,0.330545,0.355333,0.314016,0.314016
2020-03-16,0.314016,0.314016,0.280961,0.280961
2020-03-17,0.305753,0.314016,0.280961,0.314016
2020-03-18,0.322289,0.322289,0.289225,0.305753
2020-03-19,0.305753,0.305753,0.297489,0.297489
2020-03-20,0.305753,0.314016,0.297489,0.297489
2020-03-23,0.297489,0.322289,0.280961,0.305753
2020-03-24,0.322289,0.338814,0.322289,0.338814
2020-03-25,0.355333,0.37186,0.338814,0.355333
2020-03-26,0.355333,0.363605,0.355333,0.363605
2020-03-27,0.363605,0.363605,0.330545,0.355333
2020-03-30,0.355333,0.355333,0.314016,0.347071
2020-03-31,0.338814,0.338814,0.322289,0.330545
2020-04-01,0.330545,0.330545,0.314016,0.322289
2020-04-02,0.322289,0.322289,0.314016,0.314016
2020-04-03,0.314016,0.338814,0.305753,0.322289
2020-04-06,0.330545,0.330545,0.322289,0.322289
2020-04-07,0.330545,0.347071,0.322289,0.330545
2020-04-08,0.330545,0.330545,0.322289,0.330545
2020-04-09,0.338814,0.338814,0.322289,0.330545
2020-04-14,0.330545,0.338814,0.314016,0.314016
2020-04-15,0.330545,0.330545,0.297489,0.305753
2020-04-16,0.305753,0.305753,0.289225,0.297489
2020-04-17,0.297489,0.297489,0.289225,0.289225
2020-04-20,0.297489,0.297489,0.280961,0.289225
2020-04-21,0.289225,0.289225,0.272697,0.280961
2020-04-22,0.280961,0.280961,0.272697,0.280961
2020-04-23,0.280961,0.289225,0.280961,0.289225
2020-04-24,0.289225,0.289225,0.280961,0.280961
2020-04-27,0.297489,0.297489,0.280961,0.289225
2020-04-28,0.289225,0.305753,0.280961,0.305753
2020-04-29,0.314016,0.330545,0.314016,0.322289
2020-04-30,0.330545,0.330545,0.314016,0.322289
2020-05-04,0.322289,0.322289,0.305753,0.305753
2020-05-05,0.314016,0.314016,0.297489,0.305753
2020-05-06,0.297489,0.305753,0.297489,0.297489
2020-05-07,0.297489,0.305753,0.297489,0.297489
2020-05-08,0.305753,0.305753,0.297489,0.305753
2020-05-11,0.305753,0.314016,0.297489,0.297489
2020-05-12,0.305753,0.305753,0.297489,0.297489
2020-05-13,0.305753,0.305753,0.289225,0.297489
2020-05-14,0.297489,0.297489,0.272697,0.289225
2020-05-15,0.289225,0.289225,0.280961,0.289225
2020-05-18,0.289225,0.289225,0.280961,0.289225
2020-05-19,0.297489,0.305753,0.272697,0.280961
2020-05-20,0.280961,0.280961,0.272697,0.280961
2020-05-21,0.280961,0.289225,0.280961,0.289225
2020-05-22,0.289225,0.289225,0.272697,0.280961
2020-05-25,0.289225,0.289225,0.289225,0.289225
2020-05-26,0.289225,0.305753,0.289225,0.289225
2020-05-27,0.289225,0.305753,0.289225,0.297489
2020-05-28,0.305753,0.305753,0.297489,0.305753
2020-05-29,0.305753,0.305753,0.289225,0.289225
2020-06-01,0.297489,0.305753,0.289225,0.297489
2020-06-02,0.305753,0.305753,0.297489,0.305753
2020-06-03,0.305753,0.322289,0.305753,0.314016
2020-06-04,0.322289,0.330545,0.314016,0.322289
2020-06-05,0.338814,0.355333,0.338814,0.355333
2020-06-08,0.363605,0.37186,0.355333,0.355333
2020-06-09,0.388397,0.388397,0.347071,0.355333
2020-06-10,0.355333,0.363605,0.347071,0.347071
2020-06-12,0.322289,0.330545,0.314016,0.322289
2020-06-15,0.322289,0.322289,0.305753,0.305753
2020-06-16,0.314016,0.330545,0.314016,0.330545
2020-06-17,0.330545,0.330545,0.322289,0.322289
2020-06-18,0.322289,0.322289,0.305753,0.314016
2020-06-19,0.322289,0.322289,0.305753,0.314016
2020-06-22,0.314016,0.314016,0.305753,0.305753
2020-06-23,0.314016,0.322289,0.305753,0.314016
2020-06-24,0.314016,0.322289,0.305753,0.305753
2020-06-25,0.305753,0.314016,0.297489,0.314016
2020-06-26,0.314016,0.314016,0.305753,0.305753
2020-06-29,0.305753,0.314016,0.297489,0.314016
2020-06-30,0.314016,0.314016,0.305753,0.305753
2020-07-01,0.305753,0.314016,0.305753,0.305753
2020-07-02,0.314016,0.330545,0.314016,0.322289
2020-07-03,0.330545,0.330545,0.314016,0.322289
2020-07-06,0.322289,0.338814,0.322289,0.322289
2020-07-07,0.338814,0.338814,0.322289,0.330545
2020-07-08,0.330545,0.330545,0.314016,0.322289
2020-07-09,0.314016,0.322289,0.314016,0.322289
2020-07-10,0.314016,0.314016,0.305753,0.314016
2020-07-13,0.322289,0.330545,0.314016,0.322289
2020-07-14,0.322289,0.322289,0.314016,0.314016
2020-07-15,0.314016,0.322289,0.314016,0.322289
2020-07-16,0.322289,0.330545,0.322289,0.322289
2020-07-17,0.322289,0.322289,0.314016,0.314016
2020-07-20,0.314016,0.314016,0.305753,0.314016
2020-07-21,0.314016,0.322289,0.314016,0.314016
2020-07-22,0.314016,0.314016,0.305753,0.305753
2020-07-23,0.305753,0.305753,0.297489,0.305753
2020-07-24,0.305753,0.305753,0.297489,0.305753
2020-07-27,0.305753,0.305753,0.297489,0.297489
2020-07-28,0.305753,0.305753,0.297489,0.297489
2020-07-29,0.305753,0.330545,0.289225,0.330545
2020-07-30,0.338814,0.338814,0.314016,0.314016
2020-07-31,0.322289,0.322289,0.305753,0.305753
2020-08-03,0.314016,0.314016,0.297489,0.314016
2020-08-04,0.314016,0.322289,0.314016,0.322289
2020-08-05,0.322289,0.322289,0.314016,0.314016
2020-08-06,0.314016,0.314016,0.305753,0.314016
2020-08-07,0.314016,0.314016,0.305753,0.305753
2020-08-10,0.314016,0.314016,0.305753,0.314016
2020-08-11,0.314016,0.330545,0.314016,0.330545
2020-08-12,0.338814,0.347071,0.338814,0.338814
2020-08-13,0.338814,0.338814,0.330545,0.330545
2020-08-14,0.322289,0.322289,0.305753,0.322289
2020-08-17,0.330545,0.330545,0.314016,0.322289
2020-08-18,0.330545,0.330545,0.314016,0.314016
2020-08-19,0.314016,0.314016,0.314016,0.314016
2020-08-20,0.322289,0.322289,0.314016,0.314016
2020-08-21,0.314016,0.314016,0.305753,0.305753
2020-08-24,0.305753,0.314016,0.305753,0.314016
2020-08-25,0.314016,0.322289,0.314016,0.322289
2020-08-26,0.322289,0.322289,0.314016,0.314016
2020-08-27,0.314016,0.314016,0.314016,0.314016
2020-08-28,0.314016,0.322289,0.314016,0.322289
2020-08-31,0.322289,0.330545,0.314016,0.314016
2020-09-01,0.330545,0.330545,0.305753,0.314016
2020-09-02,0.314016,0.314016,0.305753,0.305753
2020-09-03,0.314016,0.322289,0.314016,0.314016
2020-09-04,0.314016,0.322289,0.305753,0.305753
2020-09-07,0.322289,0.322289,0.314016,0.314016
2020-09-08,0.314016,0.322289,0.305753,0.305753
2020-09-09,0.305753,0.314016,0.305753,0.314016
2020-09-10,0.314016,0.314016,0.305753,0.314016
2020-09-11,0.314016,0.314016,0.305753,0.305753
2020-09-14,0.305753,0.305753,0.297489,0.305753
2020-09-15,0.305753,0.305753,0.297489,0.305753
2020-09-16,0.305753,0.305753,0.289225,0.297489
2020-09-17,0.297489,0.297489,0.289225,0.297489
2020-09-18,0.297489,0.297489,0.280961,0.280961
2020-09-21,0.280961,0.280961,0.264443,0.272697
2020-09-22,0.289225,0.289225,0.264443,0.264443
2020-09-23,0.264443,0.272697,0.256171,0.264443
2020-09-24,0.264443,0.264443,0.256171,0.264443
2020-09-25,0.256171,0.264443,0.256171,0.256171
2020-09-28,0.256171,0.272697,0.256171,0.272697
2020-09-29,0.272697,0.272697,0.264443,0.272697
2020-09-30,0.264443,0.272697,0.256171,0.272697
2020-10-01,0.272697,0.272697,0.264443,0.264443
2020-10-02,0.264443,0.264443,0.256171,0.264443
2020-10-05,0.264443,0.272697,0.264443,0.264443
2020-10-06,0.272697,0.280961,0.272697,0.280961
2020-10-07,0.280961,0.280961,0.280961,0.280961
2020-10-08,0.280961,0.289225,0.280961,0.289225
2020-10-09,0.289225,0.289225,0.280961,0.280961
2020-10-12,0.280961,0.280961,0.272697,0.272697
2020-10-13,0.272697,0.280961,0.272697,0.272697
2020-10-14,0.272697,0.272697,0.272697,0.272697
2020-10-15,0.264443,0.264443,0.264443,0.264443
2020-10-16,0.256171,0.272697,0.256171,0.272697
2020-10-19,0.272697,0.280961,0.272697,0.272697
2020-10-20,0.272697,0.289225,0.272697,0.280961
2020-10-21,0.280961,0.289225,0.280961,0.280961
2020-10-22,0.280961,0.280961,0.272697,0.280961
2020-10-23,0.280961,0.289225,0.280961,0.289225
2020-10-26,0.280961,0.289225,0.280961,0.289225
2020-10-27,0.289225,0.297489,0.280961,0.289225
2020-10-28,0.289225,0.289225,0.272697,0.280961
2020-10-29,0.280961,0.280961,0.272697,0.280961
2020-10-30,0.280961,0.289225,0.280961,0.289225
2020-11-02,0.289225,0.297489,0.289225,0.297489
2020-11-03,0.297489,0.305753,0.297489,0.305753
2020-11-04,0.314016,0.314016,0.297489,0.297489
2020-11-05,0.297489,0.305753,0.297489,0.305753
2020-11-06,0.305753,0.305753,0.297489,0.305753
2020-11-09,0.314016,0.355333,0.297489,0.347071
2020-11-10,0.37186,0.388397,0.363605,0.380134
2020-11-12,0.380134,0.388397,0.380134,0.380134
2020-11-13,0.380134,0.404924,0.380134,0.39666
2020-11-16,0.380134,0.404924,0.380134,0.404924
2020-11-17,0.487542,0.487542,0.380134,0.39666
2020-11-18,0.388397,0.388397,0.380134,0.388397
2020-11-19,0.380134,0.388397,0.380134,0.388397
2020-11-20,0.388397,0.39666,0.388397,0.39666
2020-11-23,0.39666,0.39666,0.388397,0.39666
2020-11-24,0.39666,0.413179,0.39666,0.413179
2020-11-25,0.413179,0.421461,0.404924,0.404924
2020-11-26,0.413179,0.413179,0.404924,0.413179
2020-11-27,0.413179,0.413179,0.404924,0.413179
2020-11-30,0.413179,0.413179,0.404924,0.413179
2020-12-01,0.39666,0.429688,0.39666,0.421461
2020-12-02,0.404924,0.446183,0.404924,0.446183
2020-12-03,0.454453,0.454453,0.446183,0.454453
2020-12-04,0.454453,0.462812,0.454453,0.462812
2020-12-07,0.470998,0.470998,0.454453,0.462812
2020-12-08,0.462812,0.470998,0.454453,0.462812
2020-12-09,0.470998,0.470998,0.454453,0.454453
2020-12-10,0.446183,0.462812,0.437995,0.437995
2020-12-11,0.454453,0.454453,0.429688,0.454453
2020-12-14,0.462812,0.470998,0.462812,0.462812
2020-12-15,0.454453,0.470998,0.454453,0.470998
2020-12-16,0.470998,0.479356,0.470998,0.470998
2020-12-17,0.470998,0.470998,0.462812,0.470998
2020-12-18,0.470998,0.470998,0.462812,0.462812
2020-12-21,0.454453,0.454453,0.421461,0.421461
2020-12-22,0.421461,0.437995,0.421461,0.437995
2020-12-23,0.437995,0.462812,0.437995,0.462812
2020-12-28,0.454453,0.470998,0.454453,0.454453
2020-12-29,0.462812,0.470998,0.454453,0.462812
2020-12-30,0.462812,0.462812,0.454453,0.454453
2021-01-04,0.462812,0.462812,0.446183,0.446183
2021-01-05,0.446183,0.454453,0.446183,0.446183
2021-01-07,0.446183,0.487542,0.446183,0.487542
2021-01-08,0.487542,0.487542,0.479356,0.479356
2021-01-11,0.479356,0.495901,0.479356,0.495901
2021-01-12,0.504087,0.504087,0.487542,0.495901
2021-01-13,0.495901,0.504087,0.495901,0.495901
2021-01-14,0.495901,0.504087,0.495901,0.495901
2021-01-15,0.495901,0.495901,0.479356,0.479356
2021-01-18,0.462812,0.479356,0.462812,0.479356
2021-01-19,0.479356,0.487542,0.470998,0.470998
2021-01-20,0.479356,0.479356,0.470998,0.470998
2021-01-21,0.470998,0.470998,0.462812,0.462812
2021-01-22,0.462812,0.462812,0.446183,0.454453
2021-01-25,0.462812,0.462812,0.437995,0.437995
2021-01-26,0.437995,0.454453,0.437995,0.446183
2021-01-27,0.454453,0.454453,0.429688,0.429688
2021-01-28,0.429688,0.437995,0.413179,0.429688
2021-01-29,0.429688,0.429688,0.421461,0.421461
2021-02-01,0.421461,0.429688,0.421461,0.429688
2021-02-02,0.429688,0.437995,0.421461,0.437995
2021-02-03,0.446183,0.454453,0.446183,0.446183
2021-02-04,0.454453,0.470998,0.446183,0.470998
2021-02-05,0.470998,0.487542,0.470998,0.487542
2021-02-08,0.495901,0.495901,0.487542,0.495901
2021-02-09,0.495901,0.495901,0.495901,0.495901
2021-02-10,0.495901,0.504087,0.487542,0.504087
2021-02-11,0.495901,0.495901,0.487542,0.495901
2021-02-12,0.487542,0.487542,0.479356,0.487542
2021-02-15,0.487542,0.51236,0.487542,0.51236
2021-02-16,0.504087,0.51236,0.504087,0.51236
2021-02-17,0.504087,0.520546,0.504087,0.504087
2021-02-18,0.504087,0.51236,0.504087,0.504087
2021-02-19,0.495901,0.520546,0.495901,0.520546
2021-02-22,0.520546,0.520546,0.504087,0.51236
2021-02-23,0.504087,0.520546,0.504087,0.520546
2021-02-24,0.520546,0.520546,0.51236,0.520546
2021-02-25,0.520546,0.537175,0.520546,0.537175
2021-02-26,0.528903,0.528903,0.504087,0.51236
2021-03-01,0.51236,0.520546,0.51236,0.51236
2021-03-02,0.51236,0.51236,0.51236,0.51236
2021-03-03,0.51236,0.528903,0.51236,0.51236
2021-03-04,0.504087,0.520546,0.504087,0.51236
2021-03-05,0.51236,0.537175,0.51236,0.528903
2021-03-08,0.537175,0.537175,0.528903,0.537175
2021-03-09,0.528903,0.537175,0.51236,0.528903
2021-03-10,0.537175,0.537175,0.51236,0.520546
2021-03-11,0.520546,0.520546,0.504087,0.51236
2021-03-12,0.51236,0.528903,0.51236,0.520546
2021-03-15,0.520546,0.528903,0.51236,0.51236
2021-03-16,0.520546,0.520546,0.504087,0.51236
2021-03-17,0.504087,0.520546,0.504087,0.51236
2021-03-18,0.51236,0.528903,0.51236,0.528903
2021-03-19,0.520546,0.520546,0.51236,0.51236
2021-03-22,0.51236,0.51236,0.495901,0.495901
2021-03-23,0.495901,0.504087,0.495901,0.504087
2021-03-24,0.495901,0.504087,0.495901,0.504087
2021-03-25,0.487542,0.504087,0.487542,0.495901
2021-03-26,0.487542,0.520546,0.487542,0.51236
2021-03-29,0.528903,0.528903,0.504087,0.51236
2021-03-30,0.51236,0.520546,0.51236,0.51236
2021-03-31,0.520546,0.520546,0.504087,0.504087
2021-04-01,0.51236,0.51236,0.495901,0.504087
2021-04-06,0.504087,0.528903,0.504087,0.520546
2021-04-07,0.528903,0.528903,0.51236,0.51236
2021-04-08,0.51236,0.51236,0.504087,0.504087
2021-04-09,0.51236,0.51236,0.504087,0.504087
2021-04-12,0.504087,0.51236,0.495901,0.504087
2021-04-13,0.504087,0.51236,0.504087,0.504087
2021-04-14,0.504087,0.51236,0.504087,0.51236
2021-04-15,0.504087,0.51236,0.504087,0.504087
2021-04-16,0.504087,0.51236,0.504087,0.504087
2021-04-19,0.520546,0.520546,0.504087,0.520546
2021-04-20,0.520546,0.520546,0.504087,0.504087
2021-04-21,0.51236,0.51236,0.487542,0.495901
2021-04-22,0.487542,0.504087,0.487542,0.504087
2021-04-23,0.504087,0.504087,0.495901,0.504087
2021-04-26,0.51236,0.51236,0.495901,0.51236
2021-04-27,0.51236,0.528903,0.51236,0.528903
2021-04-28,0.504087,0.553635,0.504087,0.545361
2021-04-29,0.533729,0.558718,0.533729,0.558718
2021-04-30,0.558718,0.56699,0.550361,0.558718
2021-05-04,0.558718,0.56699,0.550361,0.550361
2021-05-05,0.550361,0.558718,0.550361,0.558718
2021-05-06,0.558718,0.56699,0.558718,0.558718
2021-05-07,0.56699,0.56699,0.558718,0.558718
2021-05-10,0.558718,0.583706,0.558718,0.583706
2021-05-11,0.575435,0.583706,0.56699,0.56699
2021-05-12,0.56699,0.575435,0.56699,0.575435
2021-05-13,0.575435,0.575435,0.558718,0.56699
2021-05-14,0.575435,0.583706,0.575435,0.583706
2021-05-17,0.583706,0.592065,0.583706,0.583706
2021-05-18,0.592065,0.592065,0.583706,0.592065
2021-05-19,0.600424,0.600424,0.575435,0.575435
2021-05-20,0.575435,0.583706,0.575435,0.575435
2021-05-21,0.583706,0.592065,0.575435,0.592065
2021-05-24,0.583706,0.592065,0.583706,0.592065
2021-05-25,0.583706,0.592065,0.583706,0.592065
2021-05-26,0.600424,0.600424,0.575435,0.583706
2021-05-27,0.592065,0.600424,0.592065,0.600424
2021-05-28,0.600424,0.608783,0.600424,0.600424
2021-05-31,0.608783,0.608783,0.600424,0.600424
2021-06-01,0.600424,0.608783,0.600424,0.608783
2021-06-02,0.608783,0.608783,0.608783,0.608783
2021-06-04,0.608783,0.61714,0.608783,0.608783
2021-06-07,0.61714,0.61714,0.600424,0.608783
2021-06-08,0.608783,0.608783,0.592065,0.600424
2021-06-09,0.600424,0.600424,0.592065,0.592065
2021-06-10,0.61714,0.61714,0.600424,0.600424
2021-06-11,0.592065,0.608783,0.592065,0.608783
2021-06-14,0.608783,0.608783,0.600424,0.608783
2021-06-15,0.608783,0.608783,0.592065,0.592065
2021-06-16,0.600424,0.600424,0.583706,0.583706
2021-06-17,0.600424,0.608783,0.583706,0.600424
2021-06-18,0.583706,0.583706,0.575435,0.575435
2021-06-21,0.575435,0.575435,0.56699,0.575435
2021-06-22,0.56699,0.575435,0.56699,0.575435
2021-06-23,0.575435,0.583706,0.575435,0.583706
2021-06-24,0.575435,0.592065,0.575435,0.583706
2021-06-25,0.583706,0.592065,0.583706,0.592065
2021-06-28,0.583706,0.600424,0.575435,0.575435
2021-06-29,0.600424,0.600424,0.575435,0.583706
2021-06-30,0.575435,0.575435,0.558718,0.558718
2021-07-01,0.56699,0.575435,0.558718,0.56699
2021-07-02,0.56699,0.575435,0.56699,0.56699
2021-07-05,0.56699,0.56699,0.56699,0.56699
2021-07-06,0.56699,0.575435,0.558718,0.558718
2021-07-07,0.558718,0.558718,0.550361,0.550361
2021-07-08,0.550361,0.550361,0.533729,0.533729
2021-07-09,0.533729,0.542088,0.533729,0.542088
2021-07-12,0.550361,0.550361,0.542088,0.550361
2021-07-13,0.550361,0.550361,0.542088,0.550361
2021-07-14,0.542088,0.550361,0.542088,0.542088
2021-07-15,0.550361,0.550361,0.542088,0.542088
2021-07-16,0.542088,0.550361,0.533729,0.533729
2021-07-19,0.542088,0.542088,0.50874,0.517012
2021-07-20,0.517012,0.517012,0.50874,0.517012
2021-07-21,0.517012,0.533729,0.517012,0.533729
2021-07-22,0.533729,0.550361,0.533729,0.542088
2021-07-23,0.533729,0.550361,0.533729,0.550361
2021-07-26,0.558718,0.56699,0.542088,0.558718
2021-07-27,0.558718,0.558718,0.558718,0.558718
2021-07-28,0.575435,0.575435,0.517012,0.517012
2021-07-29,0.517012,0.533729,0.517012,0.533729
2021-07-30,0.533729,0.533729,0.517012,0.525371
2021-08-02,0.533729,0.533729,0.525371,0.525371
2021-08-03,0.525371,0.525371,0.525371,0.525371
2021-08-04,0.525371,0.533729,0.525371,0.533729
2021-08-05,0.525371,0.533729,0.525371,0.525371
2021-08-06,0.525371,0.542088,0.525371,0.542088
2021-08-09,0.550361,0.550361,0.542088,0.542088
2021-08-10,0.525371,0.550361,0.525371,0.550361
2021-08-11,0.550361,0.558718,0.550361,0.550361
2021-08-12,0.550361,0.558718,0.550361,0.550361
2021-08-13,0.550361,0.558718,0.550361,0.558718
2021-08-16,0.558718,0.558718,0.542088,0.542088
2021-08-17,0.542088,0.542088,0.533729,0.533729
2021-08-18,0.558718,0.558718,0.525371,0.525371
2021-08-19,0.525371,0.533729,0.525371,0.525371
2021-08-20,0.525371,0.525371,0.50874,0.517012
2021-08-23,0.525371,0.533729,0.525371,0.525371
2021-08-24,0.525371,0.525371,0.525371,0.525371
2021-08-25,0.533729,0.533729,0.533729,0.533729
2021-08-26,0.533729,0.542088,0.533729,0.542088
2021-08-27,0.542088,0.542088,0.525371,0.533729
2021-08-30,0.525371,0.533729,0.525371,0.533729
2021-08-31,0.542088,0.542088,0.517012,0.525371
2021-09-01,0.542088,0.542088,0.533729,0.542088
2021-09-02,0.550361,0.550361,0.533729,0.533729
2021-09-03,0.533729,0.533729,0.525371,0.525371
2021-09-06,0.525371,0.533729,0.525371,0.533729
2021-09-07,0.533729,0.533729,0.525371,0.533729
2021-09-08,0.533729,0.533729,0.517012,0.525371
2021-09-09,0.525371,0.525371,0.517012,0.517012
2021-09-10,0.525371,0.525371,0.517012,0.517012
2021-09-13,0.525371,0.525371,0.517012,0.525371
2021-09-14,0.525371,0.533729,0.525371,0.525371
2021-09-15,0.525371,0.525371,0.525371,0.525371
2021-09-16,0.533729,0.533729,0.533729,0.533729
2021-09-17,0.525371,0.533729,0.517012,0.517012
2021-09-20,0.517012,0.517012,0.491938,0.491938
2021-09-21,0.491938,0.500381,0.491938,0.491938
2021-09-22,0.500381,0.50874,0.500381,0.50874
2021-09-23,0.50874,0.517012,0.50874,0.517012
2021-09-24,0.517012,0.525371,0.517012,0.525371
2021-09-27,0.525371,0.542088,0.525371,0.542088
2021-09-28,0.525371,0.542088,0.525371,0.533729
2021-09-29,0.542088,0.542088,0.525371,0.525371
2021-09-30,0.525371,0.542088,0.525371,0.525371
2021-10-01,0.533729,0.533729,0.50874,0.525371
2021-10-04,0.525371,0.533729,0.525371,0.525371
2021-10-05,0.525371,0.550361,0.525371,0.550361
2021-10-06,0.550361,0.550361,0.542088,0.550361
2021-10-07,0.550361,0.56699,0.542088,0.56699
2021-10-08,0.56699,0.575435,0.56699,0.575435
2021-10-11,0.575435,0.575435,0.56699,0.56699
2021-10-12,0.56699,0.56699,0.558718,0.56699
2021-10-13,0.575435,0.575435,0.550361,0.558718
2021-10-14,0.56699,0.56699,0.558718,0.558718
2021-10-15,0.558718,0.56699,0.558718,0.56699
2021-10-18,0.558718,0.56699,0.558718,0.56699
2021-10-19,0.558718,0.56699,0.558718,0.56699
2021-10-20,0.56699,0.56699,0.56699,0.56699
2021-10-21,0.56699,0.56699,0.558718,0.56699
2021-10-22,0.56699,0.56699,0.558718,0.558718
2021-10-25,0.558718,0.56699,0.558718,0.56699
2021-10-26,0.56699,0.56699,0.56699,0.56699
2021-10-27,0.56699,0.56699,0.550361,0.558718
2021-10-28,0.558459,0.566903,0.550015,0.566903
2021-10-29,0.558459,0.558459,0.550015,0.558459
2021-11-02,0.558459,0.566903,0.558459,0.566903
2021-11-03,0.592324,0.592324,0.558459,0.558459
2021-11-04,0.558459,0.566903,0.558459,0.558459
2021-11-05,0.566903,0.566903,0.550015,0.558459
2021-11-08,0.558459,0.566903,0.550015,0.550015
2021-11-09,0.550015,0.558459,0.550015,0.550015
2021-11-10,0.550015,0.558459,0.550015,0.550015
2021-11-12,0.550015,0.550015,0.550015,0.550015
2021-11-15,0.541571,0.550015,0.541571,0.550015
2021-11-16,0.541571,0.558459,0.541571,0.550015
2021-11-17,0.541571,0.541571,0.541571,0.541571
2021-11-18,0.541571,0.541571,0.533127,0.533127
2021-11-19,0.51615,0.541571,0.51615,0.51615
2021-11-22,0.51615,0.533127,0.51615,0.533127
2021-11-23,0.533127,0.533127,0.524595,0.524595
2021-11-24,0.524595,0.524595,0.51615,0.51615
2021-11-25,0.51615,0.524595,0.51615,0.524595
2021-11-26,0.524595,0.524595,0.482286,0.482286
2021-11-29,0.482286,0.482286,0.473841,0.482286
2021-11-30,0.473841,0.473841,0.465398,0.473841
2021-12-01,0.490815,0.490815,0.473841,0.473841
2021-12-02,0.482286,0.482286,0.473841,0.482286
2021-12-03,0.482286,0.482286,0.473841,0.473841
2021-12-06,0.482286,0.482286,0.473841,0.482286
2021-12-07,0.490815,0.490815,0.482286,0.482286
2021-12-08,0.490815,0.490815,0.473841,0.473841
2021-12-09,0.482286,0.482286,0.465398,0.465398
2021-12-10,0.465398,0.465398,0.465398,0.465398
2021-12-13,0.473841,0.473841,0.456951,0.456951
2021-12-14,0.465398,0.465398,0.456951,0.456951
2021-12-15,0.456951,0.456951,0.448508,0.456951
2021-12-16,0.456951,0.473841,0.456951,0.473841
2021-12-17,0.473841,0.473841,0.473841,0.473841
2021-12-20,0.499261,0.499261,0.465398,0.473841
2021-12-21,0.473841,0.473841,0.465398,0.473841
2021-12-22,0.473841,0.482286,0.473841,0.482286
2021-12-23,0.482286,0.499261,0.482286,0.499261
2021-12-27,0.499261,0.499261,0.490815,0.499261
2021-12-28,0.499261,0.499261,0.499261,0.499261
2021-12-29,0.499261,0.507706,0.499261,0.507706
2021-12-30,0.507706,0.507706,0.499261,0.507706
2022-01-03,0.507706,0.51615,0.507706,0.507706
2022-01-04,0.524595,0.524595,0.507706,0.51615
2022-01-05,0.524595,0.524595,0.51615,0.524595
2022-01-07,0.524595,0.533127,0.524595,0.533127
2022-01-10,0.533127,0.533127,0.533127,0.533127
2022-01-11,0.541571,0.541571,0.533127,0.533127
2022-01-12,0.541571,0.541571,0.533127,0.541571
2022-01-13,0.541571,0.541571,0.533127,0.541571
2022-01-14,0.533127,0.541571,0.533127,0.541571
2022-01-17,0.541571,0.541571,0.533127,0.541571
2022-01-18,0.541571,0.541571,0.533127,0.533127
2022-01-19,0.524595,0.541571,0.524595,0.541571
2022-01-20,0.533127,0.541571,0.533127,0.533127
2022-01-21,0.524595,0.533127,0.524595,0.524595
2022-01-24,0.524595,0.524595,0.499261,0.507706
2022-01-25,0.482286,0.524595,0.482286,0.524595
2022-01-26,0.51615,0.541571,0.51615,0.533127
2022-01-27,0.507706,0.550015,0.507706,0.550015
2022-01-28,0.550015,0.550015,0.533127,0.541571
2022-01-31,0.541571,0.541571,0.524595,0.533127
2022-02-01,0.533127,0.541571,0.524595,0.541571
2022-02-02,0.541571,0.541571,0.533127,0.533127
2022-02-03,0.533127,0.558459,0.533127,0.550015
2022-02-04,0.558459,0.558459,0.541571,0.550015
2022-02-07,0.550015,0.558459,0.550015,0.550015
2022-02-08,0.558459,0.566903,0.558459,0.566903
2022-02-09,0.566903,0.575435,0.566903,0.566903
2022-02-10,0.566903,0.583879,0.566903,0.583879
2022-02-11,0.566903,0.592324,0.566903,0.583879
2022-02-14,0.583879,0.583879,0.558459,0.558459
2022-02-15,0.558459,0.575435,0.558459,0.575435
2022-02-16,0.575435,0.583879,0.566903,0.575435
2022-02-17,0.566903,0.566903,0.566903,0.566903
2022-02-18,0.566903,0.566903,0.558459,0.566903
2022-02-21,0.550015,0.566903,0.550015,0.550015
2022-02-22,0.550015,0.566903,0.541571,0.558459
2022-02-24,0.524595,0.533127,0.507706,0.51615
2022-02-25,0.507706,0.533127,0.499261,0.524595
2022-02-28,0.524595,0.524595,0.499261,0.507706
2022-03-01,0.507706,0.507706,0.482286,0.482286
2022-03-02,0.499261,0.499261,0.482286,0.490815
2022-03-03,0.490815,0.490815,0.482286,0.490815
2022-03-04,0.482286,0.490815,0.465398,0.465398
2022-03-07,0.456951,0.465398,0.423089,0.448508
2022-03-08,0.456951,0.465398,0.439977,0.456951
2022-03-09,0.465398,0.482286,0.465398,0.482286
2022-03-10,0.51615,0.51615,0.473841,0.490815
2022-03-11,0.51615,0.51615,0.482286,0.490815
2022-03-14,0.51615,0.51615,0.482286,0.499261
2022-03-15,0.507706,0.507706,0.482286,0.499261
2022-03-16,0.499261,0.533127,0.499261,0.533127
2022-03-17,0.533127,0.533127,0.51615,0.524595
2022-03-18,0.533127,0.533127,0.524595,0.524595
2022-03-21,0.524595,0.533127,0.524595,0.533127
2022-03-22,0.533127,0.541571,0.533127,0.533127
2022-03-23,0.533127,0.533127,0.524595,0.533127
2022-03-24,0.533127,0.533127,0.51615,0.51615
2022-03-25,0.524595,0.524595,0.507706,0.51615
2022-03-28,0.51615,0.524595,0.51615,0.524595
2022-03-29,0.524595,0.541571,0.524595,0.541571
2022-03-30,0.541571,0.541571,0.524595,0.533127
2022-03-31,0.533127,0.541571,0.524595,0.533127
2022-04-01,0.533127,0.541571,0.533127,0.541571
2022-04-04,0.541571,0.541571,0.533127,0.541571
2022-04-05,0.541571,0.541571,0.533127,0.533127
2022-04-06,0.541571,0.541571,0.507706,0.51615
2022-04-07,0.524595,0.524595,0.51615,0.51615
2022-04-08,0.533127,0.533127,0.51615,0.524595
2022-04-11,0.524595,0.541571,0.524595,0.533127
2022-04-12,0.51615,0.541571,0.51615,0.533127
2022-04-13,0.541571,0.541571,0.524595,0.524595
2022-04-14,0.524595,0.533127,0.524595,0.533127
2022-04-19,0.541571,0.541571,0.524595,0.541571
2022-04-20,0.541571,0.550015,0.533127,0.550015
2022-04-21,0.541571,0.550015,0.541571,0.541571
2022-04-22,0.541571,0.541571,0.533127,0.533127
2022-04-25,0.524595,0.524595,0.51615,0.51615
2022-04-26,0.51615,0.533127,0.482286,0.490815
2022-04-27,0.473841,0.490815,0.473841,0.473841
2022-04-28,0.473929,0.482546,0.46531,0.46531
2022-04-29,0.482546,0.482546,0.46531,0.482546
2022-05-02,0.473929,0.482546,0.448077,0.448077
2022-05-04,0.46531,0.46531,0.456695,0.456695
2022-05-05,0.46531,0.46531,0.43946,0.448077
2022-05-06,0.43946,0.43946,0.430844,0.430844
2022-05-09,0.43946,0.43946,0.430844,0.430844
2022-05-10,0.430844,0.43946,0.430844,0.430844
2022-05-11,0.430844,0.43946,0.430844,0.43946
2022-05-12,0.430844,0.430844,0.422227,0.422227
2022-05-13,0.422227,0.448077,0.422227,0.448077
2022-05-16,0.448077,0.448077,0.43946,0.43946
2022-05-17,0.46531,0.46531,0.43946,0.448077
2022-05-18,0.456695,0.456695,0.448077,0.448077
2022-05-19,0.448077,0.448077,0.43946,0.448077
2022-05-20,0.456695,0.456695,0.448077,0.448077
2022-05-23,0.456695,0.456695,0.456695,0.456695
2022-05-24,0.482546,0.482546,0.456695,0.46531
2022-05-25,0.473929,0.482546,0.473929,0.482546
2022-05-26,0.482546,0.491162,0.482546,0.491162
2022-05-27,0.491162,0.491162,0.491162,0.491162
2022-05-30,0.491162,0.499778,0.491162,0.499778
2022-05-31,0.499778,0.499778,0.491162,0.491162
2022-06-01,0.491162,0.491162,0.491162,0.491162
2022-06-02,0.491162,0.491162,0.482546,0.482546
2022-06-03,0.482546,0.491162,0.482546,0.482546
2022-06-06,0.482546,0.491162,0.482546,0.491162
2022-06-07,0.491162,0.491162,0.482546,0.491162
2022-06-08,0.482546,0.491162,0.482546,0.491162
2022-06-09,0.482546,0.491162,0.482546,0.482546
2022-06-10,0.482546,0.482546,0.448077,0.448077
2022-06-13,0.448077,0.448077,0.422227,0.430844
2022-06-14,0.430844,0.43946,0.430844,0.430844
2022-06-15,0.430844,0.43946,0.430844,0.43946
2022-06-17,0.404994,0.448077,0.404994,0.43946
2022-06-20,0.43946,0.456695,0.43946,0.456695
2022-06-21,0.456695,0.456695,0.448077,0.456695
2022-06-22,0.46531,0.46531,0.448077,0.46531
2022-06-23,0.473929,0.473929,0.448077,0.448077
2022-06-24,0.43946,0.448077,0.430844,0.448077
2022-06-27,0.448077,0.448077,0.448077,0.448077
2022-06-28,0.448077,0.456695,0.448077,0.448077
2022-06-29,0.456695,0.456695,0.448077,0.448077
2022-06-30,0.43946,0.43946,0.430844,0.43946
2022-07-01,0.43946,0.448077,0.422227,0.422227
2022-07-04,0.422227,0.43946,0.422227,0.43946
2022-07-05,0.43946,0.43946,0.422227,0.422227
2022-07-06,0.413609,0.413609,0.404994,0.404994
2022-07-07,0.413609,0.422227,0.413609,0.422227
2022-07-08,0.413609,0.422227,0.413609,0.422227
2022-07-11,0.422227,0.422227,0.413609,0.413609
2022-07-12,0.413609,0.413609,0.387759,0.387759
2022-07-13,0.387759,0.396377,0.387759,0.387759
2022-07-14,0.396377,0.396377,0.370525,0.370525
2022-07-15,0.379142,0.379142,0.379142,0.379142
2022-07-18,0.387759,0.396377,0.387759,0.387759
2022-07-19,0.387759,0.396377,0.387759,0.396377
2022-07-20,0.404994,0.404994,0.396377,0.396377
2022-07-21,0.422227,0.422227,0.387759,0.396377
2022-07-22,0.422227,0.422227,0.387759,0.387759
2022-07-25,0.387759,0.396377,0.387759,0.396377
2022-07-26,0.396377,0.396377,0.387759,0.396377
2022-07-27,0.396377,0.396377,0.396377,0.396377
2022-07-28,0.396377,0.396377,0.387759,0.387759
2022-07-29,0.387759,0.396377,0.379142,0.396377
2022-08-01,0.404994,0.404994,0.387759,0.387759
2022-08-02,0.396377,0.396377,0.379142,0.387759
2022-08-03,0.387759,0.396377,0.387759,0.387759
2022-08-04,0.387759,0.404994,0.387759,0.396377
2022-08-05,0.396377,0.404994,0.396377,0.404994
2022-08-08,0.404994,0.413609,0.404994,0.413609
2022-08-09,0.413609,0.413609,0.413609,0.413609
2022-08-10,0.413609,0.422227,0.413609,0.422227
2022-08-11,0.422227,0.430844,0.422227,0.430844
2022-08-12,0.430844,0.430844,0.430844,0.430844
2022-08-16,0.43946,0.43946,0.430844,0.430844
2022-08-17,0.448077,0.448077,0.422227,0.422227
2022-08-18,0.430844,0.430844,0.422227,0.422227
2022-08-19,0.422227,0.422227,0.413609,0.413609
2022-08-22,0.404994,0.404994,0.396377,0.396377
2022-08-23,0.404994,0.404994,0.396377,0.404994
2022-08-24,0.404994,0.404994,0.396377,0.396377
2022-08-25,0.404994,0.404994,0.396377,0.404994
2022-08-26,0.404994,0.404994,0.387759,0.387759
2022-08-29,0.379142,0.387759,0.379142,0.379142
2022-08-30,0.387759,0.396377,0.387759,0.396377
2022-08-31,0.396377,0.396377,0.387759,0.387759
2022-09-01,0.396377,0.396377,0.379142,0.387759
2022-09-02,0.387759,0.396377,0.370525,0.396377
2022-09-05,0.404994,0.404994,0.387759,0.387759
2022-09-06,0.404994,0.404994,0.387759,0.387759
2022-09-07,0.387759,0.387759,0.379142,0.379142
2022-09-08,0.387759,0.396377,0.379142,0.396377
2022-09-09,0.404994,0.413609,0.404994,0.404994
2022-09-12,0.413609,0.422227,0.413609,0.422227
2022-09-13,0.430844,0.430844,0.413609,0.413609
2022-09-14,0.422227,0.422227,0.413609,0.413609
2022-09-15,0.430844,0.430844,0.413609,0.430844
2022-09-16,0.404994,0.430844,0.404994,0.422227
2022-09-19,0.430844,0.430844,0.430844,0.430844
2022-09-20,0.422227,0.430844,0.422227,0.422227
2022-09-22,0.422227,0.430844,0.422227,0.422227
2022-09-23,0.404994,0.404994,0.404994,0.404994
2022-09-26,0.404994,0.404994,0.404994,0.404994
2022-09-27,0.404994,0.404994,0.396377,0.396377
2022-09-28,0.396377,0.396377,0.387759,0.396377
2022-09-29,0.396377,0.396377,0.396377,0.396377
2022-09-30,0.396377,0.396377,0.396377,0.396377
2022-10-03,0.396377,0.404994,0.396377,0.404994
2022-10-04,0.413609,0.430844,0.413609,0.430844
2022-10-05,0.430844,0.430844,0.422227,0.422227
2022-10-06,0.430844,0.430844,0.422227,0.422227
2022-10-07,0.413609,0.422227,0.404994,0.404994
2022-10-10,0.404994,0.413609,0.404994,0.413609
2022-10-11,0.404994,0.404994,0.404994,0.404994
2022-10-12,0.404994,0.404994,0.387759,0.387759
2022-10-13,0.396377,0.396377,0.396377,0.396377
2022-10-14,0.404994,0.404994,0.404994,0.404994
2022-10-17,0.404994,0.413609,0.404994,0.413609
2022-10-18,0.413609,0.430844,0.413609,0.430844
2022-10-19,0.422227,0.430844,0.422227,0.430844
2022-10-20,0.430844,0.430844,0.422227,0.430844
2022-10-21,0.430844,0.430844,0.422227,0.422227
2022-10-24,0.430844,0.448077,0.430844,0.43946
2022-10-25,0.422227,0.448077,0.422227,0.43946
2022-10-26,0.43946,0.43946,0.422227,0.422227
2022-10-27,0.422227,0.422227,0.413609,0.413609
2022-10-28,0.414349,0.431982,0.414349,0.423165
2022-10-31,0.423165,0.431982,0.423165,0.423165
2022-11-02,0.423165,0.440797,0.423165,0.431982
2022-11-03,0.440797,0.440797,0.423165,0.423165
2022-11-04,0.423165,0.440797,0.423165,0.440797
2022-11-07,0.440797,0.440797,0.431982,0.431982
2022-11-08,0.431982,0.440797,0.431982,0.431982
2022-11-09,0.440797,0.440797,0.423165,0.423165
2022-11-10,0.423165,0.423165,0.414349,0.414349
2022-11-14,0.423165,0.423165,0.414349,0.423165
2022-11-15,0.423165,0.423165,0.423165,0.423165
2022-11-16,0.423165,0.423165,0.423165,0.423165
2022-11-17,0.423165,0.423165,0.414349,0.414349
2022-11-18,0.414349,0.423165,0.414349,0.414349
2022-11-21,0.423165,0.431982,0.423165,0.431982
2022-11-22,0.431982,0.449613,0.431982,0.449613
2022-11-23,0.449613,0.449613,0.440797,0.449613
2022-11-24,0.449613,0.458429,0.449613,0.458429
2022-11-25,0.449613,0.458429,0.449613,0.458429
2022-11-28,0.458429,0.458429,0.458429,0.458429
2022-11-29,0.458429,0.458429,0.449613,0.458429
2022-11-30,0.458429,0.458429,0.458429,0.458429
2022-12-01,0.458429,0.467245,0.458429,0.458429
2022-12-02,0.458429,0.458429,0.449613,0.449613
2022-12-05,0.449613,0.467245,0.449613,0.458429
2022-12-06,0.449613,0.458429,0.449613,0.449613
2022-12-07,0.458429,0.458429,0.458429,0.458429
2022-12-08,0.449613,0.458429,0.449613,0.449613
2022-12-09,0.449613,0.449613,0.440797,0.449613
2022-12-12,0.440797,0.449613,0.440797,0.449613
2022-12-13,0.458429,0.458429,0.449613,0.449613
2022-12-14,0.449613,0.449613,0.449613,0.449613
2022-12-15,0.440797,0.440797,0.440797,0.440797
2022-12-16,0.431982,0.440797,0.431982,0.440797
2022-12-19,0.458429,0.458429,0.440797,0.440797
2022-12-20,0.440797,0.458429,0.440797,0.458429
2022-12-21,0.458429,0.458429,0.449613,0.458429
2022-12-22,0.458429,0.458429,0.458429,0.458429
2022-12-23,0.449613,0.449613,0.449613,0.449613
2022-12-27,0.458429,0.458429,0.458429,0.458429
2022-12-29,0.458429,0.458429,0.449613,0.458429
2022-12-30,0.449613,0.458429,0.449613,0.458429
2023-01-02,0.458429,0.458429,0.458429,0.458429
2023-01-03,0.467245,0.467245,0.467245,0.467245
2023-01-04,0.47606,0.47606,0.467245,0.47606
2023-01-05,0.484877,0.484877,0.47606,0.484877
2023-01-09,0.484877,0.493693,0.484877,0.484877
2023-01-10,0.493693,0.493693,0.484877,0.493693
2023-01-11,0.493693,0.493693,0.484877,0.493693
2023-01-12,0.493693,0.502509,0.493693,0.502509
2023-01-13,0.502509,0.520141,0.502509,0.502509
2023-01-16,0.502509,0.511324,0.502509,0.502509
2023-01-17,0.502509,0.502509,0.493693,0.502509
2023-01-18,0.502509,0.511324,0.502509,0.502509
2023-01-19,0.511324,0.511324,0.511324,0.511324
2023-01-20,0.502509,0.502509,0.493693,0.502509
2023-01-23,0.493693,0.502509,0.493693,0.493693
2023-01-24,0.493693,0.502509,0.493693,0.502509
2023-01-25,0.493693,0.511324,0.493693,0.493693
2023-01-26,0.502509,0.520141,0.502509,0.520141
2023-01-27,0.520141,0.520141,0.511324,0.511324
2023-01-30,0.520141,0.520141,0.511324,0.511324
2023-01-31,0.511324,0.528956,0.511324,0.528956
2023-02-01,0.528956,0.537772,0.528956,0.537772
2023-02-02,0.537772,0.573036,0.537772,0.56422
2023-02-03,0.56422,0.581851,0.56422,0.581851
2023-02-06,0.573036,0.581851,0.573036,0.573036
2023-02-07,0.573036,0.590668,0.573036,0.581851
2023-02-08,0.573036,0.590668,0.573036,0.590668
2023-02-09,0.581851,0.590668,0.581851,0.590668
2023-02-10,0.581851,0.581851,0.573036,0.573036
2023-02-13,0.56422,0.581851,0.56422,0.581851
2023-02-14,0.573036,0.581851,0.573036,0.573036
2023-02-15,0.573036,0.573036,0.573036,0.573036
2023-02-16,0.573036,0.590668,0.573036,0.581851
2023-02-17,0.573036,0.590668,0.573036,0.581851
2023-02-20,0.581851,0.590668,0.573036,0.573036
2023-02-21,0.573036,0.581851,0.573036,0.581851
2023-02-22,0.581851,0.581851,0.56422,0.56422
2023-02-23,0.573036,0.581851,0.573036,0.581851
2023-02-24,0.581851,0.590668,0.581851,0.581851
2023-02-27,0.573036,0.590668,0.573036,0.590668
2023-02-28,0.599483,0.617116,0.599483,0.617116
2023-03-01,0.599483,0.617116,0.599483,0.6083
2023-03-02,0.6083,0.6083,0.599483,0.6083
2023-03-03,0.625932,0.634748,0.625932,0.634748
2023-03-06,0.634748,0.643563,0.634748,0.634748
2023-03-07,0.634748,0.643563,0.625932,0.634748
2023-03-08,0.634748,0.634748,0.625932,0.625932
2023-03-09,0.625932,0.634748,0.625932,0.634748
2023-03-10,0.643563,0.643563,0.590668,0.599483
2023-03-13,0.590668,0.590668,0.546588,0.56422
2023-03-14,0.546588,0.581851,0.546588,0.581851
2023-03-15,0.573036,0.573036,0.528956,0.546588
2023-03-16,0.546588,0.555405,0.528956,0.537772
2023-03-17,0.546588,0.56422,0.520141,0.528956
2023-03-20,0.511324,0.537772,0.493693,0.537772
2023-03-21,0.590668,0.590668,0.555405,0.555405
2023-03-22,0.537772,0.573036,0.537772,0.555405
2023-03-23,0.555405,0.555405,0.537772,0.555405
2023-03-24,0.537772,0.537772,0.511324,0.520141
2023-03-27,0.511324,0.537772,0.511324,0.528956
2023-03-28,0.528956,0.546588,0.528956,0.537772
2023-03-29,0.537772,0.555405,0.537772,0.537772
2023-03-30,0.555405,0.56422,0.555405,0.555405
2023-03-31,0.528956,0.555405,0.528956,0.555405
2023-04-03,0.590668,0.590668,0.56422,0.56422
2023-04-04,0.555405,0.555405,0.555405,0.555405
2023-04-05,0.56422,0.56422,0.555405,0.56422
2023-04-06,0.56422,0.573036,0.555405,0.56422
2023-04-11,0.56422,0.573036,0.56422,0.56422
2023-04-12,0.528956,0.573036,0.528956,0.573036
2023-04-13,0.573036,0.573036,0.555405,0.573036
2023-04-14,0.573036,0.590668,0.56422,0.590668
2023-04-17,0.590668,0.590668,0.573036,0.581851
2023-04-18,0.581851,0.590668,0.581851,0.581851
2023-04-19,0.590668,0.590668,0.581851,0.590668
2023-04-20,0.599483,0.599483,0.581851,0.581851
2023-04-21,0.581851,0.581851,0.581851,0.581851
2023-04-24,0.581851,0.581851,0.573036,0.581851
2023-04-25,0.56422,0.581851,0.537772,0.537772
2023-04-26,0.537772,0.537772,0.520141,0.520141
2023-04-27,0.565641,0.565641,0.538705,0.538705
2023-04-28,0.529728,0.529728,0.51177,0.520747
2023-05-02,0.565641,0.565641,0.51177,0.51177
2023-05-04,0.51177,0.51177,0.502792,0.502792
2023-05-05,0.51177,0.51177,0.502792,0.51177
2023-05-08,0.51177,0.520747,0.51177,0.520747
2023-05-09,0.520747,0.529728,0.520747,0.520747
2023-05-10,0.538705,0.538705,0.51177,0.51177
2023-05-11,0.51177,0.520747,0.502792,0.51177
2023-05-12,0.520747,0.520747,0.520747,0.520747
2023-05-15,0.51177,0.51177,0.51177,0.51177
2023-05-16,0.51177,0.51177,0.51177,0.51177
2023-05-17,0.520747,0.520747,0.51177,0.51177
2023-05-18,0.51177,0.529728,0.51177,0.51177
2023-05-19,0.520747,0.529728,0.520747,0.529728
2023-05-22,0.520747,0.529728,0.520747,0.520747
2023-05-23,0.529728,0.529728,0.529728,0.529728
2023-05-24,0.529728,0.529728,0.51177,0.51177
2023-05-25,0.520747,0.520747,0.51177,0.51177
2023-05-26,0.520747,0.520747,0.51177,0.520747
2023-05-29,0.529728,0.529728,0.51177,0.520747
2023-05-30,0.520747,0.520747,0.502792,0.502792
2023-05-31,0.51177,0.51177,0.502792,0.502792
2023-06-01,0.502792,0.51177,0.502792,0.51177
2023-06-02,0.51177,0.51177,0.51177,0.51177
2023-06-05,0.520747,0.529728,0.51177,0.51177
2023-06-06,0.51177,0.520747,0.51177,0.51177
2023-06-07,0.51177,0.520747,0.51177,0.520747
2023-06-09,0.520747,0.520747,0.520747,0.520747
2023-06-12,0.529728,0.529728,0.51177,0.529728
2023-06-13,0.51177,0.520747,0.51177,0.520747
2023-06-14,0.520747,0.529728,0.520747,0.529728
2023-06-15,0.529728,0.529728,0.51177,0.520747
2023-06-16,0.529728,0.529728,0.529728,0.529728
2023-06-19,0.529728,0.529728,0.520747,0.520747
2023-06-20,0.529728,0.529728,0.529728,0.529728
2023-06-21,0.520747,0.529728,0.520747,0.520747
2023-06-22,0.520747,0.520747,0.51177,0.520747
2023-06-23,0.51177,0.520747,0.502792,0.502792
2023-06-26,0.502792,0.51177,0.493813,0.51177
2023-06-27,0.51177,0.520747,0.51177,0.51177
2023-06-28,0.529728,0.538705,0.529728,0.538705
2023-06-29,0.538705,0.547683,0.538705,0.538705
2023-06-30,0.547683,0.565641,0.547683,0.547683
2023-07-03,0.565641,0.565641,0.547683,0.547683
2023-07-04,0.547683,0.547683,0.538705,0.547683
2023-07-05,0.538705,0.547683,0.538705,0.547683
2023-07-06,0.538705,0.538705,0.520747,0.520747
2023-07-07,0.520747,0.529728,0.51177,0.51177
2023-07-10,0.520747,0.529728,0.520747,0.529728
2023-07-11,0.520747,0.538705,0.520747,0.538705
2023-07-12,0.538705,0.556662,0.538705,0.547683
2023-07-13,0.556662,0.556662,0.547683,0.556662
2023-07-14,0.565641,0.565641,0.565641,0.565641
2023-07-17,0.565641,0.565641,0.547683,0.547683
2023-07-18,0.547683,0.565641,0.547683,0.565641
2023-07-19,0.565641,0.565641,0.556662,0.556662
2023-07-20,0.565641,0.565641,0.556662,0.565641
2023-07-21,0.565641,0.565641,0.547683,0.565641
2023-07-24,0.565641,0.565641,0.547683,0.565641
2023-07-25,0.556662,0.556662,0.556662,0.556662
2023-07-26,0.565641,0.583597,0.565641,0.565641
2023-07-27,0.565641,0.574619,0.565641,0.565641
2023-07-28,0.565641,0.583597,0.565641,0.574619
2023-07-31,0.574619,0.583597,0.565641,0.583597
2023-08-01,0.574619,0.574619,0.556662,0.556662
2023-08-02,0.556662,0.556662,0.538705,0.538705
2023-08-03,0.565641,0.565641,0.556662,0.556662
2023-08-04,0.556662,0.565641,0.556662,0.559355
2023-08-07,0.559355,0.562049,0.559355,0.562049
2023-08-08,0.562049,0.562049,0.544092,0.554866
2023-08-09,0.563844,0.563844,0.54499,0.54499
2023-08-10,0.561151,0.564744,0.561151,0.563844
2023-08-11,0.563844,0.566539,0.563844,0.566539
2023-08-14,0.565641,0.569231,0.565641,0.569231
2023-08-16,0.547683,0.563844,0.547683,0.560254
2023-08-17,0.548581,0.55756,0.548581,0.549478
2023-08-18,0.549478,0.549478,0.542297,0.542297
2023-08-21,0.556662,0.55756,0.544092,0.545888
2023-08-22,0.549478,0.563844,0.549478,0.563844
2023-08-24,0.548581,0.555763,0.548581,0.555763
2023-08-25,0.555763,0.555763,0.548581,0.549478
2023-08-28,0.526136,0.561151,0.526136,0.558458
2023-08-29,0.560254,0.568334,0.554866,0.560254
2023-08-30,0.567435,0.573721,0.55756,0.571028
2023-09-01,0.550377,0.550377,0.548581,0.548581
2023-09-04,0.541399,0.553969,0.541399,0.553969
2023-09-05,0.553969,0.553969,0.535114,0.541399
2023-09-06,0.541399,0.541399,0.528828,0.536013
2023-09-07,0.563844,0.563844,0.530624,0.530624
2023-09-08,0.531522,0.534217,0.51985,0.533318
2023-09-11,0.533318,0.540501,0.530624,0.538705
2023-09-12,0.514463,0.548581,0.514463,0.526136
2023-09-13,0.541399,0.541399,0.524339,0.541399
2023-09-14,0.54499,0.545888,0.542297,0.543194
2023-09-15,0.549478,0.553969,0.546785,0.548581
2023-09-18,0.548581,0.548581,0.536909,0.536909
2023-09-19,0.539603,0.543194,0.538705,0.542297
2023-09-20,0.542297,0.552172,0.542297,0.551274
2023-09-21,0.537808,0.540501,0.536909,0.540501
2023-09-22,0.536013,0.537808,0.536013,0.537808
2023-09-25,0.537808,0.539603,0.537808,0.539603
2023-09-26,0.531522,0.531522,0.526136,0.526136
2023-09-27,0.526136,0.549478,0.526136,0.538705
2023-09-28,0.55307,0.568334,0.538705,0.561151
2023-09-29,0.570129,0.570129,0.561151,0.570129
2023-10-02,0.570129,0.570129,0.549478,0.549478
2023-10-03,0.573721,0.573721,0.549478,0.561151
2023-10-04,0.55307,0.55307,0.537808,0.537808
2023-10-05,0.547683,0.552172,0.547683,0.552172
2023-10-06,0.553969,0.568334,0.553969,0.565641
2023-10-09,0.574619,0.574619,0.544092,0.553969
2023-10-10,0.577313,0.577313,0.54499,0.547683
2023-10-11,0.562947,0.564744,0.559355,0.564744
2023-10-12,0.564744,0.564744,0.552172,0.552172
2023-10-13,0.552172,0.552172,0.542297,0.551274
2023-10-16,0.581801,0.581801,0.547683,0.562049
2023-10-17,0.569231,0.569231,0.54499,0.549478
2023-10-18,0.549478,0.560254,0.549478,0.552172
2023-10-19,0.566539,0.566539,0.542297,0.547683
2023-10-20,0.54499,0.54499,0.541399,0.543194
2023-10-23,0.543194,0.543194,0.526136,0.527931
2023-10-24,0.558458,0.558458,0.528828,0.530624
2023-10-25,0.530624,0.552172,0.525237,0.535114
2023-10-26,0.541399,0.541399,0.525237,0.535114
2023-10-27,0.552172,0.552172,0.535114,0.541399
2023-10-30,0.551374,0.551374,0.532075,0.544941
2023-10-31,0.544022,0.557806,0.539427,0.54586
2023-11-02,0.54586,0.566077,0.54586,0.564241
2023-11-03,0.565159,0.573428,0.559645,0.559645
2023-11-06,0.596403,0.596403,0.558725,0.558725
2023-11-07,0.558725,0.562402,0.548618,0.562402
2023-11-08,0.551374,0.562402,0.551374,0.561482
2023-11-09,0.561482,0.568835,0.560564,0.568835
2023-11-10,0.568835,0.568835,0.564241,0.566997
2023-11-13,0.566997,0.581699,0.566997,0.579861
2023-11-14,0.579861,0.583537,0.569753,0.577104
2023-11-15,0.588132,0.588132,0.574347,0.588132
2023-11-16,0.586294,0.58997,0.577104,0.588132
2023-11-17,0.593646,0.593646,0.58078,0.590888
2023-11-20,0.590888,0.590888,0.584456,0.587213
2023-11-21,0.587213,0.587213,0.575266,0.582619
2023-11-22,0.582619,0.593646,0.582619,0.587213
2023-11-23,0.590888,0.594565,0.58905,0.590888
2023-11-24,0.590888,0.590888,0.588132,0.58905
2023-11-27,0.595484,0.595484,0.582619,0.584456
2023-11-28,0.597322,0.597322,0.58078,0.591808
2023-11-29,0.591808,0.59824,0.591808,0.595484
2023-11-30,0.600998,0.604673,0.597322,0.597322
2023-12-01,0.608349,0.608349,0.593646,0.595484
2023-12-04,0.606511,0.608349,0.59916,0.600998
2023-12-05,0.609269,0.620295,0.609269,0.620295
2023-12-06,0.610188,0.62489,0.610188,0.616619
2023-12-07,0.616619,0.617538,0.603755,0.603755
2023-12-08,0.625809,0.625809,0.609269,0.623052
2023-12-11,0.623052,0.623052,0.616619,0.622133
2023-12-12,0.622133,0.622133,0.612025,0.618457
2023-12-13,0.612945,0.614783,0.600079,0.601916
2023-12-14,0.59916,0.608349,0.597322,0.605592
2023-12-15,0.613863,0.615701,0.593646,0.612025
2023-12-18,0.623052,0.623052,0.593646,0.603755
2023-12-19,0.603755,0.608349,0.594565,0.605592
2023-12-20,0.605592,0.60743,0.593646,0.60743
2023-12-21,0.606511,0.606511,0.593646,0.593646
2023-12-22,0.593646,0.601916,0.593646,0.601916
2023-12-27,0.627647,0.627647,0.596403,0.596403
2023-12-28,0.59824,0.604673,0.59824,0.602835
2023-12-29,0.605592,0.605592,0.604673,0.604673
2024-01-02,0.604673,0.612025,0.59824,0.601916
2024-01-03,0.612945,0.614783,0.59916,0.604673
2024-01-04,0.596403,0.612945,0.596403,0.612945
2024-01-05,0.612945,0.617538,0.59916,0.617538
2024-01-08,0.622133,0.622133,0.609269,0.609269
2024-01-09,0.605592,0.608349,0.605592,0.608349
2024-01-10,0.608349,0.608349,0.604673,0.604673
2024-01-11,0.604673,0.615701,0.603755,0.606511
2024-01-12,0.602835,0.606511,0.601916,0.601916
2024-01-15,0.601916,0.603755,0.592727,0.601916
2024-01-16,0.594565,0.594565,0.582619,0.582619
2024-01-17,0.592727,0.592727,0.574347,0.574347
2024-01-18,0.582619,0.582619,0.581699,0.581699
2024-01-19,0.581699,0.584456,0.581699,0.584456
2024-01-22,0.584456,0.58905,0.583537,0.58905
2024-01-23,0.579861,0.582619,0.579861,0.58078
2024-01-24,0.585375,0.585375,0.581699,0.581699
2024-01-25,0.578943,0.578943,0.577104,0.577104
2024-01-26,0.570672,0.577104,0.570672,0.577104
2024-01-29,0.585375,0.585375,0.567916,0.570672
2024-01-30,0.567916,0.576185,0.567916,0.576185
2024-01-31,0.588132,0.594565,0.582619,0.593646
2024-02-01,0.595484,0.611107,0.591808,0.595484
2024-02-02,0.597322,0.614783,0.595484,0.614783
2024-02-05,0.615701,0.615701,0.579861,0.579861
2024-02-06,0.579861,0.58997,0.568835,0.568835
2024-02-07,0.557806,0.574347,0.557806,0.557806
2024-02-08,0.558725,0.566077,0.558725,0.558725
2024-02-09,0.559645,0.561482,0.555969,0.561482
2024-02-12,0.561482,0.562402,0.560564,0.560564
2024-02-13,0.560564,0.566997,0.560564,0.561482
2024-02-14,0.567916,0.567916,0.565159,0.565159
2024-02-15,0.571592,0.571592,0.55413,0.55413
2024-02-16,0.561482,0.566077,0.558725,0.566077
2024-02-19,0.566997,0.573428,0.564241,0.566077
2024-02-20,0.578024,0.578943,0.567916,0.578943
2024-02-21,0.578943,0.58905,0.578943,0.586294
2024-02-22,0.591808,0.591808,0.581699,0.581699
2024-02-23,0.578943,0.590888,0.578943,0.584456
2024-02-26,0.584456,0.585375,0.58078,0.585375
2024-02-27,0.585375,0.585375,0.579861,0.585375
2024-02-28,0.585375,0.58997,0.585375,0.588132
2024-02-29,0.593646,0.593646,0.58905,0.58905
2024-03-01,0.58905,0.592727,0.585375,0.592727
2024-03-04,0.58905,0.592727,0.586294,0.586294
2024-03-05,0.592727,0.592727,0.582619,0.588132
2024-03-06,0.58905,0.59824,0.58905,0.59824
2024-03-07,0.59824,0.60743,0.594565,0.60743
2024-03-08,0.609269,0.612945,0.60743,0.610188
2024-03-11,0.611107,0.611107,0.596403,0.600079
2024-03-12,0.60743,0.615701,0.60743,0.615701
2024-03-13,0.621213,0.62489,0.621213,0.622133
2024-03-14,0.628566,0.628566,0.612945,0.621213
2024-03-15,0.621213,0.625809,0.619377,0.623052
2024-03-18,0.622133,0.634999,0.622133,0.627647
2024-03-19,0.631323,0.636836,0.629485,0.634999
2024-03-20,0.638675,0.642352,0.634999,0.635917
2024-03-21,0.63408,0.653378,0.63408,0.647864
2024-03-22,0.657973,0.678189,0.657055,0.669
2024-03-25,0.680947,0.680947,0.66073,0.671758
2024-03-26,0.645108,0.683704,0.645108,0.680028
2024-03-27,0.691974,0.691974,0.684622,0.688299
2024-03-28,0.682784,0.700245,0.682784,0.690137
2024-04-02,0.694732,0.694732,0.679109,0.685542
2024-04-03,0.694732,0.694732,0.685542,0.693812
2024-04-04,0.693812,0.716785,0.693812,0.707596
2024-04-05,0.703001,0.703001,0.693812,0.696569
2024-04-08,0.710353,0.710353,0.696569,0.698407
2024-04-09,0.697488,0.697488,0.688299,0.691974
2024-04-10,0.692894,0.694732,0.692894,0.693812
2024-04-11,0.714947,0.714947,0.679109,0.679109
2024-04-12,0.691056,0.691056,0.675433,0.675433
2024-04-15,0.668081,0.685542,0.668081,0.681865
2024-04-16,0.681865,0.681865,0.669,0.669
2024-04-17,0.646027,0.680947,0.646027,0.678189
2024-04-18,0.678189,0.690137,0.678189,0.689218
2024-04-19,0.68646,0.690137,0.682784,0.682784
2024-04-22,0.703921,0.705758,0.689218,0.705758
2024-04-23,0.694732,0.728732,0.694732,0.721381
2024-04-24,0.721381,0.727814,0.718623,0.727814
2024-04-25,0.73057,0.737922,0.727814,0.727814
2024-04-26,0.740679,0.74803,0.73057,0.737922
2024-04-29,0.741425,0.762047,0.740488,0.743299
2024-04-30,0.719866,0.731115,0.713305,0.713305
2024-05-02,0.713305,0.713305,0.702058,0.710494
2024-05-06,0.710494,0.710494,0.694559,0.705808
2024-05-07,0.705808,0.724554,0.705808,0.724554
2024-05-08,0.724554,0.736739,0.724554,0.734864
2024-05-09,0.734864,0.736739,0.724554,0.736739
2024-05-10,0.736739,0.737677,0.727366,0.734864
2024-05-13,0.734864,0.737677,0.728302,0.732989
2024-05-14,0.728302,0.733927,0.725492,0.731115
2024-05-15,0.727366,0.744238,0.727366,0.744238
2024-05-16,0.744238,0.747986,0.736739,0.745175
2024-05-17,0.737677,0.750799,0.737677,0.747986
2024-05-20,0.740488,0.750799,0.740488,0.750799
2024-05-21,0.744238,0.744238,0.742363,0.742363
2024-05-22,0.742363,0.747986,0.742363,0.742363
2024-05-23,0.745175,0.745175,0.741425,0.741425
2024-05-24,0.720804,0.722679,0.720804,0.722679
2024-05-27,0.728302,0.734864,0.724554,0.728302
2024-05-28,0.728302,0.731115,0.722679,0.722679
2024-05-29,0.722679,0.732052,0.722679,0.730177
2024-05-31,0.732052,0.743299,0.732052,0.740488
2024-06-03,0.740488,0.75736,0.740488,0.741425
2024-06-04,0.741425,0.741425,0.731115,0.731115
2024-06-05,0.731115,0.731115,0.728302,0.728302
2024-06-06,0.728302,0.730177,0.716117,0.730177
2024-06-07,0.722679,0.732989,0.718929,0.732989
2024-06-10,0.732989,0.732989,0.717055,0.717055
2024-06-11,0.722679,0.722679,0.709557,0.709557
2024-06-12,0.716117,0.719866,0.716117,0.719866
2024-06-13,0.713305,0.713305,0.69081,0.69081
2024-06-14,0.69081,0.69081,0.675813,0.677687
2024-06-17,0.673937,0.677687,0.673001,0.673001
2024-06-18,0.671126,0.689873,0.671126,0.67675
2024-06-19,0.67675,0.689873,0.67675,0.689873
2024-06-20,0.68706,0.68706,0.67675,0.678625
2024-06-21,0.689873,0.689873,0.664564,0.664564
2024-06-24,0.675813,0.67675,0.666439,0.67675
2024-06-25,0.67675,0.677687,0.666439,0.671126
2024-06-26,0.681436,0.681436,0.66925,0.66925
2024-06-27,0.66925,0.66925,0.668314,0.66925
2024-06-28,0.679562,0.679562,0.658941,0.668314
2024-07-01,0.678625,0.684248,0.675813,0.684248
2024-07-02,0.687998,0.687998,0.655192,0.655192
2024-07-03,0.651443,0.666439,0.651443,0.666439
2024-07-04,0.66269,0.683312,0.66269,0.683312
2024-07-05,0.683312,0.683312,0.667376,0.66925
2024-07-08,0.675813,0.681436,0.670189,0.670189
2024-07-09,0.670189,0.670189,0.668314,0.670189
2024-07-10,0.672063,0.672063,0.664564,0.66925
2024-07-15,0.66925,0.677687,0.66925,0.677687
2024-07-16,0.674876,0.674876,0.673001,0.673001
2024-07-17,0.673001,0.681436,0.673001,0.67675
2024-07-18,0.67675,0.684248,0.675813,0.675813
2024-07-19,0.665501,0.672063,0.66269,0.672063
2024-07-22,0.672063,0.680499,0.672063,0.679562
2024-07-23,0.670189,0.68706,0.670189,0.68706
2024-07-24,0.68706,0.707682,0.68706,0.707682
2024-07-25,0.691746,0.700183,0.684248,0.684248
2024-07-26,0.656129,0.685185,0.656129,0.685185
2024-07-29,0.726427,0.726427,0.684248,0.684248
2024-07-30,0.684248,0.687998,0.679562,0.687998
2024-07-31,0.687998,0.687998,0.668314,0.668314
2024-08-01,0.668314,0.668314,0.641131,0.641131
2024-08-02,0.635508,0.637382,0.615824,0.615824
2024-08-05,0.575518,0.610199,0.575518,0.608325
2024-08-06,0.608325,0.613949,0.597077,0.597077
2024-08-07,0.584892,0.622385,0.584892,0.621448
2024-08-08,0.603638,0.611136,0.603638,0.610199
2024-08-09,0.627071,0.627071,0.627071,0.627071
2024-08-12,0.651443,0.651443,0.62051,0.62051
2024-08-13,0.623322,0.623322,0.612075,0.614885
2024-08-14,0.618635,0.628947,0.614885,0.628947
2024-08-16,0.635508,0.636445,0.628947,0.631759
2024-08-19,0.638319,0.651443,0.638319,0.651443
2024-08-20,0.659878,0.659878,0.644881,0.648631
2024-08-22,0.600827,0.646755,0.600827,0.646755
2024-08-23,0.656129,0.658003,0.656129,0.657066
2024-08-26,0.655192,0.658941,0.655192,0.658003
2024-08-27,0.665501,0.679562,0.665501,0.679562
2024-08-28,0.679562,0.684248,0.673001,0.682374
2024-08-29,0.682374,0.69081,0.682374,0.69081
2024-08-30,0.69081,0.69081,0.685185,0.686123
2024-09-02,0.677687,0.685185,0.677687,0.685185
2024-09-04,0.686123,0.686123,0.654253,0.654253
2024-09-05,0.654253,0.671126,0.654253,0.66925
2024-09-06,0.686123,0.686123,0.663628,0.663628
2024-09-09,0.641131,0.66269,0.641131,0.66269
2024-09-10,0.655192,0.660815,0.639257,0.639257
2024-09-11,0.639257,0.653317,0.639257,0.650505
2024-09-12,0.650505,0.66269,0.649567,0.656129
2024-09-13,0.66925,0.671126,0.654253,0.671126
2024-09-16,0.671126,0.671126,0.661752,0.663628
2024-09-17,0.663628,0.684248,0.663628,0.680499
2024-09-18,0.680499,0.69081,0.680499,0.682374
2024-09-19,0.68706,0.693621,0.68706,0.691746
2024-09-20,0.691746,0.70112,0.689873,0.699245
2024-09-23,0.679562,0.683312,0.677687,0.677687
2024-09-24,0.707682,0.707682,0.679562,0.681436
2024-09-25,0.683312,0.688934,0.683312,0.688934
2024-09-26,0.685185,0.700183,0.685185,0.699245
2024-09-27,0.700183,0.702996,0.699245,0.70112
2024-09-30,0.708618,0.708618,0.697371,0.697371
2024-10-01,0.713305,0.713305,0.657066,0.668314
2024-10-02,0.686123,0.686123,0.668314,0.672063
2024-10-03,0.698309,0.698309,0.670189,0.673001
2024-10-04,0.680499,0.680499,0.673001,0.673937
2024-10-07,0.685185,0.688934,0.685185,0.687998
2024-10-08,0.694559,0.694559,0.683312,0.683312
2024-10-09,0.687998,0.687998,0.683312,0.686123
2024-10-10,0.686123,0.693621,0.686123,0.692684
2024-10-11,0.684248,0.694559,0.684248,0.694559
2024-10-14,0.698309,0.698309,0.696433,0.698309
2024-10-15,0.698309,0.700183,0.697371,0.700183
2024-10-16,0.703932,0.703932,0.697371,0.697371
2024-10-17,0.697371,0.710494,0.697371,0.702058
2024-10-18,0.708618,0.708618,0.685185,0.703932
2024-10-21,0.703932,0.709557,0.703932,0.706744
2024-10-22,0.706744,0.706744,0.69081,0.69081
2024-10-23,0.69081,0.705808,0.69081,0.702996
2024-10-24,0.699245,0.703932,0.692684,0.702996
2024-10-25,0.700183,0.702996,0.700183,0.700183
2024-10-28,0.702996,0.702996,0.700183,0.70112
2024-10-29,0.700183,0.70112,0.678625,0.678625
2024-10-30,0.679778,0.684571,0.671149,0.684571
2024-10-31,0.684571,0.698954,0.679778,0.696077
2024-11-04,0.697036,0.715253,0.697036,0.707583
2024-11-05,0.719088,0.719088,0.715253,0.716212
2024-11-06,0.716212,0.716212,0.683613,0.683613
2024-11-07,0.707583,0.707583,0.683613,0.69416
2024-11-08,0.704706,0.704706,0.678819,0.681696
2024-11-12,0.711418,0.711418,0.682654,0.682654
2024-11-13,0.713335,0.713335,0.672108,0.674984
2024-11-14,0.679778,0.692242,0.679778,0.687448
2024-11-15,0.7095,0.7095,0.697036,0.7095
2024-11-18,0.712377,0.712377,0.699912,0.699912
2024-11-19,0.679778,0.705665,0.679778,0.692242
2024-11-20,0.699912,0.700871,0.698954,0.698954
2024-11-21,0.698954,0.698954,0.681696,0.681696
2024-11-22,0.681696,0.692242,0.670191,0.671149
2024-11-25,0.682654,0.683613,0.682654,0.683613
2024-11-26,0.683613,0.683613,0.674984,0.676902
2024-11-27,0.674026,0.675943,0.674026,0.675943
2024-11-28,0.675943,0.677861,0.675943,0.677861
2024-11-29,0.674984,0.674984,0.667313,0.671149
2024-12-02,0.696077,0.696077,0.668272,0.674984
2024-12-03,0.678819,0.687448,0.676902,0.678819
2024-12-04,0.676902,0.693202,0.676902,0.688407
2024-12-05,0.692242,0.714295,0.688407,0.713335
2024-12-06,0.713335,0.71717,0.713335,0.71717
2024-12-09,0.716212,0.720047,0.716212,0.719088
2024-12-10,0.721965,0.721965,0.71046,0.721006
2024-12-11,0.721006,0.724841,0.721006,0.724841
2024-12-12,0.692242,0.724841,0.692242,0.71813
2024-12-13,0.71813,0.727718,0.71813,0.723882
2024-12-16,0.738264,0.738264,0.712377,0.722923
2024-12-17,0.722923,0.722923,0.692242,0.69416
2024-12-18,0.685531,0.699912,0.685531,0.686489
2024-12-19,0.722923,0.722923,0.667313,0.677861
2024-12-20,0.692242,0.692242,0.660603,0.672108
2024-12-23,0.66252,0.669231,0.647179,0.647179
2024-12-27,0.657726,0.66252,0.651974,0.651974
2024-12-30,0.651974,0.667313,0.651974,0.660603
2025-01-02,0.695119,0.695119,0.643344,0.659643
2025-01-03,0.665396,0.667313,0.659643,0.665396
2025-01-07,0.686489,0.689367,0.674026,0.682654
2025-01-08,0.700871,0.705665,0.691284,0.691284
2025-01-09,0.704706,0.704706,0.683613,0.688407
2025-01-10,0.696077,0.696077,0.680737,0.682654
2025-01-13,0.682654,0.683613,0.681696,0.681696
2025-01-14,0.665396,0.711418,0.665396,0.706624
2025-01-15,0.706624,0.713335,0.704706,0.713335
2025-01-16,0.692242,0.726759,0.692242,0.71813
2025-01-17,0.713335,0.723882,0.713335,0.713335
2025-01-20,0.714295,0.732512,0.714295,0.732512
2025-01-21,0.737305,0.737305,0.721006,0.724841
2025-01-22,0.716212,0.724841,0.703747,0.715253
2025-01-23,0.715253,0.73347,0.715253,0.73347
2025-01-24,0.73347,0.737305,0.728676,0.735388
2025-01-27,0.728676,0.735388,0.728676,0.73347
2025-01-28,0.73347,0.739223,0.73347,0.739223
2025-01-29,0.745935,0.753605,0.74114,0.753605
2025-01-30,0.768946,0.768946,0.744976,0.745935
2025-01-31,0.758398,0.760316,0.744017,0.744017
2025-02-03,0.744017,0.744017,0.713335,0.713335
2025-02-04,0.732512,0.740182,0.732512,0.740182
2025-02-05,0.752646,0.81305,0.752646,0.793874
2025-02-06,0.787162,0.821679,0.787162,0.821679
2025-02-07,0.821679,0.821679,0.81305,0.81305
2025-02-10,0.81305,0.81976,0.807297,0.807297
2025-02-11,0.807297,0.83606,0.807297,0.83606
2025-02-12,0.83606,0.859072,0.834143,0.859072
2025-02-13,0.868659,0.868659,0.837978,0.848524
2025-02-14,0.870577,0.870577,0.83606,0.848524
2025-02-17,0.837978,0.870577,0.837978,0.857153
2025-02-18,0.866742,0.871535,0.86003,0.871535
2025-02-19,0.884958,0.884958,0.860989,0.866742
2025-02-20,0.866742,0.876329,0.865782,0.865782
2025-02-21,0.865782,0.872494,0.852359,0.872494
2025-02-24,0.883041,0.883041,0.872494,0.879206
2025-02-25,0.849484,0.902216,0.849484,0.902216
2025-02-26,0.902216,0.91564,0.902216,0.908928
2025-02-27,0.914681,0.920434,0.914681,0.91564
2025-02-28,0.91564,0.924269,0.904134,0.920434
2025-03-03,0.921392,0.928104,0.903176,0.917557
2025-03-04,0.91564,0.91564,0.873452,0.885917
2025-03-05,0.921392,0.921392,0.906051,0.912763
2025-03-06,0.924269,0.930979,0.913721,0.921392
2025-03-07,0.921392,0.921392,0.907969,0.917557
2025-03-10,0.934815,0.934815,0.884958,0.884958
2025-03-11,0.897423,0.897423,0.870577,0.873452
2025-03-12,0.866742,0.895505,0.866742,0.884
2025-03-13,0.897423,0.897423,0.876329,0.886876
2025-03-14,0.878248,0.916599,0.878248,0.916599
2025-03-17,0.929062,0.937692,0.907011,0.937692
2025-03-18,0.952072,0.97029,0.945362,0.97029
2025-03-19,0.97029,0.980835,0.957826,0.973167
2025-03-20,0.977003,0.977003,0.931939,0.933857
2025-03-21,0.933857,0.959743,0.924269,0.959743
2025-03-24,0.976047,0.976047,0.959743,0.965496
2025-03-25,0.978914,0.978914,0.951114,0.976047
2025-03-26,0.976047,0.981792,0.959743,0.977003
2025-03-27,0.980835,0.980835,0.951114,0.959743
2025-03-28,0.931939,0.945362,0.930021,0.936733
2025-03-31,0.969331,0.969331,0.902216,0.904134
2025-04-01,0.91564,0.937692,0.91564,0.930979
2025-04-02,0.930979,0.940568,0.918516,0.940568
2025-04-03,0.940568,0.940568,0.89167,0.904134
2025-04-04,0.904134,0.904134,0.797709,0.797709
2025-04-07,0.780451,0.78908,0.745935,0.777574
2025-04-08,0.776616,0.834143,0.776616,0.823596
2025-04-09,0.826473,0.826473,0.787162,0.78908
2025-04-10,0.86003,0.874412,0.833184,0.833184
2025-04-11,0.837019,0.846607,0.81305,0.825514
2025-04-14,0.815925,0.856194,0.815925,0.856194
2025-04-15,0.856194,0.892628,0.856194,0.892628
2025-04-16,0.895505,0.895505,0.878248,0.884958
2025-04-17,0.889752,0.889752,0.872494,0.880165
2025-04-22,0.893587,0.895505,0.881123,0.886876
2025-04-23,0.926186,0.926186,0.909886,0.924269
2025-04-24,0.944403,0.944403,0.912763,0.912763
2025-04-25,0.912763,0.949197,0.912763,0.949197
2025-04-28,0.961661,0.965496,0.949197,0.95495
2025-04-29,0.942155,0.97434,0.942155,0.95776
2025-04-30,0.970439,0.970439,0.907043,0.919722
2025-05-02,0.919722,0.946056,0.906068,0.915821
2025-05-05,0.934352,0.94118,0.920697,0.93045
2025-05-06,0.93045,0.936302,0.919722,0.919722
2025-05-07,0.933376,0.936302,0.921673,0.929475
2025-05-08,0.93045,0.947032,0.924599,0.947032
2025-05-09,0.921673,0.958735,0.921673,0.958735
2025-05-12,0.958735,0.989947,0.958735,0.975315
2025-05-13,0.994818,0.994818,0.980192,0.980192
2025-05-14,0.980192,1.00165,0.980192,0.99385
2025-05-15,0.99385,1.0075,0.988969,0.99385
2025-05-16,0.997743,1.01238,0.997743,0.9997
2025-05-19,1.00262,1.02506,1.00262,1.00653
2025-05-20,0.995797,1.03773,0.995797,1.03773
2025-05-21,1.03773,1.03773,1.027,1.02896
2025-05-22,1.04651,1.04651,1.00068,1.02311
2025-05-23,1.02311,1.04749,0.992872,1.00945
2025-05-26,1.00945,1.04066,1.00945,1.03383
2025-05-27,1.02603,1.03579,1.02603,1.027
2025-05-28,1.03676,1.03676,1.027,1.027
2025-05-29,1.027,1.02994,1.02213,1.02408
2025-05-30,1.03188,1.04651,1.01921,1.03676
2025-06-02,1.03871,1.04066,1.01921,1.02213
2025-06-03,1.02213,1.02213,1.00653,1.01043
2025-06-04,0.996775,1.02018,0.996775,1.00457
2025-06-05,1.02603,1.02603,1.00555,1.02506
2025-06-06,1.02896,1.03091,1.02213,1.02798
2025-06-09,1.02311,1.02994,1.01432,1.01921
2025-06-10,1.01725,1.02115,1.0075,1.02115
2025-06-11,1.01921,1.01921,0.985068,0.985068
2025-06-12,1.00165,1.00262,0.984093,1.00262
2025-06-13,1.00262,1.00262,0.972389,0.973365
2025-06-16,0.973365,1.01336,0.973365,1.01336
2025-06-17,1.01823,1.01823,0.985068,1.00262
2025-06-18,1.00262,1.00262,0.981167,1.00262
2025-06-20,0.992872,0.998722,0.985068,0.986044
2025-06-23,0.986044,0.99385,0.97434,0.992872
2025-06-24,0.998722,1.01823,0.998722,1.01823
2025-06-25,1.02213,1.02213,0.985068,0.987994
2025-06-26,0.997743,0.997743,0.981167,0.988969
2025-06-27,0.981167,0.994818,0.981167,0.990925
2025-06-30,0.990925,1.00262,0.987994,1.00068
2025-07-01,0.9997,1.00945,0.979217,0.995797
2025-07-02,1.00945,1.02311,1.00945,1.02115
2025-07-03,1.02798,1.03091,1.00555,1.027
2025-07-04,1.027,1.027,1.00945,1.01725
2025-07-07,1.02994,1.04066,1.02311,1.04066
2025-07-08,1.04066,1.05724,1.04066,1.04554
2025-07-09,1.07967,1.07967,1.05627,1.06602
2025-07-10,1.06602,1.0709,1.05334,1.05334
2025-07-11,1.05334,1.05334,1.02896,1.02994
2025-07-14,1.02506,1.02994,1.02506,1.02798
2025-07-15,1.02506,1.03773,1.02506,1.03773
2025-07-16,1.07578,1.07578,1.02408,1.04066
2025-07-17,1.04651,1.04651,1.03579,1.03676
2025-07-18,1.05237,1.05237,1.03676,1.04456
2025-07-21,1.04456,1.04456,1.027,1.02896
2025-07-22,1.02896,1.04358,1.02896,1.04164
2025-07-23,1.05334,1.05334,1.04262,1.05041
2025-07-24,1.05041,1.0826,1.05041,1.0826
2025-07-25,1.08163,1.09138,1.07382,1.0904
2025-07-28,1.10698,1.10698,1.09431,1.09528
2025-07-29,1.07675,1.13137,1.07675,1.11576
2025-07-30,1.13526,1.13526,1.08357,1.10504
2025-07-31,1.18306,1.18306,1.08748,1.09918
2025-08-01,1.08553,1.08846,1.02896,1.04456
2025-08-04,1.14405,1.14405,1.06309,1.0748
2025-08-05,1.15282,1.15282,1.0592,1.0748
2025-08-06,1.09625,1.10504,1.08553,1.08553
2025-08-07,1.1499,1.1499,1.09333,1.11771
2025-08-08,1.11868,1.14405,1.11868,1.14405
2025-08-11,1.14405,1.15282,1.12747,1.15282
2025-08-12,1.15769,1.16648,1.15769,1.15769
2025-08-13,1.15867,1.18501,1.15867,1.1772
2025-08-14,1.1772,1.18695,1.1772,1.18599
2025-08-18,1.18599,1.18599,1.17525,1.18501
2025-08-19,1.18501,1.19866,1.17916,1.19866
2025-08-20,1.19866,1.19866,1.14794,1.19574
2025-08-21,1.19574,1.19574,1.18599,1.18599
2025-08-22,1.18599,1.20939,1.14112,1.20354
2025-08-25,1.20354,1.20354,1.18695,1.19086
2025-08-26,1.18599,1.18599,1.16648,1.16648
2025-08-27,1.15185,1.16745,1.15185,1.15769
2025-08-28,1.18599,1.18599,1.18501,1.18501
2025-08-29,1.18501,1.18501,1.17135,1.17135
2025-09-01,1.17135,1.19086,1.17135,1.18208
2025-09-02,1.18306,1.18306,1.15088,1.15088
2025-09-03,1.15088,1.17233,1.15088,1.17038
2025-09-04,1.17038,1.18793,1.1616,1.18793
2025-09-05,1.22207,1.22207,1.16745,1.17038
2025-09-08,1.18695,1.18695,1.17135,1.18695
2025-09-09,1.18989,1.18989,1.18891,1.18891
2025-09-10,1.19769,1.23475,1.19769,1.21524
2025-09-11,1.25426,1.25426,1.22109,1.23085
2025-09-12,1.2367,1.2367,1.21329,1.21427
2025-09-15,1.21427,1.24548,1.21427,1.22987
2025-09-16,1.25816,1.25816,1.22012,1.23962
2025-09-17,1.2406,1.2406,1.20354,1.20354
2025-09-18,1.18793,1.21232,1.18793,1.21036
2025-09-19,1.25524,1.25524,1.24645,1.24743
2025-09-22,1.2523,1.2523,1.23279,1.23962
2025-09-23,1.24353,1.24548,1.24353,1.24548
2025-09-24,1.25524,1.28157,1.25524,1.27767
2025-09-25,1.27767,1.27767,1.24841,1.26499
2025-09-26,1.28157,1.29327,1.25816,1.29229
2025-09-29,1.29327,1.29327,1.28352,1.28352
2025-09-30,1.27767,1.28742,1.26791,1.28742
2025-10-01,1.28742,1.28742,1.2562,1.28742
2025-10-02,1.26401,1.28449,1.26401,1.26986
2025-10-03,1.3001,1.3001,1.26986,1.26986
2025-10-06,1.30302,1.30302,1.25328,1.26791
2025-10-07,1.27181,1.27181,1.23962,1.25816
2025-10-08,1.26303,1.26499,1.24158,1.25718
2025-10-09,1.22304,1.27181,1.22304,1.24255
2025-10-10,1.26596,1.26596,1.24353,1.25524
2025-10-13,1.22109,1.25524,1.22109,1.2367
2025-10-14,1.23475,1.23475,1.21915,1.21915
2025-10-15,1.24645,1.24841,1.23279,1.23573
2025-10-16,1.28937,1.28937,1.22207,1.22304
2025-10-17,1.22304,1.22304,1.18891,1.19378
2025-10-20,1.25524,1.25524,1.20257,1.2289
2025-10-21,1.24743,1.24743,1.20744,1.20744
2025-10-22,1.20744,1.22694,1.20647,1.20647
2025-10-23,1.20647,1.2289,1.20647,1.2289
2025-10-24,1.22109,1.22109,1.19378,1.19378
2025-10-27,1.2289,1.23085,1.21134,1.225
2025-10-28,1.23962,1.23962,1.23865,1.23962
2025-10-29,1.23962,1.29619,1.23962,1.27863
2025-10-30,1.28855,1.29447,1.25001,1.26187
2025-10-31,1.37155,1.37155,1.26483,1.26483
2025-11-03,1.26483,1.30831,1.26483,1.27669
2025-11-04,1.27274,1.28756,1.26187,1.28657
2025-11-05,1.3676,1.3676,1.28064,1.28064
2025-11-06,1.25692,1.31424,1.25692,1.30238
2025-11-07,1.30633,1.30633,1.29942,1.30238
2025-11-10,1.37056,1.37056,1.31918,1.33894
2025-11-12,1.37451,1.39329,1.33993,1.39329
2025-11-13,1.39329,1.40515,1.39329,1.40119
2025-11-14,1.40119,1.40119,1.34882,1.34981
2025-11-17,1.41108,1.41108,1.33301,1.33499
2025-11-18,1.3093,1.3093,1.27076,1.27076
2025-11-19,1.26878,1.30139,1.26878,1.28953
2025-11-20,1.31226,1.31226,1.29447,1.29843
2025-11-21,1.27274,1.28262,1.27175,1.27471
2025-11-24,1.334,1.334,1.27866,1.30436
2025-11-25,1.27175,1.3261,1.27175,1.3261
2025-11-26,1.33993,1.33993,1.32807,1.334
2025-11-27,1.33894,1.34981,1.33202,1.33795
2025-11-28,1.34289,1.35673,1.34289,1.34388
2025-12-01,1.40811,1.40811,1.34289,1.34586
2025-12-02,1.37649,1.39032,1.36957,1.37847
2025-12-03,1.38044,1.38044,1.37155,1.37353
2025-12-04,1.37353,1.38143,1.36068,1.38143
2025-12-05,1.40021,1.40317,1.38143,1.39428
2025-12-08,1.39428,1.39428,1.36957,1.37254
2025-12-09,1.37649,1.39329,1.37649,1.38835
2025-12-10,1.38835,1.40119,1.38242,1.40119
2025-12-11,1.39625,1.42689,1.38736,1.42689
2025-12-12,1.42689,1.43973,1.41799,1.41799
2025-12-15,1.5425,1.5425,1.42886,1.44072
2025-12-16,1.46246,1.46246,1.43578,1.43578
2025-12-17,1.43183,1.44665,1.43183,1.44665
2025-12-18,1.43874,1.45258,1.43776,1.45258
2025-12-19,1.45258,1.46542,1.45258,1.46444
2025-12-22,1.46444,1.46542,1.45554,1.46147
2025-12-23,1.46147,1.46147,1.4506,1.4595
2025-12-29,1.4595,1.47333,1.4595,1.46444
2025-12-30,1.46641,1.48025,1.45653,1.47629
2026-01-02,1.47629,1.48321,1.46641,1.46839
2026-01-05,1.46839,1.49013,1.46444,1.49013
2026-01-07,1.49013,1.49013,1.45258,1.45455
2026-01-08,1.45455,1.46641,1.45258,1.46246
2026-01-09,1.48222,1.48222,1.46641,1.47234
2026-01-12,1.47234,1.48914,1.44665,1.48914
2026-01-13,1.48914,1.51384,1.48914,1.51088
2026-01-14,1.51088,1.5178,1.50001,1.51384
2026-01-15,1.52076,1.52274,1.51384,1.51878
2026-01-16,1.5257,1.5257,1.50199,1.51384
2026-01-19,1.51384,1.51681,1.48716,1.50594
2026-01-20,1.53657,1.53657,1.47234,1.4842
2026-01-21,1.4842,1.49507,1.46048,1.49507
2026-01-22,1.49507,1.51187,1.48222,1.50989
2026-01-23,1.50989,1.52669,1.50989,1.51483
2026-01-26,1.50495,1.54052,1.50495,1.52372
2026-01-27,1.56819,1.56819,1.53756,1.55535
2026-01-28,1.57116,1.57116,1.50495,1.53954
2026-01-29,1.64428,1.64428,1.51977,1.53756
2026-01-30,1.53558,1.56325,1.53262,1.56029
2026-02-02,1.56819,1.58795,1.5425,1.57313
2026-02-03,1.66108,1.66108,1.5929,1.59586
2026-02-04,1.59981,1.59981,1.51582,1.51582
2026-02-05,1.51977,1.51977,1.47333,1.48815
2026-02-06,1.501,1.50199,1.46345,1.50199
2026-02-09,1.50199,1.53954,1.50199,1.52076
2026-02-10,1.53163,1.5504,1.53064,1.53262
2026-02-11,1.53262,1.53262,1.47432,1.47432
2026-02-12,1.49803,1.49902,1.45455,1.4595
2026-02-13,1.4595,1.4595,1.4091,1.42293
2026-02-16,1.45851,1.46048,1.44467,1.46048
2026-02-17,1.46048,1.47432,1.44961,1.47432
2026-02-18,1.48815,1.52471,1.48815,1.50594
2026-02-19,1.50594,1.52175,1.48914,1.48914
2026-02-20,1.50989,1.51384,1.48914,1.51286
2026-02-23,1.51878,1.57214,1.51878,1.55139
2026-02-24,1.57511,1.57511,1.49606,1.50594
2026-02-25,1.5672,1.5672,1.51878,1.55732
2026-02-26,1.55139,1.58104,1.55139,1.56622
2026-02-27,1.56622,1.56622,1.51384,1.51878
2026-03-02,1.50594,1.50594,1.44467,1.44467
2026-03-03,1.43973,1.43973,1.33499,1.33499
2026-03-04,1.32313,1.41404,1.32313,1.41404
2026-03-05,1.43183,1.43183,1.38538,1.38538
2026-03-06,1.38242,1.38242,1.33005,1.33795
2026-03-09,1.33795,1.34289,1.28064,1.34092
2026-03-10,1.39428,1.41799,1.36859,1.41799
2026-03-11,1.48815,1.48815,1.36957,1.38044
2026-03-12,1.38044,1.38044,1.34685,1.35969
2026-03-13,1.48222,1.48222,1.33696,1.3508
2026-03-16,1.48321,1.48321,1.31819,1.35969
2026-03-17,1.3844,1.3844,1.33598,1.34388
2026-03-18,1.34586,1.38637,1.34586,1.36859
2026-03-19,1.38341,1.38341,1.29744,1.31523
2026-03-20,1.31523,1.35179,1.30238,1.3093
2026-03-23,1.38044,1.38143,1.26977,1.35673
2026-03-24,1.50989,1.50989,1.3587,1.36364
2026-03-25,1.38341,1.38341,1.35475,1.37155
2026-03-26,1.3844,1.3844,1.33499,1.34685
2026-03-27,1.3508,1.3508,1.31819,1.32906
2026-03-30,1.32906,1.33894,1.32313,1.32412
2026-03-31,1.37946,1.37946,1.33301,1.34388
2026-04-01,1.37748,1.41009,1.37748,1.39428
2026-04-02,1.40712,1.40712,1.35475,1.38736
2026-04-07,1.40021,1.40614,1.3676,1.37254
2026-04-08,1.417,1.48618,1.417,1.44961
2026-04-09,1.49606,1.49606,1.44961,1.45258
2026-04-10,1.48618,1.48815,1.4595,1.48815
2026-04-13,1.46246,1.46246,1.45159,1.45357
2026-04-14,1.52274,1.52274,1.48123,1.49507
2026-04-15,1.52471,1.52471,1.4921,1.501
2026-04-16,1.51286,1.51286,1.48321,1.49408
2026-04-17,1.50594,1.54546,1.48222,1.54546
2026-04-20,1.54448,1.54448,1.51582,1.51582
2026-04-21,1.52471,1.52471,1.50791,1.51384
2026-04-22,1.51384,1.51384,1.48618,1.48618
2026-04-23,1.48618,1.48618,1.44467,1.44467
2026-04-24,1.42392,1.43973,1.41997,1.43973
2026-04-27,1.43973,1.46839,1.43973,1.45653
2026-04-28,1.46839,1.47135,1.45851,1.46048
2026-04-29,1.47135,1.48815,1.43973,1.43973
2026-04-30,1.462,1.462,1.414,1.431
2026-05-04,1.448,1.448,1.396,1.398
2026-05-05,1.4,1.413,1.381,1.403
2026-05-06,1.4,1.495,1.4,1.477
2026-05-07,1.477,1.495,1.477,1.48
2026-05-08,1.524,1.524,1.44,1.44
2026-05-11,1.524,1.524,1.443,1.447
2026-05-12,1.447,1.447,1.419,1.419
2026-05-13,1.419,1.432,1.407,1.407
2026-05-14,1.407,1.424,1.407,1.419
2026-05-15,1.419,1.419,1.39,1.396
2026-05-18,1.382,1.419,1.382,1.419
2026-05-19,1.419,1.419,1.408,1.412
2026-05-20,1.438,1.464,1.427,1.459
2026-05-21,1.459,1.462,1.454,1.46
2026-05-22,1.443,1.46,1.438,1.46
2026-05-25,1.429,1.492,1.429,1.492
2026-05-26,1.492,1.505,1.487,1.489
2026-05-27,1.466,1.509,1.466,1.498
2026-05-28,1.471,1.49,1.471,1.49
2026-05-29,1.504,1.504,1.485,1.486
2026-06-01,1.486,1.489,1.456,1.456
2026-06-02,1.456,1.499,1.456,1.499
2026-06-03,1.492,1.504,1.47,1.483
2026-06-05,1.483,1.505,1.483,1.486
2026-06-08,1.505,1.505,1.472,1.472
2026-06-09,1.481,1.5,1.473,1.481
2026-06-10,1.505,1.505,1.454,1.457
2026-06-11,1.5,1.5,1.466,1.466
2026-06-12,1.498,1.513,1.498,1.512
2026-06-15,1.512,1.591,1.512,1.582
2026-06-16,1.524,1.61,1.524,1.601
2026-06-17,1.596,1.652,1.596,1.641
2026-06-18,1.667,1.667,1.643,1.643
2026-06-19,1.643,1.654,1.643,1.652
2026-06-22,1.658,1.683,1.642,1.679
2026-06-23,1.61,1.675,1.61,1.655
2026-06-24,1.656,1.665,1.641,1.664
2026-06-25,1.641,1.641,1.614,1.614
2026-06-26,1.614,1.629,1.614,1.629
2026-06-29,1.66,1.66,1.639,1.643
2026-06-30,1.651,1.667,1.651,1.661
2026-07-01,1.664,1.675,1.661,1.666
2026-07-02,1.676,1.724,1.676,1.724
2026-07-03,1.744,1.744,1.72,1.726
2026-07-06,1.746,1.746,1.73,1.736
2026-07-07,1.777,1.777,1.729,1.737
2026-07-08,1.727,1.727,1.656,1.656
2026-07-09,1.658,1.677,1.658,1.667
2026-07-10,1.667,1.708,1.667,1.681
2026-07-13,1.681,1.681,1.658,1.665
2026-07-14,1.666,1.666,1.649,1.651
2026-07-15,1.704,1.704,1.644,1.665
2026-07-16,1.713,1.713,1.655,1.656
2026-07-17,1.656,1.656,1.628,1.628
2026-07-20,1.659,1.659,1.64,1.643
2026-07-21,1.643,1.646,1.643,1.646
2026-07-22,1.633,1.691,1.629,1.629
2026-07-23,1.629,1.629,1.568,1.575
2026-07-24,1.575,1.589,1.575,1.589
2026-07-27,1.618,1.662,1.618,1.656
2026-07-28,1.666,1.666,1.643,1.652
2026-07-29,1.662,1.662,1.622,1.622
2026-07-30,1.618,1.654,1.603,1.654
2026-07-31,1.714,1.714,1.664,1.667
2026-08-03,1.589,1.677,1.589,1.677
2026-08-04,1.699,1.714,1.693,1.71
2026-08-05,1.714,1.714,1.696,1.706
2026-08-06,1.706,1.747,1.706,1.738
2026-08-07,1.75,1.75,1.727,1.727
2026-08-10,1.702,1.73,1.702,1.721
2026-08-11,1.87,1.87,1.732,1.734
2026-08-12,1.75,1.75,1.711,1.726
2026-08-13,1.773,1.774,1.753,1.753
2026-08-14,1.74,1.74,1.732,1.733
2026-08-17,1.733,1.737,1.714,1.737
2026-08-18,1.746,1.746,1.69,1.69
2026-08-19,1.69,1.69,1.646,1.646
2026-08-20,1.644,1.68,1.632,1.68
2026-08-21,1.68,1.728,1.68,1.721
2026-08-24,1.707,1.733,1.707,1.731
2026-08-25,1.736,1.752,1.732,1.735
2026-08-26,1.851,1.851,1.733,1.746
2026-08-27,1.817,1.817,1.727,1.737
2026-08-28,1.737,1.751,1.737,1.749
2026-08-31,1.749,1.754,1.749,1.754
2026-09-01,1.746,1.778,1.714,1.735
2026-09-02,1.744,1.744,1.744,1.744
2026-09-03,1.776,1.776,1.75,1.774
2026-09-04,1.777,1.777,1.763,1.768
2026-09-07,1.781,1.781,1.761,1.764
2026-09-08,1.771,1.772,1.761,1.77
2026-09-09,1.747,1.754,1.708,1.726
2026-09-10,1.782,1.782,1.695,1.695
2026-09-11,1.726,1.726,1.689,1.72
2026-09-14,1.72,1.72,1.687,1.687
2026-09-15,1.687,1.703,1.677,1.701
2026-09-16,1.701,1.701,1.701,1.701
