,ret_wig20,ret_eurpln,ret_zmiennosc,diff_wibor_3m,diff_rentownosc_10y,d_pbv_pko,d_pbv_peo,d_pbv_san,d_pbv_ing,d_pbv_mbk,target_y
2014-12-12,-0.03268866953877186,0.00597346112838111,0.09581505409082738,0.0,0.0,-0.029184622771580022,-0.02390738087974205,-0.06896391487368043,-0.036701718330922034,-0.0412693217475757,0
2014-12-19,-0.021033214666799135,0.019634247082942695,0.31692220839151447,0.0,0.0,-0.036182743050971994,-0.014583242620683608,0.02646256985247757,-0.04934939602658164,0.01569592270758133,0
2014-12-26,0.005248268382520993,0.025197016412345757,0.012214207819980843,0.0,0.0,0.006145886880598989,-0.0050138091582677975,0.008573607976370693,0.027713756591564213,0.02050049738192063,1
2015-01-02,-0.00589325235603502,-0.016952099393503478,0.008300469715418984,0.0,-0.34215789500000016,0.006108345562300214,-0.014864439146297866,-0.008573607976370735,-0.01099189689578289,-0.0050987672587069505,0
2015-01-09,0.01197448991578082,-0.007400955978500499,0.22408631267263132,-0.010000000000000231,0.0,0.012039946435780918,-0.009981915155865991,-0.19115697677453214,0.010991896895782977,0.010171668916780745,0
2015-01-16,-0.03699267435887537,0.008098533089055693,0.128550561988441,-0.020000000000000018,0.0,-0.08758250363112251,-0.025623758964496264,0.1189786466113633,-0.022105959667332083,-0.112112966631865,1
2015-01-23,0.029425209968626326,-0.023828292236189534,-0.056343253211676075,-0.009999999999999787,0.0,0.0,0.0406362029232476,0.0546125099212258,0.0,0.033342981372331895,1
2015-01-30,0.009187742586036675,-0.004150670303830038,-0.011248318579686858,-0.020000000000000018,0.0,0.03845847235006385,0.0,-0.06391396184960298,-0.011304928014685002,0.005459823296823893,1
2015-02-06,0.0057374605528067195,-0.00642688063484676,-0.22959561932239256,-0.030000000000000027,-0.01499999999999968,-0.02540882433732749,0.06265887867560066,0.04603841902307521,0.0,-0.07917226199623112,0
2015-02-13,-0.003199036211697996,0.006641993510181873,-0.47069184293770167,-0.030000000000000027,0.0,-0.019575501455501482,-0.038112192624582396,0.026694899244774264,0.0,-0.02379558677308642,1
2015-02-20,0.000847549716507339,-0.004311074145099125,-0.3849320723578057,-0.07999999999999985,0.0,-0.013309342398734538,-0.004899952072188767,0.05957313947850857,-0.04620599138807042,0.0060173407518023,0
2015-02-27,0.007701414643818175,-0.004956699272506997,-0.0669020828628328,-0.050000000000000044,0.0,0.006676813360327333,-0.009812823635417002,-0.025138653524397394,0.0,0.04676238112323426,0
2015-03-06,-0.008983665446252469,-0.004302849415776769,0.30306179982685394,-0.16000000000000014,0.12945454499999975,0.03895807196679376,-0.0048948679672926815,0.0,-0.011838363652475963,-0.03489512941509009,1
2015-03-13,-0.018295619511285666,0.004519918263631792,0.12192922290997965,0.0,0.0,0.012658782864442482,0.014707691602709624,-0.008522663286153538,0.0178041106842822,-0.005885902878356481,1
2015-03-20,0.04428564271497603,-0.003212601949032543,0.20080572228908383,0.0,0.0,0.018705439451515433,0.009784228143534355,0.04199031206003321,0.0,0.04648989651376675,0
2015-03-27,-0.01444110704054977,-0.008381871450808374,0.029111541095840084,0.0,0.0,-0.06368976524434437,-0.029430962122363912,0.03218592357420119,-0.005965747031806259,-0.05247124534355431,1
2015-04-03,0.011508706091410569,-0.00864957673230317,-0.10378385594852399,0.0,0.04204545500000023,0.013071963962251177,0.0,0.023500792063776657,-0.011838363652475963,0.005981348829787767,1
2015-04-10,0.017741012387078932,-0.009420386396362172,-0.10792068179127334,0.0,0.0,0.0,0.014847719501680273,-0.023500792063776622,0.08046334582678057,0.040781032293446505,1
2015-04-17,0.008289265367684949,0.0005215512542319269,0.19634178474942277,0.0,0.0,0.05674221423295622,0.01458324262068352,-0.057210049944624974,0.010928106638128324,0.022585939647271285,1
2015-04-24,0.022171579031407217,0.002529386856650356,-0.059303373747422644,0.0,0.0,0.0,0.01442930545550459,-0.008443522403455922,-0.011307076248495274,0.02760218724700981,1
2015-05-01,-0.0018157153720087724,0.008729157366565604,0.04864555667883957,0.0,0.4524999999999997,0.0,-0.024213533599039026,-0.11675480694232858,0.005765744066938761,-0.07329600232115377,1
2015-05-08,0.012704140705239354,-0.006725074305754083,0.029599749225934766,0.010000000000000009,0.0,0.047947727522618,0.033691609023276566,0.0,0.04955581393849533,0.040137615271675045,0
2015-05-15,-0.012620632900193515,-0.0013851102882301207,-0.07325353990157833,0.010000000000000009,0.0,-0.09185724119790616,-0.02879165695108772,-0.009479655027025611,0.010701783287418005,-0.022771382412477476,0
2015-05-22,0.0007631767601519878,0.01656906546381116,-0.3089680229519699,0.010000000000000009,0.0,0.012800792027487946,0.0,0.009479655027025649,-0.021519334783486745,-0.0350393897257713,0
2015-05-29,-0.03187226470744754,0.000705742092736088,0.1253242532127263,0.0,0.0,-0.09281041016404311,-0.02454668605101827,-0.028916928052479595,0.0,-0.005981348829787712,0
2015-06-05,-0.03007686028473944,0.012114326093490847,0.031526324889690066,0.0,0.3700000000000001,-0.007002561037261816,-0.04579618221064383,0.009764686869923066,-0.06738531341732401,-0.042838934460770535,0
2015-06-12,-0.002899896408307044,-0.005446584053014765,0.1635702777037929,0.030000000000000027,0.0,0.01395642700603267,0.010293469811544996,-0.019523827760013712,0.022881306907958556,0.00624233560172206,0
2015-06-19,-0.025496864299283814,0.011078781472163367,0.09219943357109979,0.010000000000000009,0.0,-0.05680780012278265,-0.0016771322234652374,-0.010065861710245932,-0.07056268934326405,-0.05099889995311755,0
2015-06-26,0.014879935769689613,-0.0018419515535868798,0.13088350623001474,0.0,0.0,0.014488778595358865,0.042744942830692925,0.06763038530156144,0.0,-0.01311647021170049,0
2015-07-03,-0.024133920961562555,0.0037043718049172072,0.09084225540567446,0.0,-0.029999999999999805,-0.04410449249447182,-0.03196140132747815,-0.009301451928377133,0.0,-0.03366816569464918,1
2015-07-10,-0.0032226820094560923,-0.00406358871592228,0.0791016238793199,0.0,0.0,0.02961571389911316,-0.04971539878125311,-0.05832893337318433,-0.05006012877201916,-0.013819315400081,0
2015-07-17,0.00622934626606689,-0.015837325853041342,-0.008487035853471556,0.0,0.0,0.0,0.027940861552366473,0.03926227562579069,-0.006398546792372397,-0.0069819388671182765,0
2015-07-24,-0.04354210284707875,0.008143130645487193,0.08016239102720513,0.0,0.0,-0.07575769212311637,-0.08645999244668727,-0.019437273025454067,-0.03944709996578765,-0.08004860530828997,1
2015-07-31,0.01804731917482489,-9.655305597922765e-05,0.0052880181510706805,0.0,0.0,0.015699159401192014,0.023702439379781372,-0.02988442058733004,0.0712510249479378,0.05169572815909113,0
2015-08-07,-0.01389171785193954,0.009824606714230962,0.0015915703652635497,0.0,-0.27809523800000013,-0.08072784265115412,0.11128690145447931,0.0,0.10098318399244453,-0.11417651457992763,0
2015-08-14,0.0006552901258377167,-2.3903715833896927e-05,0.0139154544124595,0.0,0.0,0.024925244882206845,0.005206590168791479,-0.041288843322808494,0.022312832500425407,0.054861555348826266,0
2015-08-21,-0.008446926044924967,0.009989617846314728,-0.1532983785046872,0.0,0.0,0.016170934678861954,-0.010527592857842964,-0.04294894723645948,-0.022312832500425497,-0.03891173740541938,0
2015-08-28,-0.01600552104843221,-0.0026541557834271257,0.4629942611133527,0.0,0.0,0.031813428691941176,0.005321002689051576,-0.010946737978979658,-0.028647050974897375,0.06159745344690299,1
2015-09-04,0.0006291374733043,0.0034584897673176694,0.014912956736518422,0.0,0.029004329000000162,0.0,-0.005321002689051536,-0.09318004501638641,-0.029568456390726843,0.007448964129858163,1
2015-09-11,0.018001700361369725,-0.005073385150095833,-0.0011228122956971462,0.0,0.0,0.023117132899132153,0.03130340255186232,0.03596706152573886,0.006016151551329933,0.029180279059759482,0
2015-09-18,-0.007933614592022537,-0.0004754659655947734,-0.005518860924746172,0.0,0.0,0.0,-0.03656524034424236,0.0,-0.01808071554915996,-0.02918027905975944,0
2015-09-25,-0.035901243337961554,0.005383305820937657,-0.420820450154901,0.0,0.0,-0.03894049309044803,-0.005289671249026122,-0.06068752889678095,-0.024557137896514477,-0.037734561651877024,1
2015-10-02,-0.026847217514203922,0.0046484822788744745,-0.15350675982634387,0.010000000000000009,-0.25,0.0,-0.03807799596487192,-0.10532942247618042,0.01241490119556903,0.0,1
2015-10-09,0.05119310865096904,-0.006542377402386169,0.1178469847666574,0.0,0.0,0.07642634854602208,0.010885947141248058,0.15404575147197894,0.06527727489689807,0.08823668857625824,0
2015-10-16,-0.010006601332592976,0.003855027537754036,-0.026071248725669308,0.0,0.0,-0.03748585545557389,0.010931422285632295,0.01197119990098251,0.0,0.0,0
2015-10-23,-0.006861568947094515,0.003040411501092019,-0.17244573411324907,0.0,0.0,0.0,0.0,-0.023832277279767246,-0.005791901008015446,-0.007009040280404216,0
2015-10-30,-0.0227486498306365,0.00015060170114251768,-0.012046020310502472,0.0,0.0,-0.04686062070111029,-0.03313120410124861,0.011861077378784862,-0.04734313718793727,-0.08896417733067047,0
2015-11-06,-0.01973195121144241,0.004545014185975376,-0.26443403080272665,0.0,0.06509090899999981,-0.016206655074790216,-0.02850624362883963,0.01197119990098251,-0.056108490818767794,-0.03952514483347462,1
2015-11-13,-0.02046261987033357,-0.00662720981662741,0.061707864755410444,0.0,0.0,-0.058537319999241916,-0.05956397166350948,0.034599960678333694,-0.03257936398859895,-0.05813344027412508,0
2015-11-20,0.02155620026716378,-0.0001414827393419509,0.22967804083187215,0.0,0.0,0.017104167731218537,0.01834521682778647,-0.011440693164386149,-0.006611142263786266,0.01698154014809407,0
2015-11-27,-0.04343236002046341,0.007237043734237421,0.1270823564080291,0.0,0.0,-0.052169297183243125,-0.036865013356424246,0.011440693164386142,-0.03389404715298282,-0.09699541566801086,0
2015-12-04,-0.03565300375593511,0.010063212412370058,0.01684688548563298,-0.010000000000000009,0.23099999999999987,-0.027090308543684254,0.006186079687587639,0.0,-0.00697407694763728,0.0,0
2015-12-11,-0.061178437949918535,0.011705472485980653,0.22843399529676037,0.0,0.0,-0.018606628411248844,-0.02504510506478741,-0.058432237958100965,-0.013925852470750413,0.0,1
2015-12-18,0.05615040296283992,-0.02124907183454112,0.10164256075185978,0.0,0.0,0.07216364312987521,0.09119294383515278,-0.08820228685544629,0.04127607340347649,0.05407708471093995,1
2015-12-25,0.011170013051843834,-0.008143478449786997,-0.05443650497666696,0.0,0.0,0.0,-0.023503216659101787,0.013086040507575093,0.03330513098155179,0.01733664224533812,0
2016-01-01,-0.011019395249610538,0.00575617989362969,0.008695999251443761,0.0,0.03984210499999996,0.0,-0.01804709582944234,0.012917005667166909,-0.03330513098155169,-0.035069508846897655,0
2016-01-08,-0.07481118741602331,0.02331560788966653,0.11897622097453175,0.0,0.0,-0.08150037364229916,-0.08210848950454332,-0.13720385944373026,-0.013460089085480095,-0.07405931863971223,1
2016-01-15,0.005624276027327278,0.026310463469393752,-0.010397364087390705,-0.020000000000000018,0.0,-0.048345782118970414,0.03246585815793467,-0.01482895126938462,-0.006916054899608789,-0.019454337270195247,1
2016-01-22,-0.004419303051349605,-0.004687055886229605,0.07179593085396738,0.0,0.0,0.0,-0.039019336962559055,0.014828951269384607,-0.10147769011717804,0.0,1
2016-01-29,0.03024062429375405,-0.008883801672175978,0.04812363449434362,0.0,0.0,0.02920548841077268,0.039019336962559076,-0.01482895126938462,0.05198539719002963,0.09351365590990737,0
2016-02-05,0.005947731416086218,-0.002473729228408932,-0.04181069710528496,-0.010000000000000009,0.03315789499999999,-0.019308673770486347,0.03737882190583769,-0.06162736413730732,0.014399889391700916,0.0,1
2016-02-12,-0.014250606700806672,-0.0026822484724805308,-0.14446613463025318,0.0,0.0,0.019308673770486413,-0.0247355379707672,-0.10002441298814314,-0.058818319399789716,0.0,1
2016-02-19,0.04189056410765107,-0.006273732356450378,-0.0833183401200617,0.0,0.0,0.01914029370819773,0.06093263190540149,0.06789502449913272,0.05881831939978974,0.04366965741053629,1
2016-02-26,0.001904695295594104,-0.0002677936905957365,0.006211340607631919,-0.010000000000000009,0.0,-0.009524353697702935,0.005850562272933402,-0.01637256219338728,0.021264005433043562,-0.017274901757312323,1
2016-03-04,0.015567488842154536,-0.01087974200822297,-0.09475040035630192,-0.010000000000000009,-0.13999999999999968,0.03746771262137579,0.02907964733537096,0.11012931481970491,0.04106730474961199,0.008674753193673869,1
2016-03-11,0.019744958892519888,-0.006743070043811578,0.004953365929298264,0.0,0.0,0.03593050880470888,0.005737044179168639,0.04384648762654618,-0.013531539030772163,0.04219602829214538,1
2016-03-18,0.02639043477309663,-0.0068592216975278475,-0.16792614892041657,0.0,0.0,0.0,0.022519702244609995,0.042009429960554005,0.02018667953654698,-0.02506906349934502,1
2016-03-25,-0.013226945971602816,0.0014487014622619335,-0.04354196264140682,0.0,0.0,-0.045192459524502356,-0.011313834674368105,-0.027810429337225974,0.0,0.008454723918932231,0
2016-04-01,0.018954737277165207,-0.003284861165161836,0.10808012159120811,0.0,0.062857143,0.04519245952450234,0.022199781815616236,-0.11967285238718155,-0.03389404715298282,-0.01698154014809414,0
2016-04-08,-0.027653804741959054,0.00932656883396894,0.034590976699452755,0.0,0.0,-0.01785349101248826,-0.062316515020777445,-0.01585075774810888,-0.013828398102404051,-0.008600148563638547,1
2016-04-15,0.010639142477230102,0.00018159637229651747,0.04495985338341156,0.0,0.0,-0.02733896851201404,0.017414064887835857,0.0624204577410795,0.06750967306904455,0.0,0
2016-04-22,0.0015864107700542384,0.01569917787343498,-0.10932468983046231,0.0,0.0,-0.028205761901582405,0.01703995124020461,0.11453076998558294,0.00844331217786919,-0.035069508846897655,0
2016-04-29,-0.02416471069994395,0.002197601836727967,-0.1475474245279584,0.0,0.0,-0.03882142842126746,-0.017039951240204503,0.02655665869712686,0.0,-0.03634421810938054,0
2016-05-06,-0.023434467530140772,0.013545455594039203,-0.06304270140843378,0.0,0.08714285699999991,0.009896814640286222,-0.011553425045708781,-0.14108742868270965,-0.013428117016554848,0.0,0
2016-05-13,-0.02035461989328103,-0.004773559389746411,-0.1984131157520235,0.0,0.0,-0.0711113761115206,-0.041550312488544135,0.05890415177088289,-0.027630009720438203,-0.03771510053033169,1
2016-05-20,-0.004969969586853125,0.0008360569866694536,0.2896190878765347,0.0,0.0,0.0,-0.024597526281821255,-0.01425270097607636,0.02077262615879797,-0.019454337270195247,0
2016-05-27,0.01801672609381959,-0.006596394437898426,0.05157317759975616,0.010000000000000009,0.0,0.051214690437136196,0.036642984954734795,-0.0597754855350297,0.033680923918406366,0.05716943780052689,0
2016-06-03,-0.02521158130230581,-5.243629276591929e-05,0.17526760311751968,0.0,0.06999999999999984,-0.0406935267505771,-0.042829064642322355,0.08822718713443409,-0.03368092391840626,-0.009319907422878457,0
2016-06-10,-0.006382435068382202,-0.0025156097409017716,0.1200215067753488,0.0,0.0,-0.010521163686559244,-0.006215741442129286,-0.07310315239421097,0.02028550057819517,-0.05772049142701675,0
2016-06-17,-0.015592134842760506,0.010235112867766608,-0.03194711115842349,0.020000000000000018,0.0,0.010521163686559165,0.01240182112971681,0.029886615413721278,0.013395423340211174,0.00987096104936826,0
2016-06-24,0.008637671038115457,0.006640572332208088,0.3014402889642272,0.010000000000000009,0.0,0.030701100760493916,-0.017060870458591598,-0.12495826608908948,-0.006675282166992361,0.0,0
2016-07-01,-0.014290713663195358,-0.008615304562156787,-0.06432278334616189,0.0,-0.22142857099999969,-0.05185676544851628,-0.013469198104289589,-0.051522462305745434,0.03285997093870281,0.0,1
2016-07-08,-0.022685096510308766,0.0002787822898374573,-0.04403131010227448,0.0,0.0,-0.02149471329175976,-0.0487486092245579,-0.03575934979361987,-0.019553670684777497,0.009774476793900037,1
2016-07-15,0.031161247224066796,-0.0005145613025170606,-0.002344431320741531,0.0,0.0,0.04265037797978208,-0.007238210248706128,0.13578376278176307,0.0,0.0,1
2016-07-22,0.01889493717238521,-0.011949884400299014,-0.4060506358662328,0.0,0.0,0.02050107311548154,0.007238210248706161,0.0,0.02588208053388234,0.009679860476295205,1
2016-07-29,-0.01870739188391082,-0.00048658004053928256,-0.02952375522930175,0.0,0.0,-0.020501073115481643,-0.03636234092926859,0.0,0.03776115410296747,-0.029325298319563483,1
2016-08-05,0.03666046111763236,-0.01763439639694874,0.012789182485813897,0.0,-0.17857142900000023,0.14505955661953907,0.0919538416270108,-0.06550182013801809,0.03640329859730029,0.14705427436981197,0
2016-08-12,0.01751263143300429,-0.0015737631496379565,-0.11688877018347417,0.0,0.0,0.0,0.04616391520383843,0.06550182013801821,0.03512451416902003,0.05002096901997896,0
2016-08-19,-0.031458058528253646,0.009635132456042368,0.04988762198368389,0.0,0.0,-0.0651606704240914,-0.032862871034599034,-0.04850195068239769,-0.011606159077424722,-0.016425089291472187,0
2016-08-26,-0.013573768208555255,0.0037455436821695392,-0.05830720504794771,0.0,0.0,0.009615940010494824,-0.013301044169239398,0.04850195068239762,0.034314231960280536,0.00824626721144301,0
2016-09-02,-0.004712929746795061,0.008191602201718658,-0.2781758983718849,0.0,0.14000000000000012,-0.009615940010494945,0.013301044169239263,0.01592678949454802,0.0056203216079904255,0.04016146949503674,0
2016-09-09,-0.007627100270517886,-0.006274524983425561,0.22911610792171097,0.0,0.0,0.009615940010494824,-0.013301044169239398,-0.03177754724265695,-0.06345290865986625,-0.0650220762868924,1
2016-09-16,-0.011386497213103962,-0.00662962346520961,0.019228609034435934,0.0,0.0,0.00952435369770291,0.013301044169239263,0.0624204577410795,0.017780582030012097,-0.034256441905406415,0
2016-09-23,0.016141098674176964,-0.002106522985121684,0.07936371324682241,0.0,0.0,0.018681408203879438,0.013294433839826703,0.0,0.04005200502186382,0.008674753193673869,0
2016-09-30,-0.030515128378418615,-0.0013610303121288792,-0.05575885045186873,0.0,0.0,-0.04742943641090555,-0.04024938944806355,-0.07869908848198096,0.0,-0.026163769241377314,1
2016-10-07,0.02439138264669364,-0.002652929567885783,-0.12352898492744932,0.0,0.1599999999999997,0.0,0.04024938944806365,0.0635750537417579,0.0,0.017489016047703476,1
2016-10-14,-0.018483195797455984,0.005816507162288525,0.07005301388453963,0.010000000000000009,0.0,-0.029597624946042393,-0.06804165171670112,0.0,-0.01701385576525698,-0.008661889051664358,1
2016-10-21,0.018785709805305417,0.004949553926970336,-0.011891034121697298,0.0,0.0,0.02959762494604246,0.007081648705909444,0.059775485535029586,-0.05277624740592824,-0.026718631624194567,1
2016-10-28,0.03672080113386191,0.0017950385169560742,0.006660679633169181,0.0,0.0,0.05669138713069897,0.02071061356272798,0.05626213093663037,0.03547587121090454,0.026718631624194418,0
2016-11-04,-0.03331954389175298,-0.0022177333064337993,0.1706672312634219,0.0,0.40000000000000036,-0.02794335892367293,-0.05629136237886438,0.0,0.005752576309284816,-0.035785873303157946,0
2016-11-11,0.021677543726009094,0.021176761760862018,0.007321033742011514,0.010000000000000009,0.0,-0.019140293708197795,0.04253643225051857,0.013617188254145946,0.01727207489646745,0.03578587330315797,0
2016-11-18,-0.04032353336382146,0.004090160663049274,0.04560794661644987,0.0,0.0,-0.05939781307996608,-0.0498769115929197,-0.041427617591371896,-0.034718722296244675,-0.04484323651557474,1
2016-11-25,0.040073049790059316,-0.004477017927725631,0.06545939233518881,0.0,0.0,0.020192453635095375,-0.007307150372059499,0.0,0.017446647399777342,-0.03745827125187098,1
2016-12-02,-0.007112020077703851,0.014433571436823372,-0.1542749019796042,0.0,0.1299999999999999,0.0,-0.0148667875972033,-0.014199000623327983,0.034181977258986126,0.0,1
2016-12-09,0.06311058868946093,-0.007396314534957224,0.29563827188343217,0.0,0.0,0.05834565315306855,0.05801351742189068,0.1460968984229128,0.01104832171314088,0.06456864116588613,1
2016-12-16,0.009836917705210443,-0.007326932241205174,-0.07564109205091303,0.0,0.0,0.009336730512424148,0.007081648705909444,0.04812094262412745,0.04856693454799023,0.008905739605520326,1
2016-12-23,0.007819070297515966,-0.0028945679664584643,-0.023467079842847433,0.0,0.0,0.018606628411248903,0.0,-0.04812094262412757,-0.02131757708243308,-0.04524995771490078,1
2016-12-30,0.00737858620809674,-4.994075211828511e-05,-0.06734130144754087,0.0,0.0,0.0,0.013860710843708773,0.03614974272314497,0.02659106544522466,0.018291211407781977,1
2017-01-06,0.025764851665232902,-0.011087066369916103,-0.23984456857618724,0.0,0.14000000000000012,0.07070526569927091,0.0406056736921455,0.0,0.010350655266185473,0.009067241678963361,1
2017-01-13,0.00853379694795159,0.005943455283676865,-0.32617215028772983,0.0,0.0,-0.017148250980644632,-0.02010185953412883,0.023557368516167774,0.03556382966258838,0.05265542243317117,1
2017-01-20,-0.004913110656233358,-0.0029020897118510296,-0.11706763206473136,0.0,0.0,0.008598423277082698,0.0,-0.011586168615185294,-0.01501845945631691,-0.017274901757312323,1
2017-01-27,0.03816544135358236,-0.007896425396336275,0.44764635213488063,0.0,0.0,0.03390234276453995,0.07165673654562005,0.07909973385096988,0.010092425730700896,0.09927851819229887,1
2017-02-03,-0.0038123488244721075,-0.007018092449420458,0.08339586885009669,0.0,0.1299999999999999,0.0,-0.018992362150110013,-0.021886750360322286,0.07736526882765882,0.007858118778999746,1
2017-02-10,0.0371925039102483,-0.0021439325874380395,0.10453277007533522,0.0,0.0,0.07240335450961445,0.04385142244091285,-0.105333926114775,0.01841125955406962,0.0824482196400663,1
2017-02-17,0.015431715666634753,0.007857962524798333,0.05115008596196999,0.0,0.0,0.022939151526877047,0.006103825299064181,0.02428866534436029,-0.004591566373929407,-0.05169572815909101,1
2017-02-24,0.010790180001052321,-0.0036349499235489215,0.002505260458471595,0.0,0.0,-0.007640253025889086,-0.012319850625766472,-0.012134784245971683,0.04052998108556203,0.0,0
2017-03-03,0.009421849578000085,-0.0024810078789794373,0.07974672406239287,0.0,-0.1499999999999999,0.022669772673223162,0.0,0.04755323014092426,-0.022319738808597857,-0.015219112552545381,1
2017-03-10,-0.01486601962229766,0.008111752300648525,-0.030651842036014634,0.0,0.0,-0.06953039337433341,-0.04413585630588225,0.04562681487546213,-0.03202993545710435,-0.0392144855531803,1
2017-03-17,0.04311986647302614,-0.01298022036238128,0.06438594486526664,0.0,0.0,0.03156172220012216,0.025492821341781675,0.01094673797897964,0.02749441548791116,0.0392144855531802,0
2017-03-24,-0.02743017519844906,-0.004976765128295514,-0.08994428595013271,0.0,0.0,-0.007818234398144224,-0.025492821341781585,0.010940012381342666,-0.009083155933841455,0.0,1
2017-03-31,-0.02669074143771173,-0.007256572091144265,-0.08284125198598703,0.0,0.0,-0.039950142876768284,-0.02606205566970951,-0.01094001238134274,-0.023049919467993098,-0.07179923441390944,1
2017-04-07,0.032717771939024386,-0.0011187178249362697,0.0556783100267988,0.0,-0.2400000000000002,0.03995014287676819,0.03256251486138118,0.0,-0.004750358789840929,0.02453756054561824,1
2017-04-14,-0.006559653683011985,0.0034750433324167176,-0.18371694351884643,0.0,0.0,-0.039950142876768284,-0.02606889638644394,-0.03355976079129357,-0.01894178100492416,-0.008112471254146094,1
2017-04-21,0.013536013863067827,0.006422122372037855,-0.0018301196907165554,0.0,0.0,0.016206655074790178,-0.006493618474937265,0.05531879335786122,0.0236921397947651,0.03198264741500755,1
2017-04-28,0.0486204175048775,-0.010001296132643049,0.09301013845980227,0.0,0.0,0.07699901051344275,0.06402758657109707,0.05231464925757921,0.036668595371027866,0.08307237314748551,0
2017-05-05,0.0022273408885527457,-0.004599639711892114,-0.16180498839277913,0.0,-0.06999999999999984,0.03632314638572474,-0.006216908845381473,0.0,0.01338696584837909,0.021546772855798115,0
2017-05-12,-0.005754993602638686,0.0024981490603581363,0.1428193650519904,0.0,0.0,-0.021701901977120696,0.012387234249876157,-0.03112473458768758,-0.017922485817572317,-0.014312807584217498,0
2017-05-19,-0.016946671424616557,-0.0053530046672425145,0.09185334270894366,0.0,0.0,-0.029615713899113102,-0.03134314593518568,-0.02118991466989172,-0.013674722307770877,-0.021786391982309965,0
2017-05-26,-0.0010397467735698187,-0.0022701702111987405,-0.08305119385982336,0.0,0.0,0.014994469490509081,0.0,-0.021759032566567773,0.009118537636431607,0.0,1
2017-06-02,-0.009966623091737388,-0.0003059478191619309,0.05471006135856803,0.0,-0.16000000000000014,-0.007468617139109329,-0.03236114756546889,0.021759032566567766,0.00909170464053244,0.036099199566527546,1
2017-06-09,0.01187343062675485,0.0008936785980515477,0.00431499315587756,0.0,0.0,0.0,-0.026595478009066042,0.010708369977835235,-0.018210242276964154,0.007009040280404223,0
2017-06-16,-0.01131349954007453,0.005457016715938479,-0.05924464735875416,0.0,0.0,-0.015029519647334027,-0.02050381415801672,0.04160627927974401,-0.013819693180140223,0.0,0
2017-06-23,-8.678709823035814e-06,0.0031472633307533028,-0.09233721206182795,0.0,0.0,-0.03863831092806916,0.01236967217472293,-0.03112473458768758,0.036495809796551336,0.0,0
2017-06-30,-0.0020328918361754694,0.0020792954448169243,0.016409410102487237,0.0,0.0,0.015699159401192014,0.021604132545235855,-0.03200893485511678,-0.01355757897997952,0.034602135326116015,1
2017-07-07,-0.0017320844608729928,0.0003473104151247749,-0.09249242258756914,0.0,0.10999999999999988,0.0075902923000280495,0.0,0.01081902018522515,0.0,-0.01365563797956413,1
2017-07-14,0.023508211969352658,-0.007052491251457439,0.03048043520837933,0.0,0.0,0.007708606200960105,0.04202336331180899,-0.03270577054554744,0.026939870375602262,0.04055395189987387,1
2017-07-21,-0.0031234512016570497,0.0153027594778398,-0.06600132445172158,0.0,0.0,0.022669772673223162,-0.013808818485089892,0.01094673797897964,0.008797011306284285,-0.03366816569464918,1
2017-07-28,0.007364730365875715,-0.0032924138848574934,-0.1434374697688784,0.0,0.0,0.029402883580382046,-0.007067297607660814,0.14303913919907763,0.03445143232337244,-0.06367477375998629,1
2017-08-04,0.008328143009387806,-0.002200195022345394,-0.0959229861076106,0.0,0.03000000000000025,-0.029402883580382143,0.07414367826387433,-0.028916928052479595,-0.030108710941862588,-0.007265749638721942,0
2017-08-11,-0.0035522819916141003,0.009805827230150074,0.06258971567645176,0.0,0.0,0.0,0.006480788585466318,-0.009759140890090638,-0.013139732687794064,-0.014842851207307524,1
2017-08-18,-0.005008897548363628,-0.0036574391283975237,-0.013736760166172469,0.0,0.0,-0.015029519647334027,-0.046194401034463026,-0.020125279697239398,0.013139732687794167,-0.038022126556835435,1
2017-08-25,0.046315823295788046,-0.0025505852273152003,0.2409419651038919,0.0,0.0,0.022498136786443246,0.020081991810013505,0.0,0.01735531470967026,0.04547109068669359,1
2017-09-01,0.02235579245994029,-0.0014281656374541742,0.18157579917188382,0.0,-0.07000000000000028,-0.007468617139109329,0.01963162063898317,0.03964910745725316,0.021277522284101087,-0.014953832011801506,0
2017-09-08,-0.017577080880629658,-0.0023746076524597862,-0.05380295986703378,0.0,0.0,-0.03037837887418316,-0.006446928486995381,-0.03964910745725316,0.004166157909477206,-0.015180848159540282,0
2017-09-15,0.0059174383313148485,0.008294752439240792,-0.019911706505218573,0.0,0.0,-0.031231886889487945,0.03843885728170237,0.020125279697239273,0.0,0.015180848159540261,0
2017-09-22,-0.007065634279234742,-0.0027190080444428042,-0.15600314239023447,0.0,0.0,0.03123188688948808,-0.02551114020924085,0.009759140890090673,0.004148873024413248,0.022347719089251095,0
2017-09-29,-0.01105359852706168,0.010556088004270565,-0.33354214532356535,0.0,0.0,-0.007590292300028027,0.0,0.04780538270122489,-0.004148873024413291,-0.0451284487293265,1
2017-10-06,0.01054152135753732,-0.00044293501986307043,0.1286179903353615,0.0,0.1200000000000001,-0.023641594589460056,-0.006480788585466262,0.0,-0.021152974332547397,0.0,0
2017-10-13,0.019450970888861833,-0.01455854930007285,0.0839553937176292,0.0,0.0,0.054084413412271354,0.019252504549953576,-0.05756452359131541,-0.004290705861030956,0.08122764829585394,0
2017-10-20,-0.025093082774813993,-0.003104454211058688,0.05093614586756194,0.0,0.0,0.014994469490509081,-0.03888412518893692,-0.010065861710245932,-0.048343213132534195,-0.014312807584217498,1
2017-10-27,0.00928143667023404,0.002534730088078778,0.0007109367777755639,0.0,0.0,-0.007468617139109329,-0.05451205762489098,-0.04086450126556026,0.03098789842286395,-0.03662924318961746,0
2017-11-03,0.0024162066091474362,-0.00036507654647374704,0.011046027125603533,0.0,0.010000000000000231,0.029402883580382046,0.013993716363387197,0.010482277588011332,-0.004342721381509793,0.014842851207307458,0
2017-11-10,-0.014902923966683565,-0.0041405678422450475,0.027844257390086922,0.0,0.0,0.021530822747370452,-0.006926418755726532,-0.020966037632252972,-0.013258211192975093,0.01455242671072952,1
2017-11-17,-0.005626921170336864,0.0013946937717184723,0.10549551955113819,0.0,0.0,0.02101008937397262,0.013808818485089873,-0.03200893485511678,0.01760093257448475,0.014415975902736373,0
2017-11-24,0.014389614295498435,-0.005849445417628534,0.05449331683169077,0.0,0.0,0.034147825981579394,0.04682063368412827,0.01081902018522515,0.008736074057271436,0.014139837233465949,0
2017-12-01,-0.03669620250425212,0.001284643699966721,0.04758430621100957,0.0,-0.1200000000000001,-0.006682974083396764,-0.01983751017691138,0.07253817597969359,-0.004304866859055604,-0.007009040280404216,1
2017-12-08,0.007881259862095516,-0.003630225401727642,-0.08762054063680161,-0.010000000000000009,0.0,0.0,-0.00669737460485363,-0.06182980600185833,0.008597189020239948,-0.007130796953061766,1
2017-12-15,0.0033652622636100205,0.0015564057316193878,-0.05557337189328202,0.0,0.0,0.033165955161218334,0.01989285672110144,0.0,-0.008597189020240056,0.014139837233465949,1
2017-12-22,0.0118045215605454,-0.003370507349177768,0.05755143079902899,0.0,0.0,0.0,-0.013195482116247758,0.0104815446920566,0.025677503743646905,0.020946497346551747,1
2017-12-29,0.006342162668518562,-0.0034465485012145224,-0.07010014897079438,0.0,0.0,0.025799689485621374,0.019837510176911474,0.020966037632252865,-0.012753396232192309,-0.02795553762695606,1
2018-01-05,0.02738832237220224,-0.005550861405176405,0.1350642489638588,0.0,0.04999999999999982,0.0,0.032205601863661115,0.0,0.04615284241392782,0.06185243639771249,1
2018-01-12,0.0038430930894634476,0.003957422679578537,0.009514074478392805,0.0,0.0,0.02521061898927467,-0.019277884791199414,0.020322805690555532,0.01222604662220015,-0.02024126079119222,1
2018-01-19,0.02432668574542981,0.0007431219613287558,-0.0699534052786776,0.0,0.0,0.01842390315814529,0.025511140209240876,0.020125279697239273,-0.004075476919455794,0.07848980122748515,0
2018-01-26,-0.0005151567689809767,-0.008613263782609763,0.0015676060134226248,0.0,0.0,-0.012270299831462004,0.031006550805122025,0.019523827760013754,0.004075476919455731,0.012523882857642504,0
2018-02-02,-0.0365134968280447,0.007702263633299601,-0.148930048872294,0.0,0.07000000000000028,-0.018705439451515336,-0.037239806223163474,-0.009764686869923087,0.008013394783270905,-0.0575023404871137,0
2018-02-09,-0.05091047652442224,0.003402418494304582,0.3952347411756492,0.0,0.0,-0.051616854831236084,-0.04539029401564891,-0.02988442058733004,-0.10581748485889736,-0.06811347892412994,1
2018-02-16,0.010092470445663635,-0.0060345930457750075,-0.010901069215091165,0.0,0.0,-0.020007572680046104,0.006542664091324189,-0.041288843322808494,0.013401726715562298,-0.007009040280404216,0
2018-02-23,-0.00035320492277757904,0.003686940994541366,-0.04492045360352636,0.0,0.0,0.046215603173954865,0.026008803398169127,0.020966037632252865,-0.022319738808597857,0.0,0
2018-03-02,-0.03893431672398205,0.004165028914327937,0.09489814861093004,0.0,-0.1200000000000001,-0.03953262909055805,-0.07306980875099701,-0.031447582324309484,-0.018210242276964154,-0.06600853574330857,0
2018-03-09,0.017268360482955655,0.0003268250644272859,-0.21666269710702662,-0.010000000000000009,0.0,-0.020372967373667804,0.020436349451490272,0.0,-0.023208711883904626,0.015066484969473609,0
2018-03-16,-0.02994434462790321,0.005964246575189427,-0.00095702577949831,-0.010000000000000009,0.0,-0.04914001416656458,-0.06998819498083818,0.0,0.05926711989593852,-0.015066484969473517,0
2018-03-23,-0.012267067065448466,0.002495928246058767,0.2462849702858841,0.0,0.0,0.007213123381762062,0.014410881946902127,-0.04341414052338261,-0.0269398703756023,-0.054433598105725664,1
2018-03-30,-0.02096952115871867,-0.0034305432242827728,-0.04538995522143486,0.0,0.0,-0.0072131233817620145,-0.007173768054502785,-0.022613022812313886,-0.013687071901868488,-0.00804718831511085,1
2018-04-06,0.021669252366493433,-0.0036686120763677376,0.11362326168395408,0.0,-0.20999999999999996,-0.021762557360721222,-0.007237113892399377,0.02261302281231394,0.004568534265436877,0.031728294939861235,1
2018-04-13,0.022552344261549194,-0.0072674738469777405,-0.05555208060099405,0.0,0.0,0.043218613472358336,0.007237113892399435,0.0,0.0182102422769642,0.0,0
2018-04-20,-0.005259835236697586,0.0012468709953142648,-0.17266304500019616,0.0,0.0,-0.007100989926956675,-0.014430364490733155,0.01094673797897964,-0.02746980162669356,0.02313326040896501,0
2018-04-27,-0.009526567203141403,0.008841613387691885,-0.17802969392470036,0.0,0.0,0.014007528336710767,-0.029674697216915763,0.0,0.011827664163416707,0.007619231072010178,1
2018-05-04,-0.019096940250722665,0.008467411044452042,0.08411677218458267,0.0,0.16999999999999993,-0.021149471139629207,-0.00755532864084841,-0.010946737978979658,0.0,-0.0386106102599751,0
2018-05-11,0.042090851347547274,0.004396923367285599,0.07886437932306717,0.0,0.0,0.041926890784802495,0.03723002585776424,0.0,0.02754167001762186,0.05367709522944855,0
2018-05-18,-0.04344847880002278,0.008671181858078674,0.06231346537615622,0.0,0.0,-0.04192689078480263,-0.04475934308591331,0.05389568521543912,-0.03692295056476059,-0.061597453446903094,0
2018-05-25,-0.007687567678646244,0.003156516993437993,0.08377855468189808,0.0,0.0,-0.036323146385724675,-0.015492167150738465,-0.11110866870608664,-0.018934017389374985,0.019881370553828995,1
2018-06-01,-0.010437247013648475,-0.002698668663384236,0.05885879293745956,0.0,-0.020000000000000018,-0.03784699601329245,0.030576813019735975,-0.023832277279767246,0.01893401738937503,-0.015873349156290007,1
2018-06-08,0.026936624284684376,-0.005977791668490115,-0.10552052602650365,0.0,0.0,0.0378469960132924,0.029674697216915853,0.0,-0.018934017389374985,0.007968169649176881,0
2018-06-15,-0.021132275452903283,0.0019452464955136885,-0.03963879273079523,0.0,0.0,-0.007468617139109329,-0.029674697216915763,0.023832277279767194,-0.1058666912255164,-0.040491361354736875,0
2018-06-22,-0.018383940144690577,0.008682799858472388,0.047705984466342256,0.0,0.0,-0.03037837887418316,-0.015084645868997618,-0.04812094262412757,0.03651618440480681,-0.033616610798984974,0
2018-06-29,-0.012753903961409699,0.011490745033080852,0.02482915612436382,0.0,0.0,-0.031231886889487945,-0.015492167150738465,0.012153881098388612,-0.010299840164053846,0.0,1
2018-07-06,0.007738759983318587,-0.00456714403734061,-0.002954253922515333,0.0,-0.040000000000000036,0.03894049309044815,-0.0005515459507101226,-0.012153881098388606,0.02054258220967371,0.0,1
2018-07-13,0.0023577473096158233,-0.0094268587361846,-0.00897055207225651,0.0,0.0,0.0,0.0,-0.025155229570725766,-0.015323803707943083,0.0,1
2018-07-20,0.011880159818611225,0.0013832398511783273,-0.11180928152930973,0.0,0.0,0.015143920321823354,-0.008348554989607545,0.012588643298072235,-0.005218778501730592,0.0,1
2018-07-27,0.04822457551011787,-0.007950128348044207,-0.03291655830054988,0.0,0.0,0.05845955867915226,0.024935038184685492,0.048716328995798516,0.06515352556215916,0.025317807984289786,0
2018-08-03,-0.001682071484855611,-0.005347149565132315,-0.002828486943515365,0.0,-0.029999999999999805,0.00710098992695671,0.04016853320076484,-0.03614974272314504,-0.03961376604673685,0.016529301951210506,0
2018-08-10,-0.017543187455886764,0.007608438903589954,0.2094741762028294,0.0,0.0,-0.03746519851957906,0.11163945194269749,-0.037910575336344114,0.0050942891239582015,-0.05908891637000632,1
2018-08-17,-0.013174087315482804,0.0004935397609203578,0.04708058316644505,0.0,0.0,-0.007458236220216608,-0.03583877716345686,-0.03926099068846696,-0.015175647498677738,-0.017544309650909733,1
2018-08-24,0.04192701381730832,-0.004878564914339175,-0.06272021694641662,0.010000000000000009,0.0,0.0719754991204562,0.04283610132253348,0.01325794451372511,0.0,0.03478611608541582,0
2018-08-31,0.010863081112470115,0.006420470507769892,0.03185954563058893,0.0,0.0,-0.006986812229272639,0.0,0.013086040507575093,0.005084181068970662,0.016949558313773205,0
2018-09-07,-0.035109345456264054,0.0025066218077928197,0.07758628330769148,0.0,0.10000000000000009,-0.0211708569036685,-0.06493430481720115,-0.06706842774532285,0.0,-0.03419136474827931,1
2018-09-14,-0.011240002772939552,-0.0021348737278886623,-0.16396537854713666,0.0,0.0,-0.01441630182475618,-0.015091554695407431,0.013808540286475133,0.0,0.02575249610241455,1
2018-09-21,0.011315311149702918,0.000520215250787066,-0.07173035270708297,0.010000000000000009,0.0,0.021552075603628013,0.0,0.078932238891633,-0.030999028011907553,0.04149973090675284,1
2018-09-28,0.012169446047078508,-0.006211453246860032,-0.12229517199886651,0.0,0.0,0.03485075675966398,-0.0152381416914918,-0.05201633645408544,0.046091552381578374,0.06301296782873417,0
2018-10-05,-0.009192667569365091,0.006220740345918715,-0.1336994332228246,0.0,-0.020000000000000018,-0.02081567363486746,-0.01554965614358281,0.05201633645408547,-0.01509252436967084,-0.0468835858988505,0
2018-10-12,-0.034864523065130895,-0.002138307415385939,0.25669619793262083,0.0,0.0,-0.05753045067096702,-0.023664587581084428,-0.06531505063748706,-0.06288049562204123,-0.057629112836636416,0
2018-10-19,0.004731269134016699,-0.0006842938540924754,0.05499942913029436,0.0,0.0,0.02194329194254218,0.01584146882699348,0.039642699204701856,0.005385872412696194,-0.00851068966790862,1
2018-10-26,-0.05338950321522892,0.0035536896140282563,0.08759185542476508,0.0,0.0,-0.036905593204880995,-0.023942760251702833,0.0,-0.03831733524993253,-0.04367506350266153,1
2018-11-02,0.053703519969920364,-0.0004501943569683906,0.14080752267211857,0.0,-0.03000000000000025,0.029693120972458846,0.047315535149376524,-0.08107031679607382,0.016604989434049616,-0.03636764417087483,0
2018-11-09,0.01560778692973941,-0.0047206608632805475,-0.05865016360799533,0.0,0.0,0.007212472232422155,0.015238141691491878,0.05472633177477368,0.0534814313009533,0.0969922659873097,0
2018-11-16,-0.03037723539789001,0.006010367054027596,-0.018998894030251,0.0,0.0,-0.09092049407979755,-0.08699010833232156,0.0,-0.010461394952261985,-0.042925044717034115,1
2018-11-23,0.02729937113987911,-0.0052107782285150455,0.0746270626024318,0.0,0.0,0.046531287221267426,0.024436431491453144,-0.06892533239810157,0.025944190630916616,0.008733679968754852,1
2018-11-30,0.02909114095375384,0.00019339047344252628,-0.07753316154005073,0.0,0.0,0.02983195638504766,0.054968646571458384,0.06892533239810153,-0.005081061662323226,0.017241806434505954,1
2018-12-07,-0.004172668554076401,6.52317240743584e-05,0.008551759463715303,0.0,-0.25,-0.02234834273139841,-0.007653111422081811,-0.08317803337417796,-0.005218778501730592,0.016949558313773205,0
2018-12-14,0.009539980094743536,-0.00013512757927863311,0.03946583147616257,0.0,0.0,0.01496230126233863,-0.023372774897673743,0.0,0.04061798617476764,0.024897551621727087,0
2018-12-21,-0.01912759545781761,-0.0008531230413099428,0.021462193864306107,0.0,0.0,-0.03774106335356074,0.02337277489767382,-0.01476483538108529,0.004958173562681949,-0.008230499136515367,1
2018-12-28,0.0074332411738374385,0.003068772664988324,0.009239698921358229,0.0,0.0,0.007666964992521271,0.0,-0.01482895126938462,-0.04557615973744962,0.0,1
2019-01-04,0.0036478629010638537,-0.003236685854264318,0.03890852248404428,0.0,-0.16000000000000014,0.022615862140822708,0.02284882192251781,0.058045488249874315,0.02054258220967371,0.0,1
2019-01-11,0.021710574487609883,0.0009231738250499549,-0.07129302024110064,0.0,0.0,-0.022615862140822843,0.014896466708118531,0.02781042933722606,0.015092524369670776,0.024491020008295696,1
2019-01-18,0.018150412229902303,-0.0011680977773873109,-0.15586667885881034,0.0,0.0,0.022615862140822708,0.021934335290574498,0.02691590243754761,0.03440881934033832,0.04725288485054551,1
2019-01-25,0.008738470506951649,0.00020060882512823444,-0.15345670884128945,0.0,0.0,0.0,-0.02193433529057441,0.0,-0.01948092202102054,-0.007722046093910278,0
2019-02-01,-0.0022161159446315456,0.0006924909314440294,-0.21686891974561176,0.0,-0.08999999999999986,-0.014987678695771355,-0.014896466708118656,-0.06892533239810157,0.004902620128527365,0.0077220460939103185,0
2019-02-08,-0.016564746830231725,0.005615446035584222,0.027906656378556993,0.0,0.0,-0.02304030632948469,0.007480874464381382,-0.043846487626546256,0.038417148946969244,-0.0717439048588413,1
2019-02-15,-0.006781334127701805,0.0047355426955565764,0.04609026954462826,0.0,0.0,0.015412122884433282,-0.015091554695407431,0.014828951269384607,-0.08866399447242812,0.016393809775676352,0
2019-02-22,0.00748623534333185,0.0007494324841178586,0.04857249021607017,0.0,0.0,-0.015412122884433284,0.02250714693914466,0.029017536357161717,-0.005218778501730592,-0.008163310639160981,0
2019-03-01,-0.009665496413328447,-0.007879769042352462,-0.023975628712155417,0.0,0.06000000000000005,-0.023490980891782646,-0.03774528863063646,0.028200889674078963,-0.02621634424075311,-0.016529301951210582,1
2019-03-08,-0.014740944976486524,-0.0005507779005399804,-0.11550187382559998,0.0,0.0,-0.03223113378393166,-0.039214243724667266,-0.0424535906501553,0.0,0.0,1
2019-03-15,0.02035711237448323,-0.0005534073056138768,-0.06601965918982897,0.0,0.0,0.02424359160746285,0.023664587581084476,0.042453590650155165,0.01575989843851912,0.0408219945202552,0
2019-03-22,-0.011639129539555077,-6.745291963204573e-05,-0.18081156974890503,0.0,0.0,-0.008051857069104744,-0.015718351101104006,0.013808540286475133,-0.01045993073509115,-0.016129381929883755,1
2019-03-29,-0.003027301990904267,0.001297089402068721,-0.12584578190631618,0.0,0.0,-0.00810617095399177,0.007895232347013167,-0.04200942996055396,-0.010620965071470026,-0.041499730906752734,1
2019-04-05,0.016722919664028897,-0.003430016207939889,0.3940013159712975,0.0,0.009999999999999787,0.03206018991008708,0.02337277489767382,0.05562661821469986,0.026354386094194323,0.01680711831638119,1
2019-04-12,0.006626008018540478,-0.0026889328866902653,0.017937851218965968,0.0,0.0,-0.007914619710521775,0.015238141691491878,0.039642699204701856,-0.005273490287633058,0.008298802814695064,1
2019-04-19,-0.0005705748379144048,-3.505987642928399e-05,0.024407126794742773,0.0,0.0,-0.007987542176468744,0.02250714693914466,0.025672351432785144,0.01222231200645183,0.016393809775676352,0
2019-04-26,0.002908641638953736,0.004198433156436526,-0.11394280569314627,0.0,0.0,0.023680338781181663,-0.007415592243737151,-0.05201633645408544,0.0,0.0,0
2019-05-03,-0.022668316565077746,-0.004616909231673941,0.050603950974050696,0.0,-0.03999999999999959,-0.023680338781181597,-0.02267658496481753,0.0,-0.015956588905394156,0.0,0
2019-05-10,-0.05639724545796358,0.0048217147137293494,0.07719366615435577,0.0,0.0,-0.03249385740607907,-0.07940507806291142,-0.08317803337417796,0.0053988866996465355,-0.08479653666007704,0
2019-05-17,-0.0034550083954612877,0.0024776132770934845,-0.010087992544615771,0.0,0.0,-0.02515456941594144,-0.025054128128529526,0.02845170159940438,0.0,-0.05455898425043425,1
2019-05-24,0.0017609866073243082,-0.0036837764975027557,0.1371459750551136,0.0,0.0,0.008458401818612741,0.0,-0.05804548824987421,-0.010777210931326168,0.00930239266231363,1
2019-05-31,0.02308849463936462,-0.002433048656336826,0.06174295042949103,0.0,0.0,0.04113816793430286,0.02505412812852958,0.014828951269384607,-0.010779400963491528,0.02739897418811456,1
2019-06-07,0.01827078354120383,-0.00521021723251666,-0.23936806038390468,0.0,-0.3700000000000001,0.06257068646684087,0.048379191743156004,-0.029886615413721302,0.03211431410056528,0.06115442315333044,1
2019-06-14,0.002566203735388127,-0.0005330884853495862,-0.017556828569204593,0.0,0.0,0.007483613653649202,0.0,-0.015124034740223165,0.015644184149261112,0.01680711831638119,1
2019-06-21,0.009515217238816095,-0.0006743999682248521,-0.04622331668303177,0.0,0.0,0.022348342731398338,0.01567082809071561,0.015124034740223094,-0.026201886355008717,-0.016807118316381174,1
2019-06-28,0.00834778002870049,-0.0020518426715615905,0.04830528706338569,0.0,0.0,-0.007386041469059679,-0.01567082809071564,0.029886615413721278,0.04160509503229076,0.008438868645864604,0
2019-07-05,0.006141767777209238,0.0009299687188392234,-0.09766691458366958,0.0,-0.2200000000000002,-0.022445914915987967,-0.015841468826993516,0.014764835381085344,-0.020613794420990254,-0.042925044717034115,1
2019-07-12,-0.01144435201368921,0.005051428635892658,-0.0012962801571661739,0.0,0.0,-0.015295148437572811,0.013242148988419921,0.0,-0.0051823804739402485,-0.026668247082160954,0
2019-07-19,0.012306487260131149,-0.00472908441418051,-0.19091003030536538,0.0,0.0,0.030282827133344077,0.016660632711021278,-0.029593786650469883,0.0,-0.055569851154810765,0
2019-07-26,-0.016448319349947654,0.005508466635270766,-0.1641442341752914,0.0,0.0,-0.007504065042122089,-0.025090324808014753,0.029593786650469828,-0.021207806837006626,-0.03883983331626401,0
2019-08-02,-0.039489464107520224,0.007667730477946708,0.2501335222455244,0.0,-0.19999999999999996,-0.04568533984910909,-0.034455982648106606,-0.09122115078777719,-0.06631199416901012,-0.10426101032440939,0
2019-08-09,-0.04093460280362516,0.004218912099249126,0.2648152753668796,0.0,0.0,-0.00816785042920696,0.017369734214277722,-0.06550182013801809,0.005715271969754625,-0.056512210263342334,0
2019-08-16,-0.030295298542420884,0.003173862065786962,0.20239653111254427,0.0,0.0,0.008167850429207008,0.008584892092495093,-0.016932904178320527,-0.01717582087235885,-0.047628048989254705,1
2019-08-23,0.018984206589500056,0.009274374258381455,0.07952520608230688,0.0,0.0,0.016126670398150352,-0.00858489209249506,0.0,0.005720039881329032,0.07061756721395342,1
2019-08-30,0.014895543790456732,-0.0011560325159286587,0.20836462612770504,0.0,0.0,-0.01612667039815025,0.0,0.03393277363394105,-0.011534612625111402,-0.011428695823622857,1
2019-09-06,-0.0059419834985345674,-0.007869475465313903,-0.04881462267084419,0.0,0.09000000000000008,0.016126670398150352,0.0338867405943493,-0.051522462305745434,-0.005833082684517252,-0.03509131981127017,1
2019-09-13,0.03624733299386335,-0.003006667462595095,-0.14869735042874618,0.0,0.0,0.0392269448620528,0.06455990068588005,0.11595120248269125,0.028823476300658433,0.04652001563489291,0
2019-09-20,-0.013355791181555622,0.0111344242159512,0.024651937599198037,0.0,0.0,-0.031261664344383044,-0.03180260178747419,0.015518875758199388,0.005615419582988773,-0.02298951822469872,0
2019-09-27,0.0066818970700545975,0.0020022723454729014,-0.23669391403736423,0.0,0.0,0.0,-0.008089904804033508,-0.04729642300085643,0.033364646550091755,0.13062018241706422,0
2019-10-04,-0.030252082375522658,-0.014954769535297991,0.12949331198028674,0.0,-0.06000000000000005,-0.05716148373551534,-0.016377561446877898,-0.016278630740901485,-0.02765403507623218,-0.041672696400568074,1
2019-10-11,0.018103445308902445,-0.0040760563515756945,-0.07435348243049505,0.0,0.0,0.008372937397254674,0.024467466250911393,0.03212938848901028,0.022216102170070987,0.04167269640056808,1
2019-10-18,0.0022383271844463194,-0.004795568753984591,-0.05376623960754328,-0.010000000000000009,0.0,-0.008372937397254764,0.02397178403086926,0.07645631540669198,-0.01107580197750639,0.040005334613699206,1
2019-10-25,0.004847913421432908,-0.0004111861376066472,0.014852446342566543,0.010000000000000009,0.0,0.008372937397254674,0.04612083787169314,-0.045010650153944405,-0.011140300192564628,-0.02985296314968116,1
2019-11-01,0.008619144898560503,-0.006559737314151937,-0.09557026927110401,-0.010000000000000009,0.08999999999999986,0.0,-0.03829002011508813,-0.04729642300085643,-0.07590520618156514,0.010050335853501286,1
2019-11-08,0.027582003616333367,0.0032407022636691462,0.23772290739380444,0.0,0.0,-0.008372937397254764,-0.056270068038385586,0.03177754724265699,0.0,0.009950330853168092,0
2019-11-15,-0.00961843591288907,0.002416636620108744,-0.02966658906299575,0.0,0.0,-0.02552857648707344,-0.008289832647494437,-0.048056177983558386,0.0,0.00985229644301164,0
2019-11-22,-0.020637939611004647,0.005162581086789264,-0.015380953791037202,0.0,0.0,0.017094971405529014,0.0,0.03212938848901028,-0.006024988020367129,0.0,0
2019-11-29,-0.013480207255520104,0.00394085748082889,-0.12821154417569872,0.0,0.0,-0.07019935477953454,0.00828983264749453,-0.032129388489010334,-0.012299018221130805,-0.04000533461369925,0
2019-12-06,-0.04056746526340606,-0.00894674622569399,-0.47704669779112385,-0.010000000000000009,-0.020000000000000018,-0.05608971956105772,-0.0953302035484048,0.016278630740901467,0.00617248161057861,-0.052367985517315925,1
2019-12-13,0.015982654397399165,-0.0017249676311100449,0.4226681944794957,0.0,0.0,0.0,0.02688350313312816,0.015850757748108932,0.012151524630919355,0.07257069283483537,1
2019-12-20,0.010168818658538052,-0.003106350333748514,0.009455225375709739,0.0,0.0,0.019046214635352696,0.017629682429107063,0.01592678949454802,0.03575569882405846,-0.010050335853501338,1
2019-12-27,0.01107544886139032,0.0012939209836500252,0.01851409730004802,0.010000000000000009,0.0,-0.00947776321655092,0.008640444744325997,0.0,0.011647655428299543,0.02985296314968113,1
2020-01-03,0.010278171999174197,-0.004018737544491888,0.15966696407020567,0.0,0.20000000000000018,0.009477763216550828,0.008584892092495093,0.015518875758199388,0.017175820872358805,0.019418085857101516,1
2020-01-10,-0.002791419355196584,-0.0022928972722260493,0.02988518955120993,0.0,0.0,0.0,0.03359168114934867,-0.04729642300085643,-0.011455780991029724,-0.029270382300113224,0
2020-01-17,0.0037017809879370147,0.0015763419866706152,-0.13826693818027586,0.0,0.0,0.009390007040875847,-0.01666063271102125,0.015850757748108932,0.005740509021275065,0.0,0
2020-01-24,-0.010008789787437751,0.004054490489963256,0.021797113183516032,0.0,0.0,0.018521979555518354,-0.025515940530822456,-0.01585075774810888,0.0,-0.009950330853168092,0
2020-01-31,-0.04189059418563885,0.009012323989163963,0.11340792640580077,0.0,0.0,-0.04695820123174697,-0.017369734214277684,-0.049651062389909247,-0.01146054890260403,-0.020202707317519466,1
2020-02-07,0.02121676291040849,-0.005119230183845937,-0.08959635749592317,0.0,-0.14000000000000012,0.04695820123174703,0.02595462630677262,0.033372431649007724,-0.005814572743782263,0.040005334613699206,0
2020-02-14,0.002409189212112641,-0.005742989556397161,-0.013870784386347654,0.0,0.0,-0.009218107424896135,-0.00858489209249506,0.04805617798355842,-0.023515640870716763,-0.04000533461369925,0
2020-02-21,-0.012731449709694212,0.009532433858694213,-0.007191350015009822,0.0,0.0,-0.047402262539541905,0.0,-0.03177754724265695,0.023515640870716666,0.0,0
2020-02-28,-0.1660969315461063,0.008830478948949512,0.582207466545163,0.0,0.0,-0.0914353741218699,-0.1585355022323789,-0.10170657885251527,-0.09767639495046337,-0.2282586519809802,0
2020-03-06,-0.0023205018166590884,-0.006465569731339899,0.22159086021395283,-0.010000000000000009,-0.2899999999999998,-0.021505384022847424,0.02008865400710767,-0.09359367763975988,-0.006373681659676026,0.012739025777429932,0
2020-03-13,-0.2561782368907262,0.017624728306673946,0.6425579752218392,-0.010000000000000009,0.0,-0.2591093241525017,-0.35253123985492973,-0.29428330644657724,-0.1914046033121571,-0.3621146672345505,1
2020-03-20,0.08585035567332153,0.033591143368989995,0.13776427110625475,-0.51,0.0,-0.02857417779273093,-0.10371762880818748,-0.05406669051189908,0.045754471195835505,0.16705408466316607,1
2020-03-27,-0.00844718144250978,0.0021711414518753463,0.03337556659860785,-0.010000000000000009,0.0,-0.014597285839914468,-0.03172030890158963,0.17767812845875214,-0.02261051715972232,-0.11394425934921797,1
2020-04-03,0.020507830489655696,0.010637278686437499,-0.02828799312632247,0.0,-0.3400000000000001,-0.029853783642930017,-0.03293701057882833,-0.0976067194248082,-0.1302413334898001,-0.01739174271186922,1
2020-04-10,0.07000487406440474,-0.008119017772358876,-0.4949705645249019,-0.47,0.0,0.029853783642930027,0.048919257857211663,0.025294148814411575,0.0,0.05129329438755069,0
2020-04-17,0.006090149048647805,-0.006296520896947313,-0.10764649351396513,0.0,0.0,-0.029853783642930017,-0.03223167016803788,-0.13353787544558687,0.04256907165481898,-0.051293294387550696,1
2020-04-24,-0.01467415951555751,0.003800300250438465,-0.15443939995792713,-0.010000000000000009,0.0,-0.046521344053961335,-0.10363676513938744,-0.028989062249022247,-0.0601537483657867,-0.017699577099400635,1
2020-05-01,0.028778300448976255,0.0066449805998577355,-0.01921216690947911,-0.009999999999999898,-0.10999999999999988,0.046521344053961355,0.053073880031759404,0.13723278888019758,0.008831571607153017,0.0,0
2020-05-08,-0.025917068167944018,-0.003790467400352613,-0.06418719445086057,0.0,0.0,-0.046521344053961335,-0.03506870267612839,-0.05267107208912542,-0.1614746488887096,-0.15415067982725836,1
2020-05-15,-0.021359393984430965,0.003851768874453451,-0.10702407542394496,0.0,0.0,-0.01599657035498164,-0.018005177355630956,-0.05557265454204999,-0.02088363679328666,-0.021053409197832607,1
2020-05-22,0.03615141145275029,-0.012089696695708875,-0.05963544214418869,0.0,0.0,0.0317474388639361,0.018005177355630914,-0.028989062249022247,0.031164152605631473,0.0,1
2020-05-29,0.05501388580069257,-0.014323739845170267,0.0019205857325565322,-0.4,0.0,0.030770475545006795,0.03506870267612841,0.028989062249022163,0.06895131927102008,0.15718558352241274,1
2020-06-05,0.06724325988077212,-0.0031542322885652085,-0.08696790044027482,-0.010000000000000009,-0.040000000000000036,0.04445106948284449,0.08279455527566597,0.20585044605598357,0.10828237285496863,0.13580154115906162,0
2020-06-12,-0.02954528786587133,0.0021421797823648614,-0.012108900456531626,0.0,0.0,-0.044451069482844524,-0.04891925785721163,-0.0976067194248082,0.008525708389224888,-0.03226086221822155,0
2020-06-19,0.010576519068772989,0.004877647843127831,0.024673947953306474,0.0,0.0,0.029853783642930027,0.01668758768917365,-0.0260047185220449,-0.02581216233503409,0.016260520871780326,0
2020-06-26,-0.02714840096791839,0.0003671606212231525,0.003577061741807046,-0.010000000000000009,0.0,-0.029853783642930017,-0.0505628851076282,-0.026666353567080574,-0.06275917912578304,-0.01626052087178029,1
2020-07-03,0.0233299631052343,-0.0006986164544090047,-0.000606001027993828,0.0,0.020000000000000018,0.029853783642930027,0.05056288510762811,0.052671072089125456,0.05400607402196833,-0.016529301951210582,0
2020-07-10,-0.0020510091314569706,0.00022172924262788682,-0.17251910084710365,0.0,0.0,0.014597285839914553,0.016249422889654717,-0.0260047185220449,-0.0088315716071529,-0.016807118316381174,1
2020-07-17,-0.0006846055854019288,0.002869083090644702,-0.2284865760617812,-0.010000000000000009,0.0,0.0,-0.016249422889654603,0.0,-0.00881798696774209,-0.08855339734144495,0
2020-07-24,0.007924907754452487,-0.016587511166311485,-0.12420478617140612,0.0,0.0,-0.014597285839914468,0.0,-0.026666353567080574,-0.02711871265134105,-0.018692133012152747,1
2020-07-31,-0.02392039973434203,0.0017466619387974172,0.19759327519900513,-0.01999999999999999,0.0,-0.060624259187936895,-0.08563158778375649,0.0,-0.0962499604648823,-0.12014431184206334,1
2020-08-07,0.027724614314625178,0.00023341321610015824,0.0688495772213839,0.0,-0.010000000000000009,-0.04801053297220004,0.0,0.0,-0.041340053990877916,0.0,1
2020-08-14,0.02141194931071147,-0.0034932887953680867,-0.049896990223821366,0.0,0.0,0.0787810085172068,0.06894400009458274,0.052671072089125456,0.05131010150816294,0.101096116871369,0
2020-08-21,-0.019559195903314792,0.0029175887599754945,-0.07726053925100623,0.0,0.0,-0.046521344053961335,-0.06894400009458279,-0.05267107208912542,-0.00997004751728505,-0.08004270767353637,0
2020-08-28,0.00503508908116229,-0.005184874361963308,-0.20532553956767396,0.0,0.0,0.0,0.01768671643823389,0.052671072089125456,-0.020456417197591188,-0.04255961441879589,0
2020-09-04,-0.03996183776119152,0.014740614194057458,0.011343609756984223,0.0,0.030000000000000027,-0.04878943353872615,-0.05402435304291345,-0.05267107208912542,-0.010387303601557195,-0.02197890671877557,0
2020-09-11,0.008371615021211934,-0.00024255709194147455,0.20692639622164238,0.0,0.0,0.01652976907548058,0.018332459249048506,0.0,0.03084372079914837,0.043485111939738676,0
2020-09-18,-0.023472751020771104,0.0011067498270232892,-0.011984854094697708,0.0,0.0,0.0,-0.01833245924904848,-0.08456171679107223,-0.051947729916598635,-0.02150620522096328,0
2020-09-25,-0.03383863182002579,0.020601017014537686,0.04654669455310955,-0.010000000000000009,0.0,-0.06781994867495765,-0.05715589223674336,-0.09237067942819796,-0.10065594751765922,-0.11506932978478736,1
2020-10-02,0.013792176583386691,-0.010417347742250975,0.202523290662687,0.0,-0.09000000000000008,0.051290179599476904,0.03847524436205482,0.031780536891776734,0.04609482900157405,0.024097551579060524,0
2020-10-09,0.0008950917772187327,-0.00775894215453537,-0.06483678581756717,0.0,0.0,0.04878943353872623,0.0550182844793681,0.0605901425364212,0.04395084542621294,0.0,0
2020-10-16,-0.025968361117029458,0.017615658721342877,0.1273902869319838,0.0,0.0,-0.04878943353872615,-0.09349352884142277,-0.02985458097501007,-0.05527839911619445,-0.12675170563914365,0
2020-10-23,-0.006083613658586322,0.004745526936207901,-0.10225125546699147,0.0,0.0,-0.016805372234991612,0.0,0.058843643224032315,-0.05851382144540059,0.0,1
2020-10-30,-0.0818793960682559,0.008117897317062504,0.04825565954306524,0.0,0.0,-0.08855587405354047,-0.12515023244521498,0.0,-0.12842000605840379,-0.2436220826577507,1
2020-11-06,0.11309519131099083,-0.022258289097354927,0.3261002594678835,0.0,-0.06000000000000005,0.08855587405354043,0.021958628725377415,0.05557265454204989,0.198261381193786,0.06669137449867214,1
2020-11-13,0.030127898815688,-0.004906961360550403,0.03339714349595312,0.0,0.0,0.17095636518953225,0.1966851325612603,0.26030190411653903,0.15569201562427515,0.25489224962879053,1
2020-11-20,0.04002483679693551,-0.003595892180912118,0.03572815227639048,0.0,0.0,0.06899299673783685,0.06894400009458274,0.0,0.02850381610632847,0.0246926125903712,1
2020-11-27,0.017335212001545905,0.004305050386356292,-0.221602254146496,0.0,0.0,0.039221792237182,0.03293701057882837,0.04080142253433797,0.03669215225645658,-0.050010420574661305,1
2020-12-04,0.05000028364781811,-0.004002846647251177,-0.1548165354812593,0.0,0.09000000000000008,0.0,0.0,0.11344001100254056,0.06957894767206989,0.07410797215372183,1
2020-12-11,0.0016262543567151318,-0.005012699285426023,-0.12466865420572378,0.0,0.0,0.03773970351313891,0.031720308901589646,-0.01822642618113882,-0.06957894767206989,0.06899287148695142,1
2020-12-18,0.0008659140416909733,0.00608199081396447,-0.07431743746870656,-0.010000000000000009,0.0,-0.025002000979578283,-0.03172030890158963,0.018226426181138716,-0.018129175089494284,0.0,1
2020-12-25,0.0016886795982993244,0.006889356809528413,0.22109627105700932,0.0,0.0,0.01258077987757602,0.031720308901589646,0.0,0.05352137633005087,-0.022472855852058514,1
2021-01-01,0.014285159490855242,0.012932384338661927,0.053642370714028095,0.0,-0.10000000000000009,0.0,0.0,-0.01822642618113882,0.04256907165481898,0.022472855852058576,1
2021-01-08,0.04376647532734007,-0.011632037322309045,-0.03581978580806682,0.0,0.0,0.12883171568238128,0.11769381765213079,0.05334903846542435,0.04874268506161076,0.16362942378180212,0
2021-01-15,-0.042909978748829625,0.006408188307214138,0.04501942543811682,0.0,0.0,-0.0682070938659465,-0.0425285811666637,0.0,-0.04874268506161076,-0.03846628082779605,0
2021-01-22,-0.0167637579419866,0.0005088593400129916,0.05934840968569247,0.0,0.0,-0.023811282492429062,-0.014587846738566774,-0.05334903846542445,0.008322500461232972,0.019418085857101516,1
2021-01-29,-0.002389328125840432,-0.004679796272694234,-0.003493817355464389,0.0,0.0,-0.024392118222003413,-0.01480380628219061,-0.07536725145862104,-0.00832250046123296,-0.059423420470800646,0
2021-02-05,0.004977300110370811,-0.0073953171569683205,-0.10083284861499098,0.0,0.1200000000000001,-0.012421221102002387,0.02939165302075752,0.14564919410236593,0.0,0.0,1
2021-02-12,-0.01060911665759386,0.002642385871939334,0.0004189748858145789,0.0,0.0,-0.025318482411136604,-0.014587846738566774,0.0,-0.008382325223305651,-0.0416726964005683,0
2021-02-19,0.024598551100152754,-0.003467473946720138,-0.04673488502031341,0.0,0.0,0.08594310422757155,0.028965944326998404,0.06550182013801821,0.09605458705828669,0.17520408902509096,0
2021-02-26,-0.04009692991242633,0.008439431054441546,-0.2301511765568138,0.0,0.0,-0.023811282492429062,0.0,-0.01585075774810888,-0.030927372231113776,0.0,1
2021-03-05,0.016798467215666194,0.014579595298658569,0.019487947327649774,0.0,0.20999999999999996,0.03550609887635327,0.05566989041687833,0.03177754724265699,-0.008002204542256617,0.06899287148695142,0
2021-03-12,0.03372091299628966,-0.000597531818901089,-0.04606499411198524,0.0,0.0,0.034288523644766256,0.026644265979269298,-0.015926789494548087,0.023584935137812395,0.0,0
2021-03-19,-0.0399425691543145,0.006551127148166612,0.05934721023288718,0.0,0.0,-0.03428852364476622,-0.05416367281791567,-0.01585075774810888,-0.08070994542272888,-0.03390155167568157,1
2021-03-26,-0.004601869145004914,0.005853725847116645,-0.0004865977765126806,0.0,0.0,0.045462136197281525,0.013783544332829493,0.0,0.02486306197609442,-0.07145896398214463,1
2021-04-02,0.018419922358811076,-0.010611150088073151,-0.0300645203628812,0.0,0.030000000000000027,0.0,0.013735862505816761,-0.016278630740901485,-0.008158236291555784,0.0,1
2021-04-09,0.010551085415296878,-0.013608008547836052,0.09947734748699046,0.0,0.0,-0.011173612552515418,0.01341395623795655,0.0,0.048422389142634525,0.018349138668196617,1
2021-04-16,0.018639345060544873,0.0030129035355601795,-0.045443928928850116,0.0,0.0,0.022223753837256117,0.05191405610965506,0.0,-0.008002204542256617,-0.037041271680349326,1
2021-04-23,-0.012823702202196972,0.002433222251053851,-0.09393020311261337,0.0,0.0,-0.011050141284740744,-0.012727054921505313,0.0,-0.040420184600377836,0.018692133012152765,1
2021-04-30,0.025328001073488565,0.0007900177287075781,-0.12175741337525088,0.0,0.0,0.20067215672089403,0.04996993421818405,0.10289600137220355,0.0,0.10536051565782614,1
2021-05-07,0.028887834291160333,-0.0008119715773277544,0.054085987640547686,0.0,0.27,0.018016626741045243,0.059264559626865006,0.0,0.05620580733763504,0.06453852113757137,1
2021-05-14,-0.002152688946895233,-0.005702336670706958,-0.03106512258949664,0.0,0.0,-0.03636625249525211,0.011421056761218526,0.04375255781571752,0.030756476484010902,0.08961215868968693,1
2021-05-21,0.021863597917001855,-0.007255128008091719,0.03934807509919425,0.0,0.0,0.0714540091282126,0.07647810976847758,0.014218994744065672,0.03718690163234432,0.10821358464023279,1
2021-05-28,0.04446070591475009,-0.0028664450898414043,0.02516451756235882,0.0,0.0,0.05859810930676869,0.041212372364380793,0.014019646157472462,0.042823529865848226,-0.025975486403260563,0
2021-06-04,0.008140952129399597,-0.0055266244385962756,-0.21142671056767387,0.0,-0.040000000000000036,0.008093192047347413,0.02008865400710767,0.013825810061612554,-0.01404353643755895,0.0,0
2021-06-11,-0.013359548230131068,0.009324508780469915,-0.10729033780884015,0.0,0.0,-0.008093192047347484,0.009844312566487655,0.0,-0.014253101798671295,-0.026668247082161294,1
2021-06-18,-0.0017951347234680109,0.011143081344102848,-0.009359169069246373,0.0,0.0,0.016126670398150352,0.00974684781093771,-0.05633560585495202,-0.021855634045184133,0.05264373348542188,1
2021-06-25,0.027440353401102475,-0.008269761617154075,-0.05354873745410509,0.0,0.0,0.007965280517669588,0.03807149159376158,0.028490149635867143,0.07088633829633438,0.12062798778861472,0
2021-07-02,-0.013355172654059468,-0.0011039755320445411,0.18735554915382024,0.0,-0.16999999999999993,-0.07411054141952217,-0.08789783965654753,-0.04327475926609999,-0.06355759588076816,-0.07061756721395342,1
2021-07-09,-0.00017762147135023053,0.008300855876668367,0.2853767485040081,0.0,0.0,-0.017241288391794233,-0.020600816681023346,-0.04491331700388022,-0.022188906920519644,0.0,0
2021-07-16,0.0028027371624710974,0.008280514174392592,-0.05706351460536539,0.0,0.0,0.0,0.010353456608456067,-0.015540130377506964,0.0074576850596435075,-0.07598590697792199,0
2021-07-23,-0.0069725713602907,-0.0018451257354194174,0.07233212240272505,0.0,0.0,-0.008724761908121423,-0.020818478613560624,0.03068620704394551,0.014731221860876153,0.02597548640326052,1
2021-07-30,0.004911194828237073,-0.001200612915985087,-0.07753849215643453,0.0,0.0,0.025966050299915583,0.031065838686127868,-0.0464697468635086,0.035859072375973265,0.03774032798284711,1
2021-08-06,0.009029646052762344,0.001174385414262479,-0.41163192678978006,0.0,-0.010000000000000009,0.02532199508126153,0.0400795002518483,0.03132367019707001,0.06807678996133813,0.0,0
2021-08-13,0.012299321113565805,-0.002017206001391523,0.0007154263652540936,0.0,0.0,0.008302326149503641,0.05711218532600812,0.030216523710196966,0.051276732474980706,0.024391453124159048,1
2021-08-20,-0.020393063207802667,0.003700926831684838,-0.250208417697129,0.0,0.0,-0.025108868628302874,-0.028147687996675868,-0.07757878852345414,-0.05127673247498066,0.01197619104671562,1
2021-08-27,0.029792587641385506,-0.0015635170957463583,0.09234934490544482,0.0,0.0,0.0495963299485874,0.018853842075367108,0.031822134435749966,0.02589904451816648,0.08004270767353656,1
2021-09-03,0.024254099364669778,-0.015442587721647923,0.10360252794792457,0.03,0.27,0.047260423212855486,0.036675055070293575,-0.015783539819563052,0.05006262542152062,0.07410797215372183,0
2021-09-10,-0.00848678093207562,0.008407162412987291,0.20939548134375147,0.0,0.0,0.00766004633344595,-0.006982874012565905,-0.01603859461618704,0.01209371596439345,-0.020619287202735703,0
2021-09-17,-0.011798905870185455,0.010179625697579367,0.0031000276941490885,0.0,0.0,-0.01538941702613414,-0.00939077058479113,0.0,0.02968697088003186,0.05077232537342314,0
2021-09-24,-0.014606741729736184,0.0033884035168296224,0.2654558890708673,0.0,0.0,0.007729370692688214,0.009390770584791255,0.016038594616186994,-0.01768255818619938,0.00985229644301164,1
2021-10-01,0.0124054445218893,-0.00617426397716515,-0.013969202778700916,0.0,0.7599999999999998,0.030294296912909604,0.03669450526097266,0.0,0.023515640870716666,0.04785602117763514,1
2021-10-08,0.035133387690465506,0.006059185805304607,0.03986411269204433,0.41000000000000003,0.0,0.06501073272166201,0.10265451615284862,0.091021596831183,0.07820879158371669,0.09785579000375849,1
2021-10-15,0.017619826456914966,-0.008165179478415446,0.00695678859384865,0.039999999999999925,0.0,-0.021191565747425915,0.03200401616452098,-0.014784609630232875,0.01603494268307389,0.09684982598991762,0
2021-10-22,-0.015146859024887329,0.007022364422703329,-0.3368957575155313,0.010000000000000009,0.0,0.0,0.0,-0.014696793293683178,0.04145190944370167,0.0152674721307886,1
2021-10-29,-0.004993643908966023,0.0028350830982035954,-0.007948029277877695,0.040000000000000036,0.0,0.06230854866706576,0.06109225303562509,-0.00046366870180849644,0.0051254640584120995,0.08004270767353636,0
2021-11-05,0.014083024375755577,-0.0033330288106666146,0.16298398722958465,0.8200000000000001,0.4900000000000002,0.006676807808650813,0.007377610515350679,0.0,0.05882730800479247,0.020761991448429225,0
2021-11-12,-0.03374238009134626,0.009302473217010087,-0.20205471065505887,0.050000000000000044,0.0,-0.0761596579185006,-0.02230829184854352,-0.015235654310533557,-0.02415741447151013,-0.013793322132335873,0
2021-11-19,-0.04779033764651814,0.010895623138870469,0.13606133121704733,0.07999999999999985,0.0,-0.051665344605173344,-0.06204154543610856,-0.06354812967029634,-0.0499694856643948,-0.08701137698962969,0
2021-11-26,-0.04785362272626703,0.004058630148525646,0.28304789084878085,0.21999999999999997,0.0,-0.04653548218357128,-0.057628676107086045,-0.0678601218341785,-0.005156880384486698,-0.03861483612777966,1
2021-12-03,0.01692446315508685,-0.023904442307449827,-0.006559759839085214,0.30000000000000004,0.20999999999999996,0.06155596125729265,0.025112625656980185,-0.017665476693919376,-0.012238557710734056,-0.03200273108617372,1
2021-12-10,0.015509621259692824,0.004533807350538265,0.07976563237136995,0.08999999999999986,0.0,-0.022634250579463642,0.0,-0.017978868903142597,0.010625411589957329,-0.06725222700916733,1
2021-12-17,-0.00871989083644519,0.0025291186213349274,0.09154597132616395,0.050000000000000266,0.0,-0.03892171067782892,-0.008297255219248192,0.017978868903142646,0.010452772309333794,-0.119959315078979,1
2021-12-24,0.014134830704823928,-0.0023386716981000535,0.009567774893683727,0.10000000000000009,0.0,0.04653548218357119,0.04081330566935391,0.052257182719273675,0.025703270795709124,0.019418085857101516,1
2021-12-31,0.018305680417436517,-0.006935695898181012,-0.33527730464639327,0.08999999999999986,0.0,0.02246156434622628,0.023720533984654946,0.016773534783499404,0.010089988806376756,0.06513930217096166,1
2022-01-07,0.019660591560545556,-0.009609763777814487,-0.11201603064932,0.08999999999999986,0.6699999999999999,0.03637808170173105,0.015501377635308216,0.048857129818048864,0.029717516814896754,0.11075136429270245,0
2022-01-14,0.03034466458515301,-0.0020746118646286925,0.28039006172661307,0.14000000000000012,0.0,0.04195236035710933,0.09531374167234845,0.015714505408456078,0.004882902499523452,-0.01626052087178029,0
2022-01-21,-0.046970499492944844,-0.0011382387647690397,-0.051761052974237186,0.08000000000000007,0.0,-0.027774869916764238,-0.014078952059003667,-0.0318476387967192,-0.0346004193144201,-0.0678225963387613,0
2022-01-28,-0.04043615281719327,0.01218177597682698,0.3619509813563507,0.14000000000000012,0.0,0.0,-0.014280002903649724,0.0318476387967191,0.03460041931442005,0.025975486403260955,1
2022-02-04,-0.004189741964410986,-0.004311250984108123,0.07676307638428151,0.11999999999999966,-0.04999999999999982,0.013988428712778379,0.014280002903649704,0.01547137546911633,0.2888754492740095,0.05810763080728055,0
2022-02-11,0.013048132673693438,0.00025617866960033343,-0.08767378283106231,0.18999999999999995,0.0,-0.006974353405697515,-0.007119327075403713,0.0597482189983275,-0.014635986905962501,0.1701510211736993,0
2022-02-18,-0.027541710606898265,-0.007899393567337923,0.06733802773608515,0.14000000000000012,0.0,-0.03560154142048226,-0.036365147388602935,-0.029505556325353663,-0.04918593162164595,-0.04879016416943183,0
2022-02-25,-0.08390796243957342,0.023715992195744058,0.7043084737636963,0.1499999999999999,0.0,-0.021968106028674727,-0.07697222676930127,-0.07756167693880928,-0.07649885766766204,-0.15415067982725836,1
2022-03-04,-0.026755471119625267,0.053743135899700596,0.05660900494277597,0.18999999999999995,0.8799999999999999,-0.1516871067523864,-0.21318638566041545,-0.11973358283570149,-0.11988248495650036,-0.1431008436406733,1
2022-03-11,0.0580795963699778,-0.023551843185473334,0.03897435672293227,0.43999999999999995,0.0,0.05859810930676869,0.13846636253916414,0.0531743212365671,0.107289383384847,0.009569451016150672,1
2022-03-18,0.0318313729528914,-0.014922286015909617,0.033605736364734136,0.1800000000000006,0.0,0.07062743309939128,0.05859598069040649,0.06655926159913435,-0.02145436434609816,0.009478743954543739,1
2022-03-25,0.007744104905854963,-0.006120224189183069,-0.5800094722732513,0.1999999999999993,0.0,-0.030773246527057384,-0.033055939306027154,-0.016229115404460922,-0.0043082368495252705,-0.03846628082779605,0
2022-04-01,0.02300359120599824,-0.010902274034064055,-0.22543460445007044,0.2400000000000002,1.13,0.06793370525767511,0.08068124082702778,0.04807675420118014,0.008648416651869007,0.111225635110224,0
2022-04-08,-0.037530169959406355,-0.00023748610278164864,-0.09762402787656005,0.4800000000000004,0.0,-0.05243427656980603,-0.03953078256457525,-0.0318476387967192,-0.021782961001834102,-0.04485056616535155,0
2022-04-15,0.003877235461458442,0.0024563334070590317,-0.3107227253098289,0.21999999999999975,0.0,-0.031261664344383044,-0.032783782194934476,0.01613313338826314,-0.053863017145597096,-0.018519047767237527,0
2022-04-22,-0.05896732745657229,0.0022998976367623394,0.08215566858042996,0.20000000000000018,0.0,-0.007965280517669615,0.0,0.0,-0.01922449779175797,-0.018868484304382805,0
2022-04-29,-0.06014711195159616,0.0044641878336623385,-0.09569409943572377,0.3099999999999996,0.0,-0.13815587181514288,-0.10535912855579448,-0.09968341668198034,-0.08613198933601855,-0.13217177310848308,0
2022-05-06,-0.05133521652907554,0.008164771694165806,-0.06220135196006317,0.28000000000000025,0.6799999999999997,-0.06257023630650045,-0.06701395143526699,-0.11333017739384492,-0.010631181360250545,-0.09097177820572687,1
2022-05-13,0.00027755985416546826,-0.004429938094660033,0.30588883409536394,0.08000000000000007,0.0,-0.01207989626794812,-0.01999994755948813,0.039219017017671956,0.19383303023982196,0.011834457647002798,1
2022-05-20,0.009599063641746607,-0.014052738738946309,0.09303314203358017,0.04999999999999982,0.0,-0.003949068990164173,0.029853363703861158,0.0,-0.008849267439505292,-0.03593200922606333,1
2022-05-27,0.015595834482610656,-0.011658149045357143,0.04883731148692878,0.08000000000000007,0.0,0.023785435546536806,0.0,0.09180891963068509,0.01762091175051143,0.03593200922606337,0
2022-06-03,0.005128541236691394,0.0031006422640223984,-0.02208597585860225,0.1200000000000001,0.5,-0.005490564633365889,-0.009853416144373054,-0.017697759254511933,-0.013186489370920762,0.011696039763191236,0
2022-06-10,-0.05349961370256025,0.005563547661777108,-0.09402110152167523,0.10999999999999943,0.0,-0.06417154412134263,-0.08251957234513049,-0.07411116037617305,-0.0829935181941716,-0.09763846956391606,0
2022-06-17,-0.0285217093524218,0.013994101209876429,0.03517469829050546,0.11000000000000032,0.0,-0.03084562478611486,-0.02173917237105753,-0.01941839217704876,-0.024337299938189432,-0.05264373348542191,1
2022-06-24,0.0033700537998458827,0.002398034036173757,-0.005350282861843701,0.10000000000000053,0.0,0.028773530812854917,0.03243406734848908,0.019418392177048827,0.004920051455299927,0.01342302033214055,1
2022-07-01,0.0038680866221338,-6.825268854260616e-05,0.006135130081032178,0.0699999999999994,-0.7699999999999996,-0.050002335537506055,-0.043485147355163144,-0.05942200854246115,-0.01980175642774282,-0.02702867238791926,0
2022-07-08,0.030101622168404018,0.019123610701960742,0.13338843351398233,0.03000000000000025,0.0,0.05625210390180171,0.011051080006673961,0.0,-0.030457833848406366,0.0,0
2022-07-15,-0.0716430531652546,0.0013780515614706006,0.0031288662356884164,-0.08000000000000007,0.0,-0.07649902002531371,-0.09201885905202516,-0.10763227900793235,-0.09738390142280066,-0.1961148789262905,1
2022-07-22,0.049138987730989916,-0.008722663356206773,-0.0261779580071973,0.0,0.0,0.02843128270481427,0.02065000693852174,0.022473207523226457,0.03901464747195948,0.09531017980432493,0
2022-07-29,0.01132405084530583,-0.0008372233776995076,0.03567821623153244,0.009999999999999787,0.0,0.0,0.02469235385640762,0.021981765953679205,0.09877697890706226,0.04445176257083359,1
2022-08-05,-0.040898014243778334,-0.006670042986130923,-0.13962805278770765,0.009999999999999787,-0.5700000000000003,-0.01941536702225413,0.03593164395447113,0.02150647360930217,0.25625249329809086,0.0,1
2022-08-12,0.04897634113549831,-0.010467968739027412,-0.08510655345872761,0.010000000000000675,0.0,0.05782071725042932,0.05715785916801614,0.06187382344651381,0.05224384817123963,0.14792013007662247,0
2022-08-19,-0.0361902735269161,0.018965501080709345,0.04830832065275375,0.009999999999999787,0.0,0.11653103747315764,-0.022472641546957488,-0.040824992516288086,-0.052243848171239636,-0.03822121282019774,0
2022-08-26,-0.04309914603736469,-0.0016123171853424185,0.06406310516417996,0.03000000000000025,0.0,-0.05129187675846947,-0.07061686157552993,-0.06453707049320695,-0.05919136168219491,-0.06713930283762869,0
2022-09-02,-0.06246722590030315,-0.004263542445399685,0.13603164625662786,0.08000000000000007,0.4800000000000004,-0.010582328692738969,-0.07598695099284203,0.021981765953679205,-0.01226958311360919,-0.05715841383994852,0
2022-09-09,0.01903077730939861,-0.006268640453687066,0.07868430486016538,0.0,0.0,0.04167229768725841,0.10008257233228185,0.02150647360930217,0.0676174560849522,0.13720112151348496,0
2022-09-16,-0.021584258810954833,0.005779189592938847,0.03368479404515081,0.0,0.0,-0.020618454335114028,-0.011974385498185908,0.041670831921724626,-0.07588161923613243,0.02531780798429,0
2022-09-23,-0.029822900871331513,0.00880098099987909,0.06213941290022178,0.0,0.0,-0.0425605016038952,-0.04939402802138824,-0.041670831921724584,-0.04672112726631753,-0.10536051565782652,0
2022-09-30,-0.05634687215670739,0.020430070216402817,-0.06727898708529752,0.05999999999999961,0.0,-0.04445133914148385,-0.06538215439881345,-0.02150647360930225,0.021510783422724444,-0.11778303565638326,1
2022-10-07,0.019618899396823455,0.00023461859151239678,-0.002803895493191508,-0.019999999999999574,1.54,0.02247331960780765,0.0526450567405503,0.02150647360930217,-0.03023855889496781,-0.03174869831458053,1
2022-10-14,-0.005695052574433822,-0.01186552135813792,-0.018908567970730268,0.11999999999999922,0.0,0.01105006042005684,0.05000988983839748,0.0,0.021691869126255016,-0.03278982282299084,1
2022-10-21,0.01024627580375771,-0.0053974897572351375,-0.062394015808151605,0.1200000000000001,0.0,0.07410691505262845,0.07061686157552993,0.041670831921724626,0.037892408470427075,0.19611487892629054,1
2022-10-28,0.06651037182564636,-0.012217494277054758,-0.1071934202666702,0.05000000000000071,0.0,0.05942111406453637,0.06595735223446822,0.0022190898066712294,0.10577940401605053,0.10398971352404764,1
2022-11-04,0.05954871152891113,-0.0064765743746480475,-0.10067183532951442,0.10999999999999943,-0.5800000000000001,0.0,0.010582014297091035,0.0408222780975428,0.11239437147462902,0.03636764417087479,1
2022-11-11,0.05415629133774696,-0.0018447471587329837,-0.07066239349532287,-0.08999999999999986,0.0,0.04695357019626436,0.08085277601039217,-0.06187583813439068,-0.047626198105879536,0.33986782562235124,1
2022-11-18,0.009918818313956985,0.004131007903950806,0.02791727039383074,-0.09999999999999964,0.0,0.018191628710758183,0.019231178832264554,0.0,-0.003490265800072827,0.0,1
2022-11-25,0.027989767998402915,-0.0013076212317801954,0.00014278673363403606,-0.09000000000000075,0.0,0.02666334169681293,0.028166686102152172,0.10109681305125076,0.003490265800072897,0.008438868645864604,0
2022-12-02,-0.012742530870549107,-0.0030071937009558606,0.05802578747478054,-0.0699999999999994,-0.6299999999999999,0.0,-0.018686696752568184,-0.019418214172572716,0.027496363061064726,-0.03419136474827931,1
2022-12-09,-0.0019055213900648002,0.0021608011055044922,-0.1294755179652267,-0.08000000000000007,0.0,-0.00880541194758839,-0.0190493496981864,0.0,-0.07750474292212904,-0.1005412292218774,1
2022-12-16,0.00641807092090417,-0.0004309333400021676,-0.13707067919328672,-0.10000000000000053,0.0,0.008805411947588323,0.009569360348602436,-0.01980276074428737,-0.025974385493707706,0.0,1
2022-12-23,0.022133077490986225,-0.009411501250146023,-0.14574001078595422,-0.019999999999999574,0.0,0.03448486547171267,0.018866986170242458,0.019802760744287436,0.08982763053672564,0.06513930217096166,1
2022-12-30,0.00657285670012532,0.009964001005549632,-0.01952876695506757,-0.020000000000000462,0.0,0.00844009802124542,0.00929969993190974,0.019418214172572702,-0.006896277276636754,-0.01818231908319059,1
2023-01-06,0.035112678762003746,-0.00025168017980804633,-0.016920770796545012,-0.02999999999999936,-0.5900000000000007,0.096079641831288,0.08855654937044038,0.05608982360126819,0.0797731355720083,0.12893368337589303,1
2023-01-13,0.035664675929871756,0.0014132801637832728,0.15149380831253856,-0.07000000000000028,0.0,0.059274054937024444,0.07349963995390237,0.035718299694551,0.0031896662514595375,0.023905520853554386,0
2023-01-20,-0.016311660065517375,0.002535907190091411,-0.028093240931873688,0.0,0.0,-0.03663485622578396,-0.05669148280197215,0.0,-0.04560862528998185,-0.04016604172533476,1
2023-01-27,0.010084684633660667,0.0004142392131333924,0.050233363197436175,0.020000000000000462,0.0,-0.0536480372519987,-0.042562894224336574,0.017389889938396068,0.003323433667076843,-0.04184710993550037,0
2023-02-03,-0.0028132655819038334,0.0021152534149862334,0.0350879572902424,-0.020000000000000462,0.16000000000000014,0.015610371703420936,0.01724291021641748,0.12921096104962237,0.006626478380111432,0.00851068966790861,0
2023-02-10,-0.030949390565539307,0.012631897656481227,-0.01537930674662162,0.009999999999999787,0.0,-0.015610371703420885,-0.017242910216417405,-0.015265859242297238,-0.009949912047188193,-0.03448617607116944,0
2023-02-17,0.006052941092762155,-0.004547455036418277,-0.041812984932462244,0.0,0.0,-0.007907245272119435,0.0,0.015265859242297154,-0.013422448718856466,0.04292504471703405,0
2023-02-24,-0.02833900713980393,-0.007815318089009147,-0.01768798875469402,0.010000000000000675,0.0,-0.04049511957838069,-0.04444891137563393,0.0,-0.017035450537992793,-0.016949558313773205,0
2023-03-03,0.018930949332648522,-0.002414112480367511,0.05032819493638665,0.009999999999999787,-0.040000000000000036,0.008230673304190743,-0.07550684656180025,0.08701366852441328,0.023769194994570194,-0.09873484068568897,0
2023-03-10,-0.023217196950166177,-0.006204080662129444,-0.03821299842503416,-0.020000000000000462,0.0,-0.15006410660895067,-0.0298526690055178,-0.057160452631667615,0.010012137929356122,-0.03846628082779605,0
2023-03-17,-0.06985534923393091,0.0051245433132533465,0.17040090351869538,-0.02999999999999936,0.0,-0.1213574341803246,-0.10648235670644303,-0.12516236450576806,-0.07590003933806572,-0.11411330676742111,1
2023-03-24,-0.004766550056920046,-0.0030856499284784337,0.039857187117948153,0.0,0.0,0.010695513196466624,0.022221337988469664,-0.016805323929530894,-0.23757447724068795,0.01092907053219023,1
2023-03-31,0.05156388728697603,-0.0020538535106965753,0.05262454944782581,-0.010000000000000675,0.0,0.07182596669338623,0.08426101871797323,0.06559764868681574,0.03571646349139211,0.1031842362352308,1
2023-04-07,-0.0024595776462239725,0.00147569981024894,-0.04632675959916186,0.010000000000000675,-0.0699999999999994,0.0,0.0,0.01574666900927825,-0.004401005555641632,0.05715841383994862,1
2023-04-14,0.055455372916220734,-0.008930104466913339,-0.1720553332691534,0.0,0.0,0.085358195959051,0.08700661464491807,0.04580985346855093,0.013128781027884827,0.0969922659873097,1
2023-04-21,0.02469432255116274,-0.006827262870975768,-0.09106933022014971,0.0,0.0,0.044447407282897186,0.03637629716429952,-0.015039698622091783,-0.017543626087799597,0.024897551621727087,1
2023-04-28,0.01174785722393131,-0.005715761037556845,0.09022816725398354,0.0,0.0,-0.017535029527292564,-0.11333267596472164,-0.11095008200588052,-0.022371408504580772,-0.09449084342092229,1
2023-05-05,-0.005589956831526733,-0.0031708829691716187,-0.01488286813083134,0.0,-0.14000000000000057,-0.026912377755604486,-0.010050235844495726,-0.017389013842202046,0.009008709457279013,-0.009049835519917927,1
2023-05-12,0.01384453748153708,-0.011644756038003261,-0.07613442527918213,0.0,0.0,0.009054448006379924,0.010050235844495645,0.017389013842201918,-0.15489166974204935,0.018018505502678212,1
2023-05-19,0.02710692151088822,0.004695771955033116,0.05680285088215095,0.0,0.0,-0.04608962961989064,0.05826968204785392,0.017099348060190863,0.041023150249613276,0.043675063502661635,1
2023-05-26,-0.004119278639869574,-0.001953340921187564,0.13818508020144168,0.0,0.0,0.018685630717227675,0.018686696752568146,-0.017099348060190905,-0.010100707550905405,0.03361661079898485,1
2023-06-02,0.01697602864484308,-0.009343085755413207,0.15627395760778084,0.0,-0.019999999999999574,0.018349550896283102,0.009223095187691387,-0.017389013842202046,0.0050695157612366155,0.016393809775676352,1
2023-06-09,0.01617108385853635,-0.011177680609131569,0.019344855274136936,0.0,0.0,0.035717789703192906,0.03603952308063556,0.017389013842201918,-0.015273289532124883,0.032002731086173734,0
2023-06-16,0.027440746154953864,0.005638057119255262,0.046619400340226075,0.0,0.0,0.008729617579704326,0.03478210424612448,0.017099348060190863,0.04020488172917027,0.015625317903081033,0
2023-06-23,-0.03526753066834814,-0.005829544923756857,-0.04609898809224626,0.0,0.0,-0.02642850427472476,-0.0347821042461244,-0.05218710157238359,-0.01488170497244285,-0.03953083875663532,1
2023-06-30,0.012394612914584867,-0.0005025482456296216,-0.20007385731834273,0.0,0.0,0.026428504274724672,0.026204519689806784,0.08552008672750931,0.08157650752735572,0.04725288485054551,1
2023-07-07,-0.01211455385468628,0.003916787441448607,-0.1250779904895565,0.0,-0.35000000000000053,0.017253772056591555,0.00589990861100886,-0.0678213470575185,-0.01860441909979264,0.030305349495329058,1
2023-07-14,0.043974269215957075,9.654470981766912e-05,0.009631603297693197,-0.07000000000000028,0.0,0.0581005590289244,0.05264519427414609,0.10008429598639264,0.09402520700567196,0.07197349962508903,1
2023-07-21,0.013300403416193762,0.0017384540216828846,-0.11171548299834624,-0.07000000000000028,0.0,0.01600457284614809,0.008512629042068868,0.0,0.0,0.013793322132335988,1
2023-07-28,0.015503901048804801,-0.011362285851138765,-0.06444711654388437,-0.040000000000000036,0.0,0.023517616975540407,0.04149364037025987,0.01574761113260511,-0.03478477232843117,0.04683129968409899,0
2023-08-04,-0.008951715787481359,0.004999439469746983,-0.040722674750453956,-0.009999999999999787,0.03000000000000025,-0.00464232188368739,-0.03557966542022885,-0.026922878279555917,-0.11872258242581504,-0.03864571509765957,0
2023-08-11,-0.030140011147962855,-9.69922260362438e-05,0.04232501643160035,0.009999999999999787,0.0,-0.0332717778146727,-0.04391961794052023,0.012761587676039066,-0.029327351644924466,-0.039492489211483565,0
2023-08-18,-0.04406687930411173,0.005919559195856745,0.0488038202146555,-0.02999999999999936,0.0,-0.05885827383238909,-0.05891949925453584,-0.04373210003766668,0.0010282041175007468,-0.06722764596238225,1
2023-08-25,-0.007038686882824734,0.0021168532884217753,-0.10911771133106848,-0.020000000000000462,0.0,-0.037417633759116,0.004657490471155584,0.013154914807121967,-0.04401282025218591,-0.013698844358161915,0
2023-09-01,0.02494106612687641,-0.0003894333793618614,0.12477161617346257,0.0,0.08999999999999986,0.019313486382660602,0.02478428750484591,-0.0016337923545610906,0.03474696028902796,0.033901551675681416,0
2023-09-08,-0.0535556626478133,0.03322833974760939,-0.012504758487370283,-0.6600000000000001,0.0,-0.07303597492499998,-0.08709499473238769,-0.02821707514443904,0.01743429997799692,-0.07137666284222782,1
2023-09-15,0.015851152496230342,0.005963013415991674,-0.06515518865202792,-0.20999999999999996,0.0,0.010239016745819935,0.016676687294908406,0.028217075144439094,-0.017434299977996996,0.022808696207317417,0
2023-09-22,-0.013149031280753017,-0.009275053975725707,0.19994013710214603,-0.009999999999999787,0.0,-0.027214682237783713,-0.024621349227356586,-0.01983332514841526,-0.04768329111028086,-0.04452245643110158,0
2023-09-29,-0.017413793721255028,0.0032644006825493757,-0.02286896401052091,-0.020000000000000462,0.0,0.003800833688928201,0.01778820348439021,0.058361031870017,-0.019727303418964174,0.012924250980935212,1
2023-10-06,-0.02386253852940757,-0.009023082102883308,-0.06688338993215057,-0.0699999999999994,0.16000000000000014,0.04448768644975304,0.04687581986654863,-0.007903049665584277,-0.003320182283434068,0.05617701571505409,1
2023-10-13,0.05417723776582667,-0.009535329977055793,0.20982883073952024,-0.020000000000000462,0.0,0.062393877673634086,0.055444777210626066,-0.025727638118634107,0.07485808708325346,0.07665188302739986,1
2023-10-20,0.027158043053828098,-0.015609979796006085,0.27027041826326376,-0.009999999999999787,0.0,0.03431683158400509,0.04071611127843954,-0.014765432700189115,0.04581665926434808,0.06066595864962584,1
2023-10-27,0.03620832786808798,0.0005891491445739192,-0.015152589170991607,-0.019999999999999574,0.0,0.04976803491754371,0.07598760630531311,-0.0033100004127817125,0.012721002059164677,0.05218575317057025,1
2023-11-03,0.034369024576588324,-0.001555388028696583,-0.09766971604595279,-0.010000000000000675,-0.2999999999999998,0.03539575771498344,0.02025197318465561,0.03314612402476559,-0.03914622986870189,0.02846726883378102,1
2023-11-10,-0.016765939065626744,-0.00696383838655012,0.01951623246963699,0.1200000000000001,0.0,-0.09341933386518626,-0.07773841892243516,0.013051358568372654,0.02986654189622731,-0.00919405802220626,1
2023-11-17,0.03991494226275371,-0.009590734307399758,-0.13600932917562913,0.04999999999999982,0.0,0.08506515955672447,0.0692175416633344,0.04127247743221641,0.004402790366686864,0.06553863661886358,1
2023-11-24,-0.00012117703306129633,-0.003897909982698054,-0.07465445510211799,0.020000000000000462,0.0,-0.0246858471553521,-0.007812449472044349,-0.003115420448551662,0.024597549155860383,-0.006944472352811046,1
2023-12-01,0.02568600604265401,-0.010369082583478045,0.12245341456210224,0.009999999999999787,-0.33000000000000007,0.06355225314862244,0.07108132459330221,0.01086345056426881,0.01653643778295717,0.033126958298454884,1
2023-12-08,0.00874128775105961,0.0033738060024760385,-0.07044748277920385,0.009999999999999787,0.0,-0.0007362977130287923,-0.001454574302145438,0.04525546214257517,0.06222190600455746,-0.024453877045025857,1
2023-12-15,0.006225028207561245,-0.0007748988522113667,-0.37710781689117456,-0.02999999999999936,0.0,-0.008108091588486141,-0.010291380801403816,-0.017856851047768952,-0.024967988283982636,-0.05381138500408992,1
2023-12-22,0.011248953559831017,0.00037829945620798455,-0.027652404013679455,0.05999999999999961,0.0,0.0234045524277665,0.03554181432653868,-0.016655230662000736,0.009885153691664546,0.0322801488072924,0
2023-12-29,-0.0015821944622988378,0.0017742512477235566,-0.051979806479292054,0.0,0.0,0.0007162848997703124,0.004277620819653925,0.004569915353324762,-0.01940618438769825,-0.023810648693718447,0
2024-01-05,-0.02962807510295533,0.0017825993171471783,-0.2405643993621814,-0.009999999999999787,0.03000000000000025,-0.011612012651503243,-0.030256135685924057,0.02105278902773021,-0.03195787193121652,-0.017624278729575088,0
2024-01-12,-0.011500910510388115,0.0018276000164423902,-0.03421512228959774,-0.009999999999999787,0.0,-0.006603882232589032,0.0021826556432806375,-0.025622704381055003,0.03967262144012454,0.0018376727989344863,0
2024-01-19,-0.021427994666801006,-0.0014186255486696622,0.1619297777210711,0.0,0.0,0.007336947999958216,-0.02738135099634284,-0.0294364006260095,-0.02751089890594409,-0.0534214350030797,1
2024-01-26,0.010198127431663095,0.003600021314899856,0.019473656400467974,0.0,0.0,0.015861034936092172,0.028843619342651738,-0.012659007162530161,0.02751089890594409,0.014739132572283193,1
2024-02-02,0.0555335060368831,-0.01227246625285769,0.2290307466162179,-0.010000000000000675,0.1200000000000001,0.0827583113509466,0.0777899093211184,0.06324686711276922,0.10996609944843153,0.09865871939180781,1
2024-02-09,-0.017619124275309678,0.002434673528622509,0.026251682212061804,0.010000000000000675,0.0,-0.026136592975606592,-0.012884316866171227,-0.09068964333897542,-0.046022860315022965,-0.023324672566408893,1
2024-02-16,0.026349474612171787,0.0032769739036088157,0.04449475799876212,0.019999999999999574,0.0,0.03222339279735464,0.03291462681640637,0.008150394678624493,0.024726885115647294,0.14168391106212827,1
2024-02-23,0.04364258430669211,-0.00812206698900609,0.04049918948375681,-0.03000000000000025,0.0,0.048087811412271884,-0.005305288741457022,0.03195138871011196,0.070314553080646,0.08157762739162011,0
2024-03-01,-0.021267673919708144,0.0023107772263132025,-0.01306086532884602,0.0,0.040000000000000036,-0.00450492766790856,-0.005315609266007863,0.01405242193632981,0.02927480731237275,0.002356824093530522,0
2024-03-08,-0.030590595957025957,-0.003149638144271311,0.05779114255513369,0.010000000000000675,0.0,-0.048989741820634196,-0.03466673666578475,0.02903318440629193,-0.01281918538714239,0.0014114328384075866,1
2024-03-15,-0.00028920049025423086,0.0001255253469866774,0.029223567718874605,-0.010000000000000675,0.0,0.03663983816885757,0.04198293605844373,0.020862875993157504,-0.040667096181009554,0.05087007367163349,1
2024-03-22,0.01130141917324675,0.004459856573807988,0.05318526549301987,0.010000000000000675,0.0,0.04036945286699695,0.01840575297529579,0.07115407772925623,-0.009130090731533931,0.018154140373813545,1
2024-03-29,0.024248446966238606,-0.0034980186924600683,0.0791075588774339,0.019999999999999574,0.0,0.029702449966656795,0.02443598868475648,0.031106068479127814,0.05131303503092935,0.004378290706882485,1
2024-04-05,0.014143873185589831,-0.00618676342404227,-0.02233568289678337,-0.019999999999999574,0.2699999999999996,0.015128728715023737,0.02632063874213565,0.009276726468099744,0.01616488778630519,0.0008733625009285446,0
2024-04-12,-0.010002300229455892,0.0019141576433767706,-0.014566081441864866,0.0,0.0,-0.04169693093415467,-0.0339833799784141,-0.030812888382743125,-0.005989008030270162,-0.07521660109497813,1
2024-04-19,0.00728283126104061,0.005263678088206162,0.030068083937109105,0.0,0.0,0.022895986677976213,0.022789030160898588,0.010824591029760099,-0.022815410056820563,-0.011834457647002796,1
2024-04-26,0.006093311780032007,0.0017777535227733903,-0.12321990045632934,0.009999999999999787,0.0,0.042543494479144954,0.04214134472981071,0.07765957023539541,0.029286911166526177,-0.001906578270581754,1
2024-05-03,-0.003466936287652781,0.001765352134803924,0.009392142652090575,-0.009999999999999787,0.0,-0.02674860404864765,-0.03325597386113579,-0.037877625213583906,0.015955976118818566,0.01232827373299567,1
2024-05-10,0.021039832341801137,-0.004678162433622798,0.09545579488389105,0.0,0.0,-0.0946989106692147,-0.05897934502244135,0.03372494533404153,-0.10608271365423194,-0.06321988102938493,1
2024-05-17,0.02036551287454192,-0.01048745968984779,-0.19888152007721221,-0.010000000000000675,0.0,-0.008654971900679573,-0.01921589200978778,0.01769881314345366,-0.020516543066324874,-0.016194685919980606,0
2024-05-24,-0.018089118095192463,-0.002173318854153496,-0.04896258345866818,0.0,0.0,0.016561955076411422,-0.018838060830246722,-0.03441912105531799,0.0032223981726271288,-0.028987536873252413,0
2024-05-31,-0.01725896543348765,0.005364810924796945,-0.014965747522268025,0.0,0.0,0.022739961916170514,0.008324109547689685,0.024344288143373336,0.017294144893697728,-0.007380107297622422,0
2024-06-07,-0.02307213936401455,0.009423433015122776,-0.060139745664578345,0.0,0.0600000000000005,-0.04131174348421932,-0.029851305073232137,-0.010178733357069331,-0.03629768549150904,-0.03994054889244936,1
2024-06-14,-0.006240508257757193,0.014744022733148301,0.06841087146489538,0.0,0.0,0.00600946605180163,0.003105170113096475,-0.07844516552382821,-0.03185863116303297,-0.02735308684154228,1
2024-06-21,0.031073296381060326,-0.012119355385243528,0.10701539247279337,0.0,0.0,0.05626966270165962,0.0402335971739286,-0.019554342896132157,0.06136934210675606,0.034486176071169404,1
2024-06-28,0.028256663982577368,-0.0034732548253582894,-0.004442496602676985,0.0,0.0,0.03764502684298156,0.035095973553460454,0.0056269364405430455,0.0299803045712824,0.05063698283478601,1
2024-07-05,-0.016684900932927176,-0.006620930191790455,-0.14592497368220333,0.0,-0.08000000000000007,-0.030126868719657408,-0.012289075399664926,0.0013995594271134513,-0.02319333002349647,-0.02260280192462137,0
2024-07-12,0.018603980364058775,-0.007074138940021027,-0.15047112377315433,0.010000000000000675,0.0,0.0037379887391029987,0.025844013075299953,0.0,0.0183322955811705,0.032429620076409746,0
2024-07-19,-0.03562449226815658,0.008091653817947811,0.3032513165950951,0.0,0.0,-0.01883125612527475,-0.03976522830823374,0.004194403728430933,-0.03379572819545459,-0.003092785970444161,0
2024-07-26,-0.02835434129291896,-0.0030322591821519,-0.07255554346220103,0.0,0.0,-0.0166148428820628,-0.0186048110284343,0.01933678866288796,-0.010131884565523113,-0.04056389669974901,0
2024-08-02,-0.028651584533788424,0.004235137843454131,0.13205029658419237,-0.010000000000000675,-0.3700000000000001,-0.057004270560979786,-0.057995664818735096,-0.10672766636807778,-0.044490859659771016,-0.09407438457411155,1
2024-08-09,-0.035082159055580965,0.0061826655510314,0.07245641873717514,0.010000000000000675,0.0,-0.023368953374275143,0.07143273671624487,0.018098563437873753,0.16309827871171417,-0.03669584660908315,1
2024-08-16,0.06949572928794814,-0.013074488366603259,0.1711887785222737,0.0,0.0,0.08847886301157583,0.10142031495147734,0.007448220446921609,0.05168178086047197,0.10627921117489898,0
2024-08-23,-0.008216025695654628,0.0004901667720514288,0.007697128056016916,-0.010000000000000675,0.0,0.03110147717256152,-0.004025358668265277,0.0392764777516885,-0.021710658366953496,0.0038493311209525814,0
2024-08-30,0.004533176555949527,0.00401079754318489,-0.08198248137837405,0.0,0.0,0.0038941548458217966,-0.008780333048968535,0.04327244188486778,0.021710658366953434,0.02171638001710881,0
2024-09-06,-0.03973158918407125,6.538725604704375e-05,-0.019466474651430685,0.010000000000000675,0.02999999999999936,-0.02762841683367443,-0.04652235955610896,-0.03333516042608369,-0.085979517842861,-0.056337369804815005,0
2024-09-13,0.007914418237119407,-0.0004297659710190474,-0.17355937768706975,-0.010000000000000675,0.0,0.0158852658703754,0.004963810456997547,0.011235147258041082,0.024793304136663575,0.054186831341586555,1
2024-09-20,-0.02453876971157575,-0.0025450068005290465,0.09308325957074744,0.0,0.0,-0.025939423528418184,-0.01999608846330271,0.04104428276107987,-0.01716559850305309,0.02812602486648904,1
2024-09-27,0.044172544942911125,0.0016100952685473133,0.08460962770338233,0.0,0.0,0.04416126267963947,0.023521772815124287,0.00267787486901013,0.026670031348778538,-0.03894864132464067,0
2024-10-04,-0.03911949919839202,0.00942584240957912,-0.06110783477226963,0.0,0.29000000000000004,-0.07426719227925704,-0.07080111312396746,-0.03954242167364563,-0.03429773698238899,-0.07922693604433975,1
2024-10-11,0.018256699131224838,-0.005998991055885517,-0.0953781290187252,0.020000000000000462,0.0,0.07297187900926401,0.0608839312692872,0.03014047705636708,0.04371268541570373,0.046038049202557156,0
2024-10-18,-0.013120513941376526,0.003389601111573712,-0.053399036929050084,-0.020000000000000462,0.0,-0.007777792482146263,-0.011443238228310424,0.013404648793926124,-0.009414948433314802,0.005049099085578113,0
2024-10-25,-0.025539028363496665,0.009755475944315091,-0.10119825217150805,0.0,0.0,-0.031060445749183173,-0.030701471258183004,-0.005340031135410319,-0.03643261618577399,-0.060554674626534785,1
2024-11-01,-0.017876235456319726,0.003487519993770952,0.048259080262785796,0.0,0.0600000000000005,-0.0026909708682805963,-0.032452638292646524,-0.0058814430493001335,-0.16314309777929847,-0.07658061410219963,0
2024-11-08,0.04122908109614561,-0.008273630071518448,0.20064006782097524,-0.009999999999999787,0.0,-0.006747751787967073,0.018240045517966347,-0.02087647573124616,0.019881982534347108,0.03840572724694131,0
2024-11-15,-0.048839114590823435,-0.002315964641462484,0.09862814922667512,0.009999999999999787,0.0,-0.05501250771267295,-0.07909768501291847,0.03997668593230471,-0.003947165205292109,-0.04484489952796258,1
2024-11-22,0.0024231041720307388,0.004303736233655757,0.04690151603983813,0.0,0.0,-0.036439521286901186,-0.027271029940754244,-0.05556932764744793,-0.030093545473398542,0.003868476777920553,1
2024-11-29,-0.0013408801647823564,-0.009417352073178172,-0.09170706369010953,0.0,0.0,0.027811748160180012,-0.027164238639555922,0.0,-0.035234391561996876,-0.05556985115481112,1
2024-12-06,0.052834695908529135,-0.006676253406190331,-0.051741840964472735,0.020000000000000462,0.07000000000000028,0.08707962528788503,0.09201717193151916,0.06632174256714904,0.05140034985720448,0.04781787435049316,0
2024-12-13,-0.01609418739207226,-0.0010247668497165442,-0.1884205138685892,-0.009999999999999787,0.0,0.0019799016517190937,-0.023023953562422428,0.009315484157261616,-0.0020072301508637785,0.014166366981981541,0
2024-12-20,-0.032518719761040184,-0.0005139512047241443,-0.0578376368693952,-0.010000000000000675,0.0,-0.024067583195702485,-0.04685983280579457,-0.07420935378135332,0.01593481732905497,-0.031171354902939395,1
2024-12-27,0.0017254770910292037,0.0025483873037237983,-0.0035285013209324116,0.0,0.0,0.0027055111560022257,0.0,-0.030414358064788104,-0.04032349849506777,0.00394997221931429,1
2025-01-03,0.015030361122093019,-0.0005785024443214316,0.05222402249598618,-0.009999999999999787,0.20999999999999996,0.00806529756936631,0.012544568580062886,0.020377668313687754,0.03437908327305752,0.005895857236052519,1
2025-01-10,0.00871693029176353,-0.0006608858923460713,-0.20601874190538808,-0.009999999999999787,0.0,0.0073377335752863575,0.04231557776483776,0.02560579048704182,0.061675202421628675,0.02196470731656967,1
2025-01-17,0.021953287432729594,-0.0009968418532658352,0.19444700416628674,0.019999999999999574,0.0,0.0013256308101690624,-0.003987319252360422,0.04396301316200795,-0.007503887995383771,0.003189795368100302,1
2025-01-24,0.030527077896281913,-0.011826523666215567,-0.16450304597856438,0.03000000000000025,0.0,0.07107267625685176,0.05600011192927272,0.030447095290122756,0.05004228948335666,0.05513939184809042,1
2025-01-31,0.02285374422694963,0.0018646940164902825,-0.053725552514659956,-0.019999999999999574,0.0,0.02441881945673024,0.037847375503918555,0.011665632950633355,0.021270694832528116,0.05111244620910311,1
2025-02-07,0.022101986049453966,-0.0061481303556171,0.23506726357605606,0.0,-0.11000000000000032,0.008406960349500921,0.025177322702094197,0.08872872423731898,0.06286477320343688,0.05947848988581227,1
2025-02-14,0.03460503705072451,-0.008062001258825497,-0.12231227873175092,0.009999999999999787,0.0,0.040446078389908525,0.047161977273098406,0.04270576121172324,-0.04204203762702489,0.05817726262905131,1
2025-02-21,0.016327081902838332,0.0009131389302441142,0.20498549447845754,0.0,0.0,0.009712591102236481,0.016131544780544453,0.02785740777865143,0.005142308568188034,0.043831717376248996,1
2025-02-28,-0.014872265331354167,0.007637624970143034,0.14695917721830418,-0.009999999999999787,0.0,-0.026519157275155303,-0.06970368995461217,0.05348952067749198,0.011892032037929644,0.0,1
2025-03-07,0.024156161725749022,-0.005375194136232313,0.20091609215247852,-0.010000000000000675,0.03000000000000025,0.05511597590503591,0.03165604660781153,-0.003130594599972429,0.046188575643954226,-0.11395266161614964,1
2025-03-14,0.04143287506746936,0.0031177383266435496,0.09731396013015735,0.010000000000000675,0.0,0.029952178372107185,0.0473395858287815,-0.0010446222536324124,-0.010529690277271074,0.03804369843082497,0
2025-03-21,-0.010698256047648423,0.00201429645319217,-0.04353812987873388,-0.010000000000000675,0.0,-0.026090795181076962,-0.03906673631786587,0.04599545920228302,-0.026416782285781253,0.02952817483920517,0
2025-03-28,0.008270082236245454,-0.0033578235808110466,-0.04677983325631035,0.010000000000000675,0.0,0.007684519828222438,0.019720060776954297,-0.024267250630768126,0.029667437493949216,0.019712541263958064,0
2025-04-04,-0.10736014392383934,0.021395189671113743,0.23034892115297473,-0.16999999999999993,-0.5600000000000005,-0.18035610573313582,-0.1477720330202674,-0.16065442036706398,-0.12114113812790271,-0.15858156949088176,1
2025-04-11,0.02451876193278766,0.002322495679183211,0.11885817875170003,-0.11000000000000032,0.0,0.03851180137168048,0.05837487706983096,0.034262353344463536,0.06218902396185951,0.03288441677850745,1
2025-04-18,0.04418854628814074,-0.0005281101956874642,0.04330445209251628,-0.08999999999999986,0.0,0.06047166457272867,0.06761529019809231,0.06410316726141653,0.04956786461341897,0.07540435865840714,1
2025-04-25,0.055255519735861035,-0.001316816022008634,0.03181392316962787,-0.07000000000000028,0.0,0.0747930958976848,0.08189813994868254,0.07550697410403182,0.05151675962465642,0.08472807047378793,1
2025-05-02,0.006198311656522787,0.0010433042341665077,0.01658635937067346,-0.05999999999999961,0.11000000000000032,-0.015524854610011598,-0.07435337469180225,-0.03579543326935619,-0.00898632547815742,0.0,0
2025-05-09,0.010992095760978052,-0.010406747786177891,-0.2984839962438386,-0.16999999999999993,0.0,0.04265044026873999,0.04161824797699235,0.045793776456498264,-0.0978042222330146,-0.014122465053864525,0
2025-05-16,-0.0112482587959185,0.007810508180949419,-0.30263133489733696,0.05999999999999961,0.0,-0.0698346844719441,0.01869682814265661,0.04184052678563671,-0.012717119319532653,-0.006889791033815901,0
2025-05-23,-0.033824867640554285,-0.002090781965250207,-0.11926474407040044,-0.03000000000000025,0.0,-0.04040913555834875,-0.02964278971812802,0.009705673083097787,-0.010000740623739221,-0.026014473518023856,0
2025-05-30,0.02003441189283637,-0.0018174363639363474,-0.023790922938580435,0.0,0.0,0.01541385038632898,0.04378843296647178,0.0266948375506269,-0.011555445635609911,0.03535344530097946,0
2025-06-06,-0.026322359090268057,0.009602217164177557,-0.19180258575798456,-0.009999999999999787,0.1200000000000001,-0.0866345340731394,-0.07131046111367983,-0.008504754033923546,-0.03248504294185997,-0.05687066889508059,1
2025-06-13,0.0029624391315398128,-0.00401468618545923,0.18355228383687017,0.009999999999999787,0.0,0.01907415758796138,0.028994829617289688,-0.05459185026137004,0.006979658292638018,-0.009365312988261536,1
2025-06-20,0.01013364540525552,-0.0013371318294120276,-0.02897971877980557,0.0,0.0,0.0025183269654147416,-0.005880128448032879,0.012941838041865257,0.05508859106521888,-0.01846530967204467,1
2025-06-27,0.0289043919216801,-0.006156020837150528,0.03690704662668244,0.020000000000000462,0.0,0.044230240508886895,0.03547216647433233,0.004937871982423716,0.003283387975220382,0.027830622660306347,1
2025-07-04,0.017364676969608216,0.0005091493779801222,-0.013266146438408854,-0.16999999999999993,-0.1900000000000004,0.042356509411246746,0.034939484430522916,0.02621933654594413,0.011183912187107872,0.016435911847946617,1
2025-07-11,-0.001414622540483714,0.004852175950979043,-0.08217824588823966,-0.040000000000000036,0.0,0.012596505826773723,-0.018718166270773804,0.012397640217959213,0.01426097875479467,-0.020587448687681326,1
2025-07-18,0.03547730255698191,-0.004479906706486117,-0.0001943038438702285,-0.040000000000000036,0.0,0.054243455970529285,0.066987576900225,0.014095196000024504,0.019006655358963138,0.10223551311469112,0
2025-07-25,-0.00044203071652174335,0.0010336161589844213,-0.27584701030195485,-0.03000000000000025,0.0,0.0016182764921406864,0.02392673134890222,0.04294885728253984,0.025665196192794223,0.026865904838401063,1
2025-08-01,-0.026712579489477518,0.0053768428303622535,0.23885183693921366,-0.03000000000000025,0.0600000000000005,-0.014634872272163764,-0.014808213610606557,-0.04294885728253983,0.06265455094549079,-0.14799961817332152,1
2025-08-08,0.04651229499414582,-0.006149010918863396,0.09111911067016051,-0.019999999999999574,0.0,0.09843155916141826,0.19393066580045792,0.09097885417857428,0.03863301788626581,0.10504250007238228,0
2025-08-15,-0.024274873709468254,0.002939525537601888,0.05285382576718889,-0.03000000000000025,0.0,0.061219901962150394,-0.05264452162493133,0.036003270540562536,-0.01031599225127075,0.030540311065953424,0
2025-08-22,-0.023725612297517927,0.0005704419671314828,0.23053378988706216,-0.03000000000000025,0.0,-0.12473395160371452,-0.10186393230679847,0.014689345245741618,-0.049886769896245936,-0.07492701676621648,0
2025-08-29,-0.030592889345522883,0.0004622183512585361,-0.02850656799008763,-0.02999999999999936,0.0,-0.03450275027545562,-0.03812026655048763,-0.02711028428786774,-0.056935117601745806,-0.04644876772777003,1
2025-09-05,0.0040223102823372875,-0.0030800085901744236,-0.11791801585884785,-0.07000000000000028,0.0699999999999994,0.0035031066397723603,-0.016987030255905505,-0.0008284473918664537,0.006190516089579472,-0.0010454784015530563,0
2025-09-12,0.011188432085002748,0.0011123406272856681,0.050232390258363416,-0.019999999999999574,0.0,0.008707507933530116,-0.003299524634856691,0.03681459077795906,0.0035243068501249765,0.01505348955766372,0
2025-09-19,-0.012019430882759249,0.0018245673476637045,-0.33248877683884553,0.009999999999999787,0.0,-0.02339483317489201,-0.005303440123420068,0.02694236166398885,-0.0035243068501249445,0.02693936735277336,1
2025-09-26,0.010495309250728585,0.0011910987886408135,-0.06936225911639118,-0.020000000000000462,0.0,0.004134740786683273,-0.01068468048222419,0.03533040353303261,-0.0013213074430248523,-0.013124872909584832,1
2025-10-03,0.01078107513267336,-0.0034411725482418262,-0.08666577105176392,-0.019999999999999574,-0.0699999999999994,0.04380983503129907,0.025203782668713117,-0.017509180204201846,0.0030850134596305204,0.029539068839801348,1
2025-10-10,0.0035146479694240446,0.002728559502115017,-0.2514176761534898,-0.16000000000000014,0.0,0.004505919773336423,0.018166344393282737,-0.011579868813153633,-0.0030850134596304888,0.004921269774805603,1
2025-10-17,-0.00035508767905551296,-0.005535321114822228,0.07191103436019987,-0.040000000000000036,0.0,0.006157509093886899,0.0019289655856567923,-0.050202045973335205,-0.011548773902543339,-0.022841112162609332,1
2025-10-24,0.03730693471579303,0.0005822498817893116,0.061118673357598234,-0.03000000000000025,0.0,0.03400956142499441,0.033449455466114886,0.0,0.03856650620073813,0.07310294694349773,0
2025-10-31,0.002057462207033595,0.002783979921644686,0.18147447527069932,-0.009999999999999787,0.0,-0.01740865804985232,-0.07272482985639346,0.05781298240983579,0.001719000849629181,-0.04781025228308339,1
2025-11-07,-0.005612692941926949,-0.0037034768566032413,0.04933465101957808,-0.16000000000000014,-0.1200000000000001,-0.06754632197568719,0.01786361577019119,0.029255634085958347,-0.058777825675371646,0.043599719746739846,0
2025-11-14,0.006629806635179593,-0.0033053741784847906,-0.050537142782112764,-0.03000000000000025,0.0,0.001173188133283083,-0.010543800066853355,0.03577048192181597,0.02915455725081675,0.030473272083410535,1
2025-11-21,-0.023443714654685217,0.003057672787141737,0.0967521225665586,-0.03999999999999915,0.0,-0.021939479505197482,0.004627047924347653,-0.05724514004558975,0.005732149569880774,-0.037058432286462016,1
2025-11-28,0.02731199776070707,-0.0005876515466343141,-0.0026680201399162254,-0.010000000000000675,0.0,0.048561850770249014,0.041985705640128906,0.052842250641365295,0.035409838797211435,0.007990641811786596,1
2025-12-05,-0.017358548575727068,-0.0012614304023790465,-0.036538665705656365,-0.14999999999999947,-0.07000000000000028,-0.0011423495562255825,-0.021096901334284487,0.03681720060016833,-0.030587591300955442,-0.023207293002884738,1
2025-12-12,0.04274672477526447,-0.001556538365471531,0.01604109758248449,-0.010000000000000675,0.0,0.04854995797112996,0.05161908678169889,0.0168622228982574,-0.0030647409310583062,0.012381110538855778,1
2025-12-19,0.021630782824109886,-0.004451137452066238,-0.16840238434652147,-0.040000000000000036,0.0,0.035840370724163934,0.009154465278200906,0.03223254093327937,0.022133612289476617,0.03989397293870439,1
2025-12-26,0.002884777589473281,0.0025791389148198127,-0.006767584200461534,-0.019999999999999574,0.0,0.0036727828464670443,-0.01716389609368677,-0.003379005520138257,-0.003011335840106748,0.003178209258686755,1
2026-01-02,0.033318497076569295,-0.0017828384606865483,0.09258950140176007,-0.029999999999999805,-0.11000000000000032,0.04052423621272517,0.03224842994863649,0.006072651171842251,0.02171890772173949,0.03649715268624055,1
2026-01-09,0.004098892921474343,0.0007600535253532246,0.13773835454937264,-0.020000000000000018,0.0,-0.006557155642700413,-0.0023956653862255172,0.002686409412307962,0.021252829352493875,-0.0474361861066723,1
2026-01-16,0.002299026823310557,0.0019852877063064297,-0.012935754993463871,-0.010000000000000231,0.0,-0.007619350585690557,-0.011468393526000913,0.02779649721747548,0.0,-0.034027985914241554,1
2026-01-23,0.00490053343109762,-0.002928315369845192,0.06738109345423797,-0.020000000000000018,0.0,0.018194078536478968,0.0006030543892608932,0.0006537523304020118,0.026048551077482867,-0.010486273401573704,1
2026-01-30,0.018181663792962828,0.0008219328235743537,0.033828181354241475,-0.020000000000000018,0.0,0.047427005013534244,0.03926683209761399,0.029568479976495705,0.05700558173637924,0.03484344942968509,0
2026-02-06,0.009572823935989027,0.0016513242814808927,-0.055166769616943175,-0.020000000000000018,-0.10999999999999943,0.006188789829420828,0.060008052884831534,-0.038080805890389986,0.06251974661133054,0.024681325972349896,0
2026-02-13,-0.009751406526447126,-0.0019790662137696407,0.07191153183782428,-0.020000000000000018,0.0,-0.0416694920991134,-0.035798579799936794,-0.054072769480617254,-0.016898843575561446,-0.049987268675046846,1
2026-02-20,0.00721607209968794,0.002839236476244404,-0.05703481284488193,-0.040000000000000036,0.0,0.022506118268217943,-0.01723337227785828,0.06128377308079624,0.025418737376664672,0.0386364090063574,0
2026-02-27,0.016472036481996556,-4.737203628764286e-06,0.051075861915620024,-0.020000000000000018,0.0,0.011544058987455077,-0.027011255501884077,0.0039054818677067,-0.0192757334737994,-0.06459940579161287,0
2026-03-06,-0.053035621310407594,0.011450362963625156,0.26579292325474707,-0.029999999999999805,0.5899999999999999,-0.08897230814856912,-0.08053890441163555,-0.12676878919803408,-0.1700697694379169,-0.09818816037668295,0
2026-03-13,0.003735737195310446,0.0019954273219870314,0.0003419063623540467,0.06000000000000005,0.0,-0.03456737085094249,0.0051498520737340596,0.009558417729258025,0.011464918568362206,0.03173190612630596,0
2026-03-20,-0.00810103377703758,-0.0006989991038652892,0.03915394466003992,0.0,0.0,-0.015266415459388089,0.0070319309065867775,-0.03120436627770518,0.010505806543582128,0.07421951497698644,1
2026-03-27,0.006270094060978114,0.0017851014233596317,-0.002880290820155222,0.029999999999999805,0.0,0.011470169294146253,0.015809459911069444,0.014979282187317299,0.012457732194619544,0.03793721889696754,1
2026-04-03,0.04927737383324889,-0.0012777524510808802,-0.2506215645282305,-0.009999999999999787,0.0,0.043580578973155835,0.04598188093127782,0.042930735207825435,0.05147705673932319,0.0687756926393174,1
2026-04-10,0.04643184688779699,-0.006902798720342327,0.028958459624747555,-0.010000000000000231,0.0,0.097530374490036,0.09753897157227844,0.07013107713517092,0.08308496165049917,0.09956617614029194,0
2026-04-17,0.028439286453695083,-0.006029262696858031,-0.0521703969070331,0.03000000000000025,0.0,0.027449944381484577,0.02416423241071968,0.03778786288149765,0.02458603893379353,0.0035328790425606326,0
2026-04-24,-0.03960277824023996,0.004196474603422702,-0.06822872591491498,-0.03000000000000025,0.0,-0.05470521011375825,-0.07374447898036236,-0.07086600465579516,-0.05309997498962656,-0.10396824254743933,0
2026-05-01,-0.019566551355092516,0.0008225787717622981,-0.03024981437952229,0.0,0.16000000000000014,-0.020078094502504636,-0.04139294441366858,-0.006082095433272885,-0.059664680816008155,-0.01445175140971216,1
2026-05-08,0.013653537235495162,-0.0015231289799733927,-0.05412354065418434,0.0,0.0,0.0,0.0017855698275419183,0.006269613013595395,0.03291123853028524,-0.03592662983076105,1
2026-05-15,0.002666171163566842,0.0024062352161655573,0.22263240854229308,0.020000000000000018,0.0,0.006408456662645815,0.0035551391018572593,-0.031032109247728524,0.024781444013065087,0.06118929734468886,1
2026-05-22,0.02666520382865901,-0.002344887983732359,0.08139397459534435,0.0,0.0,0.04374982754119386,0.026875589222863868,0.044825431380064465,0.018385027913987956,-0.00907329620567483,0
2026-05-29,0.01249171896662168,-0.0018704219096707237,0.03104697824690848,0.0,0.0,0.01122548354225239,0.015442128400639531,0.017651510575322334,0.07286134826487149,0.05653128822543486,1
2026-06-05,-0.02170687374916075,0.003176696219636217,-0.012616871735088006,-0.009999999999999787,-0.23000000000000043,-0.04665215242759102,-0.04646985617204895,0.0,-0.011963166058275063,-0.0061715892246909845,1
2026-06-12,0.028981755715494637,0.00024267527222740973,-0.09639549212796278,0.009999999999999787,0.0,0.06234024172114025,0.07526086173377824,0.017345331461774013,0.08222850089351665,0.10639176252657163,0
2026-06-19,-0.00947966713273241,0.003060188798436876,-0.11756442383025792,-0.020000000000000018,0.0,0.006391772347655597,0.0319932499867454,0.08855339734144503,-0.024138516885548078,0.01400170258497055,0
2026-06-26,-0.029387839048361758,0.007265900751877896,0.020236568834048427,0.020000000000000018,0.0,-0.016051802451811398,-0.02838747684924644,-0.014020345478878224,-0.03146012685229555,-0.04413580942904458,1
2026-07-03,0.028256407993906073,4.8962062571699636e-05,-0.07120901986825989,-0.029999999999999805,-0.009999999999999787,0.015594536365526327,0.01901423892113817,0.05784026304132809,0.018297484441578256,0.022685282831083446,1
2026-07-10,0.025476312625984574,0.009363505524091209,-0.013868356210630999,0.020000000000000018,0.0,0.06987159982252013,0.04657352161419876,-0.02641773823475766,0.04299536326006267,0.01851904776723753,1
2026-07-17,-0.0008200735340985185,0.002122707062961776,-0.11224253028061602,-0.03000000000000025,0.0,-0.05540824152252477,-0.06498806036743886,-0.03203658684613007,-0.0595188539775773,-0.04503575290987716,1
2026-07-24,0.015718487230064606,-0.004986262323899581,-0.17907699716441236,-0.029999999999999805,0.0,-0.0018000864532361426,0.020766097743996303,-0.02424738002576953,-0.03278982282299107,-0.04756251113409782,1
2026-07-31,0.024317197767890784,-0.0020961889050784017,-0.007957360935837852,0.029999999999999805,0.0,0.04868693247395002,0.14055307156187455,0.047920716214078084,0.07035945864872803,-0.00889613630897038,1
2026-08-07,0.020198881033370565,-0.0023983780620339865,-0.0696054678874526,0.020000000000000018,0.0,0.029661972398566827,0.029657866088274663,0.035360195395884496,0.004428554333649468,0.045651903907966127,0
2026-08-14,0.007905671602220514,0.0021499761325077305,0.022370340983493428,-0.009999999999999787,0.0,0.0874874541231158,0.02446305943270545,0.003468211568927357,0.005761751238826726,0.011190547032425256,0
2026-08-21,-0.00917139323243259,0.001651757919804668,0.10106482115521642,0.0,0.0,0.025841231183887328,-0.0014510280659592537,-0.006948493504066583,-0.004742556314522605,-0.031971534023686715,1
2026-08-28,-0.0003730180331128072,0.006033978108034147,0.08989287589651157,0.0,0.0,-0.004326457092772092,-0.012664562841321772,0.01613867880706258,-0.005447749257953587,-0.02324753993681407,1
2026-09-04,0.023892863042242526,-0.006534784973990628,-0.01663550169908743,-0.03000000000000025,0.0,0.029516705921330582,0.03231532696592706,0.010804768178986533,0.004768401405739339,0.039361073880580306,0
2026-09-11,0.01190362945981879,0.0027351497470607766,-0.0012078963387304866,0.040000000000000036,0.0,0.030528091449696978,0.012733018057509395,-0.027524673390089918,0.0020366605818033334,0.03862074313378395,0
