Data,Zamkniecie
1991-09-10,0.4936174395552172
1991-09-17,0.4866873703855207
1991-09-24,0.4861744935159357
1991-10-01,0.48784928902178737
1991-10-08,0.5077787096564202
1991-10-15,0.6232890958893406
1991-10-22,0.7157905326919355
1991-10-29,0.7928909876946146
1991-11-05,0.736078621518274
1991-11-12,0.7299581747465388
1991-11-19,0.8106906352090018
1991-11-26,0.8234862859018762
1991-12-03,0.8456876474503063
1991-12-10,0.8951086898448388
1991-12-17,0.9349174410308856
1991-12-31,0.9219325190163852
1992-01-07,0.9289884093307578
1992-01-09,0.9256849317194017
1992-01-14,0.9328403919677005
1992-01-16,0.9322254187664484
1992-01-21,0.9299568606498623
1992-01-23,0.915008098487382
1992-01-28,0.9156363189411963
1992-01-30,0.914406335283263
1992-02-04,0.911157160490427
1992-02-06,0.8864947443336701
1992-02-11,0.8405772788984076
1992-02-13,0.7825792376693473
1992-02-18,0.738144579467986
1992-02-20,0.7390610151018635
1992-02-25,0.6419819628261366
1992-02-27,0.6184817554501352
1992-03-03,0.5754397987231034
1992-03-05,0.47703597889881927
1992-03-10,0.3860612059748147
1992-03-12,0.3843251364237254
1992-03-17,0.3458625246844477
1992-03-19,0.3539912783734379
1992-03-24,0.331123753525342
1992-03-26,0.3362705264566775
1992-03-31,0.33139736572447764
1992-04-02,0.32972380061288864
1992-04-07,0.3369375682188605
1992-04-09,0.33694253756923537
1992-04-14,0.33874995361511734
1992-04-16,0.31946242827866106
1992-04-23,0.27796205334387064
1992-04-28,0.3037374190715661
1992-04-30,0.31052782698363873
1992-05-05,0.3033508771607477
1992-05-07,0.30187114436982054
1992-05-12,0.3183000374839402
1992-05-14,0.2954581988954153
1992-05-19,0.29401548970057584
1992-05-21,0.2970625270714795
1992-05-26,0.290794853832253
1992-05-28,0.28813244986234715
1992-06-02,0.2658605946313295
1992-06-04,0.27407253724912534
1992-06-09,0.27326531333943155
1992-06-11,0.2702231586769123
1992-06-16,0.2700175865601282
1992-06-23,0.30480114395438346
1992-06-25,0.35964219422147886
1992-06-30,0.5106168790849014
1992-07-02,0.6175200147097405
1992-07-07,0.690394452643524
1992-07-09,0.6708865950292078
1992-07-14,0.6760765045609415
1992-07-16,0.6732410210169555
1992-07-21,0.6834367152239673
1992-07-23,0.6849872116739109
1992-07-28,0.681906895295936
1992-07-30,0.6704784146746016
1992-08-04,0.6803984354188694
1992-08-06,0.6796926608810032
1992-08-11,0.6791012131951905
1992-08-13,0.6790721031861118
1992-08-18,0.6668710620878882
1992-08-20,0.659646358278629
1992-08-25,0.6438129257224074
1992-08-27,0.641390687956407
1992-09-01,0.5990067919673909
1992-09-03,0.5936029041229696
1992-09-08,0.5195983674959053
1992-09-10,0.41427377805639565
1992-09-15,0.30712443878640033
1992-09-17,0.3164061117402249
1992-09-22,0.2847062790188741
1992-09-24,0.28228009371216417
1992-09-29,0.2727020079890221
1992-10-01,0.27600917149748144
1992-10-06,0.27687496340281664
1992-10-08,0.30094079846453947
1992-10-13,0.30638659410576685
1992-10-15,0.3064778808138325
1992-10-20,0.3353297077157299
1992-10-22,0.33731520793281317
1992-10-27,0.3338257935517864
1992-10-29,0.35210305090479876
1992-11-03,0.3604947645291557
1992-11-05,0.3443764622464551
1992-11-10,0.3370583889883445
1992-11-12,0.33702103048600457
1992-11-17,0.332685535820336
1992-11-19,0.3309439273063979
1992-11-24,0.3284357965321104
1992-11-26,0.32840986583600357
1992-12-01,0.3634831705912786
1992-12-03,0.387100822160744
1992-12-08,0.38117743518869707
1992-12-10,0.37485633295252196
1992-12-15,0.3733768108355773
1992-12-17,0.35408696142324964
1992-12-22,0.3348841045368133
1992-12-29,0.33448335314911404
1993-01-04,0.30886078447000537
1993-01-05,0.3032813732070001
1993-01-07,0.30379700386011443
1993-01-11,0.28639531291055326
1993-01-12,0.2745387516735586
1993-01-14,0.27355980581114736
1993-01-18,0.27278096384977746
1993-01-19,0.27398577686385567
1993-01-21,0.27343645859610133
1993-01-25,0.28098348730890643
1993-01-26,0.275628833318974
1993-01-28,0.26763390763977185
1993-02-01,0.20945307991830742
1993-02-02,0.13572867255027377
1993-02-04,0.13127726912797383
1993-02-08,0.131150488670231
1993-02-09,0.1309935590715875
1993-02-11,0.12644919686472078
1993-02-15,0.11524977156143924
1993-02-16,0.11712618532754092
1993-02-18,0.12418873805106435
1993-02-22,0.12107651057763652
1993-02-23,0.12484789606572196
1993-02-25,0.1260688632067451
1993-03-01,0.13522905631556678
1993-03-02,0.16932619188798134
1993-03-04,0.19076983332178307
1993-03-08,0.21015580271295659
1993-03-09,0.23024379050915708
1993-03-11,0.22412008343627318
1993-03-15,0.24951443936668644
1993-03-16,0.2531339841520387
1993-03-18,0.25536712993653277
1993-03-22,0.2549836439022028
1993-03-23,0.25682902797098395
1993-03-25,0.25682983670697684
1993-03-29,0.2539442851691213
1993-03-30,0.25024127409016295
1993-04-01,0.2567690754817518
1993-04-05,0.25703770928460307
1993-04-06,0.24419369214989603
1993-04-08,0.2509791901976517
1993-04-13,0.2936282927979399
1993-04-15,0.3544725902444865
1993-04-19,0.3998237469433327
1993-04-20,0.4484366274548619
1993-04-22,0.5068313085303057
1993-04-26,0.5112667591513042
1993-04-27,0.5488511542385964
1993-04-29,0.5736024796360653
1993-05-04,0.5452253842131675
1993-05-06,0.5590008183320497
1993-05-10,0.6075736125794186
1993-05-11,0.6463287349199753
1993-05-13,0.6313296515625774
1993-05-17,0.6481854089984515
1993-05-18,0.6623611794921435
1993-05-20,0.6721449906405546
1993-05-24,0.6510725501128752
1993-05-25,0.6428164212024202
1993-05-27,0.6247150988287824
1993-05-31,0.6247519451799697
1993-06-01,0.6735502010855987
1993-06-03,0.8488020032285722
1993-06-07,0.9729952835430317
1993-06-08,1.0629505506513122
1993-06-09,1.052018620506626
1993-06-14,1.0851380473172145
1993-06-15,1.0955643245401532
1993-06-17,1.0800667039841403
1993-06-21,1.1027446780675687
1993-06-22,1.0918213395827707
1993-06-24,1.061365731890568
1993-06-28,1.0259155740019061
1993-06-29,1.0199032222214433
1993-07-01,1.022129604171429
1993-07-05,1.0278099545603019
1993-07-06,0.9964193526552271
1993-07-08,1.0167686398839784
1993-07-12,1.0007080815184715
1993-07-13,0.9831283771475353
1993-07-15,0.9824277725335001
1993-07-19,0.9788449208595633
1993-07-20,0.8951310423908145
1993-07-22,0.7977813311003836
1993-07-26,0.6673624011135348
1993-07-27,0.6350555563088172
1993-07-29,0.5882562903278712
1993-08-02,0.5200617770546258
1993-08-03,0.5069014499839325
1993-08-05,0.49241028610176346
1993-08-09,0.5545108122352307
1993-08-10,0.5897771095942457
1993-08-12,0.5940429844755261
1993-08-16,0.5995867599629797
1993-08-17,0.6131605056022966
1993-08-19,0.5678180284020261
1993-08-23,0.585746422520148
1993-08-24,0.5436875823909981
1993-08-26,0.5502242926927501
1993-08-30,0.6524387276369347
1993-08-31,0.7788100603202811
1993-09-02,0.8133840939643524
1993-09-06,0.8471379733508855
1993-09-07,0.891065084898926
1993-09-09,0.9345004661895114
1993-09-13,0.9344129057036484
1993-09-14,0.9299726275745809
1993-09-16,0.9281740950296272
1993-09-20,0.9799862651721064
1993-09-21,1.0227917181878157
1993-09-23,1.010647429388394
1993-09-27,0.980897162315354
1993-09-28,0.9908679492906579
1993-09-30,0.9847116506087131
1993-10-04,0.9665501362074883
1993-10-05,0.9702193186499086
1993-10-07,0.9474420832617219
1993-10-11,0.9054637113546478
1993-10-12,0.8980748604860781
1993-10-14,0.8606117703171585
1993-10-18,0.775898655966363
1993-10-19,0.7238093321136122
1993-10-21,0.6594134835100922
1993-10-26,0.6249594659811653
1993-10-28,0.590465748268307
1993-11-02,0.5932480838558771
1993-11-04,0.5940711502085436
1993-11-08,0.5926749692278331
1993-11-09,0.5355996907996962
1993-11-10,0.46308235750592713
1993-11-15,0.4189457695225119
1993-11-16,0.4050572460980182
1993-11-18,0.49081193792669
1993-11-22,0.5314629236112729
1993-11-23,0.5415069967063738
1993-11-25,0.5378649479686478
1993-11-29,0.5436942269464919
1993-11-30,0.528210710449739
1993-12-02,0.5072698343308746
1993-12-06,0.5208140538349173
1993-12-07,0.5045406433032873
1993-12-09,0.5028453371833781
1993-12-13,0.5068585426511104
1993-12-14,0.4967506864289624
1993-12-16,0.4950780253149866
1993-12-20,0.49396888643727843
1993-12-21,0.501522887877062
1993-12-23,0.5193926678982916
1993-12-27,0.519000113211335
1993-12-28,0.6416671293077658
1993-12-30,0.6397340765134027
1994-01-03,0.6492431548262686
1994-01-04,0.5794657913989877
1994-01-06,0.5405980497707364
1994-01-10,0.5342158266931498
1994-01-11,0.5341175529294455
1994-01-13,0.5259953584512311
1994-01-17,0.5229259035555731
1994-01-18,0.5223626771716233
1994-01-20,0.5174157363997587
1994-01-24,0.5171651548149349
1994-01-25,0.5211584425163843
1994-01-27,0.5477353267419013
1994-01-31,0.6614602824092746
1994-02-01,0.8010212372751403
1994-02-03,0.8140328264906571
1994-02-07,0.8440249590498705
1994-02-08,0.8311301819377932
1994-02-10,0.8186059231306995
1994-02-14,0.7305820272125176
1994-02-15,0.7227053121869698
1994-02-17,0.7159430417253195
1994-02-21,0.7158899308473212
1994-02-22,0.708994632715928
1994-02-24,0.7084361375840651
1994-02-28,0.7084148874278111
1994-03-01,0.7062571048944527
1994-03-03,0.7118746392737557
1994-03-07,0.7097312858319605
1994-03-08,0.7094197024639332
1994-03-10,0.7117748224150703
1994-03-14,0.694220505122017
1994-03-15,0.642235846631771
1994-03-17,0.577561557975704
1994-03-21,0.5498195981043758
1994-03-22,0.6018963033589095
1994-03-24,0.5864255841672544
1994-03-28,0.6027197255456492
1994-03-29,0.6856308597357436
1994-03-31,0.7402153116160698
1994-04-05,0.7288314686514177
1994-04-07,0.7303375427951188
1994-04-08,0.7279812576318593
1994-04-11,0.7903670506352433
1994-04-12,0.836365797130562
1994-04-14,0.824997163085504
1994-04-18,0.8698084087840674
1994-04-19,0.9470759762137068
1994-04-21,1.1268214360308455
1994-04-25,1.1352646817873617
1994-04-26,1.1704238012824106
1994-04-28,1.1994462851620722
1994-05-05,1.211505589561528
1994-05-06,1.21310362079005
1994-05-09,1.1924921203081498
1994-05-10,1.187799198431131
1994-05-12,1.1487432574859868
1994-05-16,1.2118496406864108
1994-05-17,1.1798502194151261
1994-05-19,1.1500049061689919
1994-05-23,1.1492059301182425
1994-05-24,1.1499914701754184
1994-05-26,1.1413222516451988
1994-05-30,1.066214880367688
1994-05-31,0.9835260293511189
1994-06-01,0.9891341201715826
1994-06-06,0.9943929682641065
1994-06-07,0.9632812945149594
1994-06-09,0.7872463490226386
1994-06-13,0.8241142123708489
1994-06-14,0.8176551180870981
1994-06-16,0.8010802555584315
1994-06-20,0.7976629835177271
1994-06-21,0.8066920572670305
1994-06-23,0.8027718728217679
1994-06-27,0.8507051548004446
1994-06-28,0.8542049738092479
1994-06-30,0.7694108096296692
1994-07-04,0.7884735247754353
1994-07-05,0.8121551498453815
1994-07-06,0.8179299823909814
1994-07-07,0.8302607008161506
1994-07-11,0.8598253267775956
1994-07-12,0.9028933442579481
1994-07-13,0.9504234764791005
1994-07-14,0.9377673876590709
1994-07-18,0.9462012752876505
1994-07-19,0.951039145201769
1994-07-20,0.9980599256220979
1994-07-21,0.9181944065285912
1994-07-25,0.8533477981823362
1994-07-26,0.8430368202771367
1994-07-27,0.8015495727298435
1994-07-28,0.7486515302305626
1994-08-01,0.7307538205404631
1994-08-02,0.7138136572724537
1994-08-03,0.7148336120248612
1994-08-04,0.7053349962446875
1994-08-08,0.7051126005144311
1994-08-09,0.7020205149786152
1994-08-10,0.703813358382401
1994-08-11,0.6989588699110221
1994-08-16,0.6877390512102723
1994-08-17,0.6570556676454493
1994-08-18,0.611183740139204
1994-08-22,0.5593975952836843
1994-08-23,0.5234393007195131
1994-08-24,0.5219831847456738
1994-08-25,0.41539300528402273
1994-08-29,0.395055929949672
1994-08-30,0.3482852470833763
1994-08-31,0.37730469273674966
1994-09-01,0.4069189429921311
1994-09-05,0.4138228994543889
1994-09-06,0.5080556946439861
1994-09-07,0.507469966601429
1994-09-08,0.5751547481863952
1994-09-12,0.5895680997758241
1994-09-13,0.6361686304635149
1994-09-14,0.6392496355447127
1994-09-15,0.644828742064286
1994-09-19,0.6432700237236588
1994-09-20,0.636362039892007
1994-09-21,0.6290018829587314
1994-09-22,0.6153828363978259
1994-09-26,0.6141627227371379
1994-09-27,0.6154748668697958
1994-09-28,0.6168333687122309
1994-09-29,0.6378647058417538
1994-10-03,0.6497323252490486
1994-10-04,0.6498939238145727
1994-10-05,0.6590261260696959
1994-10-06,0.6401822592330089
1994-10-07,0.6367872468382602
1994-10-10,0.5685789581696924
1994-10-11,0.5698363959051527
1994-10-12,0.48920709778264
1994-10-13,0.4523545426113132
1994-10-14,0.3743440518773973
1994-10-17,0.3645253771442161
1994-10-18,0.371053754417739
1994-10-19,0.3752306657409636
1994-10-20,0.35714445891479446
1994-10-21,0.360568834576255
1994-10-24,0.3862543427686604
1994-10-25,0.3898303691910425
1994-10-26,0.36858051985696155
1994-10-27,0.37438267732884245
1994-10-28,0.3470403460313372
1994-11-02,0.35842909739022033
1994-11-03,0.3729146695149112
1994-11-04,0.3507928497135654
1994-11-07,0.3503441136995836
1994-11-08,0.3468815084089299
1994-11-09,0.34607406294706683
1994-11-10,0.3448149325226032
1994-11-14,0.3495465281620857
1994-11-15,0.36904476008763304
1994-11-16,0.35972134832920605
1994-11-17,0.4519317256308699
1994-11-18,0.43807429959216443
1994-11-21,0.4540815783792065
1994-11-22,0.45314229672858447
1994-11-23,0.4718227061896976
1994-11-24,0.4636866755539325
1994-11-25,0.4672876794188392
1994-11-28,0.48210488023382786
1994-11-29,0.5248378959169856
1994-11-30,0.5598645319100424
1994-12-01,0.5522036382986052
1994-12-02,0.5451382973333111
1994-12-05,0.5316987049580569
1994-12-06,0.5273067670920422
1994-12-07,0.5530178022182665
1994-12-08,0.5809327474434786
1994-12-09,0.5839111669448559
1994-12-12,0.6086429834162855
1994-12-13,0.5793708212006452
1994-12-14,0.5820727628595709
1994-12-15,0.5381287465963125
1994-12-16,0.5413130693427521
1994-12-19,0.51823873977481
1994-12-20,0.529638089977218
1994-12-21,0.525383244545874
1994-12-22,0.5263575304026855
1994-12-23,0.5262639910184355
1994-12-27,0.5193595995445256
1994-12-28,0.48036753138749616
1994-12-29,0.44707468437955533
1995-01-02,0.4483954005686879
1995-01-03,0.4645240514573828
1995-01-04,0.4677278981672881
1995-01-05,0.4674009843520067
1995-01-06,0.46074568737439414
1995-01-09,0.4082469591026057
1995-01-10,0.4061283051518845
1995-01-11,0.3576428751772506
1995-01-12,0.35914024610391826
1995-01-13,0.35124893901866383
1995-01-16,0.3507527084255459
1995-01-17,0.34661519558836174
1995-01-18,0.32970753810467984
1995-01-19,0.30963957329382924
1995-01-20,0.3143521912896453
1995-01-23,0.33376869199978626
1995-01-24,0.3430536039335651
1995-01-25,0.34316398828213746
1995-01-26,0.35108695590046934
1995-01-27,0.3299291832420914
1995-01-30,0.31028585397110114
1995-01-31,0.29008938442515386
1995-02-01,0.30508935692996547
1995-02-02,0.304268029798562
1995-02-03,0.2858513428117072
1995-02-06,0.36435452348009806
1995-02-07,0.4448874896683625
1995-02-08,0.4407284497485951
1995-02-09,0.4435941655804852
1995-02-10,0.43687928055000846
1995-02-13,0.4410590600029308
1995-02-14,0.45363377927557685
1995-02-15,0.45559818929280205
1995-02-16,0.4601482730893858
1995-02-17,0.4595532931379344
1995-02-20,0.4505694788145803
1995-02-21,0.472825437937916
1995-02-22,0.47249737326626556
1995-02-23,0.4766348104874664
1995-02-24,0.5368737520349943
1995-02-27,0.5661047326054636
1995-02-28,0.5482023606264239
1995-03-01,0.5458568624762997
1995-03-02,0.5346029879671541
1995-03-03,0.5328999347621953
1995-03-06,0.4993661461485053
1995-03-07,0.43959388530026483
1995-03-08,0.43615496384482555
1995-03-09,0.43507229888909527
1995-03-10,0.4364909760898574
1995-03-13,0.42677697707443074
1995-03-14,0.4281565191808547
1995-03-15,0.42742710796417704
1995-03-16,0.42512065610950767
1995-03-17,0.424852133335785
1995-03-20,0.422880766379609
1995-03-21,0.3902486607862447
1995-03-22,0.3928475222885734
1995-03-23,0.38116534284441844
1995-03-24,0.24461008646428267
1995-03-27,0.20809121746320353
1995-03-28,0.21375857125499706
1995-03-29,0.2185175393717326
1995-03-30,0.2264223034546485
1995-03-31,0.21912558912252406
1995-04-03,0.2164971859966958
1995-04-04,0.25155978671332263
1995-04-05,0.27480773718146856
1995-04-06,0.30919398595489306
1995-04-07,0.31586011686487425
1995-04-10,0.36393372442327565
1995-04-11,0.3435187518158317
1995-04-12,0.3434758599555558
1995-04-13,0.38615662197263484
1995-04-14,0.387927670346032
1995-04-18,0.4006505852870618
1995-04-19,0.4331286095861699
1995-04-20,0.4243617453881379
1995-04-21,0.43636358727470786
1995-04-24,0.45796643745707777
1995-04-25,0.45795344632519336
1995-04-26,0.5364540484010712
1995-04-27,0.5380081498586778
1995-04-28,0.5552458979425168
1995-05-04,0.561476663170942
1995-05-05,0.570518160040441
1995-05-09,0.5682431485431604
1995-05-10,0.5684149241486435
1995-05-11,0.5660705011090014
1995-05-12,0.5639173071645809
1995-05-15,0.549664921770504
1995-05-16,0.5796417446011831
1995-05-17,0.6066666173131849
1995-05-18,0.5822939698568866
1995-05-19,0.5831668304155385
1995-05-22,0.5955246175874984
1995-05-23,0.5666519347590911
1995-05-24,0.6080584274425053
1995-05-25,0.6470888309473403
1995-05-26,0.6330092142326016
1995-05-29,0.6530425201262796
1995-05-30,0.6451357006618412
1995-05-31,0.6322688283637177
1995-06-01,0.6479526462353503
1995-06-02,0.6495991079573157
1995-06-05,0.6785686913174562
1995-06-06,0.6812680613444352
1995-06-07,0.6711982377206968
1995-06-08,0.6563489234961251
1995-06-09,0.6480334214341921
1995-06-12,0.6473558436981298
1995-06-13,0.633826688567474
1995-06-14,0.617478455998661
1995-06-16,0.6250124838351626
1995-06-19,0.6223386652574759
1995-06-20,0.6034282694334425
1995-06-21,0.5730378690906328
1995-06-22,0.518594867522713
1995-06-23,0.46732285515938077
1995-06-26,0.43979445576488946
1995-06-27,0.4114476807834504
1995-06-28,0.3419191967095856
1995-06-29,0.3486912774230398
1995-06-30,0.29266543763706143
1995-07-03,0.2930173291512482
1995-07-04,0.24621790398593663
1995-07-05,0.26321233665381477
1995-07-06,0.26334629369544904
1995-07-07,0.2631647387869694
1995-07-10,0.2606714402003349
1995-07-11,0.26267961131042317
1995-07-12,0.27416402743831336
1995-07-13,0.27962979654463865
1995-07-14,0.2505525439822564
1995-07-17,0.26459613593511333
1995-07-18,0.2663370639909436
1995-07-19,0.2723800193993733
1995-07-20,0.27226502867018076
1995-07-21,0.28248638620831196
1995-07-24,0.2710462471736088
1995-07-25,0.27138522814094124
1995-07-26,0.26670141917205525
1995-07-27,0.2693727297450943
1995-07-28,0.267059076692164
1995-07-31,0.27529250124209487
1995-08-01,0.27470199110696514
1995-08-02,0.2626973380767515
1995-08-03,0.262691556049318
1995-08-04,0.2627901879555803
1995-08-07,0.26508288613722963
1995-08-08,0.26377553709448365
1995-08-09,0.25270794191471646
1995-08-10,0.2515476339002701
1995-08-11,0.25873791845232796
1995-08-16,0.23565158984614165
1995-08-17,0.2070158671166849
1995-08-18,0.20239578425423613
1995-08-21,0.20290687774899352
1995-08-22,0.19458700158700545
1995-08-23,0.17667920058898556
1995-08-24,0.1674339745853865
1995-08-25,0.16695391070097007
1995-08-28,0.1396573595614375
1995-08-29,0.13705786170241538
1995-08-30,0.11854440363158644
1995-08-31,0.11882883063074567
1995-09-01,0.11677177238369149
1995-09-04,0.1260364178882622
1995-09-05,0.13686833587895803
1995-09-06,0.13514619193642569
1995-09-07,0.13005059316295645
1995-09-08,0.14702889776378256
1995-09-11,0.16604025904866976
1995-09-12,0.166047896942455
1995-09-13,0.17989599990178434
1995-09-14,0.18354719221339444
1995-09-15,0.21199361437726666
1995-09-18,0.23710894347701167
1995-09-19,0.23915549232986844
1995-09-20,0.24165124968289645
1995-09-21,0.24179950644541925
1995-09-22,0.24200469778721412
1995-09-25,0.2428704665094841
1995-09-26,0.2425314536096247
1995-09-27,0.24146863793713702
1995-09-28,0.2441677059070143
1995-09-29,0.24342502245905098
1995-10-02,0.24070039912551952
1995-10-03,0.23659556998632
1995-10-04,0.25769268751234287
1995-10-05,0.2586949127929512
1995-10-06,0.24617857916204278
1995-10-09,0.2287561577402191
1995-10-10,0.2246344030067092
1995-10-11,0.22389266939471353
1995-10-12,0.20863176394615704
1995-10-13,0.19946285634013325
1995-10-16,0.20236073914201036
1995-10-17,0.21284781661500368
1995-10-18,0.2053754285756344
1995-10-19,0.20803718159649232
1995-10-20,0.22747004066415907
1995-10-23,0.23821083276575733
1995-10-24,0.23804688312121286
1995-10-25,0.2352568014090421
1995-10-26,0.23904223118920806
1995-10-27,0.23778267698065328
1995-10-30,0.23782602088269006
1995-10-31,0.2365366867316035
1995-11-02,0.2543715567866913
1995-11-03,0.26385084925607355
1995-11-06,0.264171027938334
1995-11-07,0.2498440950165998
1995-11-08,0.22839644138463205
1995-11-09,0.23244782548552348
1995-11-10,0.23865025971379716
1995-11-13,0.23281220558832927
1995-11-14,0.22603922303551602
1995-11-15,0.220204936536372
1995-11-16,0.22027567764835612
1995-11-17,0.214555264396949
1995-11-20,0.23488222914333684
1995-11-21,0.2303083050510399
1995-11-22,0.23895820512163474
1995-11-23,0.23891455773293258
1995-11-24,0.23961701606104752
1995-11-27,0.23688685618974126
1995-11-28,0.23660472818081912
1995-11-29,0.24052257800059912
1995-11-30,0.21125616674123546
1995-12-01,0.1983196482038375
1995-12-04,0.19737423760346257
1995-12-05,0.19785548940945438
1995-12-06,0.20323813552898382
1995-12-07,0.20271545358865278
1995-12-08,0.19933949137378407
1995-12-11,0.20779542082084196
1995-12-12,0.20733100991231249
1995-12-13,0.21084786168963782
1995-12-14,0.21088372617241477
1995-12-15,0.20946503415504997
1995-12-18,0.15560446895192173
1995-12-19,0.1617868130041123
1995-12-20,0.1842940134529129
1995-12-21,0.17805484819200224
1995-12-22,0.19185071011975685
1995-12-27,0.1931792570796145
1995-12-28,0.1945564901368163
1995-12-29,0.19240097294110334
1996-01-02,0.21363823025017026
1996-01-03,0.22139998767105562
1996-01-04,0.22534072007875322
1996-01-05,0.2706208790167176
1996-01-08,0.2680923056005468
1996-01-09,0.28711970737873344
1996-01-10,0.2846823648409255
1996-01-11,0.28461743080714813
1996-01-12,0.2905140511351365
1996-01-15,0.28596247173477846
1996-01-16,0.28754437388030135
1996-01-17,0.28233308223554476
1996-01-18,0.28923321788978423
1996-01-19,0.28765777364179496
1996-01-22,0.2431724865414418
1996-01-23,0.24180014273398182
1996-01-24,0.2576581327339852
1996-01-25,0.2843506398685196
1996-01-26,0.28940809657546773
1996-01-29,0.28851930973863543
1996-01-30,0.2901906242423059
1996-01-31,0.29585585377524226
1996-02-01,0.30754143104867593
1996-02-02,0.290213120795156
1996-02-05,0.29031997260570597
1996-02-06,0.27649926793682505
1996-02-07,0.2802855202612032
1996-02-08,0.27970212777035014
1996-02-09,0.26914331257358026
1996-02-12,0.28110431268871416
1996-02-13,0.3312297813576626
1996-02-14,0.3384548897541791
1996-02-15,0.33136784127089824
1996-02-16,0.3261172911407121
1996-02-19,0.3289661239554679
1996-02-20,0.3780672168305205
1996-02-21,0.36516315106868125
1996-02-22,0.3422285135092179
1996-02-23,0.33216890533211335
1996-02-26,0.3132962093105909
1996-02-27,0.313888532256924
1996-02-28,0.3063746339319519
1996-02-29,0.32174908887999154
1996-03-01,0.31609527003939547
1996-03-04,0.32627597630512434
1996-03-05,0.3269498481332974
1996-03-06,0.33689361835145315
1996-03-07,0.33695105337348435
1996-03-08,0.3360227216772018
1996-03-11,0.3607967425942112
1996-03-12,0.3282653549678212
1996-03-13,0.3282722138284611
1996-03-14,0.33507974150440123
1996-03-15,0.3342786822134423
1996-03-18,0.340306872590552
1996-03-19,0.2880257679462696
1996-03-20,0.2910868054026393
1996-03-21,0.292930478384079
1996-03-22,0.3129101259040962
1996-03-25,0.3198816091612985
1996-03-26,0.3201345116207755
1996-03-27,0.315403574675905
1996-03-28,0.3002015901794804
1996-03-29,0.29929122596931645
1996-04-01,0.2891709341249345
1996-04-02,0.2869506044461782
1996-04-03,0.26511730822255886
1996-04-04,0.26726819602871066
1996-04-05,0.2647272715013413
1996-04-09,0.2054787740544063
1996-04-10,0.2049080194658256
1996-04-11,0.19567636450523923
1996-04-12,0.18681349338582062
1996-04-15,0.18698518045533694
1996-04-16,0.16794685920873986
1996-04-17,0.16939842888262635
1996-04-18,0.16689437258557094
1996-04-19,0.16155887945493477
1996-04-22,0.1314553167674881
1996-04-23,0.12410085525669644
1996-04-24,0.12327673106633084
1996-04-25,0.116321760120805
1996-04-26,0.11166984341642776
1996-04-29,0.11077654809276878
1996-04-30,0.10599631932170733
1996-05-06,0.10934345963897821
1996-05-07,0.17968248112737506
1996-05-08,0.17879585236104947
1996-05-09,0.17888468067694235
1996-05-10,0.1951420074537758
1996-05-13,0.1962858456898649
1996-05-14,0.20873061830367998
1996-05-15,0.21348691890592575
1996-05-16,0.21230905435251302
1996-05-17,0.21149635339376852
1996-05-20,0.21072103797397765
1996-05-21,0.2231085042544761
1996-05-22,0.2441031965701003
1996-05-23,0.27183509040752984
1996-05-24,0.2650988779993369
1996-05-27,0.2649720814116431
1996-05-28,0.26437344237383503
1996-05-29,0.26534706860390156
1996-05-30,0.2659141588870977
1996-05-31,0.2710651311953203
1996-06-03,0.27242923046143314
1996-06-04,0.22427380194999352
1996-06-05,0.2214026884324753
1996-06-07,0.23739592396505682
1996-06-10,0.24729629634447312
1996-06-11,0.24890213270362418
1996-06-12,0.2431795843071
1996-06-13,0.24068978118192433
1996-06-14,0.24902713581714958
1996-06-17,0.24968170591464814
1996-06-18,0.24968242173691776
1996-06-19,0.2431863906039541
1996-06-20,0.22417782844971437
1996-06-21,0.17939492520944933
1996-06-24,0.1998867451662225
1996-06-25,0.20289791550642972
1996-06-26,0.19601281783792052
1996-06-27,0.20126808550725406
1996-06-28,0.19389970018699676
1996-07-01,0.1935392918401446
1996-07-02,0.20245834302849441
1996-07-03,0.19438806512319728
1996-07-04,0.24383318235701454
1996-07-05,0.23681070833766235
1996-07-08,0.2495138924174403
1996-07-09,0.2542483265499954
1996-07-10,0.26803121025203336
1996-07-11,0.2736381279177668
1996-07-12,0.2696617752485565
1996-07-15,0.26992157710492404
1996-07-16,0.2875636605224542
1996-07-17,0.2930039841891566
1996-07-18,0.2946713791719095
1996-07-19,0.2939196150914546
1996-07-22,0.2739014690893715
1996-07-23,0.26147447826178905
1996-07-24,0.26403619837658676
1996-07-25,0.2738377557763073
1996-07-26,0.2745658014273176
1996-07-29,0.2843018774695241
1996-07-30,0.2826637885015477
1996-07-31,0.2825367765200279
1996-08-01,0.22536653792251846
1996-08-02,0.22378836439254282
1996-08-05,0.27699644336909757
1996-08-06,0.27672221024531785
1996-08-07,0.2810472599751395
1996-08-08,0.28543188737826186
1996-08-09,0.2873041846544591
1996-08-12,0.28453672550243647
1996-08-13,0.2741129632704863
1996-08-14,0.2688684865915922
1996-08-16,0.27625846414981814
1996-08-19,0.28602713994365897
1996-08-20,0.2774023952576647
1996-08-21,0.2754041438705755
1996-08-22,0.2868397591518471
1996-08-23,0.29036226115116975
1996-08-26,0.29397393814162187
1996-08-27,0.2963150884435004
1996-08-28,0.29575702922805164
1996-08-29,0.29648488875476053
1996-08-30,0.2829939150348604
1996-09-02,0.2641186240661272
1996-09-03,0.2320591091155156
1996-09-04,0.23115287743366136
1996-09-05,0.22100014947543833
1996-09-06,0.22146146875557893
1996-09-09,0.2211818242671459
1996-09-10,0.22265511001116794
1996-09-11,0.21703742785431207
1996-09-12,0.21913459979441607
1996-09-13,0.21684522577209456
1996-09-16,0.21977417336082844
1996-09-17,0.22176556288762175
1996-09-18,0.22143560893727904
1996-09-19,0.22237554055985292
1996-09-20,0.21289457263966627
1996-09-23,0.21444908098152596
1996-09-24,0.20544961434136721
1996-09-25,0.21350962717452399
1996-09-26,0.21133988237865997
1996-09-27,0.2115996144706197
1996-09-30,0.21165908002510445
1996-10-01,0.21064637062190802
1996-10-02,0.20753322779564684
1996-10-03,0.19307039744363796
1996-10-04,0.19051851151385135
1996-10-07,0.19102141764097677
1996-10-08,0.19026148530822604
1996-10-09,0.1872915995754285
1996-10-10,0.18542840518454268
1996-10-11,0.18584641924975648
1996-10-14,0.16672460062829453
1996-10-15,0.15729586228303763
1996-10-16,0.15725774165377093
1996-10-17,0.13845298423328353
1996-10-18,0.14068231457098718
1996-10-21,0.1565828393150114
1996-10-22,0.1693734596719839
1996-10-23,0.16354882194603831
1996-10-24,0.19080376793907755
1996-10-25,0.1862370240070004
1996-10-28,0.19790490639568636
1996-10-29,0.20446550767833097
1996-10-30,0.2434279574527569
1996-10-31,0.25343262463397703
1996-11-04,0.25296964096999
1996-11-05,0.2464206158194199
1996-11-06,0.2693648268030455
1996-11-07,0.26697786010680985
1996-11-08,0.26679375734744
1996-11-12,0.2672613452128975
1996-11-13,0.2684543749743386
1996-11-14,0.26718966313475745
1996-11-15,0.2726290623375336
1996-11-18,0.2750093192754771
1996-11-19,0.2753124966596996
1996-11-20,0.2650297973959059
1996-11-21,0.25948594180277684
1996-11-22,0.2610867656661743
1996-11-25,0.24064704493789169
1996-11-26,0.22747576105088993
1996-11-27,0.20933591741348995
1996-11-28,0.19137918573762408
1996-11-29,0.16171460208847496
1996-12-02,0.1599584479135116
1996-12-03,0.159728573268828
1996-12-04,0.1588183247362284
1996-12-05,0.11747962614807174
1996-12-06,0.12030379591565221
1996-12-09,0.12696767505010836
1996-12-10,0.12165214863180486
1996-12-11,0.12637322822894345
1996-12-12,0.1273264766241443
1996-12-13,0.1233698909001282
1996-12-16,0.12537682346151746
1996-12-17,0.125420257279868
1996-12-18,0.1263146278031036
1996-12-19,0.12578901781107682
1996-12-20,0.13138165057517356
1996-12-23,0.13994788753310233
1996-12-24,0.14514470394019424
1996-12-30,0.14533580421377013
1996-12-31,0.14827474806384752
1997-01-02,0.15392370805589567
1997-01-03,0.15191279633392576
1997-01-06,0.1507992788682981
1997-01-07,0.199829834224814
1997-01-08,0.20976017927613913
1997-01-09,0.20347628564022543
1997-01-10,0.1945487608593512
1997-01-13,0.19342392902732247
1997-01-14,0.19288411887343107
1997-01-15,0.19069687314230002
1997-01-16,0.2027728230587088
1997-01-17,0.19702672914952396
1997-01-20,0.20467056735613015
1997-01-21,0.2053231873219764
1997-01-22,0.22447740801074162
1997-01-23,0.22793402252475028
1997-01-24,0.23703349920452116
1997-01-27,0.22341971187523219
1997-01-28,0.26228084435717064
1997-01-29,0.2721599935131725
1997-01-30,0.2858620469848454
1997-01-31,0.2818675384600393
1997-02-03,0.28667845416473847
1997-02-04,0.2669314527940027
1997-02-05,0.2617205761946317
1997-02-06,0.30010824725436724
1997-02-07,0.2975272529245009
1997-02-10,0.3027829810249606
1997-02-11,0.30897690847281506
1997-02-12,0.31655130283357463
1997-02-13,0.33406447427231006
1997-02-14,0.33986020905134956
1997-02-17,0.3336074925935048
1997-02-18,0.3353662510949842
1997-02-19,0.3248574047550754
1997-02-20,0.3247797438638359
1997-02-21,0.31890993229096287
1997-02-24,0.319792537898986
1997-02-25,0.2977643197641762
1997-02-26,0.3063135524564892
1997-02-27,0.3100496039256169
1997-02-28,0.30927991654519305
1997-03-03,0.30984005739674914
1997-03-04,0.3101826324209049
1997-03-05,0.31008145556772027
1997-03-06,0.26786132138565366
1997-03-07,0.2694048747622598
1997-03-10,0.270032169503861
1997-03-11,0.25636618089315694
1997-03-12,0.2626776410627046
1997-03-13,0.23277677500416905
1997-03-14,0.2429239277259069
1997-03-17,0.25059300644050714
1997-03-18,0.259870883659355
1997-03-19,0.26251429073965943
1997-03-20,0.2636679349226424
1997-03-21,0.26319804610837544
1997-03-24,0.26863504455582576
1997-03-25,0.256668018343393
1997-03-26,0.2792956397913223
1997-03-27,0.27342155000591234
1997-04-01,0.3379512275173013
1997-04-02,0.33939130315802285
1997-04-03,0.3299785127337315
1997-04-04,0.3457884940058419
1997-04-07,0.3434252177188419
1997-04-08,0.3419306632412179
1997-04-09,0.36030418092610594
1997-04-10,0.35441712447763546
1997-04-11,0.35007321422727267
1997-04-14,0.34627820843301726
1997-04-15,0.34200896369105777
1997-04-16,0.3385994281425422
1997-04-17,0.32812074497793264
1997-04-18,0.32826645087281525
1997-04-21,0.3300472450624528
1997-04-22,0.3283854064832576
1997-04-23,0.3297514082882916
1997-04-24,0.33509928945874534
1997-04-25,0.3247911916263533
1997-04-28,0.324942232222397
1997-04-29,0.24080337727172943
1997-04-30,0.24558682619213507
1997-05-05,0.25192947549923567
1997-05-06,0.24821041323329954
1997-05-07,0.24693557671961872
1997-05-08,0.24955237071692457
1997-05-09,0.2358671678429955
1997-05-12,0.23514798526277356
1997-05-13,0.2355483317141544
1997-05-14,0.22281924314972557
1997-05-15,0.22375574314310465
1997-05-16,0.22317387581881268
1997-05-19,0.22536807878758536
1997-05-20,0.21713134037632884
1997-05-21,0.22313136887108118
1997-05-22,0.23223000717851433
1997-05-23,0.2289090148284932
1997-05-26,0.2245832053934221
1997-05-27,0.21888113476940146
1997-05-28,0.21442423117891998
1997-05-30,0.22648911130518107
1997-06-02,0.2204722550378651
1997-06-03,0.20325863693844629
1997-06-04,0.20443179635369055
1997-06-05,0.21136549217343106
1997-06-06,0.2121568785633635
1997-06-09,0.20408707134414608
1997-06-10,0.2034461919456662
1997-06-11,0.22545078738436078
1997-06-12,0.2107353993299179
1997-06-13,0.20668282162890195
1997-06-16,0.2152751754899005
1997-06-17,0.22072075662139834
1997-06-18,0.22365392605278817
1997-06-19,0.24627244246118274
1997-06-20,0.24992905603914906
1997-06-23,0.24723915237480018
1997-06-24,0.24819811849355983
1997-06-25,0.25273977956185495
1997-06-26,0.2661016686266709
1997-06-27,0.2592822780328902
1997-06-30,0.2654198696324151
1997-07-01,0.26404575666113894
1997-07-02,0.2613092482262356
1997-07-03,0.2915461855274245
1997-07-04,0.2940473634975178
1997-07-07,0.2920332437043722
1997-07-08,0.2944149658163148
1997-07-09,0.2750125967675709
1997-07-10,0.27542510603246234
1997-07-11,0.27854045953917556
1997-07-14,0.2917680276447952
1997-07-15,0.288287754120651
1997-07-16,0.2865124084716781
1997-07-17,0.25696864651279333
1997-07-18,0.24978197745835856
1997-07-21,0.2496763864014743
1997-07-22,0.2497481177112249
1997-07-23,0.2455990262702986
1997-07-24,0.23136353681641228
1997-07-25,0.2261193960247946
1997-07-28,0.21339795513333643
1997-07-29,0.22107842555929993
1997-07-30,0.22489008395439944
1997-07-31,0.18265419316994974
1997-08-01,0.1762545890407699
1997-08-04,0.17603706704400177
1997-08-05,0.19902490262867023
1997-08-06,0.1984715983249831
1997-08-07,0.29967989261472766
1997-08-08,0.3239787399736378
1997-08-11,0.29633302208355744
1997-08-12,0.3044172701832567
1997-08-13,0.3115180591602824
1997-08-14,0.3335675268161391
1997-08-18,0.34033650718178343
1997-08-19,0.34217749343451936
1997-08-20,0.3417356159189582
1997-08-21,0.33986698158629547
1997-08-22,0.3388078075881805
1997-08-25,0.34281914930573093
1997-08-26,0.34211350122250767
1997-08-27,0.34088386607421206
1997-08-28,0.3401940880179479
1997-08-29,0.34813265195548254
1997-09-01,0.3515702509741484
1997-09-02,0.35167806303166804
1997-09-03,0.3548478530560946
1997-09-04,0.35824511756975547
1997-09-05,0.2897775567664416
1997-09-08,0.25054909969734623
1997-09-09,0.25440184197795085
1997-09-10,0.23606877088597455
1997-09-11,0.23200820637099864
1997-09-12,0.20731114521978175
1997-09-15,0.19187431675978536
1997-09-16,0.18576724351168702
1997-09-17,0.18878831617136418
1997-09-18,0.18847834886276896
1997-09-19,0.19109598445730958
1997-09-22,0.18231377342067048
1997-09-23,0.18937101707792417
1997-09-24,0.19023125130157614
1997-09-25,0.19333878036715013
1997-09-26,0.17621319616936673
1997-09-29,0.18013484236987767
1997-09-30,0.1801323395720997
1997-10-01,0.15067881203204386
1997-10-02,0.1512323346886381
1997-10-03,0.14572241014268347
1997-10-06,0.16281422178678986
1997-10-07,0.15368087628826566
1997-10-08,0.15958771230920157
1997-10-09,0.1588474790471229
1997-10-10,0.16258295848257984
1997-10-13,0.15639882430481436
1997-10-14,0.16252468518633217
1997-10-15,0.16182372412417964
1997-10-16,0.16566599370020707
1997-10-17,0.16035894121153527
1997-10-20,0.16196086222804065
1997-10-21,0.15832415905711048
1997-10-22,0.15785622778889427
1997-10-23,0.2186688300643701
1997-10-24,0.2282764821862465
1997-10-27,0.32271398734076334
1997-10-28,0.5846033266641231
1997-10-29,0.7850943692226593
1997-10-30,0.8034733461918249
1997-10-31,0.8101003324410346
1997-11-03,0.8161949150514053
1997-11-04,0.8156488622985766
1997-11-05,0.8138435644954989
1997-11-06,0.8152526781104604
1997-11-07,0.815345939989847
1997-11-12,0.8358766654311269
1997-11-13,0.8333026846065837
1997-11-14,0.8328778910159352
1997-11-17,0.8464699605896878
1997-11-18,0.845742341374305
1997-11-19,0.8456403125161851
1997-11-20,0.8454075486473144
1997-11-21,0.8584831182305988
1997-11-24,0.8549745236788345
1997-11-25,0.8517232353473982
1997-11-26,0.825221266836791
1997-11-27,0.6535984564461084
1997-11-28,0.41117338743779114
1997-12-01,0.4061712005116
1997-12-02,0.399980818610854
1997-12-03,0.38707718205416514
1997-12-04,0.3951274013092097
1997-12-05,0.3959420565650982
1997-12-08,0.3944836618041675
1997-12-09,0.3899894320441013
1997-12-10,0.323137876240817
1997-12-11,0.3393706747128256
1997-12-12,0.33945984299255083
1997-12-15,0.32138034478934924
1997-12-16,0.314840905533592
1997-12-17,0.326140493347704
1997-12-18,0.32735001742285863
1997-12-19,0.3289280565219023
1997-12-22,0.3061615876717643
1997-12-23,0.3242603235976354
1997-12-29,0.37618197154538907
1997-12-30,0.37630692505215246
1997-12-31,0.38598028837319526
1998-01-05,0.35664675912545124
1998-01-06,0.36954680676721247
1998-01-07,0.3750965497136435
1998-01-08,0.36714983163146037
1998-01-09,0.3659652973306359
1998-01-12,0.4565609923409633
1998-01-13,0.5060344291906635
1998-01-14,0.5050813206306065
1998-01-15,0.48703776651333025
1998-01-16,0.519596302013324
1998-01-19,0.5184064927373709
1998-01-20,0.5184649904123427
1998-01-21,0.5150628010862809
1998-01-22,0.5150708087228394
1998-01-23,0.4957524121030573
1998-01-26,0.49996039728783803
1998-01-27,0.4955436314351521
1998-01-28,0.470550114219601
1998-01-29,0.473112804305664
1998-01-30,0.4645222402534676
1998-02-02,0.5011644437658923
1998-02-03,0.4838679173681627
1998-02-04,0.48316128672434316
1998-02-05,0.5098723110952433
1998-02-06,0.5063445262694601
1998-02-09,0.40458384852684454
1998-02-10,0.3866293499114254
1998-02-11,0.38667037601020693
1998-02-12,0.425183448041105
1998-02-13,0.40096452179445535
1998-02-16,0.40563481514199834
1998-02-17,0.4042048113590699
1998-02-18,0.3892554883195373
1998-02-19,0.3934705186956654
1998-02-20,0.39612523868091565
1998-02-23,0.3854982910196723
1998-02-24,0.4188676616277898
1998-02-25,0.4111365679971714
1998-02-26,0.4108346413296367
1998-02-27,0.4108920199988369
1998-03-02,0.3835328453066517
1998-03-03,0.4152840307458486
1998-03-04,0.41267256425888327
1998-03-05,0.39247246916444317
1998-03-06,0.4090069002254063
1998-03-09,0.4112046737117911
1998-03-10,0.416352625944981
1998-03-11,0.42530328153387575
1998-03-12,0.3961537436006293
1998-03-13,0.3998385804039859
1998-03-16,0.4003039976382976
1998-03-17,0.4022590205190356
1998-03-18,0.3999640800483373
1998-03-19,0.3977150399164322
1998-03-20,0.39751483121317643
1998-03-23,0.39557024227683046
1998-03-24,0.38201751264036576
1998-03-25,0.3820845379880608
1998-03-26,0.3878265435818726
1998-03-27,0.3873547109411258
1998-03-30,0.38083675652919874
1998-03-31,0.3603620172335264
1998-04-01,0.3562670712478223
1998-04-02,0.3414663718605556
1998-04-06,0.3381318088235575
1998-04-07,0.28748946208925147
1998-04-08,0.2681448911165064
1998-04-09,0.2617720309696008
1998-04-14,0.27183871443569496
1998-04-15,0.26885647249553285
1998-04-16,0.2779773858443828
1998-04-17,0.2770149932905533
1998-04-20,0.2697154917685769
1998-04-21,0.2648384279652227
1998-04-22,0.2654653134342139
1998-04-23,0.2722539393879157
1998-04-24,0.2732429321119583
1998-04-27,0.2850647074670533
1998-04-28,0.2770181735693804
1998-04-29,0.2861240972195052
1998-04-30,0.2730739301580883
1998-05-04,0.2730795969256014
1998-05-05,0.27022835275393037
1998-05-06,0.2703139881915645
1998-05-07,0.25254566350243046
1998-05-08,0.2484089304823283
1998-05-11,0.24051804932423185
1998-05-12,0.25241181256929257
1998-05-13,0.22579956551368804
1998-05-14,0.22565677346658447
1998-05-15,0.20999285911605287
1998-05-18,0.2457375149471198
1998-05-19,0.24915289988295472
1998-05-20,0.2518826054385703
1998-05-21,0.3209388910960258
1998-05-22,0.33949457631715835
1998-05-25,0.3320724162681349
1998-05-26,0.3248591783320775
1998-05-27,0.39889563432007114
1998-05-28,0.4048759090471098
1998-05-29,0.40014962025053485
1998-06-01,0.4472463581864661
1998-06-02,0.44649070857125117
1998-06-03,0.49859991991401065
1998-06-04,0.5048630011571041
1998-06-05,0.5297404804408344
1998-06-08,0.5298759150089636
1998-06-09,0.532571895096025
1998-06-10,0.5338920557589317
1998-06-15,0.5793298479857547
1998-06-16,0.603821217916978
1998-06-17,0.5971052714761153
1998-06-18,0.595356414616212
1998-06-19,0.5951961121579744
1998-06-22,0.5546474898711974
1998-06-23,0.5428935534676772
1998-06-24,0.5422159410632591
1998-06-25,0.5446812111596587
1998-06-26,0.4926510560983578
1998-06-29,0.48375141647459163
1998-06-30,0.47594141856468186
1998-07-01,0.4096828822753021
1998-07-02,0.41475243691346947
1998-07-03,0.3852056910320944
1998-07-06,0.38733614647764214
1998-07-07,0.3671953898570008
1998-07-08,0.37845921660301235
1998-07-09,0.36518030229206794
1998-07-10,0.3649351927633982
1998-07-13,0.2826123778126124
1998-07-14,0.2562428572173249
1998-07-15,0.25710355156753945
1998-07-16,0.2564640825924384
1998-07-17,0.25620389671064503
1998-07-20,0.2630938420089199
1998-07-21,0.2659928721721923
1998-07-22,0.29703783410204476
1998-07-23,0.3099240680882007
1998-07-24,0.3054419769274295
1998-07-27,0.3404944769039699
1998-07-28,0.340782295589479
1998-07-29,0.34204704139782993
1998-07-30,0.3323644977906896
1998-07-31,0.3178104882953725
1998-08-03,0.33195038794211873
1998-08-04,0.3402988195406812
1998-08-05,0.3506523782777482
1998-08-06,0.3518865688485902
1998-08-07,0.3631053471690639
1998-08-10,0.3261637611208225
1998-08-11,0.41549014136784757
1998-08-12,0.4353917566134888
1998-08-13,0.48180754759269107
1998-08-14,0.5151314704605159
1998-08-17,0.5108578562651844
1998-08-18,0.5533501633719591
1998-08-19,0.5619295569730391
1998-08-20,0.5468731176276103
1998-08-21,0.5640607346101363
1998-08-24,0.5554062475946003
1998-08-25,0.5561146738471837
1998-08-26,0.5746578777258853
1998-08-27,0.6624540415996581
1998-08-28,0.6601923584094969
1998-08-31,0.6619602013029234
1998-09-01,0.6707770510598372
1998-09-02,0.7754491177318131
1998-09-03,0.7799465957820292
1998-09-04,0.7928708274642311
1998-09-07,0.8341979009554253
1998-09-08,0.8057555365129226
1998-09-09,0.8047625831957161
1998-09-10,0.7766420789231521
1998-09-11,0.7586018039689514
1998-09-14,0.7656081855215411
1998-09-15,0.7405487584591948
1998-09-16,0.738797661597982
1998-09-17,0.7528495860630345
1998-09-18,0.7477268195720386
1998-09-21,0.7540433602306693
1998-09-22,0.7888210481630235
1998-09-23,0.7795420316991967
1998-09-24,0.7049728153679022
1998-09-25,0.7146180776404535
1998-09-28,0.7000155658544822
1998-09-29,0.6505765026882478
1998-09-30,0.5970240217911311
1998-10-01,0.6755429996836787
1998-10-02,0.6567765523725579
1998-10-05,0.6266646112004857
1998-10-06,0.6111765066834879
1998-10-07,0.6011250925166073
1998-10-08,0.6084265093379488
1998-10-09,0.6230780197849011
1998-10-12,0.6417701932613807
1998-10-13,0.6420609053696481
1998-10-14,0.6309983226492629
1998-10-15,0.6084772581791651
1998-10-16,0.6328940463320433
1998-10-19,0.6217456421729679
1998-10-20,0.6047167144383341
1998-10-21,0.5997342121815475
1998-10-22,0.6035317133056431
1998-10-23,0.6126145189395467
1998-10-26,0.6222114196562715
1998-10-27,0.6239475979367768
1998-10-28,0.6084447987374783
1998-10-29,0.49517950373086284
1998-10-30,0.5121657912947135
1998-11-02,0.5309113278919418
1998-11-03,0.5674397922869819
1998-11-04,0.5680675422727929
1998-11-05,0.5505396841038999
1998-11-06,0.5480646914484131
1998-11-09,0.5327671904751261
1998-11-10,0.538947270920057
1998-11-12,0.5492666646009804
1998-11-13,0.5496330223019247
1998-11-16,0.5529636167569848
1998-11-17,0.5814774695920845
1998-11-18,0.5776945111808416
1998-11-19,0.5801666569139529
1998-11-20,0.5610716725718552
1998-11-23,0.5476715122956313
1998-11-24,0.547061293967035
1998-11-25,0.5444167647882852
1998-11-26,0.5323446371430519
1998-11-27,0.5600945028878993
1998-11-30,0.5360840794062668
1998-12-01,0.46813992255615655
1998-12-02,0.4766613096573432
1998-12-03,0.45358289419143705
1998-12-04,0.45816805506756436
1998-12-07,0.4646258223749236
1998-12-08,0.4649896684792399
1998-12-09,0.4491380689411049
1998-12-10,0.4422110430290916
1998-12-11,0.423615801547809
1998-12-14,0.3758339839930213
1998-12-15,0.34801159318800085
1998-12-16,0.3460039106458913
1998-12-17,0.34619732020495325
1998-12-18,0.34676730478488993
1998-12-21,0.3446711149897191
1998-12-22,0.35131528785506433
1998-12-23,0.3738044613367675
1998-12-28,0.40255246586121435
1998-12-29,0.3693855326100636
1998-12-30,0.36834471913601624
1998-12-31,0.3056150943016236
1999-01-04,0.30974389529129254
1999-01-05,0.32174269460316873
1999-01-06,0.3940809707937198
1999-01-07,0.39444865344450936
1999-01-08,0.4333680229579465
1999-01-11,0.46431191921595744
1999-01-12,0.48075063216934094
1999-01-13,0.6006976626039502
1999-01-14,0.592782175381826
1999-01-15,0.5946456970570346
1999-01-18,0.6297408615687857
1999-01-19,0.6309793822181223
1999-01-20,0.6315477334057669
1999-01-21,0.6328081512852486
1999-01-22,0.6434482204844127
1999-01-25,0.634037001048309
1999-01-26,0.6198087590658266
1999-01-27,0.6099912116032896
1999-01-28,0.6112353850119465
1999-01-29,0.6138033907564503
1999-02-01,0.6008183158364265
1999-02-02,0.5987831547809663
1999-02-03,0.542928315110773
1999-02-04,0.5431329853456218
1999-02-05,0.49870888546438025
1999-02-08,0.4863889893740311
1999-02-09,0.48141722733025816
1999-02-10,0.3248704138453025
1999-02-11,0.325293845575652
1999-02-12,0.3219084979748984
1999-02-15,0.2362685595960836
1999-02-16,0.23169116242098958
1999-02-17,0.23615085854316614
1999-02-18,0.22474980881699755
1999-02-19,0.18950033031870342
1999-02-22,0.1930206415107359
1999-02-23,0.19700271615707893
1999-02-24,0.19538625595519699
1999-02-25,0.20546382106402727
1999-02-26,0.1835046613139081
1999-03-01,0.18613717640250668
1999-03-02,0.1987182711689398
1999-03-03,0.20149969811299853
1999-03-04,0.20038047184862223
1999-03-05,0.20693669926088856
1999-03-08,0.2127793088719239
1999-03-09,0.2001158976560418
1999-03-10,0.19881601816114658
1999-03-11,0.19852642936913853
1999-03-12,0.21388817958092002
1999-03-15,0.21944090599736782
1999-03-16,0.22044440828733747
1999-03-17,0.21820747360531478
1999-03-18,0.22043541335909075
1999-03-19,0.26459116968364976
1999-03-22,0.2709782708208551
1999-03-23,0.28206187367603625
1999-03-24,0.28418897667785503
1999-03-25,0.270322934014605
1999-03-26,0.2701095029600764
1999-03-29,0.2645230958996457
1999-03-30,0.26335086335607516
1999-03-31,0.26977626280045475
1999-04-01,0.26867677577907034
1999-04-06,0.26707414921056283
1999-04-07,0.26590381579989697
1999-04-08,0.272070442796859
1999-04-09,0.2704194748028847
1999-04-12,0.291974251788221
1999-04-13,0.28639295551293786
1999-04-14,0.2839859179561462
1999-04-15,0.27958941741330984
1999-04-16,0.29010615399599343
1999-04-19,0.3393547170759538
1999-04-20,0.34472920846562305
1999-04-21,0.341660301150511
1999-04-22,0.32115160917107716
1999-04-23,0.3204522490220282
1999-04-26,0.3176311411003887
1999-04-27,0.32019127157094773
1999-04-28,0.339867326588712
1999-04-29,0.3377051496136217
1999-04-30,0.3262390519152942
1999-05-04,0.32438692940175967
1999-05-05,0.3251202630043821
1999-05-06,0.3248694337859715
1999-05-07,0.32191601762862776
1999-05-10,0.3244499999687915
1999-05-11,0.30941122660402337
1999-05-12,0.30984193983173147
1999-05-13,0.3062853535288272
1999-05-14,0.3145127882509561
1999-05-17,0.30297272890593235
1999-05-18,0.24282534275284434
1999-05-19,0.2232216948494166
1999-05-20,0.217541228064362
1999-05-21,0.2136001570671318
1999-05-24,0.21217090339240566
1999-05-25,0.2131049876227071
1999-05-26,0.21243888907702307
1999-05-27,0.18392114368488371
1999-05-28,0.18865340694006577
1999-05-31,0.18337484463152806
1999-06-01,0.1781104841788744
1999-06-02,0.17101201589626672
1999-06-07,0.17086601164749562
1999-06-08,0.1723008037374105
1999-06-09,0.16980521314500902
1999-06-10,0.17429003497368498
1999-06-11,0.2246479181748834
1999-06-14,0.22453919415146156
1999-06-15,0.21250363255929727
1999-06-16,0.20999421795042375
1999-06-17,0.1906111925583869
1999-06-18,0.193647507662596
1999-06-21,0.19330290777490322
1999-06-22,0.19237287792802876
1999-06-23,0.2012528987547746
1999-06-24,0.19592794852042328
1999-06-25,0.19660755522224252
1999-06-28,0.19471475578636427
1999-06-29,0.20021002876206462
1999-06-30,0.20065271165616766
1999-07-01,0.20617638950815934
1999-07-02,0.2048395274783898
1999-07-05,0.2064296660285246
1999-07-06,0.20569444563334946
1999-07-07,0.20526038471656535
1999-07-08,0.20401194297600458
1999-07-09,0.15729742253371284
1999-07-12,0.15889050681600222
1999-07-13,0.17071941609702562
1999-07-14,0.18444017170165894
1999-07-15,0.18427420567834166
1999-07-16,0.17508449294766246
1999-07-19,0.18032655004797382
1999-07-20,0.18512341215556685
1999-07-21,0.18339835108110678
1999-07-22,0.18483796746869563
1999-07-23,0.18256110324100788
1999-07-26,0.2049102821029957
1999-07-27,0.2086833953644881
1999-07-28,0.2099065726109528
1999-07-29,0.20138013735029142
1999-07-30,0.21311388091701206
1999-08-02,0.21293329557311877
1999-08-03,0.2128902411684332
1999-08-04,0.21312155940434757
1999-08-05,0.21039784974949138
1999-08-06,0.1928881647190078
1999-08-09,0.19307677114171662
1999-08-10,0.20440856691722017
1999-08-11,0.18943760135555976
1999-08-12,0.19261337225017391
1999-08-13,0.19682224865789852
1999-08-16,0.20681297098186383
1999-08-17,0.2145714842041006
1999-08-18,0.21145166052476824
1999-08-19,0.21074176380326837
1999-08-20,0.21099234685719584
1999-08-23,0.1923146577730959
1999-08-24,0.18530733617168377
1999-08-25,0.18755646863146916
1999-08-26,0.18273362445140254
1999-08-27,0.1716951377714992
1999-08-30,0.17165697640422017
1999-08-31,0.1726997736923861
1999-09-01,0.1721172294821864
1999-09-02,0.17679366257284757
1999-09-03,0.18148445726339535
1999-09-06,0.1863938985067226
1999-09-07,0.16244135240939772
1999-09-08,0.16882917782102846
1999-09-09,0.16732503899336224
1999-09-10,0.16689822012244948
1999-09-13,0.1590778636998247
1999-09-14,0.17147829525815567
1999-09-15,0.17335833106663076
1999-09-16,0.17387966113451211
1999-09-17,0.182493052750832
1999-09-20,0.1756597587221691
1999-09-21,0.17420602614020725
1999-09-22,0.17261588183536902
1999-09-23,0.1749724480548214
1999-09-24,0.2297987743338238
1999-09-27,0.24139068845499284
1999-09-28,0.24153961726525372
1999-09-29,0.23963323537357023
1999-09-30,0.24031459082253107
1999-10-01,0.22702431912892015
1999-10-04,0.24562137298073164
1999-10-05,0.2597889321309703
1999-10-06,0.2642097389806012
1999-10-07,0.2648269571279093
1999-10-08,0.2631884418648228
1999-10-11,0.26278303242488954
1999-10-12,0.25561555542588665
1999-10-13,0.2557352957354272
1999-10-14,0.2569296576914397
1999-10-15,0.2671044637662955
1999-10-18,0.26285331124499495
1999-10-19,0.28365567399624037
1999-10-20,0.2857279504678465
1999-10-21,0.2861802856094426
1999-10-22,0.221782615371467
1999-10-25,0.21913832741768333
1999-10-26,0.21526931210462757
1999-10-27,0.21793836385114515
1999-10-28,0.22430249236963964
1999-10-29,0.22503491523566124
1999-11-02,0.21781210222821384
1999-11-03,0.22085831858079905
1999-11-04,0.25834752062548516
1999-11-05,0.2619912836425649
1999-11-08,0.26097885184942754
1999-11-09,0.261221440440104
1999-11-10,0.25223319774901803
1999-11-15,0.2561005081116657
1999-11-16,0.2587158218337415
1999-11-17,0.2285016874531065
1999-11-18,0.24786249853813597
1999-11-19,0.24518215569977184
1999-11-22,0.23940629529893542
1999-11-23,0.2409256969537721
1999-11-24,0.24473283045938907
1999-11-25,0.24279146099398086
1999-11-26,0.2530091596539566
1999-11-29,0.25773797952285127
1999-11-30,0.27642323620810866
1999-12-01,0.2758642193034946
1999-12-02,0.2841956624820854
1999-12-03,0.27960737777879263
1999-12-06,0.23975734836350526
1999-12-07,0.2476538445843585
1999-12-08,0.2619476549386517
1999-12-09,0.2652643176136123
1999-12-10,0.26817373089006225
1999-12-13,0.27149328826574526
1999-12-14,0.2754046669833525
1999-12-15,0.2806326400695586
1999-12-16,0.2641931407385308
1999-12-17,0.26615212425594603
1999-12-20,0.2666508887934863
1999-12-21,0.26199992079933626
1999-12-22,0.27132952472801236
1999-12-23,0.27064216821863396
1999-12-27,0.25999727981825194
1999-12-28,0.2646166391958028
1999-12-29,0.25278508652187137
2000-01-03,0.27223329792323103
2000-01-04,0.2946555751062494
2000-01-05,0.29922010129587423
2000-01-06,0.30307097615106815
2000-01-07,0.3340517607975662
2000-01-10,0.3353096738957856
2000-01-11,0.3430688859252142
2000-01-12,0.3446284871499185
2000-01-13,0.3541856752518051
2000-01-14,0.35786789401321656
2000-01-17,0.351233937811106
2000-01-18,0.3700460914985915
2000-01-19,0.3683582623611918
2000-01-20,0.3685413188724396
2000-01-21,0.3676484367612086
2000-01-24,0.39164232826312984
2000-01-25,0.4118034452803695
2000-01-26,0.41520993067350725
2000-01-27,0.41019234542358807
2000-01-28,0.40660817442772446
2000-01-31,0.394153503799613
2000-02-01,0.37916942606851156
2000-02-02,0.37786321263842093
2000-02-03,0.4205632709693154
2000-02-04,0.3844668380314819
2000-02-07,0.37348933145650737
2000-02-08,0.37896160623021063
2000-02-09,0.37759450750828183
2000-02-10,0.3653859525620386
2000-02-11,0.36947012926030676
2000-02-14,0.36919165821261457
2000-02-15,0.3571673043277652
2000-02-16,0.3555960211013367
2000-02-17,0.36555061735631666
2000-02-18,0.3686329985337315
2000-02-21,0.3402506933022873
2000-02-22,0.32647887916145013
2000-02-23,0.3248522115125821
2000-02-24,0.33492737976173653
2000-02-25,0.37939191046323784
2000-02-28,0.39059255002344784
2000-02-29,0.3979343767395008
2000-03-01,0.3989363557968423
2000-03-02,0.35382013661716294
2000-03-03,0.35318675480078254
2000-03-06,0.35202124209831787
2000-03-07,0.3417496188224811
2000-03-08,0.34249310777119757
2000-03-09,0.34113843623181056
2000-03-10,0.34390203589643864
2000-03-13,0.41188327823333265
2000-03-14,0.441642365541342
2000-03-15,0.4716071631098633
2000-03-16,0.46262513766974733
2000-03-17,0.45896612486731986
2000-03-20,0.45669727893843703
2000-03-21,0.44183059270465147
2000-03-22,0.4454740819816964
2000-03-23,0.4287083371347595
2000-03-24,0.4043189020197879
2000-03-27,0.39054535487556635
2000-03-28,0.37607015725336707
2000-03-29,0.37729007197894376
2000-03-30,0.4468960622900777
2000-03-31,0.4474714872893021
2000-04-03,0.45720872659380984
2000-04-04,0.4574655959301907
2000-04-05,0.4778488583752224
2000-04-06,0.4975221518196566
2000-04-07,0.4860429185867929
2000-04-10,0.44743591875013833
2000-04-11,0.4200924955626328
2000-04-12,0.4114836731514752
2000-04-13,0.41023661108188586
2000-04-14,0.4126070775657524
2000-04-17,0.4823536806305776
2000-04-18,0.4928475108575252
2000-04-19,0.4845093750703297
2000-04-20,0.48011114683840606
2000-04-25,0.4693180475990843
2000-04-26,0.4755845854462825
2000-04-27,0.47648841792616803
2000-04-28,0.49663826978702175
2000-05-04,0.4446881614836453
2000-05-05,0.43854167612081596
2000-05-08,0.4316809946072318
2000-05-09,0.4326065210680867
2000-05-10,0.42081113014758986
2000-05-11,0.4054221568465608
2000-05-12,0.39887167266742884
2000-05-15,0.40200389388906554
2000-05-16,0.41181205866081805
2000-05-17,0.41172045767604193
2000-05-18,0.4119948842904529
2000-05-19,0.4155337643110807
2000-05-22,0.31489837133175747
2000-05-23,0.31032560919429564
2000-05-24,0.3278397987077286
2000-05-25,0.3311496304653009
2000-05-26,0.32777029797472135
2000-05-29,0.3524412419105014
2000-05-30,0.35339392944180875
2000-05-31,0.3393655428693934
2000-06-01,0.3597648707839735
2000-06-02,0.35117653507548835
2000-06-05,0.34779289720710466
2000-06-06,0.37058885374992195
2000-06-07,0.3679246244629243
2000-06-08,0.35592714978468515
2000-06-09,0.35489135697948065
2000-06-12,0.3494133950685918
2000-06-13,0.31443039529227423
2000-06-14,0.30855828331478924
2000-06-15,0.30843454073063103
2000-06-16,0.2952672525181868
2000-06-19,0.29368592317142184
2000-06-20,0.2940440951226985
2000-06-21,0.2670380644351978
2000-06-23,0.26748600945182066
2000-06-26,0.26954886263832994
2000-06-27,0.2396204376067612
2000-06-28,0.23902647293570692
2000-06-29,0.2471271386004944
2000-06-30,0.20534429329681778
2000-07-03,0.2107554220120653
2000-07-04,0.21032066242750866
2000-07-05,0.17650835543042553
2000-07-06,0.16534968355176463
2000-07-07,0.16604736162558828
2000-07-10,0.16619575741775883
2000-07-11,0.1675014773293171
2000-07-12,0.16803665077493787
2000-07-13,0.1657419672704485
2000-07-14,0.1672581726461246
2000-07-17,0.17167717657540255
2000-07-18,0.16307663214890314
2000-07-19,0.15120513450358355
2000-07-20,0.15100380870373517
2000-07-21,0.14921948351751257
2000-07-24,0.1353654211324957
2000-07-25,0.14113227718278593
2000-07-26,0.16804751512430371
2000-07-27,0.15877817002852612
2000-07-28,0.15673063397632475
2000-07-31,0.14814379349069365
2000-08-01,0.1592865972718374
2000-08-02,0.17904701107775753
2000-08-03,0.1845297119322739
2000-08-04,0.19619046624871933
2000-08-07,0.19802138914637463
2000-08-08,0.2000414286261232
2000-08-09,0.20493482130558136
2000-08-10,0.2189115186272306
2000-08-11,0.22494964865855854
2000-08-14,0.21950475819821383
2000-08-16,0.2239153394201646
2000-08-17,0.23807438212661844
2000-08-18,0.2381655506316235
2000-08-21,0.23720686495488433
2000-08-22,0.24002699800020016
2000-08-23,0.24430156282408128
2000-08-24,0.23998409801490678
2000-08-25,0.24053299231688963
2000-08-28,0.24186886743521593
2000-08-29,0.24171330583929795
2000-08-30,0.23443951308076727
2000-08-31,0.22662650045663274
2000-09-01,0.23093355583426656
2000-09-04,0.2243478858349196
2000-09-05,0.22510105099717312
2000-09-06,0.22261386260358493
2000-09-07,0.21708727158585148
2000-09-08,0.20007758501315104
2000-09-11,0.19212232930366777
2000-09-12,0.20220393842715617
2000-09-13,0.19908896643988994
2000-09-14,0.16761020130679904
2000-09-15,0.16700429758925237
2000-09-18,0.16711788137239914
2000-09-19,0.16869117366416295
2000-09-20,0.1692271696394885
2000-09-21,0.18344704080402777
2000-09-22,0.22196512101672744
2000-09-25,0.24536675238363267
2000-09-26,0.2675522240170455
2000-09-27,0.2634785507743582
2000-09-28,0.2658760318433292
2000-09-29,0.25795673405016795
2000-10-02,0.26306110506068914
2000-10-03,0.2670480908624116
2000-10-04,0.26805556686800747
2000-10-05,0.2797199043020155
2000-10-06,0.27940869788571626
2000-10-09,0.28591843007820433
2000-10-10,0.2707748681237086
2000-10-11,0.2915907432807328
2000-10-12,0.28772335862841114
2000-10-13,0.29921674233325474
2000-10-16,0.36916097011196786
2000-10-17,0.39039450540554244
2000-10-18,0.4166903876467378
2000-10-19,0.44806711634057683
2000-10-20,0.43272030813081286
2000-10-23,0.4193795756007608
2000-10-24,0.4085245277914649
2000-10-25,0.41558273402523077
2000-10-26,0.4089844556532759
2000-10-27,0.404231302560723
2000-10-30,0.40497714681543723
2000-10-31,0.4072785670863002
2000-11-02,0.44501040451618146
2000-11-03,0.4428809307622278
2000-11-06,0.46527081958543703
2000-11-07,0.4574583506698286
2000-11-08,0.45642709109394164
2000-11-09,0.4502227394504364
2000-11-10,0.4557288165929003
2000-11-13,0.44696996338587053
2000-11-14,0.42545082860349126
2000-11-15,0.41697978829675075
2000-11-16,0.37634074132669604
2000-11-17,0.347971016379772
2000-11-20,0.3454734335424639
2000-11-21,0.3453824697154397
2000-11-22,0.346180493388689
2000-11-23,0.33647170251414177
2000-11-24,0.34759299526205406
2000-11-27,0.34565258712730645
2000-11-28,0.342823361406435
2000-11-29,0.34084642856719793
2000-11-30,0.302698824993282
2000-12-01,0.30059527738246755
2000-12-04,0.2597105858145123
2000-12-05,0.27508473206478834
2000-12-06,0.2916647908260911
2000-12-07,0.2649223687209762
2000-12-08,0.2606676203598723
2000-12-11,0.2408641101071119
2000-12-12,0.22040818741427065
2000-12-13,0.21477155332800188
2000-12-14,0.23548941739688653
2000-12-15,0.2391950714513802
2000-12-18,0.2442955093732935
2000-12-19,0.2474797185876168
2000-12-20,0.27143687335530786
2000-12-21,0.2738063997873165
2000-12-22,0.2668338230195484
2000-12-27,0.26946086012763154
2000-12-28,0.2664699426714176
2000-12-29,0.26669302462614
2001-01-02,0.25659442359563134
2001-01-03,0.26093795792296043
2001-01-04,0.2608259998890365
2001-01-05,0.27311912538581706
2001-01-08,0.27716715539747816
2001-01-09,0.2791298451266756
2001-01-10,0.28531403698492525
2001-01-11,0.2884542231975068
2001-01-12,0.2912837533228516
2001-01-15,0.2924490387284228
2001-01-16,0.26778929703769916
2001-01-17,0.2711427146156788
2001-01-18,0.2615912054652878
2001-01-19,0.2803710919299909
2001-01-22,0.26517637112002207
2001-01-23,0.2633356867165421
2001-01-24,0.2454283213009249
2001-01-25,0.23786631558412796
2001-01-26,0.23632227038663975
2001-01-29,0.24023413868364157
2001-01-30,0.23854414046660435
2001-01-31,0.23669601898077952
2001-02-01,0.215582457208039
2001-02-02,0.20047582829745828
2001-02-05,0.22520219479480091
2001-02-06,0.22060090186849263
2001-02-07,0.233291580392309
2001-02-08,0.23022018536429797
2001-02-09,0.22873643599749033
2001-02-12,0.23059314775187353
2001-02-13,0.24635131918225076
2001-02-14,0.2457104078960458
2001-02-15,0.26062613902840887
2001-02-16,0.25281077388460965
2001-02-19,0.2507257662711856
2001-02-20,0.2509199207539418
2001-02-21,0.2593509700186002
2001-02-22,0.2603246071451039
2001-02-23,0.25971684595384903
2001-02-26,0.26421797840432415
2001-02-27,0.27377131477068506
2001-02-28,0.27284433172085093
2001-03-01,0.2877206923738148
2001-03-02,0.29030275949293993
2001-03-05,0.2917553246620656
2001-03-06,0.30063957196788255
2001-03-07,0.2890721989079776
2001-03-08,0.28771304403099107
2001-03-09,0.3089054344629652
2001-03-12,0.34404994180506765
2001-03-13,0.3287847004354882
2001-03-14,0.3291880324507453
2001-03-15,0.34709990549130226
2001-03-16,0.33705005255213344
2001-03-19,0.33964408542120306
2001-03-20,0.35083294318291364
2001-03-21,0.3447536230559061
2001-03-22,0.3434603076472143
2001-03-23,0.34900287100669225
2001-03-26,0.3417095096219942
2001-03-27,0.3274396599869443
2001-03-28,0.3309009210169603
2001-03-29,0.31019271284133276
2001-03-30,0.3094518077621567
2001-04-02,0.29976500236893844
2001-04-03,0.2949428952989067
2001-04-04,0.29598009669955677
2001-04-05,0.3122555814656293
2001-04-06,0.2908515710114134
2001-04-09,0.233708476102348
2001-04-10,0.2440677863986182
2001-04-11,0.24211587406768634
2001-04-12,0.2147695397232015
2001-04-17,0.2433740501516531
2001-04-18,0.2951342731818426
2001-04-19,0.2938933097529572
2001-04-20,0.2912306213786922
2001-04-23,0.2935753463912055
2001-04-24,0.29376691164381424
2001-04-25,0.29358637610226523
2001-04-26,0.2921523238022577
2001-04-27,0.2939364413231495
2001-04-30,0.3007165767349798
2001-05-02,0.3011127509407755
2001-05-04,0.30035642648225575
2001-05-07,0.2920591353423554
2001-05-08,0.29398129576165305
2001-05-09,0.2964395320385492
2001-05-10,0.3101659390643966
2001-05-11,0.30605423662271075
2001-05-14,0.29904861765339474
2001-05-15,0.29594784734449825
2001-05-16,0.30299681053857763
2001-05-17,0.287910848246948
2001-05-18,0.22437167454552004
2001-05-21,0.24900853310051554
2001-05-22,0.27316060632926953
2001-05-23,0.26736504655746485
2001-05-24,0.2669963678626096
2001-05-25,0.27106957684254845
2001-05-28,0.2684144050147768
2001-05-29,0.26708989862829335
2001-05-30,0.2590556837228782
2001-05-31,0.26037404266914427
2001-06-01,0.2574303309242388
2001-06-04,0.27367657269635925
2001-06-05,0.2692017765097258
2001-06-06,0.26774091786274534
2001-06-07,0.26052206611867934
2001-06-08,0.2693611890317851
2001-06-11,0.2716113553090581
2001-06-12,0.27032507482077534
2001-06-13,0.2630129846566458
2001-06-15,0.27307596950627894
2001-06-18,0.2728928751205257
2001-06-19,0.23706629717981886
2001-06-20,0.1982316416456131
2001-06-21,0.24105212781491608
2001-06-22,0.2394962998513621
2001-06-25,0.2503963996505742
2001-06-26,0.25941276044508743
2001-06-27,0.2585056657549162
2001-06-28,0.25785818859236237
2001-06-29,0.2518244243789942
2001-07-02,0.2524770270243027
2001-07-03,0.24973949735546294
2001-07-04,0.24953546230328577
2001-07-05,0.24737887859743896
2001-07-06,0.2645163814840387
2001-07-09,0.2578975475566459
2001-07-10,0.25977494466402884
2001-07-11,0.2551222584307243
2001-07-12,0.3043995020369737
2001-07-13,0.2933741484764197
2001-07-16,0.3074922660636734
2001-07-17,0.3226323533886711
2001-07-18,0.3191289713752056
2001-07-19,0.294270433380056
2001-07-20,0.3250799830191712
2001-07-23,0.3167262765408486
2001-07-24,0.31179239415071247
2001-07-25,0.31212821654521744
2001-07-26,0.34266877861602757
2001-07-27,0.35854389899411926
2001-07-30,0.3573784179151866
2001-07-31,0.35190623241014957
2001-08-01,0.3399181931457827
2001-08-02,0.3414232457134065
2001-08-03,0.3309078084407461
2001-08-06,0.32855848275876337
2001-08-07,0.32123578924550433
2001-08-08,0.3241888177021355
2001-08-09,0.29271814025572895
2001-08-10,0.29305588644844704
2001-08-13,0.2778410372787634
2001-08-14,0.2759009027132135
2001-08-16,0.29545850924001055
2001-08-17,0.3026162611707567
2001-08-20,0.27053454585763037
2001-08-21,0.27720109137376636
2001-08-22,0.2835896006755273
2001-08-23,0.28354634126763134
2001-08-24,0.2657219062097518
2001-08-27,0.24890532344737407
2001-08-28,0.24855697497503085
2001-08-29,0.2479420010538122
2001-08-30,0.24996864159292304
2001-08-31,0.249133504089426
2001-09-03,0.2515855051262135
2001-09-04,0.2515706685806951
2001-09-05,0.25750829252698504
2001-09-06,0.2548359002597205
2001-09-07,0.25052062301954064
2001-09-10,0.2621651631208868
2001-09-11,0.2762190655001738
2001-09-12,0.26762949795540847
2001-09-13,0.2384278533560388
2001-09-14,0.2790787633475335
2001-09-17,0.28528639773441156
2001-09-18,0.27928697354146215
2001-09-19,0.28155964152177526
2001-09-20,0.2892156673591283
2001-09-21,0.30998101706580466
2001-09-24,0.309919488178688
2001-09-25,0.3148095011405425
2001-09-26,0.31896399788628965
2001-09-27,0.31480857703767234
2001-09-28,0.31584603936362526
2001-10-01,0.3114397063704979
2001-10-02,0.31099390920626213
2001-10-03,0.3000997895644758
2001-10-04,0.3026555455520265
2001-10-05,0.3007394214711218
2001-10-08,0.29905503192407873
2001-10-09,0.33761022901669224
2001-10-10,0.3949826084261908
2001-10-11,0.41337138638672677
2001-10-12,0.3742357656621778
2001-10-15,0.3671640001533979
2001-10-16,0.40554428333310133
2001-10-17,0.40255754256173815
2001-10-18,0.39780132020826303
2001-10-19,0.359967358029136
2001-10-22,0.362799060452141
2001-10-23,0.3665983034775387
2001-10-24,0.3680605996982389
2001-10-25,0.36670010631120015
2001-10-26,0.38521537375830966
2001-10-29,0.38184438312864094
2001-10-30,0.4018093063525651
2001-10-31,0.38524944387043225
2001-11-02,0.39085669312016436
2001-11-05,0.3853957642271446
2001-11-06,0.3887980722570447
2001-11-07,0.37106762439355556
2001-11-08,0.3366568449812614
2001-11-09,0.3196321418829456
2001-11-12,0.32561920895537966
2001-11-13,0.3437443930046456
2001-11-14,0.32231590709437685
2001-11-15,0.32328095693500164
2001-11-16,0.3164990328408184
2001-11-19,0.31018667579645526
2001-11-20,0.3064863051663138
2001-11-21,0.32924551667554713
2001-11-22,0.3247606620150611
2001-11-23,0.3263444551991133
2001-11-26,0.2920221725647648
2001-11-27,0.2931788622973526
2001-11-28,0.27484525921973824
2001-11-29,0.27714525465241974
2001-11-30,0.2750220723136458
2001-12-03,0.27577915194566327
2001-12-04,0.2866169611562891
2001-12-05,0.2844993146019248
2001-12-06,0.26749600322605294
2001-12-07,0.26770639816394637
2001-12-10,0.2869307386604551
2001-12-11,0.2472771890532592
2001-12-12,0.19180622165638675
2001-12-13,0.214372780599254
2001-12-14,0.21430374319459106
2001-12-17,0.21524664302755148
2001-12-18,0.2561607954557548
2001-12-19,0.23616747465576177
2001-12-20,0.2344718140916877
2001-12-21,0.23531816600563807
2001-12-27,0.2374183210578512
2001-12-28,0.23494146505073724
2001-12-31,0.2351771121687161
2002-01-02,0.23635925256205945
2002-01-03,0.30787874920500635
2002-01-04,0.3306387560738483
2002-01-07,0.3247169039091755
2002-01-08,0.32681334985226657
2002-01-09,0.3618314935432372
2002-01-10,0.36564438684369305
2002-01-11,0.34106180961149307
2002-01-14,0.3510657620178436
2002-01-15,0.3476244511292728
2002-01-16,0.3169981901305215
2002-01-17,0.3185475456759767
2002-01-18,0.3261588037750178
2002-01-21,0.31965102888109204
2002-01-22,0.3312792828759059
2002-01-23,0.33258102856942706
2002-01-24,0.32565286629007434
2002-01-25,0.3254419644228196
2002-01-28,0.3517364723803328
2002-01-29,0.35073845523496544
2002-01-30,0.3621941918344838
2002-01-31,0.3229010958848792
2002-02-01,0.30789725287892006
2002-02-04,0.3137266187285692
2002-02-05,0.3227480083978493
2002-02-06,0.2767765385865866
2002-02-07,0.277640992143789
2002-02-08,0.2760564422977651
2002-02-11,0.2662910935640292
2002-02-12,0.2668949060623152
2002-02-13,0.2691995185015994
2002-02-14,0.25206482433653055
2002-02-15,0.2503502823413295
2002-02-18,0.2507563655807728
2002-02-19,0.21141820219537932
2002-02-20,0.21270601897636615
2002-02-21,0.20902522501887974
2002-02-22,0.20368170855197565
2002-02-25,0.2117769365545884
2002-02-26,0.20876486706013103
2002-02-27,0.2016296162691303
2002-02-28,0.18214274210440826
2002-03-01,0.1901770181654549
2002-03-04,0.1797428427683818
2002-03-05,0.16340509045487742
2002-03-06,0.16320002865770245
2002-03-07,0.1648652439161598
2002-03-08,0.16446797346738656
2002-03-11,0.18070928276592388
2002-03-12,0.19599029503789248
2002-03-13,0.19050180836800137
2002-03-14,0.1933344023480578
2002-03-15,0.19271199030892955
2002-03-18,0.1970152421207513
2002-03-19,0.20265922458299104
2002-03-20,0.20274932337083362
2002-03-21,0.19990666093349196
2002-03-22,0.20965234978555733
2002-03-25,0.20745020023851243
2002-03-26,0.20718382863363488
2002-03-27,0.21012853827351627
2002-03-28,0.2096555855986852
2002-04-02,0.2045912848199021
2002-04-03,0.20308071531859592
2002-04-04,0.2029764343508283
2002-04-05,0.21693386600722006
2002-04-08,0.20634748874883574
2002-04-09,0.22438811253777016
2002-04-10,0.21288533696203815
2002-04-11,0.19621930627278353
2002-04-12,0.20316821762606202
2002-04-15,0.2035008204762189
2002-04-16,0.20439983494412683
2002-04-17,0.20021146536129789
2002-04-18,0.19342535844800254
2002-04-19,0.19898195469578708
2002-04-22,0.19896650099505897
2002-04-23,0.18627787194115294
2002-04-24,0.16568321202345124
2002-04-25,0.16615300886453577
2002-04-26,0.17110444937435526
2002-04-29,0.172178313749943
2002-04-30,0.16863939253832982
2002-05-02,0.1731612890703814
2002-05-06,0.1731559537432132
2002-05-07,0.16208455641087086
2002-05-08,0.1640374195667176
2002-05-09,0.13784988777532495
2002-05-10,0.1371539569206322
2002-05-13,0.13919930231324953
2002-05-14,0.13152207230854582
2002-05-15,0.12525156137781362
2002-05-16,0.2024395780385779
2002-05-17,0.201727047150876
2002-05-20,0.20298276375145757
2002-05-21,0.19551057682651843
2002-05-22,0.19920523024542724
2002-05-23,0.19909291830816578
2002-05-24,0.1952652939014044
2002-05-27,0.1950133685491945
2002-05-28,0.19383715950228306
2002-05-29,0.19395455189192526
2002-05-31,0.19014988038397176
2002-06-03,0.1902444521394313
2002-06-04,0.19657140533595968
2002-06-05,0.1881508021339472
2002-06-06,0.18789958536523546
2002-06-07,0.19474053070568179
2002-06-10,0.19565045670010625
2002-06-11,0.1955240927454591
2002-06-12,0.19527215780418733
2002-06-13,0.19804976962100032
2002-06-14,0.15474446043641796
2002-06-17,0.14673882908382643
2002-06-18,0.14580708158347308
2002-06-19,0.1528486905394928
2002-06-20,0.1522530464270349
2002-06-21,0.16802296531941707
2002-06-24,0.18243934178295074
2002-06-25,0.18474124602631353
2002-06-26,0.1979756998644832
2002-06-27,0.20123008487386498
2002-06-28,0.2119747779502676
2002-07-01,0.19509620857102716
2002-07-02,0.19944251861480183
2002-07-03,0.19802905148736302
2002-07-04,0.19591267538458756
2002-07-05,0.2191265807679869
2002-07-08,0.22012957630986932
2002-07-09,0.22422867171333524
2002-07-10,0.22630277462199497
2002-07-11,0.23207513214044073
2002-07-12,0.22006262704949217
2002-07-15,0.2188783260167386
2002-07-16,0.21986160736512333
2002-07-17,0.24367085423504778
2002-07-18,0.2574319251137581
2002-07-19,0.251770572247884
2002-07-22,0.26148735807013723
2002-07-23,0.2718950282366651
2002-07-24,0.28191830625946135
2002-07-25,0.2771375110529621
2002-07-26,0.2947863793401386
2002-07-29,0.29427902939497386
2002-07-30,0.2926920539671848
2002-07-31,0.2966592990822651
2002-08-01,0.30803220743508786
2002-08-02,0.2939912129532954
2002-08-05,0.29504472371483775
2002-08-06,0.29145483951194023
2002-08-07,0.290812996067768
2002-08-08,0.28696558033128805
2002-08-09,0.28787225658466936
2002-08-12,0.28538617736744304
2002-08-13,0.32099062567769576
2002-08-14,0.30258375225511186
2002-08-16,0.29062473794934446
2002-08-19,0.2780527787247453
2002-08-20,0.2560587606327828
2002-08-21,0.29914785335391847
2002-08-22,0.2693212972562621
2002-08-23,0.25739416201870424
2002-08-26,0.24623847951041114
2002-08-27,0.2535009318525098
2002-08-28,0.2763972604280316
2002-08-29,0.28790029829975666
2002-08-30,0.2846532993348697
2002-09-02,0.28459900277799977
2002-09-03,0.32826245132965076
2002-09-04,0.3323743892793024
2002-09-05,0.33054711241552254
2002-09-06,0.34160046312969067
2002-09-09,0.34238965576704933
2002-09-10,0.34802289299651307
2002-09-11,0.32717993302269033
2002-09-12,0.3356899067475846
2002-09-13,0.3397556305533411
2002-09-16,0.344479509570798
2002-09-17,0.3423071242291413
2002-09-18,0.30487465484505966
2002-09-19,0.3049529480611479
2002-09-20,0.30935730059043476
2002-09-23,0.30902621451704093
2002-09-24,0.29743009297493506
2002-09-25,0.29836277552017737
2002-09-26,0.29112924940442153
2002-09-27,0.2861631165218196
2002-09-30,0.2910894233372896
2002-10-01,0.24234748188213548
2002-10-02,0.2372800319170715
2002-10-03,0.23645975980657086
2002-10-04,0.22019192542749283
2002-10-07,0.2217621877158154
2002-10-08,0.20759112534616408
2002-10-09,0.19815583111685328
2002-10-10,0.19466484829106254
2002-10-11,0.20735123843361894
2002-10-14,0.20097566345246087
2002-10-15,0.21915504470967778
2002-10-16,0.21358394414657467
2002-10-17,0.21348743293237174
2002-10-18,0.21952026449730425
2002-10-21,0.215325230076937
2002-10-22,0.19468640329424064
2002-10-23,0.18663167329301378
2002-10-24,0.18610204216995038
2002-10-25,0.18432924150113789
2002-10-28,0.193841967915267
2002-10-29,0.1897864359065894
2002-10-30,0.19453416816222074
2002-10-31,0.19377373950661667
2002-11-04,0.1927185289124446
2002-11-05,0.20092815745632206
2002-11-06,0.22507616804942754
2002-11-07,0.22861800805082855
2002-11-08,0.2243268707980194
2002-11-12,0.20999313570480213
2002-11-13,0.2105543421553853
2002-11-14,0.19595940930947353
2002-11-15,0.19536970823638378
2002-11-18,0.19627290047802895
2002-11-19,0.18464943771349981
2002-11-20,0.18475206584851514
2002-11-21,0.21806831497114473
2002-11-22,0.217874185821919
2002-11-25,0.23652549671736534
2002-11-26,0.24082160672416375
2002-11-27,0.21529811066286414
2002-11-28,0.21576091295786634
2002-11-29,0.21967548555239838
2002-12-02,0.24125842734315908
2002-12-03,0.24041712562790837
2002-12-04,0.24249112721130026
2002-12-05,0.22352055173799307
2002-12-06,0.2320263059938715
2002-12-09,0.2329428502237087
2002-12-10,0.24618982306598755
2002-12-11,0.24929145370437292
2002-12-12,0.2492784901056972
2002-12-13,0.24627633124434986
2002-12-16,0.24583238965480497
2002-12-17,0.2456612014617099
2002-12-18,0.2719306287141066
2002-12-19,0.23865939947787715
2002-12-20,0.23822016940696158
2002-12-23,0.2165761202974395
2002-12-27,0.21818405863437657
2002-12-30,0.21587754879092336
2002-12-31,0.2159064317212206
2003-01-02,0.21313726715783302
2003-01-03,0.2237798062896394
2003-01-06,0.22433419065383492
2003-01-07,0.21387954598662423
2003-01-08,0.21704406085540814
2003-01-09,0.20957325567657692
2003-01-10,0.20970101338510458
2003-01-13,0.2156804206214975
2003-01-14,0.2135709018669413
2003-01-15,0.2105093714449877
2003-01-16,0.22299124873387535
2003-01-17,0.22875930679320283
2003-01-20,0.22876219472963175
2003-01-21,0.2040660555729421
2003-01-22,0.20917450666380147
2003-01-23,0.21314453770687905
2003-01-24,0.2307081045855116
2003-01-27,0.2372075315913935
2003-01-28,0.2381210228043786
2003-01-29,0.23924398783419817
2003-01-30,0.2419588263035202
2003-01-31,0.19866128079656137
2003-02-03,0.2155595867582783
2003-02-04,0.22463289096459535
2003-02-05,0.22244679599352765
2003-02-06,0.2277484769871631
2003-02-07,0.23106751593523817
2003-02-10,0.209214150029365
2003-02-11,0.21272762319757044
2003-02-12,0.2133303368244171
2003-02-13,0.21222824657449765
2003-02-14,0.2090190085937235
2003-02-17,0.22093782741520088
2003-02-18,0.2181320164040977
2003-02-19,0.21676511074209776
2003-02-20,0.21835703905311793
2003-02-21,0.19662407852895272
2003-02-24,0.1863365892027924
2003-02-25,0.1956700622790513
2003-02-26,0.19450533992516553
2003-02-27,0.1924933101445458
2003-02-28,0.1935381656033119
2003-03-03,0.1787028997447171
2003-03-04,0.17248577950948224
2003-03-05,0.17257568484620778
2003-03-06,0.16016028894015497
2003-03-07,0.1628865676691337
2003-03-10,0.2035344540446927
2003-03-11,0.20604492932157015
2003-03-12,0.2024854309431523
2003-03-13,0.20250635867115396
2003-03-14,0.20378469611926814
2003-03-17,0.2048090240774376
2003-03-18,0.21804701925607597
2003-03-19,0.21501904060265783
2003-03-20,0.20876658527040176
2003-03-21,0.2198440229951357
2003-03-24,0.2171188445216766
2003-03-25,0.20636647460172475
2003-03-26,0.20619057411120495
2003-03-27,0.20813778455993473
2003-03-28,0.20715097791060458
2003-03-31,0.21404239423883434
2003-04-01,0.20338464740000825
2003-04-02,0.20704888727507426
2003-04-03,0.21666745001422008
2003-04-04,0.21444035290372687
2003-04-07,0.1999304012095855
2003-04-08,0.19682717782055956
2003-04-09,0.19462766184682007
2003-04-10,0.20160996522720298
2003-04-11,0.19971065410556124
2003-04-14,0.19686758451398742
2003-04-15,0.18465160732643118
2003-04-16,0.18737237697720519
2003-04-17,0.1889898656982376
2003-04-22,0.1761855719286272
2003-04-23,0.1785514054451332
2003-04-24,0.1860921053382077
2003-04-25,0.18575013128825535
2003-04-28,0.18419367538958964
2003-04-29,0.18458600791139299
2003-04-30,0.1737887606472
2003-05-02,0.17818810365861493
2003-05-05,0.18192985556713276
2003-05-06,0.1687863665591615
2003-05-07,0.1774835473213867
2003-05-08,0.14696001072333295
2003-05-09,0.15139898625782525
2003-05-12,0.1514692555629018
2003-05-13,0.14401880992434146
2003-05-14,0.1781282589519933
2003-05-15,0.16582057159662958
2003-05-16,0.167871661923602
2003-05-19,0.16641709224091294
2003-05-20,0.16596724324256149
2003-05-21,0.16703873790834958
2003-05-22,0.16558197198647895
2003-05-23,0.15349625774417855
2003-05-26,0.15334213132427507
2003-05-27,0.16424809161040071
2003-05-28,0.16572170294015484
2003-05-29,0.16512665189223327
2003-05-30,0.1638463768990116
2003-06-02,0.1574742228569415
2003-06-03,0.15799540352726335
2003-06-04,0.1485265959089391
2003-06-05,0.1488959658344303
2003-06-06,0.1505542394537182
2003-06-09,0.15631827007968804
2003-06-10,0.15813074098135083
2003-06-11,0.12313793214879559
2003-06-12,0.1247671394191724
2003-06-13,0.1235779304479062
2003-06-16,0.1202271883704526
2003-06-17,0.11875784856887579
2003-06-18,0.12145438147556738
2003-06-20,0.12132192077755069
2003-06-23,0.12510190479487956
2003-06-24,0.13061021652717988
2003-06-25,0.12494696134184707
2003-06-26,0.12220069867965677
2003-06-27,0.12566501992176493
2003-06-30,0.12253286055585771
2003-07-01,0.1440911936299666
2003-07-02,0.14733680837488636
2003-07-03,0.14370739254721895
2003-07-04,0.1562067786911847
2003-07-07,0.19365997676642283
2003-07-08,0.19333765305961426
2003-07-09,0.19139735141568795
2003-07-10,0.19138640875818588
2003-07-11,0.18998404756631537
2003-07-14,0.20018291557044654
2003-07-15,0.20091673006254016
2003-07-16,0.20994080566830983
2003-07-17,0.20900351984723925
2003-07-18,0.21056644878620473
2003-07-21,0.20741008804909264
2003-07-22,0.21286085952053707
2003-07-23,0.22709155654031532
2003-07-24,0.22720227786537345
2003-07-25,0.2251031700130267
2003-07-28,0.24147615508611756
2003-07-29,0.2238389743868218
2003-07-30,0.22763507815506015
2003-07-31,0.2275315224275471
2003-08-01,0.22310060372107182
2003-08-04,0.19598605010575598
2003-08-05,0.1929587393711028
2003-08-06,0.19183517634610658
2003-08-07,0.2117404590377728
2003-08-08,0.2121423185189154
2003-08-11,0.19866350133884134
2003-08-12,0.21105241274613656
2003-08-13,0.2064886063212816
2003-08-14,0.21470543848223675
2003-08-18,0.21280120848096618
2003-08-19,0.2132352078530964
2003-08-20,0.20539127516304367
2003-08-21,0.20238502061108313
2003-08-22,0.22372046082574773
2003-08-25,0.22479430193934546
2003-08-26,0.21846889329000058
2003-08-27,0.21959747002382743
2003-08-28,0.2193883144682468
2003-08-29,0.23235871735820837
2003-09-01,0.2609609343509421
2003-09-02,0.2509228725716221
2003-09-03,0.2628835164487425
2003-09-04,0.2854498828744255
2003-09-05,0.3054254561709908
2003-09-08,0.3037075046115387
2003-09-09,0.32400086025360264
2003-09-10,0.3367146795852887
2003-09-11,0.33666566582013147
2003-09-12,0.33935874783507763
2003-09-15,0.3395656740116535
2003-09-16,0.35372475971068035
2003-09-17,0.35429646806341497
2003-09-18,0.3395780520784411
2003-09-19,0.31735766415638444
2003-09-22,0.33762111389163285
2003-09-23,0.3275930098860085
2003-09-24,0.3279677635367226
2003-09-25,0.32775615243960293
2003-09-26,0.3121138062072066
2003-09-29,0.25582224265060416
2003-09-30,0.2662686217604953
2003-10-01,0.2676484823257907
2003-10-02,0.27299901974335006
2003-10-03,0.26527377325590323
2003-10-06,0.30618451066449826
2003-10-07,0.29212818050269795
2003-10-08,0.28043356506886163
2003-10-09,0.28216311733641125
2003-10-10,0.27047623231241297
2003-10-13,0.27167721218781754
2003-10-14,0.2647535786188712
2003-10-15,0.2649794808523895
2003-10-16,0.28675150499537466
2003-10-17,0.29254179360736354
2003-10-20,0.26378585183982756
2003-10-21,0.28373756703802105
2003-10-22,0.29371166817174876
2003-10-23,0.29412300006817904
2003-10-24,0.29234605817808795
2003-10-27,0.2952115628344625
2003-10-28,0.3043822303561562
2003-10-29,0.3061205465362965
2003-10-30,0.3064538393377713
2003-10-31,0.30531379754078003
2003-11-03,0.2688493041006332
2003-11-04,0.2794765941765685
2003-11-05,0.26914293192577166
2003-11-06,0.2698678955646798
2003-11-07,0.26991027252951644
2003-11-10,0.2711466186117022
2003-11-12,0.26124830632356366
2003-11-13,0.25345937608395763
2003-11-14,0.23965293307030439
2003-11-17,0.25975963802304514
2003-11-18,0.26199849499218847
2003-11-19,0.2555039900199253
2003-11-20,0.2661903955726544
2003-11-21,0.2799207545290085
2003-11-24,0.28263705007930173
2003-11-25,0.28779524005186274
2003-11-26,0.24973860464158296
2003-11-27,0.257571325377623
2003-11-28,0.24319664386851714
2003-12-01,0.28617832757971184
2003-12-02,0.28551582889375027
2003-12-03,0.2767216360531766
2003-12-04,0.2811533821986098
2003-12-05,0.27364059298218024
2003-12-08,0.2939851809966699
2003-12-09,0.2972444423261031
2003-12-10,0.29111410070373744
2003-12-11,0.29316075863571334
2003-12-12,0.2974277734436382
2003-12-15,0.27078237063947225
2003-12-16,0.26487513700173854
2003-12-17,0.2562216398910165
2003-12-18,0.22496693833952525
2003-12-19,0.21817559932772398
2003-12-22,0.21740498496683552
2003-12-23,0.19753780704159893
2003-12-29,0.1986940678132086
2003-12-30,0.19681292185393381
2003-12-31,0.19534156870267927
2004-01-02,0.172619566529785
2004-01-05,0.21491861070099094
2004-01-06,0.2171762806941171
2004-01-07,0.2044909360663739
2004-01-08,0.20532218056771495
2004-01-09,0.19560550814829866
2004-01-12,0.20338953465015006
2004-01-13,0.20086501617027272
2004-01-14,0.21823172296610296
2004-01-15,0.2148337057289193
2004-01-16,0.21810371294514147
2004-01-19,0.2173869900101567
2004-01-20,0.2117291319845764
2004-01-21,0.21437974856482048
2004-01-22,0.21517252691876895
2004-01-23,0.21512172882293298
2004-01-26,0.21501976696053637
2004-01-27,0.21532472762459398
2004-01-28,0.24973943892398962
2004-01-29,0.25077615710862006
2004-01-30,0.23638235168600122
2004-02-02,0.19250838124523445
2004-02-03,0.19544537061586723
2004-02-04,0.19574712944857692
2004-02-05,0.19549060218180084
2004-02-06,0.19578290055792252
2004-02-09,0.21019340307158693
2004-02-10,0.21766817420158022
2004-02-11,0.20477872388033727
2004-02-12,0.20501906617480392
2004-02-13,0.20330191240748363
2004-02-16,0.20428894968538128
2004-02-17,0.20428416357627396
2004-02-18,0.20177820389161913
2004-02-19,0.20759221758942878
2004-02-20,0.20822525419147186
2004-02-23,0.21277903221105796
2004-02-24,0.23179571062350873
2004-02-25,0.19757003914653803
2004-02-26,0.19572193683884218
2004-02-27,0.216547597009198
2004-03-01,0.23485608825205412
2004-03-02,0.23011511936457857
2004-03-03,0.2326520008539203
2004-03-04,0.23389646816651274
2004-03-05,0.23465897941690497
2004-03-08,0.22040207706416343
2004-03-09,0.23271783094019524
2004-03-10,0.23150393199902633
2004-03-11,0.24197432833180352
2004-03-12,0.24254216448355137
2004-03-15,0.2518660183104151
2004-03-16,0.2563561607876845
2004-03-17,0.257734145671518
2004-03-18,0.2623618644361607
2004-03-19,0.2635496620434236
2004-03-22,0.2602895612817182
2004-03-23,0.24802786675453425
2004-03-24,0.24802754819463443
2004-03-25,0.2506051591735252
2004-03-26,0.22800248053860062
2004-03-29,0.20166863267324978
2004-03-30,0.20324749284958904
2004-03-31,0.20469092717377763
2004-04-01,0.204244268240296
2004-04-02,0.21962923487393957
2004-04-05,0.2107078116651478
2004-04-06,0.19228162920078792
2004-04-07,0.19378349751730967
2004-04-08,0.18108920839046058
2004-04-13,0.19466924172415903
2004-04-14,0.18307050775704903
2004-04-15,0.17973440285166992
2004-04-16,0.18343268485694322
2004-04-19,0.16588200747515694
2004-04-20,0.16029009032282682
2004-04-21,0.1622011013777266
2004-04-22,0.1983564675048099
2004-04-23,0.19866363349243965
2004-04-26,0.19562807605487953
2004-04-27,0.19560042082343473
2004-04-28,0.19479856799876405
2004-04-29,0.20662924385848164
2004-04-30,0.2053088207522658
2004-05-04,0.20646130215764638
2004-05-05,0.19411222444243656
2004-05-06,0.19137167734935326
2004-05-07,0.19306805115331097
2004-05-10,0.21326712278755736
2004-05-11,0.20887464372047398
2004-05-12,0.18885632909784944
2004-05-13,0.194969959779282
2004-05-14,0.19649025793076977
2004-05-17,0.20030704764170437
2004-05-18,0.20731285309751268
2004-05-19,0.21103148640091976
2004-05-20,0.21207002234836575
2004-05-21,0.18856794643393537
2004-05-24,0.18588681677658378
2004-05-25,0.19258075648850592
2004-05-26,0.21115245049360476
2004-05-27,0.21301816386802333
2004-05-28,0.20562823313597153
2004-05-31,0.20458449092273465
2004-06-01,0.20262648257239066
2004-06-02,0.19937108599005668
2004-06-03,0.19833184624289663
2004-06-04,0.19736908962309702
2004-06-07,0.1692557272837987
2004-06-08,0.15855896358073707
2004-06-09,0.16322662919244738
2004-06-11,0.14217581680135227
2004-06-14,0.1529298440306524
2004-06-15,0.15411373301109343
2004-06-16,0.15220301552106813
2004-06-17,0.1457680410714831
2004-06-18,0.1459605249629228
2004-06-21,0.16961575223957018
2004-06-22,0.16981530069123585
2004-06-23,0.15826708476004084
2004-06-24,0.14286743245308273
2004-06-25,0.14528088610727247
2004-06-28,0.14501229580953112
2004-06-29,0.14553128976362836
2004-06-30,0.14564112046918676
2004-07-01,0.14238625602836366
2004-07-02,0.14533161387607266
2004-07-05,0.1414043738848411
2004-07-06,0.14025049980753682
2004-07-07,0.14137366254744316
2004-07-08,0.13407552248363971
2004-07-09,0.13409147158527765
2004-07-12,0.12124324639453785
2004-07-13,0.1291565694874887
2004-07-14,0.13223377255211308
2004-07-15,0.13638839215452048
2004-07-16,0.15115258254996558
2004-07-19,0.12668090556601888
2004-07-20,0.12703218911079306
2004-07-21,0.12851233932312978
2004-07-22,0.13716910077471245
2004-07-23,0.1329304511858833
2004-07-26,0.13035998527249013
2004-07-27,0.12894304474099708
2004-07-28,0.1337843315256314
2004-07-29,0.1330002140880536
2004-07-30,0.13002941670335588
2004-08-02,0.12992825469451452
2004-08-03,0.13219026862453817
2004-08-04,0.13129728487722775
2004-08-05,0.1330571137497071
2004-08-06,0.14229800802824136
2004-08-09,0.14539005003506586
2004-08-10,0.1399556615568971
2004-08-11,0.14699234445214274
2004-08-12,0.14395278285277072
2004-08-13,0.12606802287344093
2004-08-16,0.12481245752745376
2004-08-17,0.13250535877368452
2004-08-18,0.12850351182444572
2004-08-19,0.12066906581041985
2004-08-20,0.12144084170288413
2004-08-23,0.12150731362581758
2004-08-24,0.13034281941931825
2004-08-25,0.13341099000866802
2004-08-26,0.13349655457862036
2004-08-27,0.13794195013404761
2004-08-30,0.13869808901419797
2004-08-31,0.13782311454341198
2004-09-01,0.1378429441563008
2004-09-02,0.13596069165545693
2004-09-03,0.12315422056558094
2004-09-06,0.11643040603509412
2004-09-07,0.12399804079729589
2004-09-08,0.10283032160572501
2004-09-09,0.10733778147818457
2004-09-10,0.10705077639574716
2004-09-13,0.10718327727206454
2004-09-14,0.10299084456980843
2004-09-15,0.10213046502920889
2004-09-16,0.10387595319195914
2004-09-17,0.10452099031730383
2004-09-20,0.1073288845014471
2004-09-21,0.09965849562764142
2004-09-22,0.08074716155271196
2004-09-23,0.08517715150416512
2004-09-24,0.09047703583306677
2004-09-27,0.08891139110727721
2004-09-28,0.08866512175098404
2004-09-29,0.08857506781396571
2004-09-30,0.08857984431268945
2004-10-01,0.08881637618251204
2004-10-04,0.10576315774247336
2004-10-05,0.09590318736108713
2004-10-06,0.09590756995628216
2004-10-07,0.09307708582956327
2004-10-08,0.11053511106044435
2004-10-11,0.10877176623247607
2004-10-12,0.14828548735018926
2004-10-13,0.14634795478328447
2004-10-14,0.15134938932369438
2004-10-15,0.1520514313308474
2004-10-18,0.15307500273004307
2004-10-19,0.17449204430988846
2004-10-20,0.1749628730849279
2004-10-21,0.1741151186616061
2004-10-22,0.17067369986859737
2004-10-25,0.17643536896470466
2004-10-26,0.17561597399758624
2004-10-27,0.17614797961243833
2004-10-28,0.1761511339208464
2004-10-29,0.1883193516909433
2004-11-02,0.18465220808686397
2004-11-03,0.18732177503822325
2004-11-04,0.1871054199151674
2004-11-05,0.18874579649268128
2004-11-08,0.18313885224959528
2004-11-09,0.19864250336706496
2004-11-10,0.169729835738099
2004-11-12,0.1704462517449603
2004-11-15,0.17221858496864284
2004-11-16,0.1718227886692675
2004-11-17,0.17003526818645537
2004-11-18,0.15220913573426476
2004-11-19,0.15103943642832868
2004-11-22,0.1551791604235613
2004-11-23,0.15823324106910833
2004-11-24,0.15093414125906174
2004-11-25,0.15813819717603347
2004-11-26,0.15846275754934486
2004-11-29,0.15779348013102598
2004-11-30,0.14559704825441727
2004-12-01,0.13985325868469797
2004-12-02,0.15928100318594923
2004-12-03,0.15965417054177522
2004-12-06,0.15738194709485478
2004-12-07,0.15309479625234423
2004-12-08,0.14262536138608198
2004-12-09,0.14702478975700617
2004-12-10,0.1467741369670579
2004-12-13,0.1378463775049644
2004-12-14,0.13664323991698835
2004-12-15,0.13849957153701392
2004-12-16,0.1491984879553904
2004-12-17,0.1489978060634897
2004-12-20,0.147504600069062
2004-12-21,0.14281271660786612
2004-12-22,0.14842524304675134
2004-12-23,0.15065732350339286
2004-12-24,0.15064220972879735
2004-12-27,0.1502753887981312
2004-12-28,0.15224120010089412
2004-12-29,0.16044040651751149
2004-12-30,0.13730634536574549
2004-12-31,0.13594592338108177
2005-01-03,0.134111140754676
2005-01-04,0.13570386270367896
2005-01-05,0.15734436871940488
2005-01-06,0.15603501935421274
2005-01-07,0.15535399796595964
2005-01-10,0.1575520260337865
2005-01-11,0.15939030991810557
2005-01-12,0.15659155156870708
2005-01-13,0.14283962421079643
2005-01-14,0.1427022572046472
2005-01-17,0.13213847588790006
2005-01-18,0.1590369284188331
2005-01-19,0.15825114628290654
2005-01-20,0.1553388393294171
2005-01-21,0.15351804692791135
2005-01-24,0.15308698296816786
2005-01-25,0.15868965240538682
2005-01-26,0.14292010143491868
2005-01-27,0.14117950519763958
2005-01-28,0.1424968675938172
2005-01-31,0.14605733364918935
2005-02-01,0.15725836118743935
2005-02-02,0.13622200643438548
2005-02-03,0.13456453452061432
2005-02-04,0.14152775880241364
2005-02-07,0.14763342669069182
2005-02-08,0.14501768087645014
2005-02-09,0.14791472872827396
2005-02-10,0.14969619104002194
2005-02-11,0.14999966958903094
2005-02-14,0.15059676329222627
2005-02-15,0.10839293162770022
2005-02-16,0.12939719762275478
2005-02-17,0.12892739393507857
2005-02-18,0.12499096875762163
2005-02-21,0.12790102674330775
2005-02-22,0.13539836829194704
2005-02-23,0.13935492812712458
2005-02-24,0.1399333391614358
2005-02-25,0.14946772159255625
2005-02-28,0.16310686380371453
2005-03-01,0.16038597295222662
2005-03-02,0.21213445560359065
2005-03-03,0.21253577656055772
2005-03-04,0.2119386934807903
2005-03-07,0.20657909184137513
2005-03-08,0.2077988849446008
2005-03-09,0.21321416243694613
2005-03-10,0.22035517876970395
2005-03-11,0.2289861689307881
2005-03-14,0.23306959918265327
2005-03-15,0.2321998419931606
2005-03-16,0.23307429317263728
2005-03-17,0.22824490149785862
2005-03-18,0.23184686615313804
2005-03-21,0.2304497425849789
2005-03-22,0.24361384902382766
2005-03-23,0.24354915687910372
2005-03-24,0.23955123967249628
2005-03-29,0.22423859208468344
2005-03-30,0.22370441631562554
2005-03-31,0.22786520307165406
2005-04-01,0.1905930688932499
2005-04-04,0.18864792588987359
2005-04-05,0.18477848975579625
2005-04-06,0.18664264079194848
2005-04-07,0.1903618745754484
2005-04-11,0.17509079575089506
2005-04-12,0.17038930730080565
2005-04-13,0.16286227687265706
2005-04-14,0.16246986516514506
2005-04-15,0.16337775666840512
2005-04-18,0.15930463307421233
2005-04-19,0.1584068472178976
2005-04-20,0.156510156944371
2005-04-21,0.1535997294707269
2005-04-22,0.13829796853719373
2005-04-25,0.13820336525746954
2005-04-26,0.14201344093412768
2005-04-27,0.15409224051269443
2005-04-28,0.1546387626960681
2005-04-29,0.14870397222519477
2005-05-02,0.14961274396251473
2005-05-04,0.15009445331845345
2005-05-05,0.1493643373362619
2005-05-06,0.1436371595912126
2005-05-09,0.13998821004902673
2005-05-10,0.14701041845836713
2005-05-11,0.14736006354237988
2005-05-12,0.15107282322223398
2005-05-13,0.1508205367819619
2005-05-16,0.15055043541490742
2005-05-17,0.13393710877946222
2005-05-18,0.15555789560115046
2005-05-19,0.15288509022642902
2005-05-20,0.14341520270388514
2005-05-23,0.14054626012901703
2005-05-24,0.14106266358050987
2005-05-25,0.13706103353985188
2005-05-27,0.14028270685166547
2005-05-30,0.1323619250369533
2005-05-31,0.13262403593345995
2005-06-01,0.14069196361139205
2005-06-02,0.14819939111870772
2005-06-03,0.15018237736837284
2005-06-06,0.1572248059664013
2005-06-07,0.15624237921938947
2005-06-08,0.13971625292975512
2005-06-09,0.13909169947175162
2005-06-10,0.13899327232120945
2005-06-13,0.12948237944960192
2005-06-14,0.13918362164059409
2005-06-15,0.14459959205639342
2005-06-16,0.13340603056028585
2005-06-17,0.13509932466048705
2005-06-20,0.13550602190319436
2005-06-21,0.13487696093479862
2005-06-22,0.13625175145474155
2005-06-23,0.13994480907162035
2005-06-24,0.13871737191810526
2005-06-27,0.14353496615018574
2005-06-28,0.14365717156092075
2005-06-29,0.13453845322197475
2005-06-30,0.1315483773477481
2005-07-01,0.13209451032499833
2005-07-04,0.1270330234631584
2005-07-05,0.1308348501871013
2005-07-06,0.129052235144684
2005-07-07,0.14124164729079994
2005-07-08,0.1471193219137091
2005-07-11,0.14652083333823374
2005-07-12,0.14523369199293923
2005-07-13,0.1404082006692916
2005-07-14,0.13991414265727792
2005-07-15,0.13917557616057685
2005-07-18,0.14370599386866237
2005-07-19,0.14428449564414186
2005-07-20,0.13836550512453452
2005-07-21,0.13901679296568462
2005-07-22,0.13390245021278263
2005-07-25,0.13120874088828216
2005-07-26,0.1313362429429115
2005-07-27,0.13214401415720187
2005-07-28,0.13084259172030388
2005-07-29,0.12966505059748568
2005-08-01,0.1294761228844546
2005-08-02,0.13839377533635316
2005-08-03,0.15535633152245382
2005-08-04,0.14115219272867588
2005-08-05,0.13795129869517533
2005-08-08,0.144098485568471
2005-08-09,0.14047902289486414
2005-08-10,0.1475394975532096
2005-08-11,0.1486019888940025
2005-08-12,0.15126010229791814
2005-08-16,0.14935465815089943
2005-08-17,0.15698892450080582
2005-08-18,0.1649684538146498
2005-08-19,0.1630179591120762
2005-08-22,0.159934175323833
2005-08-23,0.15817692151807367
2005-08-24,0.15733934497379803
2005-08-25,0.1549777865484948
2005-08-26,0.15695593447570794
2005-08-29,0.15587689478934172
2005-08-30,0.15667755992480845
2005-08-31,0.13860401527873364
2005-09-01,0.14561118978217766
2005-09-02,0.14565382705336713
2005-09-05,0.1505654655525776
2005-09-06,0.1416154963103231
2005-09-07,0.14131845159879577
2005-09-08,0.13730747975956498
2005-09-09,0.14445131485928847
2005-09-12,0.14618205112004312
2005-09-13,0.14379696952630794
2005-09-14,0.1349499676737218
2005-09-15,0.1259151997729675
2005-09-16,0.1271135399472164
2005-09-19,0.1395064663699148
2005-09-20,0.14282267637371482
2005-09-21,0.15038290967640994
2005-09-22,0.1494312558691607
2005-09-23,0.15439587578582015
2005-09-26,0.1564462623209231
2005-09-27,0.15689131752133773
2005-09-28,0.16908589906783564
2005-09-29,0.15689373013307004
2005-09-30,0.16108104931551853
2005-10-03,0.16111306610336867
2005-10-04,0.1641155823194286
2005-10-05,0.18271796699375448
2005-10-06,0.23035992752488554
2005-10-07,0.22559922626739107
2005-10-10,0.2204680356240673
2005-10-11,0.2272119340490863
2005-10-12,0.23180272763774504
2005-10-13,0.2666678278698031
2005-10-14,0.2619101722426149
2005-10-17,0.24940439741052742
2005-10-18,0.25064647581228316
2005-10-19,0.25996561689174275
2005-10-20,0.27091267772067934
2005-10-21,0.2705779597283218
2005-10-24,0.26741784418711023
2005-10-25,0.26591725327941357
2005-10-26,0.2643166622482806
2005-10-27,0.2680278632627218
2005-10-28,0.26272223660745125
2005-10-31,0.25482706848815345
2005-11-02,0.28638089209296325
2005-11-03,0.28711031940532
2005-11-04,0.2554451683328203
2005-11-07,0.2559995068546754
2005-11-08,0.25733899892304474
2005-11-09,0.25034695995606904
2005-11-10,0.24709501699521552
2005-11-14,0.19591222794475796
2005-11-15,0.19348365826839461
2005-11-16,0.19233098229902837
2005-11-17,0.2047961763911688
2005-11-18,0.18055744651005026
2005-11-21,0.1816915147421722
2005-11-22,0.183789490883078
2005-11-23,0.18348553539397466
2005-11-24,0.18202248257044595
2005-11-25,0.17754992835507902
2005-11-28,0.16391562393899098
2005-11-29,0.1638320519647447
2005-11-30,0.16253552831435458
2005-12-01,0.12383154472635839
2005-12-02,0.12555837888712332
2005-12-05,0.12683788292080653
2005-12-06,0.1318247744830624
2005-12-07,0.13019328684611134
2005-12-08,0.13112279351281403
2005-12-09,0.13100767863812543
2005-12-12,0.13127422243900472
2005-12-13,0.13098047899162926
2005-12-14,0.1368776979806451
2005-12-15,0.1214488571131153
2005-12-16,0.12171462239770338
2005-12-19,0.11089051026453786
2005-12-20,0.11106527751938096
2005-12-21,0.11093614416752096
2005-12-22,0.11253705130483353
2005-12-23,0.11354883415597083
2005-12-27,0.11708321098318697
2005-12-28,0.12194018606663426
2005-12-29,0.12172057218538662
2005-12-30,0.13651646256342753
2006-01-02,0.1346342280127685
2006-01-03,0.1464722515313419
2006-01-04,0.16371062436297282
2006-01-05,0.1647161366583759
2006-01-06,0.16377009181960914
2006-01-09,0.16698147677142608
2006-01-10,0.17978018475490232
2006-01-11,0.1851906936306819
2006-01-12,0.1864169510170607
2006-01-13,0.1973807292169699
2006-01-16,0.20347576610001633
2006-01-17,0.2045179838350675
2006-01-18,0.2050500393974547
2006-01-19,0.22225766602265928
2006-01-20,0.22109650818365
2006-01-23,0.2221012783695832
2006-01-24,0.21953209233690868
2006-01-25,0.22055018509745555
2006-01-26,0.22694036210710009
2006-01-27,0.2160358438308776
2006-01-30,0.2134416628470696
2006-01-31,0.2708806902086864
2006-02-01,0.25159786936733536
2006-02-02,0.2516016895473785
2006-02-03,0.2590054169911792
2006-02-06,0.27792160900247564
2006-02-07,0.2736550339741151
2006-02-08,0.26708455405082054
2006-02-09,0.2666642647594236
2006-02-10,0.2668943114114095
2006-02-13,0.26014946795688415
2006-02-14,0.26220170582419194
2006-02-15,0.26266721878332894
2006-02-16,0.24957967708316398
2006-02-17,0.27962695338743593
2006-02-20,0.28605644292980215
2006-02-21,0.2862227503110017
2006-02-22,0.2798437886724219
2006-02-23,0.27776970243788723
2006-02-24,0.2821042692680403
2006-02-27,0.2826200822427166
2006-02-28,0.27172745329055453
2006-03-01,0.2751127468019767
2006-03-02,0.27675219536902756
2006-03-03,0.26557277025027015
2006-03-06,0.2494601218545692
2006-03-07,0.26322068278478333
2006-03-08,0.2774946087245589
2006-03-09,0.27711615023164315
2006-03-10,0.27143639364853905
2006-03-13,0.2698275539508774
2006-03-14,0.2708839940149091
2006-03-15,0.2761573506914738
2006-03-16,0.2787239371059374
2006-03-17,0.2497244555512992
2006-03-20,0.24178016593258086
2006-03-21,0.24252751109454848
2006-03-22,0.2428237447960526
2006-03-23,0.25078318164189667
2006-03-24,0.24500024529389722
2006-03-27,0.24708213979229907
2006-03-28,0.2055677478787285
2006-03-29,0.19882692015489323
2006-03-30,0.20146765048671936
2006-03-31,0.20040194541822437
2006-04-03,0.20725920124179137
2006-04-04,0.18849855226398465
2006-04-05,0.16188147514572793
2006-04-06,0.1629565416635836
2006-04-07,0.16797677838727643
2006-04-10,0.167554106899224
2006-04-11,0.16164775883972624
2006-04-12,0.1563022908249912
2006-04-13,0.14310785087173938
2006-04-18,0.15245318597703886
2006-04-19,0.15335509832252053
2006-04-20,0.1646287440321069
2006-04-21,0.1604918930754152
2006-04-24,0.15885666752585392
2006-04-25,0.16189074668272832
2006-04-26,0.16333366346030032
2006-04-27,0.19368080721207356
2006-04-28,0.19220112529766137
2006-05-02,0.1924246107820999
2006-05-04,0.19907709662893894
2006-05-05,0.19578929277210066
2006-05-08,0.19704056290577207
2006-05-09,0.21180089042683337
2006-05-10,0.2146707517929908
2006-05-11,0.2263514607895253
2006-05-12,0.23822893692738875
2006-05-15,0.27788626831978225
2006-05-16,0.27868738741097854
2006-05-17,0.3025209269032499
2006-05-18,0.2951313153647
2006-05-19,0.29586134273810566
2006-05-22,0.3416213842711228
2006-05-23,0.34603242723353533
2006-05-24,0.36303696978290695
2006-05-25,0.37333892117001893
2006-05-26,0.37324236005389017
2006-05-29,0.3627470876519926
2006-05-30,0.36066690136394813
2006-05-31,0.3603779565882167
2006-06-01,0.35080331092889533
2006-06-02,0.36612620752635555
2006-06-05,0.3621940086341132
2006-06-06,0.36708252324556867
2006-06-07,0.3673233834608569
2006-06-08,0.3479289749979388
2006-06-09,0.34786508271957356
2006-06-12,0.347138057711628
2006-06-13,0.3600278942482464
2006-06-14,0.352493781212339
2006-06-16,0.35659850352888783
2006-06-19,0.37840805604540767
2006-06-20,0.3291819115025685
2006-06-21,0.3210127921027257
2006-06-22,0.2913486476948601
2006-06-23,0.28261331890007585
2006-06-26,0.2867620658183922
2006-06-27,0.33989981670547265
2006-06-28,0.34405436798715106
2006-06-29,0.3436137742161823
2006-06-30,0.34706612955870175
2006-07-03,0.334247000406338
2006-07-04,0.3337517625235021
2006-07-05,0.3298133298502222
2006-07-06,0.34819270355193505
2006-07-07,0.34069753786200635
2006-07-10,0.3349857656431208
2006-07-11,0.30441358468235996
2006-07-12,0.25928269784931285
2006-07-13,0.3215733213963785
2006-07-14,0.3239349272311483
2006-07-17,0.3263500823423108
2006-07-18,0.32885217381015375
2006-07-19,0.3288500100487447
2006-07-20,0.34153919845317093
2006-07-21,0.34544401223541926
2006-07-24,0.34344374870994676
2006-07-25,0.30754180672466636
2006-07-26,0.3023416036575236
2006-07-27,0.32115567651866056
2006-07-28,0.3188546845083827
2006-07-31,0.31919164052681426
2006-08-01,0.33166880995026604
2006-08-02,0.3205820214958948
2006-08-03,0.3303895692626976
2006-08-04,0.323632094967397
2006-08-07,0.32185667010649843
2006-08-08,0.3200123720804281
2006-08-09,0.32596090460320665
2006-08-10,0.2913549093764424
2006-08-11,0.3109402254929817
2006-08-14,0.30415693230341356
2006-08-16,0.3019959687116055
2006-08-17,0.3042768264658325
2006-08-18,0.2727314394120838
2006-08-21,0.2720425913829142
2006-08-22,0.2733869218516442
2006-08-23,0.27153306103635155
2006-08-24,0.2767303225046825
2006-08-25,0.23887611534607528
2006-08-28,0.2377583278200949
2006-08-29,0.2598592998997654
2006-08-30,0.2580493834369031
2006-08-31,0.2600754869013938
2006-09-01,0.23263164042823503
2006-09-04,0.2664760379660274
2006-09-05,0.26360073561582836
2006-09-06,0.26760781893099167
2006-09-07,0.258615238656575
2006-09-08,0.24877767032103598
2006-09-11,0.22677987111685743
2006-09-12,0.23217409476923784
2006-09-13,0.22935577652084543
2006-09-14,0.22972951963465832
2006-09-15,0.22946521557992813
2006-09-18,0.23230521751074415
2006-09-19,0.23340239933808216
2006-09-20,0.2404220550447901
2006-09-21,0.2326990960763646
2006-09-22,0.23242687539820348
2006-09-25,0.23342764738366512
2006-09-26,0.2157852827549651
2006-09-27,0.21156859266747563
2006-09-28,0.2092581813626851
2006-09-29,0.2118291729436248
2006-10-02,0.15505037852889111
2006-10-03,0.15243656629736288
2006-10-04,0.15287463003192497
2006-10-05,0.16468670673233368
2006-10-06,0.16156519569293448
2006-10-09,0.16346637343815076
2006-10-10,0.16907859117180443
2006-10-11,0.16646710152200775
2006-10-12,0.1679347582049664
2006-10-13,0.16849903561665952
2006-10-16,0.1658910059829461
2006-10-17,0.1765463187246324
2006-10-18,0.17803272565207495
2006-10-19,0.1737133380833296
2006-10-20,0.17590894226098588
2006-10-23,0.17822986038934815
2006-10-24,0.17892268439746342
2006-10-25,0.17418465832172467
2006-10-26,0.1739847704558818
2006-10-27,0.18096637938996002
2006-10-30,0.19321706132959052
2006-10-31,0.1908990834605787
2006-11-02,0.19221842188779023
2006-11-03,0.18358234892447386
2006-11-06,0.19606175454280927
2006-11-07,0.20011029811218914
2006-11-08,0.1920880009504354
2006-11-09,0.19201870589086187
2006-11-10,0.1945594090201677
2006-11-13,0.19218042101473604
2006-11-14,0.19219115522076322
2006-11-15,0.19668314274868898
2006-11-16,0.18093846059936325
2006-11-17,0.18176818760672142
2006-11-20,0.17771420687538841
2006-11-21,0.18158889112143423
2006-11-22,0.19272731198966245
2006-11-23,0.192416596654334
2006-11-24,0.19120285431293998
2006-11-27,0.18295338486333088
2006-11-28,0.17381267543922183
2006-11-29,0.1899932082925956
2006-11-30,0.19165954143693742
2006-12-01,0.18963688457487465
2006-12-04,0.19893169435206032
2006-12-05,0.20272674271382693
2006-12-06,0.2034923785832135
2006-12-07,0.20514792320190828
2006-12-08,0.19564420249721373
2006-12-11,0.19585398077206165
2006-12-12,0.1985034606156149
2006-12-13,0.17754549722212473
2006-12-14,0.17697000535187593
2006-12-15,0.17194972743179127
2006-12-18,0.17122691459820177
2006-12-19,0.21276754769023398
2006-12-20,0.2061603526105162
2006-12-21,0.20565429469140642
2006-12-22,0.21460312849352156
2006-12-27,0.22510196717697117
2006-12-28,0.22590220631151833
2006-12-29,0.2139463105279914
2007-01-02,0.22082052708204356
2007-01-03,0.22089673277432315
2007-01-04,0.2105498845479378
2007-01-05,0.20800959762596574
2007-01-08,0.20771673617945716
2007-01-09,0.2030410217651582
2007-01-10,0.20785144469575323
2007-01-11,0.23757770116933877
2007-01-12,0.23908825334679226
2007-01-15,0.2535035645004183
2007-01-16,0.25184727953877273
2007-01-17,0.25127590129188404
2007-01-18,0.2803054756856138
2007-01-19,0.2539375413586196
2007-01-22,0.2575019002058137
2007-01-23,0.2577137045428727
2007-01-24,0.2488838839694976
2007-01-25,0.2410921878312366
2007-01-26,0.23989221794124804
2007-01-29,0.2385166751713754
2007-01-30,0.2302442103513333
2007-01-31,0.2367294188141674
2007-02-01,0.2288098168021624
2007-02-02,0.21022291873171808
2007-02-05,0.20941934648709484
2007-02-06,0.21159559267291025
2007-02-07,0.19855475843880896
2007-02-08,0.21602306139245733
2007-02-09,0.21539760293704713
2007-02-12,0.217692757669096
2007-02-13,0.22881800275387681
2007-02-14,0.2283748793902527
2007-02-15,0.19469851544879507
2007-02-16,0.19387819526775363
2007-02-19,0.199356802191883
2007-02-20,0.20270477988915586
2007-02-21,0.20759186792824397
2007-02-22,0.2185929972313454
2007-02-23,0.2186648597209206
2007-02-26,0.22059610123473986
2007-02-27,0.2756634324146402
2007-02-28,0.27907728432159656
2007-03-01,0.2665621714726173
2007-03-02,0.27078426660730937
2007-03-05,0.2753114557944994
2007-03-06,0.27897453039839143
2007-03-07,0.2789121553327015
2007-03-08,0.2975925289926904
2007-03-09,0.2973422103736369
2007-03-12,0.2885411282296936
2007-03-13,0.2780993413638732
2007-03-14,0.2804804008897227
2007-03-15,0.2803183801590192
2007-03-16,0.2818934507872529
2007-03-19,0.2834312564460571
2007-03-20,0.2810783246610609
2007-03-21,0.28091303818603414
2007-03-22,0.2792928220420195
2007-03-23,0.2827333111668225
2007-03-26,0.28553880919697555
2007-03-27,0.22963156990119227
2007-03-28,0.21153170051404083
2007-03-29,0.214835540392403
2007-03-30,0.21428588084830938
2007-04-02,0.2088416447395565
2007-04-03,0.21257811991128178
2007-04-04,0.20628024587424687
2007-04-05,0.1725121666832487
2007-04-10,0.17056056744325165
2007-04-11,0.17016458377968788
2007-04-12,0.17306092785795607
2007-04-13,0.17249510528549264
2007-04-16,0.1752913306121373
2007-04-17,0.17852478219937146
2007-04-18,0.17070758975108033
2007-04-19,0.1757829918336963
2007-04-20,0.18031152352932028
2007-04-23,0.17073304731721395
2007-04-24,0.17438538983989335
2007-04-25,0.1672006038695345
2007-04-26,0.1673949005940565
2007-04-27,0.16111852026329976
2007-04-30,0.14728857803527914
2007-05-02,0.14819182594695224
2007-05-04,0.15411270181777517
2007-05-07,0.14905913855011932
2007-05-08,0.17145780440991237
2007-05-09,0.1711669270401791
2007-05-10,0.17439294596220167
2007-05-11,0.1732895119723907
2007-05-14,0.1703060096189095
2007-05-15,0.1763867326913649
2007-05-16,0.1694467761428294
2007-05-17,0.17090433191506604
2007-05-18,0.17627330482848647
2007-05-21,0.18163889031253458
2007-05-22,0.18262937341928367
2007-05-23,0.19316629577076022
2007-05-24,0.18906060894115662
2007-05-25,0.18996867462171627
2007-05-28,0.19412198465353783
2007-05-29,0.1945563649017795
2007-05-30,0.19576680066779292
2007-05-31,0.20618348698873704
2007-06-01,0.20708936844218165
2007-06-04,0.20620721871181136
2007-06-05,0.18808861104850386
2007-06-06,0.20853813992969458
2007-06-08,0.20290670428348148
2007-06-11,0.2050062697949637
2007-06-12,0.20996811706545607
2007-06-13,0.2073192641482959
2007-06-14,0.20887051160085038
2007-06-15,0.21068393808730793
2007-06-18,0.21217359917246553
2007-06-19,0.20924040925970955
2007-06-20,0.21127479779078187
2007-06-21,0.2043928372500385
2007-06-22,0.20924510947497957
2007-06-25,0.20661940354950958
2007-06-26,0.20936598858887515
2007-06-27,0.22439255812228334
2007-06-28,0.22910045392999065
2007-06-29,0.2239226684181447
2007-07-02,0.20759370712872952
2007-07-03,0.21794492092110634
2007-07-04,0.2185911838748629
2007-07-05,0.19944284083864902
2007-07-06,0.20341337638394014
2007-07-09,0.20398017947979175
2007-07-10,0.2106710045168092
2007-07-11,0.20619868206152958
2007-07-12,0.20026339865005408
2007-07-13,0.18968469925627626
2007-07-16,0.1895670538145124
2007-07-17,0.19014622224865624
2007-07-18,0.18167581459062626
2007-07-19,0.18487003513240954
2007-07-20,0.18353568131071293
2007-07-23,0.19175209777934518
2007-07-24,0.19088722300380423
2007-07-25,0.17526013400230187
2007-07-26,0.19346151385189464
2007-07-27,0.19326169290447268
2007-07-30,0.19339043235915845
2007-07-31,0.18693836900441685
2007-08-01,0.19351289806212024
2007-08-02,0.19396528394665957
2007-08-03,0.18462116144376547
2007-08-06,0.18625441812596044
2007-08-07,0.18631579120845793
2007-08-08,0.18529734018073
2007-08-09,0.19124174575739197
2007-08-10,0.2097687974855384
2007-08-13,0.24020023570248916
2007-08-14,0.24168484889736325
2007-08-16,0.3021585045094041
2007-08-17,0.3003787761158333
2007-08-20,0.30195492450986994
2007-08-21,0.28957644289879597
2007-08-22,0.3422979740855231
2007-08-23,0.34450857651326866
2007-08-24,0.33994707468039115
2007-08-27,0.340539443597002
2007-08-28,0.3438049806389257
2007-08-29,0.3458638611119811
2007-08-30,0.348392653239344
2007-08-31,0.3662314979614153
2007-09-03,0.36312988358971904
2007-09-04,0.36199940539893855
2007-09-05,0.36724931246509823
2007-09-06,0.36822136744488954
2007-09-07,0.3649006791058394
2007-09-10,0.35507463142846785
2007-09-11,0.3412015040286996
2007-09-12,0.3540608096750109
2007-09-13,0.29103952932040117
2007-09-14,0.2900258360680581
2007-09-17,0.29016766203396394
2007-09-18,0.28809353983735075
2007-09-19,0.2773572943164321
2007-09-20,0.2774311985499309
2007-09-21,0.2748572659929393
2007-09-24,0.2800187266160002
2007-09-25,0.275251527321093
2007-09-26,0.2701290814912419
2007-09-27,0.257803400800252
2007-09-28,0.24151527812872325
2007-10-01,0.24224557014226214
2007-10-02,0.2539846029573142
2007-10-03,0.2429349125678453
2007-10-04,0.24002029094372393
2007-10-05,0.23635054674591915
2007-10-08,0.22252062316713778
2007-10-09,0.23943645523742033
2007-10-10,0.22704117519314002
2007-10-11,0.2285090782779604
2007-10-12,0.22958028818688878
2007-10-15,0.2295616425207825
2007-10-16,0.24109258232816347
2007-10-17,0.20048826950480297
2007-10-18,0.21296472386494655
2007-10-19,0.21393312839544815
2007-10-22,0.20491526095235096
2007-10-23,0.21965120864377405
2007-10-24,0.22258054941086988
2007-10-25,0.22096227854526504
2007-10-26,0.21507320953491263
2007-10-29,0.21553052837416625
2007-10-30,0.20537822213102402
2007-10-31,0.20350674541091582
2007-11-02,0.21441663456522822
2007-11-05,0.21433629285129469
2007-11-06,0.21430866892509792
2007-11-07,0.19594827514926413
2007-11-08,0.1998559700068919
2007-11-09,0.190814608845263
2007-11-12,0.19642405105203867
2007-11-13,0.2119344393560764
2007-11-14,0.20938249739563036
2007-11-15,0.21207410689295328
2007-11-16,0.20519011995467148
2007-11-19,0.2021833742207862
2007-11-20,0.21033132467405186
2007-11-21,0.18060654893362102
2007-11-22,0.1860339500920242
2007-11-23,0.18404120414265787
2007-11-26,0.18817788102413274
2007-11-27,0.185199093668945
2007-11-28,0.21276199845790222
2007-11-29,0.21416898890410918
2007-11-30,0.21042518190955295
2007-12-03,0.2111044222512659
2007-12-04,0.21255617322127246
2007-12-05,0.24942289643734114
2007-12-06,0.2448747778511121
2007-12-07,0.23524226866177955
2007-12-10,0.22492793342897388
2007-12-11,0.21634506515492277
2007-12-12,0.20800893215708255
2007-12-13,0.2094569122126171
2007-12-14,0.2288179028035529
2007-12-17,0.2534155819365843
2007-12-18,0.2499463444052988
2007-12-19,0.248620793433232
2007-12-20,0.24836956689193462
2007-12-21,0.2516800102989075
2007-12-27,0.2502813935007678
2007-12-28,0.25501524892639016
2008-01-02,0.24215914797913962
2008-01-03,0.24237010349242652
2008-01-04,0.24371369938529988
2008-01-07,0.24740000424473216
2008-01-08,0.24995798784074771
2008-01-09,0.20888896222339312
2008-01-10,0.2125531470549392
2008-01-11,0.20856214331337622
2008-01-14,0.20341707042572482
2008-01-15,0.24128623671242508
2008-01-16,0.2501893637828615
2008-01-17,0.2587176808195927
2008-01-18,0.2668934023119281
2008-01-21,0.3368087874495221
2008-01-22,0.3516098247831956
2008-01-23,0.35250716669197896
2008-01-24,0.38449142250713253
2008-01-25,0.38038604909963125
2008-01-28,0.37524191482915814
2008-01-29,0.3979007092756294
2008-01-30,0.4023775672725923
2008-01-31,0.4040032531696129
2008-02-01,0.4262709821651808
2008-02-04,0.427330466288357
2008-02-05,0.4421929992854732
2008-02-06,0.4407782561780055
2008-02-07,0.4404947017903778
2008-02-08,0.4413829059370534
2008-02-11,0.4435976904037378
2008-02-12,0.43960414789057617
2008-02-13,0.41729807131562874
2008-02-14,0.4171473948908568
2008-02-15,0.42259286525756756
2008-02-18,0.3398345048927219
2008-02-19,0.33743588833884364
2008-02-20,0.3391874503819648
2008-02-21,0.3177764784840815
2008-02-22,0.3206637376630609
2008-02-25,0.3067262339454799
2008-02-26,0.2944310075766835
2008-02-27,0.2924789647278904
2008-02-28,0.2837586117693819
2008-02-29,0.27230578622326773
2008-03-03,0.27247366096743736
2008-03-04,0.24623666638074296
2008-03-05,0.2699018062518487
2008-03-06,0.26858133323556
2008-03-07,0.27159103910169274
2008-03-10,0.2779760078783453
2008-03-11,0.2588605802716088
2008-03-12,0.2584032298348131
2008-03-13,0.2764890962683494
2008-03-14,0.2704063068199448
2008-03-17,0.2698380883071421
2008-03-18,0.3294482772297439
2008-03-19,0.33171394332840237
2008-03-20,0.34033485964526117
2008-03-25,0.3742966976321638
2008-03-26,0.37425555195141197
2008-03-27,0.37632343495950005
2008-03-28,0.376395642972328
2008-03-31,0.37528905007996216
2008-04-01,0.3690536590344478
2008-04-02,0.3653951988313161
2008-04-03,0.3568832101848707
2008-04-04,0.3457427974386191
2008-04-07,0.3406074076597861
2008-04-08,0.3414726110114024
2008-04-09,0.33756103386699504
2008-04-10,0.32908264920060937
2008-04-11,0.34920479071894744
2008-04-14,0.3305928843652092
2008-04-15,0.3319479434094633
2008-04-16,0.3013567487124254
2008-04-17,0.2542806588530469
2008-04-18,0.25961507888341584
2008-04-21,0.2448877346816916
2008-04-22,0.2052180398320553
2008-04-23,0.2190074885426976
2008-04-24,0.22103417348910734
2008-04-25,0.22194758223585823
2008-04-28,0.22865863930117478
2008-04-29,0.22817172700985422
2008-04-30,0.23441645683640286
2008-05-05,0.24353343938462085
2008-05-06,0.23847205597817694
2008-05-07,0.24747440712936047
2008-05-08,0.24456204971588022
2008-05-09,0.24315142999308803
2008-05-12,0.2427546770537543
2008-05-13,0.20908189328651058
2008-05-14,0.20831255417782982
2008-05-15,0.212002801388136
2008-05-16,0.2119167838792932
2008-05-19,0.2174873711930892
2008-05-20,0.21885081151674138
2008-05-21,0.21557632466303336
2008-05-23,0.2157190027432713
2008-05-26,0.19855623680913578
2008-05-27,0.19039470672361397
2008-05-28,0.19196637775744774
2008-05-29,0.18799905577270473
2008-05-30,0.17555277488406187
2008-06-02,0.16963564335228737
2008-06-03,0.1583601006044977
2008-06-04,0.17232810181841557
2008-06-05,0.1583799363893459
2008-06-06,0.1557971924762498
2008-06-09,0.1656088586020435
2008-06-10,0.1792307563080701
2008-06-11,0.1891172467578091
2008-06-12,0.1974980267026376
2008-06-13,0.19862611414177
2008-06-16,0.19609150960688196
2008-06-17,0.19945177252863971
2008-06-18,0.19800647660413226
2008-06-19,0.20862394534798342
2008-06-20,0.20702690787236688
2008-06-23,0.2128857845202795
2008-06-24,0.21385284306416777
2008-06-25,0.21062532405157958
2008-06-26,0.21379828107112955
2008-06-27,0.2245080706946612
2008-06-30,0.22467012596136512
2008-07-01,0.21817586697980226
2008-07-02,0.21350072031411813
2008-07-03,0.2064505418167989
2008-07-04,0.20727807868443285
2008-07-07,0.20551278271961498
2008-07-08,0.1894734467823636
2008-07-09,0.1863196017073896
2008-07-10,0.17630158110123997
2008-07-11,0.1797970503815002
2008-07-14,0.17837575120589047
2008-07-15,0.1980182446202525
2008-07-16,0.19695014684471127
2008-07-17,0.2353552979449157
2008-07-18,0.23579864061315606
2008-07-21,0.2510449659083396
2008-07-22,0.2509168582419096
2008-07-23,0.26116433266592315
2008-07-24,0.26173248094155516
2008-07-25,0.24973638386253025
2008-07-28,0.24997963471545534
2008-07-29,0.24470776932037414
2008-07-30,0.27876815911868197
2008-07-31,0.2780470972905063
2008-08-01,0.27905112419501876
2008-08-04,0.28450137990909347
2008-08-05,0.28863638177909773
2008-08-06,0.2990415787851991
2008-08-07,0.3002634867552299
2008-08-08,0.295969200199409
2008-08-11,0.29691623237626685
2008-08-12,0.2746227361033593
2008-08-13,0.2775316961384465
2008-08-14,0.25307527353294373
2008-08-18,0.2535639057068268
2008-08-19,0.25436329055229917
2008-08-20,0.25468455099178655
2008-08-21,0.24353759518384507
2008-08-22,0.24813227326486076
2008-08-25,0.24522934819333975
2008-08-26,0.24792395287708105
2008-08-27,0.25040039332070835
2008-08-28,0.2217855484102189
2008-08-29,0.22526985643247943
2008-09-01,0.22220405105599475
2008-09-02,0.23836865502340496
2008-09-03,0.23251606087211762
2008-09-04,0.21988444567468565
2008-09-05,0.260918203581259
2008-09-08,0.27456846586660144
2008-09-09,0.275184490672243
2008-09-10,0.27123538985256757
2008-09-11,0.2706256635323054
2008-09-12,0.27213603473426523
2008-09-15,0.30000979326943267
2008-09-16,0.31140652622271814
2008-09-17,0.3104236189941117
2008-09-18,0.31544931056920283
2008-09-19,0.3758178911855332
2008-09-22,0.37582955342859065
2008-09-23,0.385155929176183
2008-09-24,0.3844592882865746
2008-09-25,0.39215588679813784
2008-09-26,0.39107511379287485
2008-09-29,0.42783351250207585
2008-09-30,0.4251679514205171
2008-10-01,0.428627415905966
2008-10-02,0.4316221624354079
2008-10-03,0.40869801201827705
2008-10-06,0.4410236011162188
2008-10-07,0.441329321711942
2008-10-08,0.4401798280167498
2008-10-09,0.4405821881360045
2008-10-10,0.5185117274184742
2008-10-13,0.5129620141628262
2008-10-14,0.5286013760067213
2008-10-15,0.5704853879270829
2008-10-16,0.5739408636806155
2008-10-17,0.5530224201705175
2008-10-20,0.5533277621101982
2008-10-21,0.5682462896361257
2008-10-22,0.6106097035567339
2008-10-23,0.5868751152026492
2008-10-24,0.5824152636586319
2008-10-27,0.5826597568441738
2008-10-28,0.5968487200684125
2008-10-29,0.6757950941773521
2008-10-30,0.6915132462243587
2008-10-31,0.6995700092333161
2008-11-03,0.6785466951404332
2008-11-04,0.706247102615301
2008-11-05,0.708599201063638
2008-11-06,0.7190693200235482
2008-11-07,0.6711745518648118
2008-11-10,0.6726680945168625
2008-11-12,0.6700069419809164
2008-11-13,0.6505507049704975
2008-11-14,0.6473093929892065
2008-11-17,0.6100754683753639
2008-11-18,0.6233417411364468
2008-11-19,0.6210477173084125
2008-11-20,0.5936674042889306
2008-11-21,0.5864509172080552
2008-11-24,0.6368286159958134
2008-11-25,0.6374880267314036
2008-11-26,0.6280985645169588
2008-11-27,0.5715379799953357
2008-11-28,0.5668880720300001
2008-12-01,0.566642065102587
2008-12-02,0.5717758970390731
2008-12-03,0.5463361679008194
2008-12-04,0.5619494192803038
2008-12-05,0.543295943386131
2008-12-08,0.5625858828632286
2008-12-09,0.563958234898318
2008-12-10,0.5323446021922296
2008-12-11,0.5050257616053745
2008-12-12,0.5230958900446521
2008-12-15,0.5218913558710949
2008-12-16,0.501517046333983
2008-12-17,0.5256762309229022
2008-12-18,0.4689927622560354
2008-12-19,0.46663615443620204
2008-12-22,0.37781758898681594
2008-12-23,0.3745204379137923
2008-12-29,0.37854625210628323
2008-12-30,0.3806799737747558
2008-12-31,0.37668494948598114
2009-01-05,0.40116407328312864
2009-01-06,0.4034418636221249
2009-01-07,0.399675118239903
2009-01-08,0.3860276264604515
2009-01-09,0.3915882789411369
2009-01-12,0.3594776929828398
2009-01-13,0.3545707435465042
2009-01-14,0.37579059244873475
2009-01-15,0.3763699386645089
2009-01-16,0.36017088259588315
2009-01-19,0.36789976823247406
2009-01-20,0.35024213309067026
2009-01-21,0.3386216513917098
2009-01-22,0.35537525946923115
2009-01-23,0.3552945208354262
2009-01-26,0.3745447174860601
2009-01-27,0.3906961126865114
2009-01-28,0.38849132963517147
2009-01-29,0.3805891809210279
2009-01-30,0.3807522410223953
2009-02-02,0.34234824040409745
2009-02-03,0.3456966712746107
2009-02-04,0.3590042811618367
2009-02-05,0.36410213572609484
2009-02-06,0.3874470066540675
2009-02-09,0.40999643139055425
2009-02-10,0.4102995848790572
2009-02-11,0.4003168995510919
2009-02-12,0.4118404483353712
2009-02-13,0.4065870850961832
2009-02-16,0.40908966251393125
2009-02-17,0.48025824755627106
2009-02-18,0.47019463222732155
2009-02-19,0.5077644923143015
2009-02-20,0.5087655056582606
2009-02-23,0.486520091995012
2009-02-24,0.47839792016109123
2009-02-25,0.4723751604674612
2009-02-26,0.49783196420607995
2009-02-27,0.49843487009226356
2009-03-02,0.4852338418232102
2009-03-03,0.46161989322928065
2009-03-04,0.48397662146389087
2009-03-05,0.4849015462596572
2009-03-06,0.4790531808612601
2009-03-09,0.4655953608762109
2009-03-10,0.4712143964715346
2009-03-11,0.4667502529653687
2009-03-12,0.4524890238575909
2009-03-13,0.4526447689272464
2009-03-16,0.4322938730351689
2009-03-17,0.3251212742332297
2009-03-18,0.33692535950026686
2009-03-19,0.30105072608169187
2009-03-20,0.29400457967099136
2009-03-23,0.298729166985293
2009-03-24,0.2972919281728524
2009-03-25,0.32714904805336714
2009-03-26,0.3174428261771768
2009-03-27,0.3369114136746036
2009-03-30,0.3713904053426104
2009-03-31,0.37022658781183704
2009-04-01,0.3431305645193217
2009-04-02,0.4093325327064169
2009-04-03,0.41019726170469417
2009-04-06,0.40323272841471064
2009-04-07,0.41120692856986485
2009-04-08,0.44190997294122536
2009-04-09,0.4437701736251648
2009-04-14,0.4457677345233319
2009-04-15,0.44478431720479095
2009-04-16,0.4375998006439729
2009-04-17,0.45725463304494945
2009-04-20,0.46688367256475777
2009-04-21,0.46622624317819733
2009-04-22,0.46152717700611817
2009-04-23,0.46181099753384236
2009-04-24,0.4412539105476089
2009-04-27,0.44558091175078873
2009-04-28,0.44597225591152895
2009-04-29,0.4339123557424939
2009-04-30,0.4376766428551437
2009-05-04,0.4527744845828508
2009-05-05,0.40387012413950385
2009-05-06,0.3999885765613705
2009-05-07,0.40195054379470835
2009-05-08,0.3928956151245604
2009-05-11,0.35775313602957404
2009-05-12,0.35538295892035554
2009-05-13,0.36910444826327093
2009-05-14,0.3686738633858111
2009-05-15,0.3656767848384124
2009-05-18,0.3408004910965471
2009-05-19,0.3271409424756765
2009-05-20,0.32817524530519204
2009-05-21,0.3428902683032788
2009-05-22,0.3447912337711785
2009-05-25,0.3293346677926948
2009-05-26,0.32347658368075305
2009-05-27,0.3046984289894063
2009-05-28,0.28850564844716853
2009-05-29,0.2732878639245258
2009-06-01,0.3191363484463787
2009-06-02,0.32931028774424453
2009-06-03,0.3355717480839915
2009-06-04,0.337085587836244
2009-06-05,0.337929156635259
2009-06-08,0.34516880501858394
2009-06-09,0.3440014368412201
2009-06-10,0.3313708297462245
2009-06-12,0.33317374598919963
2009-06-15,0.34347701366444705
2009-06-16,0.3447452264771243
2009-06-17,0.3553118276999715
2009-06-18,0.35513211783572146
2009-06-19,0.3449306870985919
2009-06-22,0.4190668186241833
2009-06-23,0.4181895751133689
2009-06-24,0.42081094601952157
2009-06-25,0.4156821112293841
2009-06-26,0.41068241373368897
2009-06-29,0.410885808853913
2009-06-30,0.346562783808164
2009-07-01,0.3339125376503995
2009-07-02,0.3384492720063951
2009-07-03,0.3315460935086817
2009-07-06,0.3321781589101581
2009-07-07,0.3256925484395283
2009-07-08,0.31391824774757077
2009-07-09,0.30189192683098276
2009-07-10,0.2906798316914531
2009-07-13,0.2951463487349466
2009-07-14,0.31730949144413934
2009-07-15,0.31773221460015544
2009-07-16,0.3177321845712748
2009-07-17,0.31009414989108663
2009-07-20,0.2718717558064566
2009-07-21,0.2741523057333574
2009-07-22,0.28398020722722944
2009-07-23,0.29475599986598394
2009-07-24,0.2968202520831187
2009-07-27,0.29823155623762004
2009-07-28,0.3079935488289964
2009-07-29,0.30698790425059536
2009-07-30,0.3268025222967307
2009-07-31,0.32404255988264435
2009-08-03,0.3175342449070636
2009-08-04,0.324802271733202
2009-08-05,0.35586156527336066
2009-08-06,0.35586126999099904
2009-08-07,0.34802370540895106
2009-08-10,0.34766254907919225
2009-08-11,0.35864525201786135
2009-08-12,0.3530189735168397
2009-08-13,0.35988414457888157
2009-08-14,0.36099964525571404
2009-08-17,0.3388660693011177
2009-08-18,0.3360531755542325
2009-08-19,0.3309719611573947
2009-08-20,0.3337790184241895
2009-08-21,0.3573601199078944
2009-08-24,0.3634605204182247
2009-08-25,0.35180313436349964
2009-08-26,0.3744330171778639
2009-08-27,0.3447247605184582
2009-08-28,0.34561518458254853
2009-08-31,0.34721839470990695
2009-09-01,0.344684864637394
2009-09-02,0.3534364148033207
2009-09-03,0.3529806235216118
2009-09-04,0.3464116196879972
2009-09-07,0.369845717524416
2009-09-08,0.35498209510203893
2009-09-09,0.35502186459293444
2009-09-10,0.35249483542066057
2009-09-11,0.35595023469642145
2009-09-14,0.34468879845273626
2009-09-15,0.34288577612461435
2009-09-16,0.34835178758388907
2009-09-17,0.33211221374157684
2009-09-18,0.2980997671173737
2009-09-21,0.28155878363618353
2009-09-22,0.3357908399580696
2009-09-23,0.3212407335264038
2009-09-24,0.31679409175317746
2009-09-25,0.3157603490560785
2009-09-28,0.31398305560483797
2009-09-29,0.32790396081857837
2009-09-30,0.2934241207515838
2009-10-01,0.3083331091570157
2009-10-02,0.36266689311970335
2009-10-05,0.33651236117753014
2009-10-06,0.3573702049146081
2009-10-07,0.36107427510945667
2009-10-08,0.358602675818618
2009-10-09,0.3527673834842121
2009-10-12,0.3436583882954506
2009-10-13,0.34447480823011506
2009-10-14,0.35480365538625674
2009-10-15,0.3581179157216006
2009-10-16,0.35629556045613825
2009-10-19,0.36125884151119564
2009-10-20,0.32023760116567107
2009-10-21,0.3198297645692652
2009-10-22,0.3184950681759213
2009-10-23,0.32212375935365123
2009-10-26,0.32711785810707383
2009-10-27,0.3219064683315162
2009-10-28,0.33571211933417305
2009-10-29,0.3244606306656216
2009-10-30,0.26795611077368137
2009-11-02,0.26932714134568875
2009-11-03,0.2703350911244707
2009-11-04,0.2767950048209447
2009-11-05,0.287683112551875
2009-11-06,0.29250342683375147
2009-11-09,0.31457906802956487
2009-11-10,0.31349863044849513
2009-11-12,0.2938318297377862
2009-11-13,0.2966231876422714
2009-11-16,0.31316588538321916
2009-11-17,0.3058135034320015
2009-11-18,0.31705201303143765
2009-11-19,0.3215194126466734
2009-11-20,0.3231422653625067
2009-11-23,0.33100586888543
2009-11-24,0.33482084914317134
2009-11-25,0.3254555692267632
2009-11-26,0.3167941988189392
2009-11-27,0.3138365742251545
2009-11-30,0.3134241077281586
2009-12-01,0.3140921285489092
2009-12-02,0.2873916091677534
2009-12-03,0.27752729861172964
2009-12-04,0.2770687237481467
2009-12-07,0.2734833107533238
2009-12-08,0.26139382009810885
2009-12-09,0.2732927809974108
2009-12-10,0.270921898841413
2009-12-11,0.26799527059316
2009-12-14,0.24431856202439145
2009-12-15,0.24435976034101684
2009-12-16,0.23035369667580743
2009-12-17,0.22573967802929518
2009-12-18,0.22393297228044634
2009-12-21,0.20236403072475487
2009-12-22,0.19490762058249156
2009-12-23,0.19512544451003547
2009-12-28,0.19319056960657144
2009-12-29,0.19116055392867856
2009-12-30,0.18740792112274457
2009-12-31,0.18413160771777817
2010-01-04,0.20052777805392738
2010-01-05,0.20140898070629637
2010-01-06,0.18274706357438902
2010-01-07,0.18904515607557607
2010-01-08,0.1671354279983894
2010-01-11,0.14473183998101807
2010-01-12,0.15103482040284175
2010-01-13,0.1496218301351849
2010-01-14,0.14936884886116822
2010-01-15,0.15069603582269775
2010-01-18,0.1529221828453096
2010-01-19,0.14485470672363138
2010-01-20,0.14321190296541328
2010-01-21,0.14721888347842105
2010-01-22,0.17567388223258085
2010-01-25,0.1759658926102158
2010-01-26,0.17454078231902798
2010-01-27,0.17498491394049404
2010-01-28,0.17369477965302596
2010-01-29,0.17627867702484626
2010-02-01,0.15531580168479964
2010-02-02,0.15365310411382632
2010-02-03,0.1535332289847284
2010-02-04,0.20547598810221854
2010-02-05,0.24292107155766693
2010-02-08,0.23291333047265617
2010-02-09,0.23707210745177903
2010-02-10,0.23741903542345869
2010-02-11,0.24216944427473955
2010-02-12,0.25897005094951175
2010-02-15,0.26807743310878684
2010-02-16,0.26316445535767863
2010-02-17,0.27625208988276423
2010-02-18,0.2780601388035363
2010-02-19,0.26690037313643206
2010-02-22,0.2686169359257166
2010-02-23,0.2685407673972862
2010-02-24,0.2682768376291641
2010-02-25,0.2719866383583273
2010-02-26,0.29436258892409173
2010-03-01,0.2970419799204692
2010-03-02,0.3115197128537912
2010-03-03,0.3115594268286269
2010-03-04,0.2703926226037192
2010-03-05,0.2221374894773979
2010-03-08,0.22073480897443662
2010-03-09,0.22330334088231657
2010-03-10,0.22365070892872885
2010-03-11,0.20853948164031874
2010-03-12,0.20113445787361747
2010-03-15,0.1990268225530394
2010-03-16,0.20475112742821774
2010-03-17,0.19832307451487421
2010-03-18,0.19283908647787562
2010-03-19,0.19322263059059705
2010-03-22,0.1936701037177254
2010-03-23,0.18502317970885696
2010-03-24,0.1857670497324196
2010-03-25,0.17742248576158448
2010-03-26,0.15506628631982952
2010-03-29,0.15670177984875472
2010-03-30,0.13650505545228284
2010-03-31,0.1390123754328352
2010-04-01,0.15545783275615685
2010-04-06,0.15392068779814297
2010-04-07,0.15665623723098088
2010-04-08,0.16758840134013706
2010-04-09,0.1702475189030043
2010-04-12,0.1700395237089083
2010-04-13,0.16991050243688555
2010-04-14,0.16303061983132952
2010-04-15,0.15032363067985122
2010-04-16,0.15013610820199147
2010-04-19,0.17277730077694298
2010-04-20,0.17728625241438994
2010-04-21,0.18162353203928724
2010-04-22,0.20379707443487663
2010-04-23,0.20704570507747125
2010-04-26,0.21289533233432428
2010-04-27,0.2221756662812516
2010-04-28,0.23320015188582546
2010-04-29,0.24123664803425204
2010-04-30,0.24105972962114042
2010-05-04,0.263965237161302
2010-05-05,0.26493978058368284
2010-05-06,0.2651764676444754
2010-05-07,0.27368746509501524
2010-05-10,0.3313663150389057
2010-05-11,0.32872328963518627
2010-05-12,0.33135094916260155
2010-05-13,0.3297113283099654
2010-05-14,0.34182979668585545
2010-05-17,0.3454418678094705
2010-05-18,0.33920013234172824
2010-05-19,0.34888255193204104
2010-05-20,0.36028601068821714
2010-05-21,0.3563138411865996
2010-05-24,0.35390234734994874
2010-05-25,0.3443835453230036
2010-05-26,0.3847041950182118
2010-05-27,0.382344878093268
2010-05-28,0.3788461937818017
2010-05-31,0.3783258801525442
2010-06-01,0.3595197369183908
2010-06-02,0.3562339198347858
2010-06-04,0.3633070942164978
2010-06-07,0.3534051826133592
2010-06-08,0.29821135279063943
2010-06-09,0.2998039098833351
2010-06-10,0.3036532698453624
2010-06-11,0.3035325285321026
2010-06-14,0.28918507387314013
2010-06-15,0.28837051410535325
2010-06-16,0.2867836515667187
2010-06-17,0.26823854995488167
2010-06-18,0.24423714974810345
2010-06-21,0.24692014986239474
2010-06-22,0.24764586903979802
2010-06-23,0.2429777459944706
2010-06-24,0.18456825074964342
2010-06-25,0.1817595520792022
2010-06-28,0.17324030043577626
2010-06-29,0.1929705292251602
2010-06-30,0.18514390353791352
2010-07-01,0.18254940551649365
2010-07-02,0.17756945075653793
2010-07-05,0.17476731051986516
2010-07-06,0.1891557184664549
2010-07-07,0.18769101169360314
2010-07-08,0.1774389940987789
2010-07-09,0.17775667684282312
2010-07-12,0.1783327782269247
2010-07-13,0.17915282209306288
2010-07-14,0.17957662031554522
2010-07-15,0.1723010159529726
2010-07-16,0.17467351313592955
2010-07-19,0.1669729059467091
2010-07-20,0.16827549309167933
2010-07-21,0.16847778530749902
2010-07-22,0.1758681423886179
2010-07-23,0.17564909251257688
2010-07-26,0.1796028148303676
2010-07-27,0.1452015197060053
2010-07-28,0.14710807139393717
2010-07-29,0.146209548865635
2010-07-30,0.14502289185039804
2010-08-02,0.16379063794530777
2010-08-03,0.15513330385095744
2010-08-04,0.15333475066146593
2010-08-05,0.15449303054042968
2010-08-06,0.1548233204941011
2010-08-09,0.15849409391028457
2010-08-10,0.1706313456764479
2010-08-11,0.17987410168851953
2010-08-12,0.1801947204165357
2010-08-13,0.17885756464483818
2010-08-16,0.1829920020900748
2010-08-17,0.17844424079026483
2010-08-18,0.16421475753162038
2010-08-19,0.1558908702841382
2010-08-20,0.1580566930126217
2010-08-23,0.15277763663257124
2010-08-24,0.1713123079149281
2010-08-25,0.17207357758631808
2010-08-26,0.17100704380383966
2010-08-27,0.17800415163084804
2010-08-30,0.14495766603196217
2010-08-31,0.14847878442692067
2010-09-01,0.15268214102172187
2010-09-02,0.1536267316239421
2010-09-03,0.1560619493103024
2010-09-06,0.15551228208499526
2010-09-07,0.14620123366531027
2010-09-08,0.15463985314579565
2010-09-09,0.1542355479199341
2010-09-10,0.1534050664603878
2010-09-13,0.1548480202116038
2010-09-14,0.1552483725119238
2010-09-15,0.15330106523422748
2010-09-16,0.1521854818986859
2010-09-17,0.14921116943702986
2010-09-20,0.1481421490810132
2010-09-21,0.12226462309631533
2010-09-22,0.11629217192360092
2010-09-23,0.12349431956203485
2010-09-24,0.12476447153064404
2010-09-27,0.12046094733902812
2010-09-28,0.13126520812621797
2010-09-29,0.12945113315966086
2010-09-30,0.1332090242618593
2010-10-01,0.1335618626955513
2010-10-04,0.13508267531285603
2010-10-05,0.13693950304360494
2010-10-06,0.12200599674620712
2010-10-07,0.1358453290112784
2010-10-08,0.1373287336488119
2010-10-11,0.1308564774907396
2010-10-12,0.13002052762392044
2010-10-13,0.1536854764131926
2010-10-14,0.1546603427405236
2010-10-15,0.15853761095421867
2010-10-18,0.15795393388500015
2010-10-19,0.1616922055221271
2010-10-20,0.16256646869960384
2010-10-21,0.16676101350103634
2010-10-22,0.1617391672865062
2010-10-25,0.16150097237305008
2010-10-26,0.156358854877379
2010-10-27,0.15624703535588863
2010-10-28,0.15146520163991087
2010-10-29,0.15198628132436467
2010-11-02,0.15339626200636589
2010-11-03,0.14784977947416902
2010-11-04,0.1633396032033377
2010-11-05,0.1532599055061417
2010-11-08,0.15026231172739055
2010-11-09,0.15506750074809433
2010-11-10,0.16800689475846514
2010-11-12,0.14583182160251085
2010-11-15,0.14681445704997914
2010-11-16,0.15192663333262083
2010-11-17,0.15159600142617446
2010-11-18,0.1419728712315062
2010-11-19,0.14868475972793174
2010-11-22,0.14024374883146074
2010-11-23,0.13964565664318682
2010-11-24,0.14347116094934353
2010-11-25,0.1422535264801748
2010-11-26,0.1458799717465237
2010-11-29,0.14991994819037788
2010-11-30,0.14875848152685506
2010-12-01,0.16352495830650587
2010-12-02,0.16405868804632837
2010-12-03,0.15307551103142894
2010-12-06,0.1592889868715789
2010-12-07,0.160797287350261
2010-12-08,0.15318356556714516
2010-12-09,0.14231354181058453
2010-12-10,0.14160482045459488
2010-12-13,0.13860993143654618
2010-12-14,0.12778520932523404
2010-12-15,0.12779027020648326
2010-12-16,0.13624723814378936
2010-12-17,0.12674216736632657
2010-12-20,0.12880729572433003
2010-12-21,0.1316381188191878
2010-12-22,0.1296717175510245
2010-12-23,0.1299246243996123
2010-12-27,0.12465346522775259
2010-12-28,0.12036569153173944
2010-12-29,0.12406466759942973
2010-12-30,0.1087788404339233
2010-12-31,0.10996912438457525
2011-01-03,0.11353524024020356
2011-01-04,0.11931645480668647
2011-01-05,0.12447110557812449
2011-01-07,0.1272973659523874
2011-01-10,0.12993724854773497
2011-01-11,0.13137523147235014
2011-01-12,0.14804093094239876
2011-01-13,0.14818378911652877
2011-01-14,0.14856634804186625
2011-01-17,0.14580551216462953
2011-01-18,0.17551853192983735
2011-01-19,0.1808317621169692
2011-01-20,0.18053119930341038
2011-01-21,0.18093746416888526
2011-01-24,0.18131598517010392
2011-01-25,0.18385208398546768
2011-01-26,0.18533204308847767
2011-01-27,0.1799998012699149
2011-01-28,0.18023026511320475
2011-01-31,0.17972694670535844
2011-02-01,0.17496458577888846
2011-02-02,0.16656860364596304
2011-02-03,0.1602701947209118
2011-02-04,0.156732271505613
2011-02-07,0.15240646134431637
2011-02-08,0.1521767457886068
2011-02-09,0.13908573329257778
2011-02-10,0.14700630878914905
2011-02-11,0.14708377794465677
2011-02-14,0.14643131648448174
2011-02-15,0.10708149595132718
2011-02-16,0.09899674227965088
2011-02-17,0.10847838588770557
2011-02-18,0.11304443551488323
2011-02-21,0.11260024444881661
2011-02-22,0.10818716512144487
2011-02-23,0.1085241071770302
2011-02-24,0.10983482751868612
2011-02-25,0.11149143486982144
2011-02-28,0.12683113911190927
2011-03-01,0.1273095836669713
2011-03-02,0.12947050295173113
2011-03-03,0.14768356439380384
2011-03-04,0.1493811147537459
2011-03-07,0.1493636577370412
2011-03-08,0.14922824836296106
2011-03-09,0.15082140945463846
2011-03-10,0.14485841635554397
2011-03-11,0.14357777020348697
2011-03-14,0.14292238698590762
2011-03-15,0.14211812702692464
2011-03-16,0.14832263842043011
2011-03-17,0.14243698389029608
2011-03-18,0.14233718454813363
2011-03-21,0.14216264180252075
2011-03-22,0.14651276849768569
2011-03-23,0.14515049589289528
2011-03-24,0.1412679513773599
2011-03-25,0.14387813061359128
2011-03-28,0.13473463280407372
2011-03-29,0.13016260165258914
2011-03-30,0.13085103049194055
2011-03-31,0.11251501924891777
2011-04-01,0.13196875368519742
2011-04-04,0.131977564788015
2011-04-05,0.13203319990299342
2011-04-06,0.13771901207881027
2011-04-07,0.13312727133453076
2011-04-08,0.13740179082677212
2011-04-11,0.1374455755511707
2011-04-12,0.13933991498829382
2011-04-13,0.13054702242673724
2011-04-14,0.1264386539398259
2011-04-15,0.1249131676283718
2011-04-18,0.13953798192413527
2011-04-19,0.1347582330316456
2011-04-20,0.13990776253940262
2011-04-21,0.14313833482547655
2011-04-26,0.13999424440902028
2011-04-27,0.140669845351595
2011-04-28,0.13943005933851577
2011-04-29,0.14156898261126152
2011-05-02,0.1414069371480969
2011-05-04,0.13267818537469245
2011-05-05,0.13457570554638715
2011-05-06,0.1350707050714995
2011-05-09,0.1273175431204121
2011-05-10,0.13594218308348222
2011-05-11,0.1335088399490928
2011-05-12,0.13666408367268346
2011-05-13,0.13563454879427492
2011-05-16,0.1322390764251427
2011-05-17,0.1392237048052924
2011-05-18,0.14116829684194493
2011-05-19,0.13147941724597334
2011-05-20,0.13018950724265832
2011-05-23,0.11960128790057156
2011-05-24,0.11953010877658858
2011-05-25,0.12376334236336226
2011-05-26,0.12371604478336735
2011-05-27,0.12282988836765586
2011-05-30,0.12139400767588061
2011-05-31,0.1282585507060428
2011-06-01,0.1171905097907029
2011-06-02,0.11445440781978863
2011-06-03,0.11538940648070638
2011-06-06,0.10935782451135279
2011-06-07,0.10622108439291279
2011-06-08,0.10607970046315839
2011-06-09,0.10101938458199519
2011-06-10,0.10395145604002148
2011-06-13,0.10014296815476541
2011-06-14,0.08710969023517788
2011-06-15,0.08692351878358388
2011-06-16,0.086923373855738
2011-06-17,0.08841064764325712
2011-06-20,0.11022519207737129
2011-06-21,0.11042170422819868
2011-06-22,0.10966208207701696
2011-06-24,0.10959940002022439
2011-06-27,0.1089252246068551
2011-06-28,0.10835462406813481
2011-06-29,0.1071964927710381
2011-06-30,0.10736023521412207
2011-07-01,0.10929876987961387
2011-07-04,0.10902811933874908
2011-07-05,0.10932489946787842
2011-07-06,0.10455046632423694
2011-07-07,0.11202764998878367
2011-07-08,0.1153713618285986
2011-07-11,0.12865660556196623
2011-07-12,0.12776268965145987
2011-07-13,0.1310256738470059
2011-07-14,0.1321661382725019
2011-07-15,0.13292616598485593
2011-07-18,0.1552966441307273
2011-07-19,0.14647674697915222
2011-07-20,0.14732442020033057
2011-07-21,0.1546161742116297
2011-07-22,0.15629531604434316
2011-07-25,0.15591017623948325
2011-07-26,0.15656713959485302
2011-07-27,0.1544746831112031
2011-07-28,0.16199419963527112
2011-07-29,0.16124859311791853
2011-08-01,0.16324424415956532
2011-08-02,0.16703835240143192
2011-08-03,0.19855877929668742
2011-08-04,0.2217783786426314
2011-08-05,0.22445589559977583
2011-08-08,0.22902308383963366
2011-08-09,0.24580168383899792
2011-08-10,0.282239659841337
2011-08-11,0.3448827897695001
2011-08-12,0.3547112193188191
2011-08-16,0.3649875632524492
2011-08-17,0.3645123634334541
2011-08-18,0.4092464477158596
2011-08-19,0.40282287014047846
2011-08-22,0.416174702088057
2011-08-23,0.4163431257877067
2011-08-24,0.41763653962774766
2011-08-25,0.42027568874551435
2011-08-26,0.415123323523641
2011-08-29,0.42311041020327544
2011-08-30,0.4313086739934165
2011-08-31,0.44376804596547337
2011-09-01,0.43261092141620944
2011-09-02,0.4217780399001926
2011-09-05,0.43567697217429774
2011-09-06,0.4302557415350225
2011-09-07,0.4329088366314797
2011-09-08,0.3831538434498516
2011-09-09,0.3982027127561863
2011-09-12,0.4054334793917202
2011-09-13,0.39463410268749805
2011-09-14,0.3962246572198535
2011-09-15,0.35707721210685867
2011-09-16,0.3576142946213189
2011-09-19,0.3522439070134939
2011-09-20,0.3540352922831313
2011-09-21,0.3540722600651755
2011-09-22,0.4421452880436551
2011-09-23,0.4423489977361927
2011-09-26,0.4372287103172479
2011-09-27,0.46126222248000426
2011-09-28,0.44880102622553036
2011-09-29,0.4485521678099593
2011-09-30,0.44365675095874924
2011-10-03,0.4315234713633207
2011-10-04,0.4381727014141933
2011-10-05,0.42942253481242426
2011-10-06,0.4341336389745057
2011-10-07,0.3992192642933709
2011-10-10,0.40241887704037244
2011-10-11,0.40223397131438415
2011-10-12,0.4098080732751368
2011-10-13,0.40001185611282475
2011-10-14,0.40188851348315746
2011-10-17,0.3986387542405998
2011-10-18,0.3972856660541095
2011-10-19,0.39737887589748494
2011-10-20,0.30816030268166644
2011-10-21,0.32753037742162433
2011-10-24,0.3378003969584948
2011-10-25,0.3145668123026095
2011-10-26,0.3119948145268041
2011-10-27,0.32717620405557385
2011-10-28,0.3277085655746302
2011-10-31,0.32434676466780277
2011-11-02,0.305565896469098
2011-11-03,0.2996399072041731
2011-11-04,0.30639412004089567
2011-11-07,0.3064192342386734
2011-11-08,0.28611738577441337
2011-11-09,0.3154117639209809
2011-11-10,0.306613751094844
2011-11-14,0.3010688780257065
2011-11-15,0.2986726179875678
2011-11-16,0.3008469410795296
2011-11-17,0.3071718318749246
2011-11-18,0.31816743533335934
2011-11-21,0.3107203507094822
2011-11-22,0.2772195033389458
2011-11-23,0.2567424099169082
2011-11-24,0.26074363476547757
2011-11-25,0.2610566351211638
2011-11-28,0.24611238789780968
2011-11-29,0.24798801252567104
2011-11-30,0.3056141103922849
2011-12-01,0.30657768147338454
2011-12-02,0.29779743856812885
2011-12-05,0.3010806349804701
2011-12-06,0.3073288773206561
2011-12-07,0.30677762455264496
2011-12-08,0.2897917823942818
2011-12-09,0.2891992008983055
2011-12-12,0.2954924965754496
2011-12-13,0.2970614715723871
2011-12-14,0.29178914735293593
2011-12-15,0.2879211791111083
2011-12-16,0.2857426918568609
2011-12-19,0.27240102990452264
2011-12-20,0.27837430493304355
2011-12-21,0.27360863423077714
2011-12-22,0.2720658036012343
2011-12-23,0.2742963654392656
2011-12-27,0.26206469568784274
2011-12-28,0.2610805693187673
2011-12-29,0.19300894198072197
2011-12-30,0.1922498973877502
2012-01-02,0.2126262225174551
2012-01-03,0.20499245825052942
2012-01-04,0.1930212371208381
2012-01-05,0.19517813152098776
2012-01-09,0.1908557981689227
2012-01-10,0.19003802001524897
2012-01-11,0.17219321480173888
2012-01-12,0.18200906944269157
2012-01-13,0.180718935045778
2012-01-16,0.1814420626999916
2012-01-17,0.1659874262792118
2012-01-18,0.16573600471706812
2012-01-19,0.16092004835024315
2012-01-20,0.16010835081765012
2012-01-23,0.15849512982292502
2012-01-24,0.15674441424918076
2012-01-25,0.15892293797445378
2012-01-26,0.1674107153051116
2012-01-27,0.16731699530095573
2012-01-30,0.16157854057572946
2012-01-31,0.14574810176890524
2012-02-01,0.15025221183145548
2012-02-02,0.14255979068004745
2012-02-03,0.1294354729378225
2012-02-06,0.10793861054964903
2012-02-07,0.11659128237127228
2012-02-08,0.11343867510789384
2012-02-09,0.11120634138831012
2012-02-10,0.13349722727955146
2012-02-13,0.13342065286399
2012-02-14,0.13375411499045703
2012-02-15,0.13157601022786586
2012-02-16,0.13414005922271277
2012-02-17,0.14407319265305824
2012-02-20,0.1460821946083578
2012-02-21,0.14585748858990655
2012-02-22,0.15004361892618526
2012-02-23,0.13614990108229888
2012-02-24,0.13805605544264965
2012-02-27,0.13713450941702476
2012-02-28,0.1352144203089522
2012-02-29,0.12520611858633088
2012-03-01,0.12464778898047972
2012-03-02,0.12477945995511991
2012-03-05,0.13453371810546944
2012-03-06,0.1416628331587895
2012-03-07,0.14543976101763947
2012-03-08,0.1555541296570221
2012-03-09,0.1453253682273762
2012-03-12,0.14269351820821888
2012-03-13,0.14227271074590606
2012-03-14,0.1550794016503812
2012-03-15,0.15313629901910011
2012-03-16,0.13991473496886178
2012-03-19,0.140446987522731
2012-03-20,0.1446798472944463
2012-03-21,0.14068963518719044
2012-03-22,0.1441720945783427
2012-03-23,0.1470689390163053
2012-03-26,0.15099383048877416
2012-03-27,0.15350542129082007
2012-03-28,0.15551514861314877
2012-03-29,0.16480677650297826
2012-03-30,0.16680391557270197
2012-04-02,0.15593663874234934
2012-04-03,0.14469355400564524
2012-04-04,0.15810162932975969
2012-04-05,0.1500697355016408
2012-04-10,0.1598429539349459
2012-04-11,0.16571974886160942
2012-04-12,0.171364509288557
2012-04-13,0.1636846678867015
2012-04-16,0.16301261675923323
2012-04-17,0.16740550752587333
2012-04-18,0.17017403970884878
2012-04-19,0.167865744549431
2012-04-20,0.16818538573041597
2012-04-23,0.1807976366776542
2012-04-24,0.17791977322356695
2012-04-25,0.17384555124884718
2012-04-26,0.17639099528616503
2012-04-27,0.18668955161892226
2012-04-30,0.1787992527038108
2012-05-02,0.17774887613361248
2012-05-04,0.17649284567174367
2012-05-07,0.17748013187696537
2012-05-08,0.18302695494203247
2012-05-09,0.18233687656910735
2012-05-10,0.177867956207119
2012-05-11,0.1719970061221059
2012-05-14,0.175160267721849
2012-05-15,0.17486104911079953
2012-05-16,0.17626644893503376
2012-05-17,0.1946272429685782
2012-05-18,0.19469007658665566
2012-05-21,0.20860351319566894
2012-05-22,0.20919219499814407
2012-05-23,0.2165233311373364
2012-05-24,0.21397693013711633
2012-05-25,0.21338998664801573
2012-05-28,0.21191169129348825
2012-05-29,0.21356449951778111
2012-05-30,0.2142818538144582
2012-05-31,0.2209343694584993
2012-06-01,0.2227543487144849
2012-06-04,0.22263680579134734
2012-06-05,0.21859739337858478
2012-06-06,0.2557235303615633
2012-06-08,0.26472931057866145
2012-06-11,0.2652049367259972
2012-06-12,0.2667350375573576
2012-06-13,0.2620349244000257
2012-06-14,0.2621307996358813
2012-06-15,0.2348651496042924
2012-06-18,0.23584088634282124
2012-06-19,0.23734703407524793
2012-06-20,0.23914503308157817
2012-06-21,0.20837278268337225
2012-06-22,0.2085220387995029
2012-06-25,0.22000074781809706
2012-06-26,0.22635625282670183
2012-06-27,0.22286938800525743
2012-06-28,0.2306818551733278
2012-06-29,0.2334492154525602
2012-07-02,0.23104139273081525
2012-07-03,0.23118261225325454
2012-07-04,0.21726170976361245
2012-07-05,0.18987598122392438
2012-07-06,0.18312101308932752
2012-07-09,0.19220689274546202
2012-07-10,0.1764564798143898
2012-07-11,0.18165751888103385
2012-07-12,0.21247557562471736
2012-07-13,0.2179757825228022
2012-07-16,0.2179234201054552
2012-07-17,0.20520082598230258
2012-07-18,0.20499163279939792
2012-07-19,0.2060321046139506
2012-07-20,0.2097152180551548
2012-07-23,0.2340338407223716
2012-07-24,0.22176051488742482
2012-07-25,0.2167430602945412
2012-07-26,0.21103716094253744
2012-07-27,0.21916981566259267
2012-07-30,0.22430702161443905
2012-07-31,0.22211885777945706
2012-08-01,0.22230752742220214
2012-08-02,0.21812656599359698
2012-08-03,0.23640117818980852
2012-08-06,0.24005772190274652
2012-08-07,0.2400160153281506
2012-08-08,0.23578293030722658
2012-08-09,0.21459005830885275
2012-08-10,0.20950648948365205
2012-08-13,0.2093722120643158
2012-08-14,0.20926346204808466
2012-08-16,0.2102198680361386
2012-08-17,0.21781315722236372
2012-08-20,0.21949374501926394
2012-08-21,0.17413108622998386
2012-08-22,0.18022803910744073
2012-08-23,0.18075755766085572
2012-08-24,0.17967910513352708
2012-08-27,0.16688787178812056
2012-08-28,0.1683241607804718
2012-08-29,0.1711136954547253
2012-08-30,0.1719944093232859
2012-08-31,0.17449255520813137
2012-09-03,0.15497616844554005
2012-09-04,0.14445461510815258
2012-09-05,0.1457170013714814
2012-09-06,0.15630948782194326
2012-09-07,0.13869593669789118
2012-09-10,0.14099217937732075
2012-09-11,0.1430976696358548
2012-09-12,0.14341542914159333
2012-09-13,0.1381202286502287
2012-09-14,0.15833179435284475
2012-09-17,0.14989728644215258
2012-09-18,0.14879073334502915
2012-09-19,0.14305804412089337
2012-09-20,0.15244170855254738
2012-09-21,0.15361617290113352
2012-09-24,0.155048599163377
2012-09-25,0.14849684967705062
2012-09-26,0.15114551163229972
2012-09-27,0.1502183327653023
2012-09-28,0.1457318539799981
2012-10-01,0.14955344315233102
2012-10-02,0.14515240150743158
2012-10-03,0.1473453984711321
2012-10-04,0.14339899606802647
2012-10-05,0.15173212493345983
2012-10-08,0.15162222850327264
2012-10-09,0.15528110659473005
2012-10-10,0.1564087986994807
2012-10-11,0.15627626472425885
2012-10-12,0.12533258173365275
2012-10-15,0.12401008406837127
2012-10-16,0.12822834708969433
2012-10-17,0.12721643754910236
2012-10-18,0.11990948258622819
2012-10-19,0.13969675003227333
2012-10-22,0.13855445818658804
2012-10-23,0.14861512453637185
2012-10-24,0.14637868470009618
2012-10-25,0.14358052620822664
2012-10-26,0.14386282101997283
2012-10-29,0.13542824531341732
2012-10-30,0.13639081169464565
2012-10-31,0.13604249622961045
2012-11-02,0.14214986275348607
2012-11-05,0.12600425997696602
2012-11-06,0.12560791564548285
2012-11-07,0.1232761471673023
2012-11-08,0.12232630079614708
2012-11-09,0.12329368385816226
2012-11-12,0.12291078613663947
2012-11-13,0.12703331996209843
2012-11-14,0.12431131058262367
2012-11-15,0.12444005254514337
2012-11-16,0.1239738426840808
2012-11-19,0.1136071887132044
2012-11-20,0.11360015499614746
2012-11-21,0.09701092211247421
2012-11-22,0.0988327333969615
2012-11-23,0.10369398881649944
2012-11-26,0.10200752356025376
2012-11-27,0.10134443323642156
2012-11-28,0.10233603025956055
2012-11-29,0.10140292697596157
2012-11-30,0.09454471883103367
2012-12-03,0.09725879779014972
2012-12-04,0.09778241629977263
2012-12-05,0.09063899719607907
2012-12-06,0.09116206794620674
2012-12-07,0.10514247476020668
2012-12-10,0.10855851829050253
2012-12-11,0.11468857044437207
2012-12-12,0.11464019905285609
2012-12-13,0.1164734103713137
2012-12-14,0.11595218633262898
2012-12-17,0.10760579027290186
2012-12-18,0.1094624782878605
2012-12-19,0.10336981088951874
2012-12-20,0.10170511321104818
2012-12-21,0.10368738738292675
2012-12-27,0.10422682605740895
2012-12-28,0.11045389717936732
2013-01-02,0.11738697589942454
2013-01-03,0.11809074300602024
2013-01-04,0.1288147188178547
2013-01-07,0.13468956580698543
2013-01-08,0.1375984600861193
2013-01-09,0.13727961329441957
2013-01-10,0.13615267489272959
2013-01-11,0.12650105712633966
2013-01-14,0.1226503121431328
2013-01-15,0.12052448743503116
2013-01-16,0.12748348825573794
2013-01-17,0.12685130864046243
2013-01-18,0.12482570500753913
2013-01-21,0.12336523088496161
2013-01-22,0.1190406055529219
2013-01-23,0.1127430377704192
2013-01-24,0.11358837752027776
2013-01-25,0.11822833886524871
2013-01-28,0.11745767674546106
2013-01-29,0.11610261792669911
2013-01-30,0.10069553392213511
2013-01-31,0.10002689747282209
2013-02-01,0.09750088831022515
2013-02-04,0.1007146814254603
2013-02-05,0.10376722339961432
2013-02-06,0.10930177148449298
2013-02-07,0.11105479786853877
2013-02-08,0.11955482963040343
2013-02-11,0.11958397133333336
2013-02-12,0.11973844872571403
2013-02-13,0.10786487289743418
2013-02-14,0.10835475931158364
2013-02-15,0.11008496590977451
2013-02-18,0.11142292218942995
2013-02-19,0.111697778021575
2013-02-20,0.11959625602857366
2013-02-21,0.11725823212023172
2013-02-22,0.11407754885389985
2013-02-25,0.11626028190145926
2013-02-26,0.12052574146351731
2013-02-27,0.12113935362285957
2013-02-28,0.12125766075949974
2013-03-01,0.12068535716826355
2013-03-04,0.11513385409252228
2013-03-05,0.12697273851937962
2013-03-06,0.11898337712394744
2013-03-07,0.11834658953717195
2013-03-08,0.11346792395197651
2013-03-11,0.11450398515487391
2013-03-12,0.10743156044649274
2013-03-13,0.10820696475808808
2013-03-14,0.11118402373400603
2013-03-15,0.11214698966642314
2013-03-18,0.1212058226912958
2013-03-19,0.12916373632222702
2013-03-20,0.12015237813299758
2013-03-21,0.12584312323026509
2013-03-22,0.1306099935509656
2013-03-25,0.13257963368180822
2013-03-26,0.1318456463451027
2013-03-27,0.13747013222553936
2013-03-28,0.13837864414141343
2013-04-02,0.13895683836981348
2013-04-03,0.14836372817910842
2013-04-04,0.13399953035851372
2013-04-05,0.13404536809843243
2013-04-08,0.1342516868235679
2013-04-09,0.13068351635562342
2013-04-10,0.13822531877947306
2013-04-11,0.15252711916601158
2013-04-12,0.1528865883818967
2013-04-15,0.1594001476247383
2013-04-17,0.16976091040053481
2013-04-18,0.17166637941066154
2013-04-19,0.17010193771090318
2013-04-22,0.17007151965351586
2013-04-23,0.16740953020455998
2013-04-24,0.16700695593727977
2013-04-25,0.16182438283007572
2013-04-26,0.16032547973961128
2013-04-29,0.15209884993168293
2013-04-30,0.154031994592786
2013-05-02,0.15430804777763937
2013-05-06,0.1531459784209142
2013-05-07,0.15341822117917156
2013-05-08,0.1562508260974986
2013-05-09,0.15911688136727362
2013-05-10,0.15993179451311826
2013-05-13,0.15773753664619158
2013-05-14,0.15459424821084014
2013-05-15,0.15727199417205953
2013-05-16,0.14195179113057577
2013-05-17,0.11989741690382166
2013-05-20,0.1056261692819876
2013-05-21,0.10695361138596542
2013-05-22,0.1068496236881699
2013-05-23,0.10910110025028646
2013-05-24,0.1126789853149904
2013-05-27,0.1440335196657472
2013-05-28,0.14468366612428618
2013-05-29,0.14629088313157462
2013-05-31,0.14712075140565084
2013-06-03,0.1611936583114533
2013-06-04,0.15666360024342996
2013-06-05,0.15699436779217602
2013-06-06,0.15803235097093934
2013-06-07,0.16292640797660188
2013-06-10,0.16075558365260315
2013-06-11,0.1648926239616149
2013-06-12,0.16005609802179696
2013-06-13,0.15879889045688556
2013-06-14,0.15517937147525313
2013-06-17,0.15764670594562755
2013-06-18,0.15625188068252033
2013-06-19,0.16941306463255273
2013-06-20,0.245224538958269
2013-06-21,0.2628929107367777
2013-06-24,0.2597515512537295
2013-06-25,0.23424325604458834
2013-06-26,0.23073241333458547
2013-06-27,0.24921245193230213
2013-06-28,0.2776984069927025
2013-07-01,0.2741228347042767
2013-07-02,0.2856692305646743
2013-07-03,0.2861337811202955
2013-07-04,0.29089935556508817
2013-07-05,0.2830247237746848
2013-07-08,0.281552760637452
2013-07-09,0.28179625088255134
2013-07-10,0.2880256642048094
2013-07-11,0.2968790702134432
2013-07-12,0.30052937199840574
2013-07-15,0.30088342557654346
2013-07-16,0.30097739058022127
2013-07-17,0.29704298664435563
2013-07-18,0.24050307841143662
2013-07-19,0.21627483157320931
2013-07-22,0.21615043814006454
2013-07-23,0.2169660101516962
2013-07-24,0.21716049798987594
2013-07-25,0.17963173428851187
2013-07-26,0.15366209537198203
2013-07-29,0.1528546056004731
2013-07-30,0.13460601797212124
2013-07-31,0.13162203520716048
2013-08-01,0.13131839547331922
2013-08-02,0.13455027615486273
2013-08-05,0.11955379574481055
2013-08-06,0.1383497251723332
2013-08-07,0.13514430741253916
2013-08-08,0.13081755457663513
2013-08-09,0.12771298662647126
2013-08-12,0.1309242249808642
2013-08-13,0.130279470099135
2013-08-14,0.13138015064231826
2013-08-16,0.1332746694523682
2013-08-19,0.1344600926411979
2013-08-20,0.14632728294025554
2013-08-21,0.1503694295548714
2013-08-22,0.158432787273647
2013-08-23,0.1579738388221447
2013-08-26,0.1497388385559929
2013-08-27,0.1716570624850123
2013-08-28,0.1719807042411868
2013-08-29,0.17011796477661756
2013-08-30,0.1678824101744722
2013-09-02,0.15011309216672664
2013-09-03,0.1552164686672786
2013-09-04,0.16961837706375196
2013-09-05,0.23361905922906284
2013-09-06,0.2394316548483507
2013-09-09,0.25645220541097324
2013-09-10,0.27592206327039
2013-09-11,0.27873656526679164
2013-09-12,0.2788787725277684
2013-09-13,0.28004019374673883
2013-09-16,0.2812264719623767
2013-09-17,0.278305695409575
2013-09-18,0.27652250151673685
2013-09-19,0.2800560376500258
2013-09-20,0.2800415311949136
2013-09-23,0.2814428766153555
2013-09-24,0.27096247466414397
2013-09-25,0.2713544411475038
2013-09-26,0.27408067543655673
2013-09-27,0.2743268975995648
2013-09-30,0.2781132962718112
2013-10-01,0.2764504745314816
2013-10-02,0.258690482340451
2013-10-03,0.18043632285368638
2013-10-04,0.18228584523345953
2013-10-07,0.16963373745146917
2013-10-08,0.13785558773577652
2013-10-09,0.13451726159517663
2013-10-10,0.18096438929233377
2013-10-11,0.177356726816589
2013-10-14,0.17242770095593882
2013-10-15,0.17375864705002994
2013-10-16,0.17370846832693385
2013-10-17,0.16955309310155442
2013-10-18,0.16957128056962292
2013-10-21,0.18875137493412217
2013-10-22,0.19049734343622746
2013-10-23,0.19436506677670393
2013-10-24,0.19387973182806356
2013-10-25,0.19383889853008898
2013-10-28,0.1861411825730181
2013-10-29,0.1853568664484143
2013-10-30,0.18944563865446656
2013-10-31,0.19455042136591746
2013-11-04,0.18928784511697072
2013-11-05,0.19282449864624737
2013-11-06,0.19310598075688182
2013-11-07,0.19694095886644675
2013-11-08,0.15981853573164612
2013-11-12,0.15752438597648405
2013-11-13,0.1647912829531654
2013-11-14,0.17053015007504793
2013-11-15,0.18219318456659578
2013-11-18,0.20109305725134613
2013-11-19,0.20486157852734305
2013-11-20,0.18207933889275982
2013-11-21,0.1824780701343325
2013-11-22,0.17945418528932008
2013-11-25,0.17840242059810985
2013-11-26,0.18746236997397978
2013-11-27,0.18681388320744025
2013-11-28,0.18721538541050323
2013-11-29,0.18531139379574013
2013-12-02,0.19507223714341662
2013-12-03,0.19682766879469604
2013-12-04,0.1938883798666824
2013-12-05,0.19148846583377904
2013-12-06,0.19018619901999487
2013-12-09,0.18868568070276323
2013-12-10,0.18863636526552813
2013-12-11,0.18198932340050672
2013-12-12,0.18079024372550018
2013-12-13,0.16460456959345585
2013-12-16,0.11687271000967463
2013-12-17,0.1252877079476038
2013-12-18,0.1274295666663519
2013-12-19,0.12840834788198527
2013-12-20,0.13960925540312102
2013-12-23,0.1327402584778519
2013-12-27,0.12484861566875721
2013-12-30,0.11956585105421753
2014-01-02,0.13180743576664045
2014-01-03,0.1314029153478185
2014-01-07,0.13874936387425732
2014-01-08,0.1400444851316334
2014-01-09,0.1476523536776636
2014-01-10,0.14757484396614057
2014-01-13,0.16120539210540175
2014-01-14,0.16364186409411002
2014-01-15,0.16753134490411353
2014-01-16,0.1680588262893889
2014-01-17,0.16699685879286558
2014-01-20,0.1667984998308376
2014-01-21,0.1743526262325936
2014-01-22,0.1656668750300121
2014-01-23,0.17063397176286424
2014-01-24,0.19028796450413119
2014-01-27,0.18782486042177987
2014-01-28,0.18984522316322452
2014-01-29,0.19137378408684885
2014-01-30,0.19578665434577186
2014-01-31,0.19271473832718375
2014-02-03,0.19133472237469448
2014-02-04,0.17345333771545135
2014-02-05,0.17232800452543148
2014-02-06,0.183578353759032
2014-02-07,0.18361212389089776
2014-02-10,0.17764148924750323
2014-02-11,0.18230103016762156
2014-02-12,0.18804829367019085
2014-02-13,0.18808372799835793
2014-02-14,0.18313196171016327
2014-02-17,0.18337727929040265
2014-02-18,0.17960915574775804
2014-02-19,0.17832155956059928
2014-02-20,0.1770553154657487
2014-02-21,0.15052549087330527
2014-02-24,0.1452311649000785
2014-02-25,0.15113397278179172
2014-02-26,0.15432522733589205
2014-02-27,0.15476261121465068
2014-02-28,0.1658496281165709
2014-03-03,0.2577303384501425
2014-03-04,0.2671222938299563
2014-03-05,0.26713501668405576
2014-03-06,0.2530030225275771
2014-03-07,0.2560013866869237
2014-03-10,0.2619912039790573
2014-03-11,0.2571765752463651
2014-03-12,0.2528243204786927
2014-03-13,0.25466290438085204
2014-03-14,0.25510550412394156
2014-03-17,0.2703844172373959
2014-03-18,0.27077122639650275
2014-03-19,0.2698249332796564
2014-03-20,0.27010353340151794
2014-03-21,0.26645896342239533
2014-03-24,0.25776862996419114
2014-03-25,0.26670957926902744
2014-03-26,0.26736923114682565
2014-03-27,0.2671128018177563
2014-03-28,0.25623996308138847
2014-03-31,0.17667300480886294
2014-04-01,0.15929651147138346
2014-04-02,0.1598974420542939
2014-04-03,0.16256272644909903
2014-04-04,0.16119585426523356
2014-04-07,0.15224842203299396
2014-04-08,0.1528388176464455
2014-04-09,0.14342326462437074
2014-04-10,0.1325303375033661
2014-04-11,0.13383948372614837
2014-04-14,0.11830617865405438
2014-04-15,0.1268893922873243
2014-04-16,0.12467445912426747
2014-04-17,0.13486425572014565
2014-04-22,0.13734528909135366
2014-04-23,0.13757658930867322
2014-04-24,0.12659929243072268
2014-04-25,0.12547360512484054
2014-04-28,0.12592741510083197
2014-04-29,0.12615159657569652
2014-04-30,0.11997941800036493
2014-05-02,0.1202551389214504
2014-05-05,0.12394845802935464
2014-05-06,0.12181312814453954
2014-05-07,0.11589368499503935
2014-05-08,0.11693932811874157
2014-05-09,0.11636569034284303
2014-05-12,0.12389121997176075
2014-05-13,0.12276379639486162
2014-05-14,0.12367319195027146
2014-05-15,0.12485567280336711
2014-05-16,0.11534462564418825
2014-05-19,0.11457630118212914
2014-05-20,0.09975326321445928
2014-05-21,0.0918030937065175
2014-05-22,0.11811325368529672
2014-05-23,0.11767279525230016
2014-05-26,0.11441772605201492
2014-05-27,0.11483939667672424
2014-05-28,0.11588555341488592
2014-05-29,0.11685071625045984
2014-05-30,0.1282773049599937
2014-06-02,0.12257715569547549
2014-06-03,0.11933062561225385
2014-06-04,0.12065277845621329
2014-06-05,0.12154438937452407
2014-06-06,0.11895107211467036
2014-06-09,0.11948640290885996
2014-06-10,0.1213285383196417
2014-06-11,0.12328131615899404
2014-06-12,0.11694772499148252
2014-06-13,0.1172066076016465
2014-06-16,0.12416439722932637
2014-06-17,0.1255770369610627
2014-06-18,0.12570080473693387
2014-06-20,0.10321918510474856
2014-06-23,0.10513062594420204
2014-06-24,0.10734509414070967
2014-06-25,0.12054044932420481
2014-06-26,0.1213019903101529
2014-06-27,0.11770658494790157
2014-06-30,0.10791948013282156
2014-07-01,0.1064526949080884
2014-07-02,0.11050532633651025
2014-07-03,0.10666168446796714
2014-07-04,0.10131510143233727
2014-07-07,0.10073446154660468
2014-07-08,0.10094348963694207
2014-07-09,0.09511918254850404
2014-07-10,0.0952704155580104
2014-07-11,0.11088184038175589
2014-07-14,0.11268509386153619
2014-07-15,0.10976745581292048
2014-07-16,0.10695350332978541
2014-07-17,0.10785743672903454
2014-07-18,0.10815530110104497
2014-07-21,0.10497001137128559
2014-07-22,0.10980876994361204
2014-07-23,0.09550805932511763
2014-07-24,0.09210313725369267
2014-07-25,0.09207648400975302
2014-07-28,0.09151274334581182
2014-07-29,0.09224966894625243
2014-07-30,0.10843730839378049
2014-07-31,0.11433475174705529
2014-08-01,0.1187036212925607
2014-08-04,0.12016416323100196
2014-08-05,0.11767308066755439
2014-08-06,0.114869149015149
2014-08-07,0.12376341083366244
2014-08-08,0.1156823166102786
2014-08-11,0.12931716733717535
2014-08-12,0.12847687651562154
2014-08-13,0.1376611629313901
2014-08-14,0.14676765552864535
2014-08-18,0.15317434523582593
2014-08-19,0.15295523461262392
2014-08-20,0.15024884531749225
2014-08-21,0.14943828108849758
2014-08-22,0.15050028217662523
2014-08-25,0.1509191355107634
2014-08-26,0.15216300620452655
2014-08-27,0.1511601836268166
2014-08-28,0.1511532365047874
2014-08-29,0.14439753076593945
2014-09-01,0.14564058598788202
2014-09-02,0.14551818733578922
2014-09-03,0.15943635974663647
2014-09-04,0.15945665771579062
2014-09-05,0.1479844326510525
2014-09-08,0.14149709352302314
2014-09-09,0.13840649838922073
2014-09-10,0.139203421983994
2014-09-11,0.14744741334519995
2014-09-12,0.1413376082497664
2014-09-15,0.13495072264032645
2014-09-16,0.1352000093017451
2014-09-17,0.13669709157306745
2014-09-18,0.1383050143289232
2014-09-19,0.14443762841387034
2014-09-22,0.1496522166424276
2014-09-23,0.1549830199721735
2014-09-24,0.15576943438939145
2014-09-25,0.13928289146633788
2014-09-26,0.1398633661763667
2014-09-29,0.13538378304621032
2014-09-30,0.1340299158289616
2014-10-01,0.12389453264858877
2014-10-02,0.12257018878050102
2014-10-03,0.12391396428526386
2014-10-06,0.12254045452800513
2014-10-07,0.12271315745242799
2014-10-08,0.1262812941497298
2014-10-09,0.12216131606308135
2014-10-10,0.12922590950172594
2014-10-13,0.12955310474246315
2014-10-14,0.1296245041784591
2014-10-15,0.12759128782954732
2014-10-16,0.12780021639356795
2014-10-17,0.11779682275405311
2014-10-20,0.11588425705378723
2014-10-21,0.12633568466166853
2014-10-22,0.12649518689344838
2014-10-23,0.1268070944765075
2014-10-24,0.12466125277625188
2014-10-27,0.12629786297841006
2014-10-28,0.12779035769239563
2014-10-29,0.11649876634981837
2014-10-30,0.10934325100029334
2014-10-31,0.11302413732252345
2014-11-03,0.11302755797696032
2014-11-04,0.11172506794234553
2014-11-05,0.10923887735774554
2014-11-06,0.10798177314615331
2014-11-07,0.0997236729593859
2014-11-10,0.10117884478131933
2014-11-12,0.10069933471433153
2014-11-13,0.09624003267767477
2014-11-14,0.10279041050195398
2014-11-17,0.09945561501343268
2014-11-18,0.09778080766769413
2014-11-19,0.08311931426415077
2014-11-20,0.09031975382031358
2014-11-21,0.09634547886700975
2014-11-24,0.09634853069156893
2014-11-25,0.09448881233438015
2014-11-26,0.0911766084434796
2014-11-27,0.0917950556372815
2014-11-28,0.09256157102927799
2014-12-01,0.08562127629863503
2014-12-02,0.09723404537230873
2014-12-03,0.09722938373766381
2014-12-04,0.10124157467926867
2014-12-05,0.10604408278187125
2014-12-08,0.1028875847492965
2014-12-09,0.11384613843491985
2014-12-10,0.12022282869078782
2014-12-11,0.12051673556803683
2014-12-12,0.11670739875299234
2014-12-15,0.12835802451228956
2014-12-16,0.14329728746505177
2014-12-17,0.14852638793111844
2014-12-18,0.16318738016018894
2014-12-19,0.16022709384241318
2014-12-22,0.1620827952237899
2014-12-23,0.16219614156442624
2014-12-29,0.1623021085372358
2014-12-30,0.16376920325413954
2015-01-02,0.1635480486955966
2015-01-05,0.17425174801829116
2015-01-07,0.18337384081046487
2015-01-08,0.2053842315723877
2015-01-09,0.2046278852245837
2015-01-12,0.2009126417452412
2015-01-13,0.21110824644997847
2015-01-14,0.21045463017924135
2015-01-15,0.23342077214470505
2015-01-16,0.23269851708468184
2015-01-19,0.23215277428953057
2015-01-20,0.2265288350432225
2015-01-21,0.22594726467441636
2015-01-22,0.2295390821480481
2015-01-23,0.2199500432494289
2015-01-26,0.21860192650340515
2015-01-27,0.21792368704244552
2015-01-28,0.21844467325739447
2015-01-29,0.21827146271929912
2015-01-30,0.21748983761936364
2015-02-02,0.21795860984920712
2015-02-03,0.20481127239530614
2015-02-04,0.19466782472156002
2015-02-05,0.17575322278006558
2015-02-06,0.17287287651001726
2015-02-09,0.17407755845526446
2015-02-10,0.16377865813097522
2015-02-11,0.15894795874414658
2015-02-12,0.11119395989094566
2015-02-13,0.1079712149747703
2015-02-16,0.10899746478627534
2015-02-17,0.10557081420151938
2015-02-18,0.08696832092753559
2015-02-19,0.07349695399987916
2015-02-20,0.07347407267237692
2015-02-23,0.07332439526533867
2015-02-24,0.07369620483787127
2015-02-25,0.0748700076067849
2015-02-26,0.06831414926573476
2015-02-27,0.0687193286563849
2015-03-02,0.06788105967202597
2015-03-03,0.08723237971949496
2015-03-04,0.08985685419754182
2015-03-05,0.09386387850211382
2015-03-06,0.09304584309395815
2015-03-09,0.09029444532794448
2015-03-10,0.1021755425745803
2015-03-11,0.10109784748105814
2015-03-12,0.0986217991889513
2015-03-13,0.10511148314082394
2015-03-16,0.10280616724085147
2015-03-17,0.1081293107017543
2015-03-18,0.1087663146201986
2015-03-19,0.12466941664752716
2015-03-20,0.1284869385178119
2015-03-23,0.12680033492175924
2015-03-24,0.12680513692087958
2015-03-25,0.12894199597373404
2015-03-26,0.13243418950098182
2015-03-27,0.13228236867655274
2015-03-30,0.13567418951647034
2015-03-31,0.12228702690516156
2015-04-01,0.12129766813327167
2015-04-02,0.11924198771525067
2015-04-07,0.12039201849573862
2015-04-08,0.12007353657562249
2015-04-09,0.10725506868391395
2015-04-10,0.10704338897958149
2015-04-13,0.10755073547925431
2015-04-14,0.09698725596176391
2015-04-15,0.108516842039092
2015-04-16,0.11084854386096524
2015-04-17,0.13026567794617888
2015-04-20,0.1296193777865273
2015-04-21,0.12688547943258105
2015-04-22,0.12711896111206109
2015-04-23,0.12671308415556687
2015-04-24,0.12276508703424288
2015-04-27,0.12050540346963566
2015-04-28,0.11994212314891765
2015-04-29,0.1278414613139785
2015-04-30,0.12888470234493316
2015-05-04,0.12813942878971557
2015-05-05,0.13173248096767518
2015-05-06,0.13078627958422717
2015-05-07,0.13117697106150975
2015-05-08,0.13275667928966364
2015-05-11,0.134815386505605
2015-05-12,0.13458739899199187
2015-05-13,0.1337111346006763
2015-05-14,0.12958711450735613
2015-05-15,0.12337943368376304
2015-05-18,0.10784085311499435
2015-05-19,0.09108266947614946
2015-05-20,0.09105150637358024
2015-05-21,0.08990870360706325
2015-05-22,0.09058570424445207
2015-05-25,0.10957180241300128
2015-05-26,0.1028246387612908
2015-05-27,0.10553360534883469
2015-05-28,0.10276569292835748
2015-05-29,0.10268033966726128
2015-06-01,0.10117101698493432
2015-06-02,0.10625110583204882
2015-06-03,0.10332125135673392
2015-06-05,0.10596904136984843
2015-06-08,0.09471329935971767
2015-06-09,0.09518516618994344
2015-06-10,0.12457865763358794
2015-06-11,0.12476639809042152
2015-06-12,0.1248006003734795
2015-06-15,0.1245203190406385
2015-06-16,0.12245901103308618
2015-06-17,0.1285199447385743
2015-06-18,0.13269112671651273
2015-06-19,0.13685427864013552
2015-06-22,0.16613851192984247
2015-06-23,0.1576779890820479
2015-06-24,0.15668269318756126
2015-06-25,0.15549706130559224
2015-06-26,0.1559912953118681
2015-06-29,0.16612636327630018
2015-06-30,0.17391433665096817
2015-07-01,0.17328374942552618
2015-07-02,0.17220164403711166
2015-07-03,0.1708254819233953
2015-07-06,0.170510952440337
2015-07-07,0.18708294141939374
2015-07-08,0.16826238810429942
2015-07-09,0.17168101001534158
2015-07-10,0.18488686282280906
2015-07-13,0.18483681061010943
2015-07-14,0.18489824196067134
2015-07-15,0.178378902978855
2015-07-16,0.18984961746510626
2015-07-17,0.1833243612714152
2015-07-20,0.17360112853235937
2015-07-21,0.17423548018413645
2015-07-22,0.19704425606863815
2015-07-23,0.19943446571368012
2015-07-24,0.19862516208038014
2015-07-27,0.19066331441897214
2015-07-28,0.18451430116236203
2015-07-29,0.18576030967081214
2015-07-30,0.18802637875669287
2015-07-31,0.19967827753550843
2015-08-03,0.19975932607797794
2015-08-04,0.180606123215994
2015-08-05,0.18669424405430587
2015-08-06,0.2116493211627944
2015-08-07,0.19999633260099053
2015-08-10,0.20541159605262513
2015-08-11,0.2051203443010734
2015-08-12,0.2070397337802681
2015-08-13,0.1999235865160904
2015-08-14,0.20279882621328096
2015-08-17,0.19707648870567848
2015-08-18,0.19655635972408197
2015-08-19,0.17299241974443627
2015-08-20,0.17181316884617143
2015-08-21,0.173975781943133
2015-08-24,0.26960383159230716
2015-08-25,0.27129355875501293
2015-08-26,0.26885623025607197
2015-08-27,0.2801819746364695
2015-08-28,0.27641693679413964
2015-08-31,0.2787586868996932
2015-09-01,0.28843279326066984
2015-09-02,0.2819793653831598
2015-09-03,0.2804051430243292
2015-09-04,0.28057002102761885
2015-09-07,0.2770546943311139
2015-09-08,0.2773015819171341
2015-09-09,0.2766831623425065
2015-09-10,0.28329533439074756
2015-09-11,0.28025517035038877
2015-09-14,0.2774116604585406
2015-09-15,0.27730146674352785
2015-09-16,0.2748574802091963
2015-09-17,0.2760690692625901
2015-09-18,0.27871274118273315
2015-09-21,0.17543421332153783
2015-09-22,0.1905701666790019
2015-09-23,0.19908343048313004
2015-09-24,0.18883477236926985
2015-09-25,0.1829771350159657
2015-09-28,0.18577358731671692
2015-09-29,0.17176623640039626
2015-09-30,0.177691535920207
2015-10-01,0.15631565299965694
2015-10-02,0.1569385676530562
2015-10-05,0.18444732124628432
2015-10-06,0.18648734899706876
2015-10-07,0.18652353898647825
2015-10-08,0.17354859056433353
2015-10-09,0.17656717956269788
2015-10-12,0.17702265721584226
2015-10-13,0.1772194034716035
2015-10-14,0.17722870231816987
2015-10-15,0.17732896553963812
2015-10-16,0.17202334184065543
2015-10-19,0.17121626098209058
2015-10-20,0.15923084747109137
2015-10-21,0.15147770392328286
2015-10-22,0.14541485101114782
2015-10-23,0.14477552535420524
2015-10-26,0.13195317853835337
2015-10-27,0.12738429697320167
2015-10-28,0.12326588040430088
2015-10-29,0.14533764588817705
2015-10-30,0.1430420183276426
2015-11-02,0.11408689833054514
2015-11-03,0.1135442595798849
2015-11-04,0.11249331765267132
2015-11-05,0.11235143253831854
2015-11-06,0.10980481611807377
2015-11-09,0.10966036582403715
2015-11-10,0.11242561622132835
2015-11-12,0.11256533489169714
2015-11-13,0.11679406497241565
2015-11-16,0.11626595051939248
2015-11-17,0.13953895947416708
2015-11-18,0.1434766207404163
2015-11-19,0.14411493074525394
2015-11-20,0.14694969191636895
2015-11-23,0.15925926661902987
2015-11-24,0.1686272882841454
2015-11-25,0.1681094058537926
2015-11-26,0.17606928402079378
2015-11-27,0.1668629226246675
2015-11-30,0.1665365984151935
2015-12-01,0.16114488630355545
2015-12-02,0.17030506775154014
2015-12-03,0.17015988071709082
2015-12-04,0.16969785602308066
2015-12-07,0.16834210980078482
2015-12-08,0.18735764735068317
2015-12-09,0.19413740917335287
2015-12-10,0.2078207159376167
2015-12-11,0.2132475150466141
2015-12-14,0.21370519329430296
2015-12-15,0.20298994649026744
2015-12-16,0.21454291338703485
2015-12-17,0.2334158310329835
2015-12-18,0.23606238050807718
2015-12-21,0.23033483679243583
2015-12-22,0.22289075805773131
2015-12-23,0.22355547405276288
2015-12-28,0.2188636571584299
2015-12-29,0.21754216200577647
2015-12-30,0.2255079895201515
2016-01-04,0.2465301557804883
2016-01-05,0.2392977821206557
2016-01-07,0.2527004534512732
2016-01-08,0.2539993757997462
2016-01-11,0.25559346844881
2016-01-12,0.264154264673391
2016-01-13,0.2560263920034083
2016-01-14,0.25059731979043076
2016-01-15,0.2513721336762026
2016-01-18,0.2758317756929547
2016-01-19,0.2748209393280552
2016-01-20,0.265715882931279
2016-01-21,0.25292937949272554
2016-01-22,0.27008328551433597
2016-01-25,0.26928384888463985
2016-01-26,0.2683215429679803
2016-01-27,0.27129848821482916
2016-01-28,0.27989326476333076
2016-01-29,0.28339849331882827
2016-02-01,0.2777129508613142
2016-02-02,0.2730798792061134
2016-02-03,0.27333613857170963
2016-02-04,0.27604553945786575
2016-02-05,0.2717936975672764
2016-02-08,0.271400339712103
2016-02-09,0.2546838688078632
2016-02-10,0.25102170299461246
2016-02-11,0.2508079452806995
2016-02-12,0.2352331568427483
2016-02-15,0.20235040115859487
2016-02-16,0.20239913368813814
2016-02-17,0.2265911562929993
2016-02-18,0.22666668953364816
2016-02-19,0.21642819701858407
2016-02-22,0.217667207887579
2016-02-23,0.21655486056066311
2016-02-24,0.22485383683655977
2016-02-25,0.22207361366519138
2016-02-26,0.21777668990619173
2016-02-29,0.22235843335225988
2016-03-01,0.19743681330647136
2016-03-02,0.19753821710616315
2016-03-03,0.19751680870079438
2016-03-04,0.19808966449847287
2016-03-07,0.19334974906263075
2016-03-08,0.1986032342651317
2016-03-09,0.19719864907539753
2016-03-10,0.19655493238704513
2016-03-11,0.19907330925855501
2016-03-14,0.196535527850011
2016-03-15,0.1973214291845588
2016-03-16,0.15725624745859823
2016-03-17,0.1703905384529693
2016-03-18,0.16829981402910343
2016-03-21,0.16847524941128297
2016-03-22,0.16412615350839854
2016-03-23,0.16345595516639103
2016-03-24,0.16112895926031653
2016-03-29,0.16275112871592554
2016-03-30,0.1691803779183317
2016-03-31,0.16981151622777546
2016-04-01,0.17951973661117887
2016-04-04,0.15571510253832369
2016-04-05,0.1873186009117669
2016-04-06,0.18596248049787284
2016-04-07,0.18429157282114636
2016-04-08,0.18583814967222106
2016-04-11,0.1858027025747935
2016-04-12,0.18101343138007348
2016-04-13,0.19331301620915076
2016-04-14,0.19270893301705214
2016-04-15,0.19438407797132853
2016-04-18,0.181182059729117
2016-04-19,0.18142925517492514
2016-04-20,0.18058518817184355
2016-04-21,0.18103130735098158
2016-04-22,0.1742535278596194
2016-04-25,0.17737341917751434
2016-04-26,0.17444679749037675
2016-04-27,0.15340103639656896
2016-04-28,0.1546312666754227
2016-04-29,0.15034969350273256
2016-05-02,0.14766153685133176
2016-05-04,0.13135421469992706
2016-05-05,0.1380859849696915
2016-05-06,0.14116383546225644
2016-05-09,0.13721541387184794
2016-05-10,0.14246912828072397
2016-05-11,0.14253095305724253
2016-05-12,0.11823412810125715
2016-05-13,0.11575872333518046
2016-05-16,0.14433884781516593
2016-05-17,0.14291863188084317
2016-05-18,0.13561328030192202
2016-05-19,0.15232631147787953
2016-05-20,0.1546442227641934
2016-05-23,0.15931103531536522
2016-05-24,0.16149200693335278
2016-05-25,0.16703772359660626
2016-05-27,0.16282895909849732
2016-05-30,0.16238510076174764
2016-05-31,0.17301153860576998
2016-06-01,0.193432088392296
2016-06-02,0.18644846808492707
2016-06-03,0.19402129523803283
2016-06-06,0.19133969149681754
2016-06-07,0.2053887683038471
2016-06-08,0.20127916686724664
2016-06-09,0.20946245422320134
2016-06-10,0.21876310435858148
2016-06-13,0.21875391262666458
2016-06-14,0.20467543870335256
2016-06-15,0.2067043451562191
2016-06-16,0.21911200712713835
2016-06-17,0.21188471252801805
2016-06-20,0.22728963339645317
2016-06-21,0.226528245663723
2016-06-22,0.2290158238634764
2016-06-23,0.23423423377354546
2016-06-24,0.286426685647247
2016-06-27,0.2942472404252185
2016-06-28,0.29259349175621785
2016-06-29,0.2764989377108993
2016-06-30,0.27662751930184554
2016-07-01,0.2685829550379729
2016-07-04,0.27059828798856267
2016-07-05,0.25831476817968396
2016-07-06,0.25919752379793104
2016-07-07,0.26289211955837094
2016-07-08,0.257013474489242
2016-07-11,0.2723826834239571
2016-07-12,0.2711090469323193
2016-07-13,0.27081469630493643
2016-07-14,0.25842606538613494
2016-07-15,0.2564116298172093
2016-07-18,0.25037004703575894
2016-07-19,0.24986578073025126
2016-07-20,0.24683360904838572
2016-07-21,0.2385022716930381
2016-07-22,0.17084102509087806
2016-07-25,0.1540074633201294
2016-07-26,0.1528871873879131
2016-07-27,0.15383567014082603
2016-07-28,0.15470996253595137
2016-07-29,0.16587088608087244
2016-08-01,0.15970067716101405
2016-08-02,0.17615025839045495
2016-08-03,0.16772289197020998
2016-08-04,0.1704697717361592
2016-08-05,0.16800586231214262
2016-08-08,0.15152890571204022
2016-08-09,0.15161693869168075
2016-08-10,0.1483137022932416
2016-08-11,0.14855000592227338
2016-08-12,0.1494721523130045
2016-08-16,0.14348575513912612
2016-08-17,0.15159683062892257
2016-08-18,0.15129206442319224
2016-08-19,0.1571180958276947
2016-08-22,0.1555864543860345
2016-08-23,0.15018651021185397
2016-08-24,0.1490478304056551
2016-08-25,0.1488370159284358
2016-08-26,0.14821894226711485
2016-08-29,0.13585702313891707
2016-08-30,0.14154492113715597
2016-08-31,0.11483204018008938
2016-09-01,0.12864846217477854
2016-09-02,0.11222599176161764
2016-09-05,0.12055015456954414
2016-09-06,0.11784264670928205
2016-09-07,0.12309399238998284
2016-09-08,0.12543742025216797
2016-09-09,0.14112284184012056
2016-09-12,0.1455249034767572
2016-09-13,0.1453340702960998
2016-09-14,0.14433923898892084
2016-09-15,0.14697393252732902
2016-09-16,0.1438626951570228
2016-09-19,0.1487739109385905
2016-09-20,0.148891399069222
2016-09-21,0.1490742896079813
2016-09-22,0.15371653147474837
2016-09-23,0.1557454668727215
2016-09-26,0.16175112164858033
2016-09-27,0.1548302059082362
2016-09-28,0.15513297548276575
2016-09-29,0.14284578503539297
2016-09-30,0.14729895095854195
2016-10-03,0.1448346775953052
2016-10-04,0.15838205392531934
2016-10-05,0.15387273681944455
2016-10-06,0.1510797034087733
2016-10-07,0.13018222721261338
2016-10-10,0.1236820535078377
2016-10-11,0.12509083509547014
2016-10-12,0.12411917783127079
2016-10-13,0.14067855380465832
2016-10-14,0.13962890581390625
2016-10-17,0.13544102933300603
2016-10-18,0.13579362572912215
2016-10-19,0.14499560839559797
2016-10-20,0.14020010959058152
2016-10-21,0.13797840625168964
2016-10-24,0.1430178270449001
2016-10-25,0.14159678987811988
2016-10-26,0.14261249300151738
2016-10-27,0.14426369828619431
2016-10-28,0.13890050370083515
2016-10-31,0.13786721801352134
2016-11-02,0.16442154498256636
2016-11-03,0.16365431814525316
2016-11-04,0.1647493301262856
2016-11-07,0.16350130710989177
2016-11-08,0.16662007441530352
2016-11-09,0.1657630730882245
2016-11-10,0.1659598914041748
2016-11-14,0.17520028803919446
2016-11-15,0.17409065208671393
2016-11-16,0.17346362649694724
2016-11-17,0.17700570174320418
2016-11-18,0.17370424084771807
2016-11-21,0.1850748434218069
2016-11-22,0.18891095781702494
2016-11-23,0.18339258245350737
2016-11-24,0.18440627701426487
2016-11-25,0.18545522533712694
2016-11-28,0.18715713184569574
2016-11-29,0.18116188701516917
2016-11-30,0.18543692583237176
2016-12-01,0.1589324228031279
2016-12-02,0.15894187638917626
2016-12-05,0.1973054911139334
2016-12-06,0.20359779919547505
2016-12-07,0.20139246799697688
2016-12-08,0.20716139657813498
2016-12-09,0.21361532482984372
2016-12-12,0.1942127281012274
2016-12-13,0.20163244061608013
2016-12-14,0.20185797835825206
2016-12-15,0.20499001051374388
2016-12-16,0.19805321514042398
2016-12-19,0.19272870999327996
2016-12-20,0.19176659898432824
2016-12-21,0.19347214211218877
2016-12-22,0.194010220965315
2016-12-23,0.19345959476408936
2016-12-27,0.185575709523349
2016-12-28,0.18681696677636553
2016-12-29,0.18579344260275987
2016-12-30,0.18086074610635205
2017-01-02,0.1800412575099424
2017-01-03,0.1500884529704842
2017-01-04,0.14239580793800916
2017-01-05,0.14229221682367443
2017-01-09,0.133140535446461
2017-01-10,0.1242696794669072
2017-01-11,0.11555027646552028
2017-01-12,0.10254767090175484
2017-01-13,0.10268958067189994
2017-01-16,0.08774857758959058
2017-01-17,0.09192660398143207
2017-01-18,0.09538484637418226
2017-01-19,0.09328305506902845
2017-01-20,0.09134495240123318
2017-01-23,0.09395190122456364
2017-01-24,0.09668880618529264
2017-01-25,0.14438309744118885
2017-01-26,0.14332152170755647
2017-01-27,0.14292062094305016
2017-01-30,0.1581977630478415
2017-01-31,0.1580359642145285
2017-02-01,0.15228219219100333
2017-02-02,0.15504514107311684
2017-02-03,0.15535071629665495
2017-02-06,0.1557747783484008
2017-02-07,0.15496261302155576
2017-02-08,0.15511823774609607
2017-02-09,0.17194138395361755
2017-02-10,0.17246908737009362
2017-02-13,0.1748478387152063
2017-02-14,0.17356881073842995
2017-02-15,0.170599888097846
2017-02-16,0.1741457938214439
2017-02-17,0.18152041064431573
2017-02-20,0.17650051765668245
2017-02-21,0.18969402935035967
2017-02-22,0.16164755783882884
2017-02-23,0.16130251366382728
2017-02-24,0.1819757366685025
2017-02-27,0.1688366379362283
2017-02-28,0.1744508801183771
2017-03-01,0.19439096556046614
2017-03-02,0.19080518658459206
2017-03-03,0.197082039703409
2017-03-06,0.20028873620643964
2017-03-07,0.20314203515271556
2017-03-08,0.202797828255215
2017-03-09,0.19365780089253487
2017-03-10,0.19113275619306608
2017-03-13,0.19848169675176366
2017-03-14,0.19826993514148714
2017-03-15,0.1986908545020992
2017-03-16,0.20989509216439572
2017-03-17,0.20384383583385277
2017-03-20,0.20645114204601095
2017-03-21,0.19354593394953348
2017-03-22,0.19882990402798603
2017-03-23,0.1996551206075351
2017-03-24,0.18630961826807735
2017-03-27,0.1941319413115968
2017-03-28,0.19505653621952326
2017-03-29,0.1666189677409896
2017-03-30,0.16664792901563263
2017-03-31,0.17149749363685754
2017-04-03,0.18574518209097998
2017-04-04,0.1859493525184974
2017-04-05,0.18624965289320014
2017-04-06,0.1811679381431019
2017-04-07,0.1813170147885956
2017-04-10,0.16845479089177356
2017-04-11,0.17206342381619041
2017-04-12,0.17198468898240216
2017-04-13,0.15088681989386546
2017-04-18,0.14908364539061286
2017-04-19,0.16031388927938253
2017-04-20,0.15403723293052052
2017-04-21,0.1506109314851163
2017-04-24,0.15749225041484152
2017-04-25,0.17690727199399917
2017-04-26,0.16790984531103686
2017-04-27,0.16670062862342175
2017-04-28,0.16529141000981906
2017-05-02,0.16403155383583745
2017-05-04,0.15160767500135
2017-05-05,0.14059804140566592
2017-05-08,0.14121156172995789
2017-05-09,0.14876023041497985
2017-05-10,0.16076644190996806
2017-05-11,0.1629710117766605
2017-05-12,0.16218285188847936
2017-05-15,0.15515515121610418
2017-05-16,0.16771680735187924
2017-05-17,0.17920531681027857
2017-05-18,0.1799401337060245
2017-05-19,0.1777854981037003
2017-05-22,0.1782031622362614
2017-05-23,0.18374442199012153
2017-05-24,0.17856470362163432
2017-05-25,0.16404956207358642
2017-05-26,0.16361671075347892
2017-05-29,0.16359464829391454
2017-05-30,0.16932575661797603
2017-05-31,0.16679083083795196
2017-06-01,0.16661024674572605
2017-06-02,0.17281758638984293
2017-06-05,0.17652109191886306
2017-06-06,0.17107416512746557
2017-06-07,0.16610516680700851
2017-06-08,0.17330146285655657
2017-06-09,0.1735649042685604
2017-06-12,0.1801715709098418
2017-06-13,0.1732397254455753
2017-06-14,0.16342807995906358
2017-06-16,0.1635807856391815
2017-06-19,0.16172850039080705
2017-06-20,0.16701211871327867
2017-06-21,0.16025662949859645
2017-06-22,0.15885254569913457
2017-06-23,0.14915257242048613
2017-06-26,0.15101373577875724
2017-06-27,0.15125506201522843
2017-06-28,0.14515640425858348
2017-06-29,0.14363798988317159
2017-06-30,0.15162026950333693
2017-07-03,0.15114281703518523
2017-07-04,0.1521274182684239
2017-07-05,0.14725633473696448
2017-07-06,0.14741411759977768
2017-07-07,0.13822554644694188
2017-07-10,0.13811909755838636
2017-07-11,0.12667824834467661
2017-07-12,0.1430168315143293
2017-07-13,0.14274874275573654
2017-07-14,0.1425035883420511
2017-07-17,0.13904203548193977
2017-07-18,0.1302516467403951
2017-07-19,0.12955023395494286
2017-07-20,0.13090113304333492
2017-07-21,0.13340183063490013
2017-07-24,0.12423491839699252
2017-07-25,0.1241396417423904
2017-07-26,0.12413047999687171
2017-07-27,0.1252301620076205
2017-07-28,0.11557600743057862
2017-07-31,0.11192007068777782
2017-08-01,0.09996699485706496
2017-08-02,0.10553981266100959
2017-08-03,0.10455429516588471
2017-08-04,0.10500473038318532
2017-08-07,0.10514994462758419
2017-08-08,0.11460843891743334
2017-08-09,0.10227410800925624
2017-08-10,0.11022338330258631
2017-08-11,0.1117869822479276
2017-08-14,0.10714957597516343
2017-08-16,0.10570321828210445
2017-08-17,0.11220534480971395
2017-08-18,0.11026189017691007
2017-08-21,0.1103006084166845
2017-08-22,0.10971373953762673
2017-08-23,0.10954014423552386
2017-08-24,0.14135945626498309
2017-08-25,0.14030243196962347
2017-08-28,0.15942556760209817
2017-08-29,0.16997897086217256
2017-08-30,0.1722702777889889
2017-08-31,0.16863626298369191
2017-09-01,0.16823740724015987
2017-09-04,0.16943108828532627
2017-09-05,0.16989986741708515
2017-09-06,0.16379073344302708
2017-09-07,0.16472720884235434
2017-09-08,0.15942493114895884
2017-09-11,0.161048415052298
2017-09-12,0.16240185961305686
2017-09-13,0.16333407903671932
2017-09-14,0.15439392004623997
2017-09-15,0.15628190407056308
2017-09-18,0.155437343652684
2017-09-19,0.15548718336511896
2017-09-20,0.156007397311771
2017-09-21,0.13446209225278238
2017-09-22,0.13370799915288115
2017-09-25,0.10663019366252105
2017-09-26,0.09761580513560418
2017-09-27,0.08734771231282173
2017-09-28,0.08725322526375062
2017-09-29,0.09578596452092854
2017-10-02,0.09963459569103943
2017-10-03,0.09969227311267964
2017-10-04,0.10505486457105268
2017-10-05,0.10662722540647268
2017-10-06,0.10893312441343138
2017-10-09,0.10392104545310263
2017-10-10,0.10633839101154943
2017-10-11,0.11638583003141947
2017-10-12,0.1184145087015587
2017-10-13,0.118473528823373
2017-10-16,0.11864195793889465
2017-10-17,0.12254654369483105
2017-10-18,0.12374999805050317
2017-10-19,0.12597621633187495
2017-10-20,0.12466444603467984
2017-10-23,0.11832046961487135
2017-10-24,0.12326513507869596
2017-10-25,0.1223556832604802
2017-10-26,0.12202029338888382
2017-10-27,0.12475310608635835
2017-10-30,0.12888450713912664
2017-10-31,0.12905180518442344
2017-11-02,0.12797133288458168
2017-11-03,0.12613877123835326
2017-11-06,0.1274282771746231
2017-11-07,0.1276879247353269
2017-11-08,0.13011731102144217
2017-11-09,0.12813933503242847
2017-11-10,0.12970036653308112
2017-11-13,0.129452437289252
2017-11-14,0.1301464619167458
2017-11-15,0.14214975476973607
2017-11-16,0.14184367663382175
2017-11-17,0.14413097529949226
2017-11-20,0.14872862262386743
2017-11-21,0.15135926566669902
2017-11-22,0.14624497849800677
2017-11-23,0.14728777217392472
2017-11-24,0.15220309095166912
2017-11-27,0.14708552788382998
2017-11-28,0.14175427467400867
2017-11-29,0.15678457047499864
2017-11-30,0.15823586081415061
2017-12-01,0.15962064957031055
2017-12-04,0.15776952873587838
2017-12-05,0.15349161422939336
2017-12-06,0.15196528903935058
2017-12-07,0.14565633156071983
2017-12-08,0.14622982374301108
2017-12-11,0.14905642789118345
2017-12-12,0.1545597506901737
2017-12-13,0.14007682129600918
2017-12-14,0.1444277496532934
2017-12-15,0.13832502193900795
2017-12-18,0.15261476260582535
2017-12-19,0.14981547388292807
2017-12-20,0.14996327325375405
2017-12-21,0.14835538080886598
2017-12-22,0.14651936121483253
2017-12-27,0.15346257225392695
2017-12-28,0.15263498861989427
2017-12-29,0.1366000658522119
2018-01-03,0.12918769459367385
2018-01-04,0.1560578751128511
2018-01-05,0.15635384536252644
2018-01-08,0.15727202661815162
2018-01-09,0.1592858652720691
2018-01-10,0.162489757679976
2018-01-11,0.16370314725565915
2018-01-12,0.1578485063759776
2018-01-15,0.15502953847145212
2018-01-16,0.16435621294140315
2018-01-17,0.1624128927637288
2018-01-18,0.15969463283200055
2018-01-19,0.14718382965610163
2018-01-22,0.1457740720915803
2018-01-23,0.14560610423817577
2018-01-24,0.14746220256712048
2018-01-25,0.1532183889340263
2018-01-26,0.14741473685101703
2018-01-29,0.14827679330878085
2018-01-30,0.15113951047135551
2018-01-31,0.15307899708257794
2018-02-01,0.12121885920564186
2018-02-02,0.12701686901426912
2018-02-05,0.12350142944063024
2018-02-06,0.18025705181441873
2018-02-07,0.1865675808642319
2018-02-08,0.18765137083667469
2018-02-09,0.18858609607149365
2018-02-12,0.19686009061263118
2018-02-13,0.18385616355445344
2018-02-14,0.1862246358496424
2018-02-15,0.188264160346572
2018-02-16,0.1865414705348894
2018-02-19,0.182702513715335
2018-02-20,0.18185396734515358
2018-02-21,0.1818631212482969
2018-02-22,0.1806109209535924
2018-02-23,0.17834736241455534
2018-02-26,0.17917324115681377
2018-02-27,0.17997323354029804
2018-02-28,0.1948059531612908
2018-03-01,0.19679399682748008
2018-03-02,0.19610128216238043
2018-03-05,0.19953855523770242
2018-03-06,0.1534901940610006
2018-03-07,0.14963228491031577
2018-03-08,0.15141243356151796
2018-03-09,0.15790105053133677
2018-03-12,0.15478874549092853
2018-03-13,0.1558263607967795
2018-03-14,0.15319330095993605
2018-03-15,0.15066805858583934
2018-03-16,0.15775000744296147
2018-03-19,0.16427630202747107
2018-03-20,0.1705869128968575
2018-03-21,0.19099514782921317
2018-03-22,0.20121194483568208
2018-03-23,0.20180391717170398
2018-03-26,0.2016691247938176
2018-03-27,0.2002589699466535
2018-03-28,0.19455461967701332
2018-03-29,0.19284881957137387
2018-04-03,0.1990635703365306
2018-04-04,0.20369600634084317
2018-04-05,0.21711934564587435
2018-04-06,0.21605431304353742
2018-04-09,0.21004355242094971
2018-04-10,0.20406560470726046
2018-04-11,0.1991666425190393
2018-04-12,0.2055495732126994
2018-04-13,0.20437933342934378
2018-04-16,0.20386979588975696
2018-04-17,0.1957601969168963
2018-04-18,0.18576791608563373
2018-04-19,0.18303537370866738
2018-04-20,0.17196908112451462
2018-04-23,0.1556736911108724
2018-04-24,0.15752332196832516
2018-04-25,0.15637566669168704
2018-04-26,0.16120894885924378
2018-04-27,0.14392394579122733
2018-04-30,0.14501663565342135
2018-05-02,0.13900059474936768
2018-05-04,0.15655412205302727
2018-05-07,0.14363786913817564
2018-05-08,0.14620073774678152
2018-05-09,0.1629854281771794
2018-05-10,0.16515575753617673
2018-05-11,0.1694005717455366
2018-05-14,0.16197741919025896
2018-05-15,0.17630375199991274
2018-05-16,0.1757784465664963
2018-05-17,0.17754692967132352
2018-05-18,0.18029233606070616
2018-05-21,0.19138256290517075
2018-05-22,0.18966269200523087
2018-05-23,0.19857436648268048
2018-05-24,0.19660738298822436
2018-05-25,0.1960477353715403
2018-05-28,0.19086321739385853
2018-05-29,0.19430870026585847
2018-05-30,0.19766677375886776
2018-06-01,0.20793321997297878
2018-06-04,0.19162171368668182
2018-06-05,0.2029452464997488
2018-06-06,0.20015688185387384
2018-06-07,0.1881937454250158
2018-06-08,0.18710995604718492
2018-06-11,0.18193403567759733
2018-06-12,0.18525907829935945
2018-06-13,0.17381143692916093
2018-06-14,0.17381105716441494
2018-06-15,0.17983821687120954
2018-06-18,0.19419373920107222
2018-06-19,0.18556712852658888
2018-06-20,0.19609465092487974
2018-06-21,0.18731982712771544
2018-06-22,0.18862551286264742
2018-06-25,0.1887136225927273
2018-06-26,0.1882886352790432
2018-06-27,0.1848189759518663
2018-06-28,0.19084200328978138
2018-06-29,0.1933675519706156
2018-07-02,0.19062150828996105
2018-07-03,0.18846271865737935
2018-07-04,0.19343705465095148
2018-07-05,0.19435515682935775
2018-07-06,0.19279713811027419
2018-07-09,0.19210200643866138
2018-07-10,0.1953506308352029
2018-07-11,0.19748988570207027
2018-07-12,0.19825862407305303
2018-07-13,0.19107537547013687
2018-07-16,0.175300800587503
2018-07-17,0.17038050180343617
2018-07-18,0.16119047575588122
2018-07-19,0.16114662108337957
2018-07-20,0.1708624257020911
2018-07-23,0.1734038565049201
2018-07-24,0.18297976609293864
2018-07-25,0.182034453872248
2018-07-26,0.16821866354389564
2018-07-27,0.16532978007396862
2018-07-30,0.16554323265836746
2018-07-31,0.16532403744516175
2018-08-01,0.16353756272614559
2018-08-02,0.1657792736187364
2018-08-03,0.16486280767365186
2018-08-06,0.16444446406381447
2018-08-07,0.16118385729888396
2018-08-08,0.15314332197098388
2018-08-09,0.15385315015280862
2018-08-10,0.20328071078707904
2018-08-13,0.19790177859829963
2018-08-14,0.19681889758692225
2018-08-16,0.19792870495553277
2018-08-17,0.2130801569792346
2018-08-20,0.2071982111641944
2018-08-21,0.21565699492002594
2018-08-22,0.20795928550416257
2018-08-23,0.21032645822060808
2018-08-24,0.2001262068575001
2018-08-27,0.21620198816577113
2018-08-28,0.2112243419611111
2018-08-29,0.20719793951333337
2018-08-30,0.21153980792946414
2018-08-31,0.20660479126702122
2018-09-03,0.20784349267005323
2018-09-04,0.21534964878716178
2018-09-05,0.21891131763580468
2018-09-06,0.21885982876121443
2018-09-07,0.22327273046256663
2018-09-10,0.18853877087268098
2018-09-11,0.190839977981516
2018-09-12,0.19862971407796773
2018-09-13,0.20255882760389712
2018-09-14,0.18950750959524912
2018-09-17,0.19013367151590974
2018-09-18,0.17815483077827454
2018-09-19,0.18282583750935053
2018-09-20,0.17672251808339418
2018-09-21,0.1763901493808378
2018-09-24,0.15479997079434019
2018-09-25,0.15159351674821972
2018-09-26,0.15422356050534702
2018-09-27,0.1512917060627678
2018-09-28,0.15608537411225684
2018-10-01,0.15272265248638542
2018-10-02,0.14460040608918656
2018-10-03,0.14250583755947224
2018-10-04,0.14677990106374517
2018-10-05,0.13655175418169505
2018-10-08,0.14873189808652318
2018-10-09,0.15182827824970788
2018-10-10,0.16416384945034626
2018-10-11,0.16938356610597777
2018-10-12,0.17651394684654498
2018-10-15,0.17544056054799878
2018-10-16,0.18954823854172684
2018-10-17,0.18499058896501905
2018-10-18,0.18543758158826168
2018-10-19,0.18649404743621378
2018-10-22,0.18143168871151968
2018-10-23,0.1916706388017878
2018-10-24,0.18856321592361402
2018-10-25,0.18641272047908392
2018-10-26,0.20356618323838127
2018-10-29,0.2097180376904223
2018-10-30,0.21473046804542664
2018-10-31,0.21968399363601623
2018-11-02,0.23434601024175208
2018-11-05,0.24244191244628496
2018-11-06,0.23387331829221028
2018-11-07,0.2413757832361906
2018-11-08,0.22461571699863128
2018-11-09,0.22099686940546634
2018-11-13,0.21900643948871537
2018-11-14,0.21754749092419512
2018-11-15,0.20991896857999773
2018-11-16,0.21683780719683476
2018-11-19,0.22015314282463969
2018-11-20,0.2246066465884317
2018-11-21,0.24523139856715737
2018-11-22,0.23265795278715037
2018-11-23,0.23363888676210876
2018-11-26,0.23486994990999902
2018-11-27,0.2064431402124178
2018-11-28,0.21230992535008003
2018-11-29,0.21683165674363683
2018-11-30,0.21620856983157102
2018-12-03,0.21181733765376065
2018-12-04,0.2064494930730147
2018-12-05,0.20598615756235544
2018-12-06,0.21825125207073118
2018-12-07,0.21806546204595065
2018-12-10,0.2217219167448846
2018-12-11,0.2230919388441825
2018-12-12,0.23790188078969896
2018-12-13,0.23715698919834058
2018-12-14,0.226843677255347
2018-12-17,0.2288754447328161
2018-12-18,0.22526549964841516
2018-12-19,0.2102409620932694
2018-12-20,0.218988842692234
2018-12-21,0.2317648610330796
2018-12-27,0.23127457286004277
2018-12-28,0.23391622222895087
2019-01-02,0.22787805467845154
2019-01-03,0.2354745461732055
2019-01-04,0.2431969354514873
2019-01-07,0.24675601604816605
2019-01-08,0.24566492027480855
2019-01-09,0.24664066473682827
2019-01-10,0.22770488008809903
2019-01-11,0.22646230989155544
2019-01-14,0.2163659405971765
2019-01-15,0.21298404253838404
2019-01-16,0.19911659894244657
2019-01-17,0.19293385802171054
2019-01-18,0.19377774344818624
2019-01-21,0.19296702116739706
2019-01-22,0.18691440535639484
2019-01-23,0.19537017942275958
2019-01-24,0.18510930734767322
2019-01-25,0.16621051393022435
2019-01-28,0.1728654606124047
2019-01-29,0.16990900589127372
2019-01-30,0.16917395488132336
2019-01-31,0.14284784223569463
2019-02-01,0.1338053619674353
2019-02-04,0.11641989807500824
2019-02-05,0.11770049377128962
2019-02-06,0.11600589474438255
2019-02-07,0.1345933850128292
2019-02-08,0.13759201286355444
2019-02-11,0.13694670946827056
2019-02-12,0.1368435238530493
2019-02-13,0.1389037902536167
2019-02-14,0.14418786404610723
2019-02-15,0.1440820814583526
2019-02-18,0.14246306543883544
2019-02-19,0.14242335316976545
2019-02-20,0.14256864788273074
2019-02-21,0.14865138232958192
2019-02-22,0.1512532580530338
2019-02-25,0.14782238170016254
2019-02-26,0.1480090055533386
2019-02-27,0.1541159603674451
2019-02-28,0.14958552443173176
2019-03-01,0.1476699932555593
2019-03-04,0.147703957594925
2019-03-05,0.14371666384059584
2019-03-06,0.14387108036389104
2019-03-07,0.13297026392223535
2019-03-08,0.13156198836903563
2019-03-11,0.13163235469847642
2019-03-12,0.1296775386491095
2019-03-13,0.12551912570971335
2019-03-14,0.11924577251601765
2019-03-15,0.12315681669279196
2019-03-18,0.12142264811945876
2019-03-19,0.12149714673820748
2019-03-20,0.09718195697809326
2019-03-21,0.0862000393773456
2019-03-22,0.10278576863643556
2019-03-25,0.09902295715512059
2019-03-26,0.10151849265441368
2019-03-27,0.09067442247824303
2019-03-28,0.0906718624707534
2019-03-29,0.09063143559745412
2019-04-01,0.10098423779001711
2019-04-02,0.10961579409876208
2019-04-03,0.12065649641888034
2019-04-04,0.12052875312199023
2019-04-05,0.1343975824378898
2019-04-08,0.13465736716682442
2019-04-09,0.13445729492886355
2019-04-10,0.13806709431408723
2019-04-11,0.14146019242814453
2019-04-12,0.1368301384639836
2019-04-15,0.13757287287050737
2019-04-16,0.13877376354553062
2019-04-17,0.1389565740968289
2019-04-18,0.14021085800294428
2019-04-23,0.12468318860089801
2019-04-24,0.12387933883414352
2019-04-25,0.12533997389254284
2019-04-26,0.12511140900991585
2019-04-29,0.12540126089132791
2019-04-30,0.13699588491307388
2019-05-02,0.13160546737205128
2019-05-06,0.12829852219487162
2019-05-07,0.13664002722068413
2019-05-08,0.13589796886340674
2019-05-09,0.1404814583584176
2019-05-10,0.1421669725100449
2019-05-13,0.1405532462609379
2019-05-14,0.129943325104943
2019-05-15,0.13229022859805525
2019-05-16,0.14055355847491816
2019-05-17,0.1407400028823407
2019-05-20,0.13595324044182186
2019-05-21,0.1398490876725844
2019-05-22,0.14914211742465613
2019-05-23,0.1572824458160298
2019-05-24,0.16142815969298865
2019-05-27,0.1621341482636708
2019-05-28,0.15954484626678583
2019-05-29,0.15943585255107137
2019-05-30,0.16850804397772126
2019-05-31,0.17170933980674505
2019-06-03,0.16689766567509481
2019-06-04,0.14151256762482678
2019-06-05,0.14119245316200946
2019-06-06,0.13362750721588135
2019-06-07,0.13515673461073227
2019-06-10,0.12929453825968754
2019-06-11,0.12732395246445358
2019-06-12,0.13089465394487845
2019-06-13,0.1301763592116374
2019-06-14,0.1328045201251151
2019-06-17,0.13297649680280307
2019-06-18,0.148163719386601
2019-06-19,0.14641369689923314
2019-06-21,0.12680556852697897
2019-06-24,0.12838756027794365
2019-06-25,0.13905982876979542
2019-06-26,0.13952990142832397
2019-06-27,0.13915283451166519
2019-06-28,0.1330813032295266
2019-07-01,0.1314741797286683
2019-07-02,0.1314481876901281
2019-07-03,0.1305983875607331
2019-07-04,0.1280057679173286
2019-07-05,0.12069821380324611
2019-07-08,0.1182913196095887
2019-07-09,0.12652496607022845
2019-07-10,0.12510810629202276
2019-07-11,0.12317150466578296
2019-07-12,0.12054185646703826
2019-07-15,0.1187353069158584
2019-07-16,0.11744274730520529
2019-07-17,0.09296117033910908
2019-07-18,0.09564939113779279
2019-07-19,0.09959251576882965
2019-07-22,0.09374346914301945
2019-07-23,0.08291775195087821
2019-07-24,0.08054991703467855
2019-07-25,0.0849196083814778
2019-07-26,0.08451616219966102
2019-07-29,0.08913551105090553
2019-07-30,0.09147314493796749
2019-07-31,0.09461648883484565
2019-08-01,0.10507763747970247
2019-08-02,0.10853539130698298
2019-08-05,0.13170683611985343
2019-08-06,0.12870743229098733
2019-08-07,0.12909743627849032
2019-08-08,0.13645518240108304
2019-08-09,0.1414422607146504
2019-08-12,0.13886490151200367
2019-08-13,0.15434156064146373
2019-08-14,0.17845608954551864
2019-08-16,0.17317248370326238
2019-08-19,0.1856643279725074
2019-08-20,0.1878096468749824
2019-08-21,0.18797365688303147
2019-08-22,0.18845356807314284
2019-08-23,0.1875064640061909
2019-08-26,0.18741055241080568
2019-08-27,0.1871543339016706
2019-08-28,0.19580494994194445
2019-08-29,0.19806517213562227
2019-08-30,0.23094462095238172
2019-09-02,0.2298449423558046
2019-09-03,0.22267766400017225
2019-09-04,0.2225303339610714
2019-09-05,0.22116407828995022
2019-09-06,0.2199418785353534
2019-09-09,0.23052310941199303
2019-09-10,0.22832980778066375
2019-09-11,0.2234953374736169
2019-09-12,0.19266051918913518
2019-09-13,0.1895524889180983
2019-09-16,0.1819273122409169
2019-09-17,0.18856579160449502
2019-09-18,0.18839765918318502
2019-09-19,0.19072094850289903
2019-09-20,0.1942833985048127
2019-09-23,0.19919952919265274
2019-09-24,0.20320770467506838
2019-09-25,0.18754726385957474
2019-09-26,0.1866033302474695
2019-09-27,0.15333483528528313
2019-09-30,0.15488782345008809
2019-10-01,0.14472502029632775
2019-10-02,0.1726749797054512
2019-10-03,0.17251756688043313
2019-10-04,0.17453360608001733
2019-10-07,0.14951141857189218
2019-10-08,0.14864728623349063
2019-10-09,0.14875450207012422
2019-10-10,0.1493675984474652
2019-10-11,0.16202713572099262
2019-10-14,0.159418509309014
2019-10-15,0.15579264328066336
2019-10-16,0.1540374796534285
2019-10-17,0.15623551609487382
2019-10-18,0.1535455991912798
2019-10-21,0.15054439334838074
2019-10-22,0.1507933659797776
2019-10-23,0.14814289078014786
2019-10-24,0.14709804356407657
2019-10-25,0.15584314683041786
2019-10-28,0.16524179645289255
2019-10-29,0.16185660533672358
2019-10-30,0.1264452778908434
2019-10-31,0.14163874449102243
2019-11-04,0.17372345480510756
2019-11-05,0.17338224471964997
2019-11-06,0.17760029144437103
2019-11-07,0.17822428956744107
2019-11-08,0.1796485910022841
2019-11-12,0.17261936355537072
2019-11-13,0.172995674965447
2019-11-14,0.1743267239622922
2019-11-15,0.17439730902448827
2019-11-18,0.17312507814085723
2019-11-19,0.17694571892665872
2019-11-20,0.1761300230973862
2019-11-21,0.1709609918091882
2019-11-22,0.17173543562620802
2019-11-25,0.17254585148999485
2019-11-26,0.16390801331182678
2019-11-27,0.15274090505687038
2019-11-28,0.1506718808812848
2019-11-29,0.15107004198659033
2019-12-02,0.15366899273781967
2019-12-03,0.1008408563141185
2019-12-04,0.09666906175980516
2019-12-05,0.10124410084559723
2019-12-06,0.09375611465333678
2019-12-09,0.09328037540332972
2019-12-10,0.0932999039373484
2019-12-11,0.0932431345457881
2019-12-12,0.14381146861024266
2019-12-13,0.14307444370786176
2019-12-16,0.1446061375377115
2019-12-17,0.14750698213764782
2019-12-18,0.14681286017065834
2019-12-19,0.14558380246330702
2019-12-20,0.14443366054308357
2019-12-23,0.14602795649430556
2019-12-27,0.14713262675562977
2019-12-30,0.1466034267437277
2020-01-02,0.16759766419865268
2020-01-03,0.17260424398734522
2020-01-07,0.16807261388897393
2020-01-08,0.1659740165453464
2020-01-09,0.17787208955369468
2020-01-10,0.177840406687333
2020-01-13,0.17656888737181026
2020-01-14,0.17765138494354407
2020-01-15,0.17924672239490205
2020-01-16,0.17791001514034246
2020-01-17,0.1548751979829731
2020-01-20,0.1548924710448259
2020-01-21,0.159510969040502
2020-01-22,0.15807755090687264
2020-01-23,0.1580754615179555
2020-01-24,0.15828809068188562
2020-01-27,0.19851540621390654
2020-01-28,0.1985282873808744
2020-01-29,0.19758749823857424
2020-01-30,0.19932939475902245
2020-01-31,0.177296710193219
2020-02-03,0.17554180460084753
2020-02-04,0.18214426643131348
2020-02-05,0.17807517011804422
2020-02-06,0.16354683325456587
2020-02-07,0.16210241071087925
2020-02-10,0.15560304871308347
2020-02-11,0.15857826911860182
2020-02-12,0.16098058525623557
2020-02-13,0.16006250029092003
2020-02-14,0.15986944541499484
2020-02-17,0.16034971523285124
2020-02-18,0.15789456862803064
2020-02-19,0.15718324401216707
2020-02-20,0.1587242301643831
2020-02-21,0.15872389225009667
2020-02-24,0.18554364480802368
2020-02-25,0.20374341732036327
2020-02-26,0.2034054165850782
2020-02-27,0.24741337084234838
2020-02-28,0.28411345065390126
2020-03-02,0.3005971618675951
2020-03-03,0.3428919109939334
2020-03-04,0.34092677376486263
2020-03-05,0.34451049881894436
2020-03-06,0.3545908156597868
2020-03-09,0.439073521402344
2020-03-10,0.43307986917808716
2020-03-11,0.45432103370935206
2020-03-12,0.6314041414775489
2020-03-13,0.674197077458517
2020-03-16,0.6681342580664231
2020-03-17,0.7329251577468759
2020-03-18,0.728973494832473
2020-03-19,0.7671453799060618
2020-03-20,0.7737793373410722
2020-03-23,0.7818884455846022
2020-03-24,0.8000962782579861
2020-03-25,0.8000874671451975
2020-03-26,0.8102613843826836
2020-03-27,0.8000404634223426
2020-03-30,0.7928670854019759
2020-03-31,0.7772060358855488
2020-04-01,0.7777660236229846
2020-04-02,0.7793321316522848
2020-04-03,0.7777260275966439
2020-04-06,0.7502570359191371
2020-04-07,0.749970089322651
2020-04-08,0.7180292234769824
2020-04-09,0.47409311522074166
2020-04-14,0.46157956211712625
2020-04-15,0.47801298969629796
2020-04-16,0.43459625232935417
2020-04-17,0.42570952798246803
2020-04-20,0.3987291188296212
2020-04-21,0.4307704016462821
2020-04-22,0.3708677511064018
2020-04-23,0.3596826452897303
2020-04-24,0.36478854412597844
2020-04-27,0.3501763566972686
2020-04-28,0.34630987709991623
2020-04-29,0.363429050249721
2020-04-30,0.35784705971950626
2020-05-04,0.36765982570717
2020-05-05,0.3679615301805578
2020-05-06,0.3758407591332829
2020-05-07,0.3366722562294422
2020-05-08,0.3355995028392593
2020-05-11,0.33381031758718044
2020-05-12,0.33298001088953183
2020-05-13,0.3160643298449207
2020-05-14,0.30170625945931606
2020-05-15,0.3015375094130928
2020-05-18,0.33152224639351824
2020-05-19,0.3300252048120942
2020-05-20,0.2920086844533512
2020-05-21,0.2870562134867648
2020-05-22,0.2840808769507298
2020-05-25,0.2797802142129056
2020-05-26,0.30782350151243754
2020-05-27,0.3082153158164229
2020-05-28,0.2849428575720286
2020-05-29,0.2846270029028772
2020-06-01,0.2588518388967478
2020-06-02,0.25831173658799556
2020-06-03,0.2465052111131271
2020-06-04,0.2461420606931688
2020-06-05,0.26091942962417114
2020-06-08,0.25302164074898964
2020-06-09,0.24954620290874496
2020-06-10,0.24634720089906467
2020-06-12,0.25777903396463353
2020-06-15,0.28136985414327537
2020-06-16,0.2667509160326283
2020-06-17,0.26894545760742516
2020-06-18,0.26867263643916717
2020-06-19,0.26421857822385797
2020-06-22,0.2649640259058883
2020-06-23,0.2676007415621481
2020-06-24,0.2546426297759702
2020-06-25,0.2545235842620435
2020-06-26,0.2651653967961685
2020-06-29,0.26562102785781
2020-06-30,0.2661781069495406
2020-07-01,0.26731482532399503
2020-07-02,0.2675452641660067
2020-07-03,0.2650047549725929
2020-07-06,0.24253813335005195
2020-07-07,0.24467190757704407
2020-07-08,0.2455111413534821
2020-07-09,0.24528233387899334
2020-07-10,0.22301268834977375
2020-07-13,0.19877974589272024
2020-07-14,0.17413801632559198
2020-07-15,0.1795867458043097
2020-07-16,0.1790741831142066
2020-07-17,0.17745944291879204
2020-07-20,0.19654496233264585
2020-07-21,0.18878312081611673
2020-07-22,0.17037862055396868
2020-07-23,0.17146544693523838
2020-07-24,0.15673199461694107
2020-07-27,0.15997325827704195
2020-07-28,0.15883594896904416
2020-07-29,0.15734795321100592
2020-07-30,0.1905647928323727
2020-07-31,0.19097271820791994
2020-08-03,0.20261666209033719
2020-08-04,0.20004417006506164
2020-08-05,0.2021219890428086
2020-08-06,0.2047154952764276
2020-08-07,0.2045843087925773
2020-08-10,0.20470539442866817
2020-08-11,0.198698206431729
2020-08-12,0.1947894198802286
2020-08-13,0.19477366503442411
2020-08-14,0.1946266617309453
2020-08-17,0.17513109696876225
2020-08-18,0.18029275869649522
2020-08-19,0.17848218565766016
2020-08-20,0.18095152834060677
2020-08-21,0.18015590753768593
2020-08-24,0.18024579467556176
2020-08-25,0.18412995816019698
2020-08-26,0.1915048268227802
2020-08-27,0.14103509256841296
2020-08-28,0.1467157570520981
2020-08-31,0.1421111844564958
2020-09-01,0.1511624988522336
2020-09-02,0.14663507531944978
2020-09-03,0.14739538077455647
2020-09-04,0.14838951864656072
2020-09-07,0.15169056037499393
2020-09-08,0.15817911474022517
2020-09-09,0.18111503038248875
2020-09-10,0.18080289685198145
2020-09-11,0.18250308835897078
2020-09-14,0.18246694384030268
2020-09-15,0.18066896215130288
2020-09-16,0.18063319878664044
2020-09-17,0.18011544318062692
2020-09-18,0.1803288703407504
2020-09-21,0.19542080345547339
2020-09-22,0.19752353377729998
2020-09-23,0.1851756515304776
2020-09-24,0.1862520389057979
2020-09-25,0.18892099954525896
2020-09-28,0.23545775771913474
2020-09-29,0.2329283154705499
2020-09-30,0.23064928940284318
2020-10-01,0.23144079600660736
2020-10-02,0.23133161098828237
2020-10-05,0.24166829016670874
2020-10-06,0.2286282954266603
2020-10-07,0.21274389195259058
2020-10-08,0.21457179088919257
2020-10-09,0.21680870927641455
2020-10-12,0.21729409232948924
2020-10-13,0.22017351459437454
2020-10-14,0.2222091596776616
2020-10-15,0.23622019466941496
2020-10-16,0.24626439313659873
2020-10-19,0.22542936858032883
2020-10-20,0.2248574825373043
2020-10-21,0.22633538358276162
2020-10-22,0.223121455389229
2020-10-23,0.22232815634310418
2020-10-26,0.17043326350632662
2020-10-27,0.167463123432004
2020-10-28,0.23142985377602293
2020-10-29,0.23038202508692196
2020-10-30,0.23331982030177012
2020-11-02,0.2429723746422837
2020-11-03,0.3125996462846779
2020-11-04,0.3130280191843741
2020-11-05,0.32018795103381276
2020-11-06,0.3232772748915371
2020-11-09,0.3499121539372681
2020-11-10,0.3449941970026201
2020-11-12,0.34595092486320034
2020-11-13,0.33425612307742797
2020-11-16,0.34229207025711533
2020-11-17,0.34187816339742183
2020-11-18,0.3423593566571443
2020-11-19,0.34372814286768155
2020-11-20,0.3464143794517493
2020-11-23,0.3461710970957944
2020-11-24,0.3437609783810904
2020-11-25,0.3424261370610686
2020-11-26,0.280626750268908
2020-11-27,0.27755897490848624
2020-11-30,0.2714611827421018
2020-12-01,0.2645664155297286
2020-12-02,0.22296266935522743
2020-12-03,0.22622384308420812
2020-12-04,0.23774933332445533
2020-12-07,0.23574814054963777
2020-12-08,0.20263282903102509
2020-12-09,0.2038433558736789
2020-12-10,0.2042953115344312
2020-12-11,0.20988258244113248
2020-12-14,0.19574510200522802
2020-12-15,0.1947306694223734
2020-12-16,0.19767510500654784
2020-12-17,0.19181229153927906
2020-12-18,0.19485015078652002
2020-12-21,0.2338689556861616
2020-12-22,0.23921423949464776
2020-12-23,0.2430645574804984
2020-12-28,0.2530056823427263
2020-12-29,0.25292130389291134
2020-12-30,0.2564591640402349
2021-01-04,0.2563423220763292
2021-01-05,0.24569326857400944
2021-01-07,0.2645823207372443
2021-01-08,0.24743543062463622
2021-01-11,0.24811390307103753
2021-01-12,0.25262571649591653
2021-01-13,0.2529397818739701
2021-01-14,0.25224235455307553
2021-01-15,0.25882938178718473
2021-01-18,0.265110032500034
2021-01-19,0.2769903986725662
2021-01-20,0.2719541246285232
2021-01-21,0.27785203083573484
2021-01-22,0.27465547573571886
2021-01-25,0.24577573825130816
2021-01-26,0.24349559152803485
2021-01-27,0.25821393307748663
2021-01-28,0.26581232278839256
2021-01-29,0.27369755404396245
2021-02-01,0.27127196192748515
2021-02-02,0.2678299830635059
2021-02-03,0.2684466609853068
2021-02-04,0.2376815097600193
2021-02-05,0.24744561754151675
2021-02-08,0.2474455046822507
2021-02-09,0.2456514574789286
2021-02-10,0.2467899112559586
2021-02-11,0.2579785710020126
2021-02-12,0.24754931276220124
2021-02-15,0.24789279942274398
2021-02-16,0.2416822803755863
2021-02-17,0.24379852818731562
2021-02-18,0.23621989072617192
2021-02-19,0.2362463037209208
2021-02-22,0.24020106071380753
2021-02-23,0.24078355783619987
2021-02-24,0.2230535530280078
2021-02-25,0.1934825899648778
2021-02-26,0.1876772522279669
2021-03-01,0.20123788454916697
2021-03-02,0.20061076873457095
2021-03-03,0.201371463213255
2021-03-04,0.1996040311826606
2021-03-05,0.19137056731234295
2021-03-08,0.19705652141635877
2021-03-09,0.2020749173825901
2021-03-10,0.19560236261398126
2021-03-11,0.18603157080988797
2021-03-12,0.18275504372374413
2021-03-15,0.17097721458109819
2021-03-16,0.16618346176479806
2021-03-17,0.1801971817812399
2021-03-18,0.18526181492599594
2021-03-19,0.19392934806842127
2021-03-22,0.1899967810080866
2021-03-23,0.17617469269327585
2021-03-24,0.1787879790976457
2021-03-25,0.18317607954238116
2021-03-26,0.1938350054341701
2021-03-29,0.1880984465737788
2021-03-30,0.18811733900098213
2021-03-31,0.18589180818102724
2021-04-01,0.18809417897274314
2021-04-06,0.21428685512361165
2021-04-07,0.21215509629724338
2021-04-08,0.2084947558751214
2021-04-09,0.20776759782043905
2021-04-12,0.20782072955002023
2021-04-13,0.20688308978678513
2021-04-14,0.21793371331439582
2021-04-15,0.21479371726219917
2021-04-16,0.19853714437497266
2021-04-19,0.1975206417873156
2021-04-20,0.1875897833492153
2021-04-21,0.1881831882670128
2021-04-22,0.18765955200217166
2021-04-23,0.18073755466756297
2021-04-26,0.1738955962645705
2021-04-27,0.16030530004312743
2021-04-28,0.15731087599937157
2021-04-29,0.15743440005852
2021-04-30,0.1600183652482498
2021-05-04,0.1721499707887071
2021-05-05,0.15618731764986857
2021-05-06,0.1534787065733381
2021-05-07,0.16891144425367108
2021-05-10,0.1688167668044796
2021-05-11,0.17010213543309502
2021-05-12,0.1738623698200979
2021-05-13,0.1638747291508044
2021-05-14,0.16374485538070324
2021-05-17,0.17088351827007314
2021-05-18,0.16722073987213018
2021-05-19,0.1710627620839365
2021-05-20,0.17031634035038645
2021-05-21,0.1703163400351214
2021-05-24,0.17062771040632418
2021-05-25,0.17057867388961878
2021-05-26,0.1688072196117033
2021-05-27,0.1731576205429443
2021-05-28,0.1746566504332678
2021-05-31,0.17140990274975285
2021-06-01,0.15336834182446477
2021-06-02,0.14194397061026137
2021-06-04,0.14137208829267942
2021-06-07,0.12369314437577732
2021-06-08,0.12473673515281838
2021-06-09,0.1299602830663553
2021-06-10,0.12391286428636965
2021-06-11,0.1269895755472373
2021-06-14,0.13129954513900938
2021-06-15,0.13034387159038133
2021-06-16,0.13123144822480387
2021-06-17,0.12713752835122874
2021-06-18,0.12580660309435368
2021-06-21,0.1259776330131424
2021-06-22,0.1251545480051095
2021-06-23,0.12321493837437035
2021-06-24,0.13487109120750962
2021-06-25,0.11924701455311798
2021-06-28,0.11151674904162684
2021-06-29,0.12084020969890091
2021-06-30,0.13730893510781433
2021-07-01,0.1438459398614645
2021-07-02,0.14381857989101826
2021-07-05,0.14357632454733177
2021-07-06,0.15111716085579374
2021-07-07,0.17271706735517126
2021-07-08,0.190574500637323
2021-07-09,0.19131655112588264
2021-07-12,0.18595891232597314
2021-07-13,0.18236015340267905
2021-07-14,0.1820390379034938
2021-07-15,0.180916977565556
2021-07-16,0.18070500179379037
2021-07-19,0.20019158153854705
2021-07-20,0.2018467144044194
2021-07-21,0.2034929486518241
2021-07-22,0.19366413189407422
2021-07-23,0.19426010329624566
2021-07-26,0.1940628800440579
2021-07-27,0.19107137650817912
2021-07-28,0.1831611818845341
2021-07-29,0.1786171019640571
2021-07-30,0.17976662961402212
2021-08-02,0.17943628775270137
2021-08-03,0.17237017607540395
2021-08-04,0.14756728942149475
2021-08-05,0.12178359776147613
2021-08-06,0.11910763507980711
2021-08-09,0.11903116421250755
2021-08-10,0.11837487579725908
2021-08-11,0.11858941279430361
2021-08-12,0.11935002417108288
2021-08-13,0.11919287831123807
2021-08-16,0.08616263899852336
2021-08-17,0.08691473600137005
2021-08-18,0.08690787429604577
2021-08-19,0.09424621440670698
2021-08-20,0.09280816208607258
2021-08-23,0.10473425935764588
2021-08-24,0.10131104836559701
2021-08-25,0.10242073649096631
2021-08-26,0.10308207060323192
2021-08-27,0.10178715672736309
2021-08-30,0.10728535677383381
2021-08-31,0.10900304348687373
2021-09-01,0.10803924025351254
2021-09-02,0.10995354505049654
2021-09-03,0.11289819261371443
2021-09-06,0.12096214809556814
2021-09-07,0.12817743481889435
2021-09-08,0.13902973768380542
2021-09-09,0.1391984773146864
2021-09-10,0.1391958513081346
2021-09-13,0.13840221759375473
2021-09-14,0.13900085949202995
2021-09-15,0.14093814638086588
2021-09-16,0.1330629153655633
2021-09-17,0.1396280318418014
2021-09-20,0.16355595588653507
2021-09-21,0.16230365192286242
2021-09-22,0.18098301360660635
2021-09-23,0.18052409830304708
2021-09-24,0.182078490465163
2021-09-27,0.1767202244568976
2021-09-28,0.1747938424364567
2021-09-29,0.17716923848377714
2021-09-30,0.1769166104361677
2021-10-01,0.17955268194931787
2021-10-04,0.17086228638734885
2021-10-05,0.17447126532675145
2021-10-06,0.17012962899409215
2021-10-07,0.170446036536551
2021-10-08,0.18685497296348466
2021-10-11,0.19423926424332383
2021-10-12,0.1933830566741948
2021-10-13,0.19303398899053392
2021-10-14,0.1930213866185221
2021-10-15,0.18815941561306226
2021-10-18,0.15447043463473303
2021-10-19,0.15766788055785624
2021-10-20,0.1382560798681697
2021-10-21,0.13876600031853265
2021-10-22,0.1343426736012697
2021-10-25,0.132896407474327
2021-10-26,0.12816729509895217
2021-10-27,0.13384179458802756
2021-10-28,0.13440377227772177
2021-10-29,0.13327914617048076
2021-11-02,0.13289352942187962
2021-11-03,0.13505516330883416
2021-11-04,0.1570297138853566
2021-11-05,0.15687193303864785
2021-11-08,0.14014069011233538
2021-11-09,0.1278225765070275
2021-11-10,0.13005787168515998
2021-11-12,0.1281722482428819
2021-11-15,0.12966770462656993
2021-11-16,0.13075260886398427
2021-11-17,0.13193844354530188
2021-11-18,0.14526498250924288
2021-11-19,0.14685363050891195
2021-11-22,0.14724292180765
2021-11-23,0.1512354140840337
2021-11-24,0.15002273212184467
2021-11-25,0.14954248101494796
2021-11-26,0.19489954476109142
2021-11-29,0.19712615005296966
2021-11-30,0.21562767046562195
2021-12-01,0.221301012396816
2021-12-02,0.2198905677571915
2021-12-03,0.19362523470817333
2021-12-06,0.19629960254029574
2021-12-07,0.21343103434255017
2021-12-08,0.2114737111206809
2021-12-09,0.20927207330778166
2021-12-10,0.2097025594835684
2021-12-13,0.20847950949450317
2021-12-14,0.20780281021453345
2021-12-15,0.21899249134649726
2021-12-16,0.23050396661437178
2021-12-17,0.22980614704797211
2021-12-20,0.22979309022778643
2021-12-21,0.22820834614528432
2021-12-22,0.23135501142578083
2021-12-23,0.23201543265221272
2021-12-27,0.17943634993209837
2021-12-28,0.18277955317235475
2021-12-29,0.1690772960484869
2021-12-30,0.16592345787171195
2022-01-03,0.16509642928969306
2022-01-04,0.15942648803044038
2022-01-05,0.159332047636405
2022-01-07,0.1483405366806225
2022-01-10,0.1513090313157971
2022-01-11,0.16797716069109322
2022-01-12,0.1897861762487957
2022-01-13,0.19036391002701286
2022-01-14,0.19635036028559077
2022-01-17,0.17445969292955618
2022-01-18,0.1796585263313703
2022-01-19,0.17518103199768273
2022-01-20,0.17573412697348573
2022-01-21,0.18644561033597362
2022-01-24,0.24967880359076822
2022-01-25,0.25372339966440344
2022-01-26,0.25981958379569287
2022-01-27,0.2562396689280158
2022-01-28,0.2677598627506859
2022-01-31,0.2716682858153076
2022-02-01,0.2707998122920211
2022-02-02,0.2742434646193743
2022-02-03,0.27446474104021834
2022-02-04,0.28912340986090135
2022-02-07,0.2883151624591625
2022-02-08,0.2848169282143807
2022-02-09,0.26498516636479436
2022-02-10,0.2657912727896395
2022-02-11,0.26485429322212006
2022-02-14,0.2699625258014725
2022-02-15,0.2784968624751314
2022-02-16,0.2787135975981584
2022-02-17,0.28350855740073455
2022-02-18,0.28330324628883075
2022-02-21,0.261883296580616
2022-02-22,0.2634438676061449
2022-02-23,0.27253871001201124
2022-02-24,0.4763910108400724
2022-02-25,0.5729659777930407
2022-02-28,0.5741744851390268
2022-03-01,0.5738603529105379
2022-03-02,0.5919565089836365
2022-03-03,0.5934463086368299
2022-03-04,0.606336640566521
2022-03-07,0.6083691405210888
2022-03-08,0.601292465928474
2022-03-09,0.6162366578443835
2022-03-10,0.6162682899855174
2022-03-11,0.6304347753957632
2022-03-14,0.6354547332991897
2022-03-15,0.631680108045216
2022-03-16,0.6433086888604328
2022-03-17,0.6526564554513541
2022-03-18,0.6519810110871317
2022-03-21,0.6396365584332442
2022-03-22,0.6391410059790503
2022-03-23,0.6288989472107208
2022-03-24,0.45214751448154267
2022-03-25,0.3650396453676994
2022-03-28,0.3626765952433237
2022-03-29,0.36127863004823024
2022-03-30,0.33900537913586376
2022-03-31,0.3430046571736853
2022-04-01,0.29136342195601145
2022-04-04,0.29303687751767027
2022-04-05,0.2949279766849978
2022-04-06,0.27831509140657984
2022-04-07,0.28535913161195325
2022-04-08,0.2642636642062289
2022-04-11,0.241402020608731
2022-04-12,0.24515004587553152
2022-04-13,0.22333343548102558
2022-04-14,0.19368334969813533
2022-04-19,0.19331267717827608
2022-04-20,0.1960197406552273
2022-04-21,0.19013308489634703
2022-04-22,0.21026744668448277
2022-04-25,0.22154362946551528
2022-04-26,0.22197425624835407
2022-04-27,0.21943488696552957
2022-04-28,0.19394457615039792
2022-04-29,0.19107885125271218
2022-05-02,0.18847976661888718
2022-05-04,0.16876773879726992
2022-05-05,0.1779104154783391
2022-05-06,0.1795555848111116
2022-05-09,0.18466814734956397
2022-05-10,0.18459064429326674
2022-05-11,0.18072143328948917
2022-05-12,0.15057699119364074
2022-05-13,0.243806202771745
2022-05-16,0.23998233472342856
2022-05-17,0.2630482360414342
2022-05-18,0.26405767970425276
2022-05-19,0.26509557538530654
2022-05-20,0.2675768462568742
2022-05-23,0.2846039793286467
2022-05-24,0.27332972410723266
2022-05-25,0.2718801032317606
2022-05-26,0.27987772629376617
2022-05-27,0.28096893518903837
2022-05-30,0.2939894037268702
2022-05-31,0.28769440356441206
2022-06-01,0.2896989802667209
2022-06-02,0.27286919482530514
2022-06-03,0.27483148731253504
2022-06-06,0.26510742403296944
2022-06-07,0.2688743133595333
2022-06-08,0.2806814930683625
2022-06-09,0.27963176021130337
2022-06-10,0.2501690864174958
2022-06-13,0.2646969482291428
2022-06-14,0.25625449961821467
2022-06-15,0.2564893038820728
2022-06-17,0.25912530121954847
2022-06-20,0.2586626597975882
2022-06-21,0.24793317062322445
2022-06-22,0.2545473184911941
2022-06-23,0.25774928785021967
2022-06-24,0.25774260975494095
2022-06-27,0.26874459870501677
2022-06-28,0.2554647701418962
2022-06-29,0.25474371213221947
2022-06-30,0.2618596376928667
2022-07-01,0.25932875482118506
2022-07-04,0.260023162894198
2022-07-05,0.2640866163702201
2022-07-06,0.26663108086606935
2022-07-07,0.2909521145962587
2022-07-08,0.2963333532147688
2022-07-11,0.2883356573157295
2022-07-12,0.2942846639971084
2022-07-13,0.2900342886419258
2022-07-14,0.3019267043286
2022-07-15,0.297261992674877
2022-07-18,0.3178239399749829
2022-07-19,0.3067324983792039
2022-07-20,0.29784574553808935
2022-07-21,0.2930481551380505
2022-07-22,0.28958125238190224
2022-07-25,0.28388466046040695
2022-07-26,0.284049874014284
2022-07-27,0.28404184129796034
2022-07-28,0.27729009429713325
2022-07-29,0.3000995156242719
2022-08-01,0.30139031904519603
2022-08-02,0.2849476547018543
2022-08-03,0.2907470636237529
2022-08-04,0.2678446776179872
2022-08-05,0.2609910421865986
2022-08-08,0.27544189899651594
2022-08-09,0.25364278165591975
2022-08-10,0.25348475532725856
2022-08-11,0.23953604642730758
2022-08-12,0.23969793636219025
2022-08-16,0.21828055011444764
2022-08-17,0.24594150258357914
2022-08-18,0.24635906620880263
2022-08-19,0.25156159065118167
2022-08-22,0.2572474983590236
2022-08-23,0.258945739007584
2022-08-24,0.26242889553188703
2022-08-25,0.26394812976406057
2022-08-26,0.2682048241890227
2022-08-29,0.2423538000490142
2022-08-30,0.2469557141968289
2022-08-31,0.24557368334810753
2022-09-01,0.2791541749993689
2022-09-02,0.30728713518182477
2022-09-05,0.30618036244029356
2022-09-06,0.29183590334233955
2022-09-07,0.2995980511463878
2022-09-08,0.2979440763809745
2022-09-09,0.3324424987613205
2022-09-12,0.34047555532372153
2022-09-13,0.34888088541194745
2022-09-14,0.3396774937274544
2022-09-15,0.3383861094200647
2022-09-16,0.34383149702291876
2022-09-19,0.3477569276017714
2022-09-20,0.34829900248099405
2022-09-21,0.34513501212577496
2022-09-22,0.3446993447315523
2022-09-23,0.36587476987124246
2022-09-26,0.3651788410257966
2022-09-27,0.3654929363973066
2022-09-28,0.3686663669802326
2022-09-29,0.36218875193396477
2022-09-30,0.3420688829596579
2022-10-03,0.3437371243211302
2022-10-04,0.37194014743399534
2022-10-05,0.3767036495543462
2022-10-06,0.3763798188607182
2022-10-07,0.34111110094819225
2022-10-10,0.3341830780787009
2022-10-11,0.3253192533770186
2022-10-12,0.32296733744378986
2022-10-13,0.3206705683158416
2022-10-14,0.3347217753743883
2022-10-17,0.33129504778546015
2022-10-18,0.3289915418178622
2022-10-19,0.33314163966288407
2022-10-20,0.342656733895017
2022-10-21,0.3144753358430108
2022-10-24,0.3142672188480228
2022-10-25,0.3086161747266981
2022-10-26,0.32048561742037346
2022-10-27,0.28313333074344266
2022-10-28,0.2825095144266975
2022-10-31,0.28655828039617154
2022-11-02,0.2575123825237222
2022-11-03,0.2448212013925237
2022-11-04,0.25545349925459365
2022-11-07,0.2495429935808461
2022-11-08,0.23229903087025205
2022-11-09,0.23325925631790254
2022-11-10,0.23802554517529925
2022-11-14,0.2313994457599219
2022-11-15,0.22415811915218922
2022-11-16,0.2451622942857392
2022-11-17,0.2666374052017932
2022-11-18,0.24476419335738478
2022-11-21,0.25423446187479765
2022-11-22,0.24666817421691198
2022-11-23,0.24948152768010975
2022-11-24,0.25450881901708416
2022-11-25,0.24479914493231605
2022-11-28,0.25809402262852554
2022-11-29,0.25745382532855293
2022-11-30,0.25510813907705054
2022-12-01,0.2496428878576275
2022-12-02,0.259424014625809
2022-12-05,0.24742245128079898
2022-12-06,0.24969371900949988
2022-12-07,0.24508662879897256
2022-12-08,0.24672654608959127
2022-12-09,0.22791854975613282
2022-12-12,0.20533945287018135
2022-12-13,0.20726023891409434
2022-12-14,0.19777079861760216
2022-12-15,0.19553751017811202
2022-12-16,0.19872414321204906
2022-12-19,0.1919319239102154
2022-12-20,0.18464218378821182
2022-12-21,0.18851503699675587
2022-12-22,0.1717624386470157
2022-12-23,0.17177365265744385
2022-12-27,0.16442609050765486
2022-12-28,0.16398276371655532
2022-12-29,0.17632077647901245
2022-12-30,0.16845166773589276
2023-01-02,0.15199373822933152
2023-01-03,0.16219932306089532
2023-01-04,0.16549407328462631
2023-01-05,0.16562531514272846
2023-01-09,0.18670383831233991
2023-01-10,0.18860156574673237
2023-01-11,0.19558823037783385
2023-01-12,0.19089286988439585
2023-01-13,0.19271682968439624
2023-01-16,0.17588910344086608
2023-01-17,0.1833947144867762
2023-01-18,0.18296312269596843
2023-01-19,0.19057526834730973
2023-01-20,0.18737813114581733
2023-01-23,0.19149997697142773
2023-01-24,0.1923455646439524
2023-01-25,0.20196410607033446
2023-01-26,0.20487003926726088
2023-01-27,0.1970311878299579
2023-01-30,0.2013621521276002
2023-01-31,0.20149697336438913
2023-02-01,0.20364033874667187
2023-02-02,0.20408661231317618
2023-02-03,0.20406732978490102
2023-02-06,0.19021861690262487
2023-02-07,0.1832918554945286
2023-02-08,0.182438546091249
2023-02-09,0.18062891881795268
2023-02-10,0.2009529257957748
2023-02-13,0.20009878732139336
2023-02-14,0.19435462918455895
2023-02-15,0.19699803428138887
2023-02-16,0.1926409413605662
2023-02-17,0.1927237267339537
2023-02-20,0.18232279884588187
2023-02-21,0.18638081089287534
2023-02-22,0.18538830539513806
2023-02-23,0.18782019903969477
2023-02-24,0.1893448029012083
2023-02-27,0.18979766835960646
2023-02-28,0.19677534917069495
2023-03-01,0.18992337333436368
2023-03-02,0.19166046206036833
2023-03-03,0.1991180573547017
2023-03-06,0.19470255511447138
2023-03-07,0.19820898923456953
2023-03-08,0.1961938709635918
2023-03-09,0.1999798015831005
2023-03-10,0.19165270450848346
2023-03-13,0.2098933238213225
2023-03-14,0.21018562247262496
2023-03-15,0.22274134704794432
2023-03-16,0.22308642215569674
2023-03-17,0.22725797068224915
2023-03-20,0.2300728628603294
2023-03-21,0.24257453871209964
2023-03-22,0.23821470436721162
2023-03-23,0.2287678525971144
2023-03-24,0.23649876692480418
2023-03-27,0.23830419901636518
2023-03-28,0.2301681756330333
2023-03-29,0.23299305590048613
2023-03-30,0.25523855587210276
2023-03-31,0.24927770185719955
2023-04-03,0.24304017389353166
2023-04-04,0.24112997319231091
2023-04-05,0.24124673553554452
2023-04-06,0.2379928863450936
2023-04-11,0.23714081701829476
2023-04-12,0.2256384685405175
2023-04-13,0.22935036874068698
2023-04-14,0.20037396601147886
2023-04-17,0.19962676607890972
2023-04-18,0.18923659118076783
2023-04-19,0.1904701419812127
2023-04-20,0.18409217118492524
2023-04-21,0.18293229659555368
2023-04-24,0.1814812247422306
2023-04-25,0.16354698353371358
2023-04-26,0.16486918790289623
2023-04-27,0.18763073150598877
2023-04-28,0.2002054897198286
2023-05-02,0.17830261737249903
2023-05-04,0.19433779077022198
2023-05-05,0.19724792096169771
2023-05-08,0.19636922924577555
2023-05-09,0.1909977869943487
2023-05-10,0.1897606648824963
2023-05-11,0.18887866662096145
2023-05-12,0.1827879968783562
2023-05-15,0.17895995906532697
2023-05-16,0.17822602572884017
2023-05-17,0.18199708486536595
2023-05-18,0.17108678875478292
2023-05-19,0.19347142848422264
2023-05-22,0.19307156435682563
2023-05-23,0.19110899537907586
2023-05-24,0.21116532675969774
2023-05-25,0.21014654880483472
2023-05-26,0.2221415797803814
2023-05-29,0.1951513829274772
2023-05-30,0.19984562429756839
2023-05-31,0.2226148519166555
2023-06-01,0.23265893503011087
2023-06-02,0.259716040682982
2023-06-05,0.2596254424578128
2023-06-06,0.2638011168286223
2023-06-07,0.26677139893773866
2023-06-09,0.2647891206972394
2023-06-12,0.26435714374476355
2023-06-13,0.26778513180337055
2023-06-14,0.2796223313285705
2023-06-15,0.27741137540547933
2023-06-16,0.27742569694580416
2023-06-19,0.26936729571584095
2023-06-20,0.2714059516906848
2023-06-21,0.2715136159764992
2023-06-22,0.25563254225289167
2023-06-23,0.2649269560612771
2023-06-26,0.260178731493965
2023-06-27,0.26626505269222933
2023-06-28,0.25684667412798184
2023-06-29,0.23247471493865615
2023-06-30,0.216887826901865
2023-07-03,0.17940481350282236
2023-07-04,0.18447101678899414
2023-07-05,0.1895691497504012
2023-07-06,0.1876253451440966
2023-07-07,0.19138790843045098
2023-07-10,0.19138472159013617
2023-07-11,0.18932077108005013
2023-07-12,0.19653814162765956
2023-07-13,0.19341663276473586
2023-07-14,0.1932401867260078
2023-07-17,0.18836579278862542
2023-07-18,0.1881193866017408
2023-07-19,0.18815687442261494
2023-07-20,0.19012439291868208
2023-07-21,0.17281444091326054
2023-07-24,0.16683562719842085
2023-07-25,0.15476747648136674
2023-07-26,0.16015573480296588
2023-07-27,0.1622249459576717
2023-07-28,0.16202834781464293
2023-07-31,0.16064346161834522
2023-08-01,0.15404033932262734
2023-08-02,0.15582003066282166
2023-08-03,0.15511731469707155
2023-08-04,0.15556266358275184
2023-08-07,0.16067694335593502
2023-08-08,0.1760485894718122
2023-08-09,0.1459571133534385
2023-08-10,0.15736265200750643
2023-08-11,0.16228818070481527
2023-08-14,0.1636129623966877
2023-08-16,0.17041169864835415
2023-08-17,0.17059714803405054
2023-08-18,0.17040491678141678
2023-08-21,0.17082379308527826
2023-08-22,0.16509760864192294
2023-08-23,0.1638994971706453
2023-08-24,0.16338750965440066
2023-08-25,0.1527892860803519
2023-08-28,0.17418498142128153
2023-08-29,0.17393862338873395
2023-08-30,0.17588865722017247
2023-08-31,0.1655487407090628
2023-09-01,0.17309340691796712
2023-09-04,0.16703548139833227
2023-09-05,0.16765717365672864
2023-09-06,0.17597526995744603
2023-09-07,0.18053358178547566
2023-09-08,0.1709423926548865
2023-09-11,0.1690726145259769
2023-09-12,0.17042378362472552
2023-09-13,0.1580283126842805
2023-09-14,0.15936469420077765
2023-09-15,0.16015969737252994
2023-09-18,0.16850309072147945
2023-09-19,0.1693958430645992
2023-09-20,0.19092925162024038
2023-09-21,0.1958939916007087
2023-09-22,0.19560778611749263
2023-09-25,0.18338634818464122
2023-09-26,0.18348393092510287
2023-09-27,0.18684730181013823
2023-09-28,0.1854317397036488
2023-09-29,0.19118520140731854
2023-10-02,0.2003681266240643
2023-10-03,0.1992889258343427
2023-10-04,0.1875736667648596
2023-10-05,0.18189049649645403
2023-10-06,0.17881633349179374
2023-10-09,0.19595930250271532
2023-10-10,0.21794518845304783
2023-10-11,0.2198591782179194
2023-10-12,0.21951299600556343
2023-10-13,0.22056403037743813
2023-10-16,0.2790141303792694
2023-10-17,0.2812689665410319
2023-10-18,0.27798175430511995
2023-10-19,0.28506331236445487
2023-10-20,0.28900918169977896
2023-10-23,0.284917040247807
2023-10-24,0.29074976195392116
2023-10-25,0.2861961190813612
2023-10-26,0.28323624653798185
2023-10-27,0.2846629557487963
2023-10-30,0.2666931466435397
2023-10-31,0.2637874078006287
2023-11-02,0.2639867387047037
2023-11-03,0.25817461362095834
2023-11-06,0.25797867033510374
2023-11-07,0.25926585782571543
2023-11-08,0.25669461937173127
2023-11-09,0.2587281365260965
2023-11-10,0.2632626980209457
2023-11-13,0.2646937800847466
2023-11-14,0.25433385264526714
2023-11-15,0.2510653968039488
2023-11-16,0.2462262927431452
2023-11-17,0.22978476266427772
2023-11-20,0.22340838536925256
2023-11-21,0.22363547725811775
2023-11-22,0.21829045353186974
2023-11-23,0.21567852364176449
2023-11-24,0.21325499326421357
2023-11-27,0.21383136726776725
2023-11-28,0.21597314952427926
2023-11-29,0.21660637633431296
2023-11-30,0.2170896500238583
2023-12-01,0.24103496735674054
2023-12-04,0.24149718078755114
2023-12-05,0.23906321643229672
2023-12-06,0.2316045318995516
2023-12-07,0.23249351442174734
2023-12-08,0.22463896938001837
2023-12-11,0.22284539825617508
2023-12-12,0.1576079523062091
2023-12-13,0.15387340126177956
2023-12-14,0.15436049789465683
2023-12-15,0.1540668680149421
2023-12-18,0.15201381917386486
2023-12-19,0.15201399375559535
2023-12-20,0.1532486860866739
2023-12-21,0.14943552614252323
2023-12-22,0.1498649135571625
2023-12-27,0.14573470258178034
2023-12-28,0.14404614490151949
2023-12-29,0.14227396154990954
2024-01-02,0.15745742807691426
2024-01-03,0.1134156297290027
2024-01-04,0.11503097751804572
2024-01-05,0.1118535141887718
2024-01-08,0.11063273045431372
2024-01-09,0.1068932148707847
2024-01-10,0.10628172030876178
2024-01-11,0.1110029609024513
2024-01-12,0.10809116418842923
2024-01-15,0.11761080789956253
2024-01-16,0.11381545707251314
2024-01-17,0.1254933022372664
2024-01-18,0.13126080870647805
2024-01-19,0.12709117746179974
2024-01-22,0.12844590387209406
2024-01-23,0.12758367671692292
2024-01-24,0.13334381945394513
2024-01-25,0.12367755409486501
2024-01-26,0.12959036254037187
2024-01-29,0.12934953634412139
2024-01-30,0.12579517082453648
2024-01-31,0.14578971282112801
2024-02-01,0.15008269110598227
2024-02-02,0.16294442058508066
2024-02-05,0.167101445394886
2024-02-06,0.1668259552209276
2024-02-07,0.16469519375407937
2024-02-08,0.16605149508340372
2024-02-09,0.16727862692900441
2024-02-12,0.16319317702617497
2024-02-13,0.18028198406233883
2024-02-14,0.17411462658782287
2024-02-15,0.1729596305185266
2024-02-16,0.17488972017703328
2024-02-19,0.175139475885421
2024-02-20,0.17638261350391843
2024-02-21,0.17935020612072355
2024-02-22,0.18071278793863846
2024-02-23,0.1821179937558048
2024-02-26,0.18251166958289133
2024-02-27,0.18363687694230768
2024-02-28,0.192912585691087
2024-02-29,0.19020975250646144
2024-03-01,0.1797548411675938
2024-03-04,0.18147741089156938
2024-03-05,0.1884658606951752
2024-03-06,0.18730023636447019
2024-03-07,0.19000429430107812
2024-03-08,0.19044911986614696
2024-03-11,0.18471676836281511
2024-03-12,0.18507985301014468
2024-03-13,0.1753965278217625
2024-03-14,0.1752262696213593
2024-03-15,0.19609684401010527
2024-03-18,0.1940911680969188
2024-03-19,0.18613025344085424
2024-03-20,0.18635006917451644
2024-03-21,0.20795141614727325
2024-03-22,0.20680863659366164
2024-03-25,0.21135525748787445
2024-03-26,0.2244521994874592
2024-03-27,0.21522502933784382
2024-03-28,0.22383327432414107
2024-04-02,0.2236768714325108
2024-04-03,0.21982408000730524
2024-04-04,0.2188309997463854
2024-04-05,0.2188892251840171
2024-04-08,0.2135470405172756
2024-04-09,0.22076655036737466
2024-04-10,0.22154563253425036
2024-04-11,0.21459930000951344
2024-04-12,0.21572397550975583
2024-04-15,0.21583794020515515
2024-04-16,0.21475961553294687
2024-04-17,0.2217419991935417
2024-04-18,0.22225598808576716
2024-04-19,0.22230888379533237
2024-04-22,0.20809049082526496
2024-04-23,0.20264874668454122
2024-04-24,0.1976027418139438
2024-04-25,0.19203553982583227
2024-04-26,0.19653644459858874
2024-04-29,0.1917192479452636
2024-04-30,0.19811179303934012
2024-05-02,0.19839103859512847
2024-05-06,0.2203978046645056
2024-05-07,0.2213131984812432
2024-05-08,0.21633149355338555
2024-05-09,0.21082887652493437
2024-05-10,0.21826192236795974
2024-05-13,0.21456474100862125
2024-05-14,0.21098820250817332
2024-05-15,0.21122693157246547
2024-05-16,0.18530961065117307
2024-05-17,0.1788977297289177
2024-05-20,0.1765708176108345
2024-05-21,0.1820751880523984
2024-05-22,0.17407784878675792
2024-05-23,0.1731225071865464
2024-05-24,0.17034941616050644
2024-05-27,0.1660531012500262
2024-05-28,0.16489505941446497
2024-05-29,0.17054651444267113
2024-05-31,0.167818991881964
2024-06-03,0.16823364185884657
2024-06-04,0.15228223572854627
2024-06-05,0.1540864155656328
2024-06-06,0.15518062196066232
2024-06-07,0.15802388991969624
2024-06-10,0.14926663927605985
2024-06-11,0.14593884708574015
2024-06-12,0.15989497671531522
2024-06-13,0.16805680558725117
2024-06-14,0.16921280011106826
2024-06-17,0.18396698284840082
2024-06-18,0.18069400661497084
2024-06-19,0.18879494715562192
2024-06-20,0.18857316438289679
2024-06-21,0.18832562031464817
2024-06-24,0.20291770248569319
2024-06-25,0.2029978497849035
2024-06-26,0.19989961770698603
2024-06-27,0.1887973585698563
2024-06-28,0.18749084001344862
2024-07-01,0.18783134602184362
2024-07-02,0.16492469555838307
2024-07-03,0.1652739060898469
2024-07-04,0.16421264434164753
2024-07-05,0.16203381001827674
2024-07-08,0.1633571059019185
2024-07-09,0.15618734000244824
2024-07-10,0.15269975175077494
2024-07-11,0.13873993002083304
2024-07-12,0.139398103500117
2024-07-15,0.12694408995496456
2024-07-16,0.17860454383466223
2024-07-17,0.1762778950461555
2024-07-18,0.18688953546342152
2024-07-19,0.1887805463675717
2024-07-22,0.17187179029605357
2024-07-23,0.17788449654063182
2024-07-24,0.1783002062280588
2024-07-25,0.17805329175162996
2024-07-26,0.17556856785535238
2024-07-29,0.1778830823025691
2024-07-30,0.18100765636247296
2024-07-31,0.18986174842895567
2024-08-01,0.19830565207751003
2024-08-02,0.20035283019115183
2024-08-05,0.21819151592404895
2024-08-06,0.21766937400498565
2024-08-07,0.2183984608213336
2024-08-08,0.2204438475596658
2024-08-09,0.21540853372083757
2024-08-12,0.25708065021957516
2024-08-13,0.2341396714980733
2024-08-14,0.23349512704495667
2024-08-16,0.2556284851331078
2024-08-19,0.25477928357191765
2024-08-20,0.26151128116983163
2024-08-21,0.2591188426091792
2024-08-22,0.25855474787552774
2024-08-23,0.25760368223864005
2024-08-26,0.25745445328101774
2024-08-27,0.2567372647724523
2024-08-28,0.2522130803084257
2024-08-29,0.24764848875834727
2024-08-30,0.23732720651249825
2024-09-02,0.23711593419208354
2024-09-03,0.2165170684665835
2024-09-04,0.20968354832407085
2024-09-05,0.21747841555082187
2024-09-06,0.23275195891270783
2024-09-09,0.23280476602709504
2024-09-10,0.20285167908092192
2024-09-11,0.21398154744188458
2024-09-12,0.21957845774945856
2024-09-13,0.19566694522885608
2024-09-16,0.2032250392295973
2024-09-17,0.20675424935994097
2024-09-18,0.20436127474272806
2024-09-19,0.20441751865081187
2024-09-20,0.21475486489899606
2024-09-23,0.21566889013123752
2024-09-24,0.23216922106356844
2024-09-25,0.23233263589291756
2024-09-26,0.23262030084636406
2024-09-27,0.233716032497311
2024-09-30,0.23805149552698981
2024-10-01,0.23012285171330543
2024-10-02,0.2303148416624268
2024-10-03,0.23253516560800686
2024-10-04,0.21986176486001147
2024-10-07,0.2187239832884776
2024-10-08,0.21619134829510187
2024-10-09,0.21097296483614505
2024-10-10,0.20672591679957356
2024-10-11,0.1998607508485113
2024-10-14,0.1886091771667192
2024-10-15,0.17822729163973172
2024-10-16,0.18003853795460684
2024-10-17,0.20068541242310206
2024-10-18,0.18946832144072107
2024-10-21,0.1933050974593253
2024-10-22,0.1792416305718716
2024-10-23,0.17880478212752102
2024-10-24,0.17459785945682463
2024-10-25,0.1712327238110946
2024-10-28,0.15035333263758746
2024-10-29,0.16438209547179372
2024-10-30,0.1838763847613652
2024-10-31,0.17969889946156872
2024-11-04,0.19631548830455614
2024-11-05,0.19760134388545633
2024-11-06,0.1978311256304929
2024-11-07,0.2197531609263422
2024-11-08,0.21962526152409206
2024-11-12,0.22473174338227395
2024-11-13,0.22677458747403828
2024-11-14,0.22895591003959898
2024-11-15,0.24239069985124784
2024-11-18,0.228961378177587
2024-11-19,0.24322781497378385
2024-11-20,0.24679885839160023
2024-11-21,0.2524204899642327
2024-11-22,0.25403000819713606
2024-11-25,0.2543883451797352
2024-11-26,0.2543719941472379
2024-11-27,0.2549253599010868
2024-11-28,0.24549442055833387
2024-11-29,0.2317699625098362
2024-12-02,0.2460033237289681
2024-12-03,0.23421990112318838
2024-12-04,0.2366933931757758
2024-12-05,0.24510519720567522
2024-12-06,0.22008272488848005
2024-12-09,0.21934610128060733
2024-12-10,0.20746005147462385
2024-12-11,0.20669506292970186
2024-12-12,0.20851349108686737
2024-12-13,0.182287112272314
2024-12-16,0.18209794775183316
2024-12-17,0.17720197832256943
2024-12-18,0.1755903534218825
2024-12-19,0.16822628172877366
2024-12-20,0.17204315511187834
2024-12-23,0.17147962066445485
2024-12-27,0.1714371703495511
2024-12-30,0.17122820477457018
2025-01-02,0.18015298301742172
2025-01-03,0.18062821686316333
2025-01-07,0.15951947347037448
2025-01-08,0.16558041427150147
2025-01-09,0.1621717514714208
2025-01-10,0.14699846233615607
2025-01-13,0.15606896575881365
2025-01-14,0.15895821448979278
2025-01-15,0.1781862951574987
2025-01-16,0.17561314874842993
2025-01-17,0.17855008151730647
2025-01-20,0.17997503745413043
2025-01-21,0.1799594492021878
2025-01-22,0.15169319022533925
2025-01-23,0.1515390767263626
2025-01-24,0.15146674328983448
2025-01-27,0.14234139005391633
2025-01-28,0.1432082043405873
2025-01-29,0.14358681122340936
2025-01-30,0.14615923402100334
2025-01-31,0.1435438455020202
2025-02-03,0.16412143054505338
2025-02-04,0.16477292262556986
2025-02-05,0.16004275358812214
2025-02-06,0.18004333013250273
2025-02-07,0.18158208232258483
2025-02-10,0.16407847344707446
2025-02-11,0.1649476462022472
2025-02-12,0.15782307657684466
2025-02-13,0.15489858032290377
2025-02-14,0.16067690010329871
2025-02-17,0.16078355658520962
2025-02-18,0.1794478079867326
2025-02-19,0.19180940423823648
2025-02-20,0.19697125853100725
2025-02-21,0.19723206126272036
2025-02-24,0.22180911899292002
2025-02-25,0.220996724420657
2025-02-26,0.22686003470523342
2025-02-27,0.22807088447369436
2025-02-28,0.2284552134325512
2025-03-03,0.21529425397367472
2025-03-04,0.2649460387687838
2025-03-05,0.28864563055891784
2025-03-06,0.2807034233316218
2025-03-07,0.2792915674573588
2025-03-10,0.2903514573253111
2025-03-11,0.2884815032232948
2025-03-12,0.29055008003639143
2025-03-13,0.29765998105494823
2025-03-14,0.30783694422453467
2025-03-17,0.30789418297244026
2025-03-18,0.29426067720454524
2025-03-19,0.2904275337832433
2025-03-20,0.29114731908627284
2025-03-21,0.2947218738288964
2025-03-24,0.2814083045499114
2025-03-25,0.2826362782922088
2025-03-26,0.2823452235962039
2025-03-27,0.27718281214648954
2025-03-28,0.28125234121036125
2025-03-31,0.2936510824981382
2025-04-01,0.25326583557919485
2025-04-02,0.22388278493784744
2025-04-03,0.2667349406659069
2025-04-04,0.35410773356563446
2025-04-07,0.3513265716236223
2025-04-08,0.3716867654431924
2025-04-09,0.3784683701255712
2025-04-10,0.41250078373388127
2025-04-11,0.39879973663435403
2025-04-14,0.41573502412865704
2025-04-15,0.4146528690128825
2025-04-16,0.4144877344849792
2025-04-17,0.41644892697769964
2025-04-22,0.4231815504394905
2025-04-23,0.4335352524197904
2025-04-24,0.43186648104317527
2025-04-25,0.4299108032871858
2025-04-28,0.4299378173365002
2025-04-29,0.4275438778017826
2025-04-30,0.4312030978186466
2025-05-02,0.4371009224811656
2025-05-05,0.4386227594947621
2025-05-06,0.4200174192175081
2025-05-07,0.33708273507257386
2025-05-08,0.3283981821236466
2025-05-09,0.3243036006476091
2025-05-12,0.29766878797164975
2025-05-13,0.25637349170416607
2025-05-14,0.2540601518422057
2025-05-15,0.2388182775507721
2025-05-16,0.23961866914751928
2025-05-19,0.2429231554377853
2025-05-20,0.24136994301216055
2025-05-21,0.23696328453279095
2025-05-22,0.21241856249817703
2025-05-23,0.21267901071644627
2025-05-26,0.2358823701238299
2025-05-27,0.2370673310495814
2025-05-28,0.2386950191079766
2025-05-29,0.22793568129291628
2025-05-30,0.20767889528222014
2025-06-02,0.20598361168373186
2025-06-03,0.18946065313007965
2025-06-04,0.1917621397768201
2025-06-05,0.1954697934922344
2025-06-06,0.17143265862519058
2025-06-09,0.17903542301166553
2025-06-10,0.19664834193687433
2025-06-11,0.19627400532838074
2025-06-12,0.19752594385960845
2025-06-13,0.20597253038527782
2025-06-16,0.20503351218892324
2025-06-17,0.2056911413444441
2025-06-18,0.2012421712769048
2025-06-20,0.20008916525537515
2025-06-23,0.20639356709994042
2025-06-24,0.20432358505023074
2025-06-25,0.20245776178802616
2025-06-26,0.2177932601324872
2025-06-27,0.20761183121383833
2025-06-30,0.20938652614068357
2025-07-01,0.20969877445258886
2025-07-02,0.20659225353189722
2025-07-03,0.20886899083125257
2025-07-04,0.20487581060965682
2025-07-07,0.1976168738124189
2025-07-08,0.19630540109771602
2025-07-09,0.18244702050897488
2025-07-10,0.19226006162864942
2025-07-11,0.18871269906916302
2025-07-14,0.17476924570951974
2025-07-15,0.17619341101309802
2025-07-16,0.17635873453495746
2025-07-17,0.1791204217142927
2025-07-18,0.18867603502844413
2025-07-21,0.17647697787274336
2025-07-22,0.16146819226371156
2025-07-23,0.15905281633601584
2025-07-24,0.14241178122471532
2025-07-25,0.14319172028671728
2025-07-28,0.15922998329701474
2025-07-29,0.16394454623963725
2025-07-30,0.1664304881818748
2025-07-31,0.16391493677616442
2025-08-01,0.18182346986300996
2025-08-04,0.18188290887531466
2025-08-05,0.17935866760889255
2025-08-06,0.1977104127838481
2025-08-07,0.19602212185386575
2025-08-08,0.19916933274941406
2025-08-11,0.20300132723596714
2025-08-12,0.20267058859766482
2025-08-13,0.2044732974957295
2025-08-14,0.20997935303537357
2025-08-18,0.19799904981493302
2025-08-19,0.2004730778565004
2025-08-20,0.19907234952425718
2025-08-21,0.20271565957353438
2025-08-22,0.264421123472671
2025-08-25,0.2668649382949595
2025-08-26,0.25804460854526307
2025-08-27,0.25883075593078475
2025-08-28,0.2562667818087938
2025-08-29,0.25698980861172915
2025-09-01,0.24732039207316484
2025-09-02,0.24760580237942698
2025-09-03,0.2482505283385864
2025-09-04,0.23913875972808568
2025-09-05,0.22840455325898573
2025-09-08,0.23717170781107358
2025-09-09,0.237147007887656
2025-09-10,0.23544506484965777
2025-09-11,0.24476053905874048
2025-09-12,0.24017091201740448
2025-09-15,0.24325354179618375
2025-09-16,0.24424712802663023
2025-09-17,0.2442517941894704
2025-09-18,0.23738149509298692
2025-09-19,0.1722353794494634
2025-09-22,0.16820184594512788
2025-09-23,0.17034427041593
2025-09-24,0.15998505449409284
2025-09-25,0.16088701914203046
2025-09-26,0.16069365160801463
2025-09-29,0.15712165620787075
2025-09-30,0.1574330776412322
2025-10-01,0.15911406067716152
2025-10-02,0.15098271882944442
2025-10-03,0.14735343139568025
2025-10-06,0.1322540826300365
2025-10-07,0.13365841085635674
2025-10-08,0.1292003238519897
2025-10-09,0.11752380655283945
2025-10-10,0.11459639197435843
2025-10-13,0.10869158556470115
2025-10-14,0.09886614332299787
2025-10-15,0.11985556739131366
2025-10-16,0.12155908035298996
2025-10-17,0.12314066926991227
2025-10-20,0.13282235243990687
2025-10-21,0.13248519093269465
2025-10-22,0.14183253936366247
2025-10-23,0.13444336818148023
2025-10-24,0.13090161727197974
2025-10-27,0.1309031372882285
2025-10-28,0.14377088448202105
2025-10-29,0.14361586731524717
2025-10-30,0.1452740929868005
2025-10-31,0.1569489358576857
2025-11-03,0.1521056987906706
2025-11-04,0.15478704525906803
2025-11-05,0.1548968738227794
2025-11-06,0.1570533373781284
2025-11-07,0.16488613654656553
2025-11-10,0.17273562824609154
2025-11-12,0.16552990868594103
2025-11-13,0.15400362233814507
2025-11-14,0.15676031948272498
2025-11-17,0.16195131498067877
2025-11-18,0.16724139476305017
2025-11-19,0.17956873502365145
2025-11-20,0.17041080064168435
2025-11-21,0.17268517413082224
2025-11-24,0.1728470128601915
2025-11-25,0.18140634387866272
2025-11-26,0.17161161831310673
2025-11-27,0.17193754645321208
2025-11-28,0.17222506067729323
2025-12-01,0.16477079546742196
2025-12-02,0.17018165423074538
2025-12-03,0.16910135915715807
2025-12-04,0.17009360386479697
2025-12-05,0.16604576582296712
2025-12-08,0.16089324527534657
2025-12-09,0.1647778764787697
2025-12-10,0.16525155496898522
2025-12-11,0.17161334163481098
2025-12-12,0.1687308000284195
2025-12-15,0.17189603047904473
2025-12-16,0.1616909856091433
2025-12-17,0.15182315369046714
2025-12-18,0.15164468699732683
2025-12-19,0.1425798453911947
2025-12-22,0.14320141468041508
2025-12-23,0.14161818202149598
2025-12-29,0.1373751340066732
2025-12-30,0.13582768071825183
2026-01-02,0.15535674896783944
2026-01-05,0.1563324501807351
2026-01-07,0.14776992589099977
2026-01-08,0.1758935692736475
2026-01-09,0.17829909213529238
2026-01-12,0.17567688861706668
2026-01-13,0.17791148283842664
2026-01-14,0.1728714431360805
2026-01-15,0.1747660400093513
2026-01-16,0.17600751237582984
2026-01-19,0.17832200684638133
2026-01-20,0.1685427057016876
2026-01-21,0.16228890907937435
2026-01-22,0.1789896588890407
2026-01-23,0.1882757741032193
2026-01-26,0.19335807992646428
2026-01-27,0.19233011835354816
2026-01-28,0.19040385043921815
2026-01-29,0.1920899647807883
2026-01-30,0.1947537525061087
2026-02-02,0.1771601154952844
2026-02-03,0.1918738313017105
2026-02-04,0.1852780885148585
2026-02-05,0.18789089989375196
2026-02-06,0.18430079591906373
2026-02-09,0.18735617455611475
2026-02-10,0.19243136275327602
2026-02-11,0.19182013616208352
2026-02-12,0.18868889322384388
2026-02-13,0.19804231403505704
2026-02-16,0.19671423624778345
2026-02-17,0.20311246386040713
2026-02-18,0.21051313085742943
2026-02-19,0.1935555127528144
2026-02-20,0.1870630830096901
2026-02-23,0.18662709592145724
2026-02-24,0.18808945840586447
2026-02-25,0.1953617178662881
2026-02-26,0.19829764674544673
2026-02-27,0.196865698781793
2026-03-02,0.2015599498383599
2026-03-03,0.24455592833964226
2026-03-04,0.2645337349944555
2026-03-05,0.2496885988947138
2026-03-06,0.25680439532878824
2026-03-09,0.25174931069840506
2026-03-10,0.26332084770521774
2026-03-11,0.2623925259664873
2026-03-12,0.26273763073841144
2026-03-13,0.25689221339735435
2026-03-16,0.25785063478062176
2026-03-17,0.2645910308123826
2026-03-18,0.25854066514522894
2026-03-19,0.26602046372879984
2026-03-20,0.26715006413050224
2026-03-23,0.2599818939951537
2026-03-24,0.26054484051044974
2026-03-25,0.2654704299272856
2026-03-26,0.2642444474912992
2026-03-27,0.26638170133853095
2026-03-30,0.2655204757362248
2026-03-31,0.2163146384061776
2026-04-01,0.20595481502018362
2026-04-02,0.2073293689585672
2026-04-07,0.19368648804139585
2026-04-08,0.2225884041873011
2026-04-09,0.21309085778954218
2026-04-10,0.2134210857868249
2026-04-13,0.21042795091906005
2026-04-14,0.2086078858178081
2026-04-15,0.20883772972076722
2026-04-16,0.2038232337499866
2026-04-17,0.20257227689993043
2026-04-20,0.19023098608315905
2026-04-21,0.18891929417757283
2026-04-22,0.19393182506679585
2026-04-23,0.19592181270203468
2026-04-24,0.1892119887151702
2026-04-27,0.1927308024421674
2026-04-28,0.18918601586507164
2026-04-29,0.18943589818666798
2026-04-30,0.18357406417287903
2026-05-04,0.17320889799441055
2026-05-05,0.17435358040901325
2026-05-06,0.19624970169495232
2026-05-07,0.16443689168058853
2026-05-08,0.1739024769655085
2026-05-11,0.17568441242169663
2026-05-12,0.18802371087210962
2026-05-13,0.19891052551147353
2026-05-14,0.20079648689083582
2026-05-15,0.21726701335625315
2026-05-18,0.22164984282229305
2026-05-19,0.22624730404013468
2026-05-20,0.23366005879301058
2026-05-21,0.23335212298495278
2026-05-22,0.23569086399117722
2026-05-25,0.2448507034659322
2026-05-26,0.2462177618919581
2026-05-27,0.24427597598960818
2026-05-28,0.24437284270010723
2026-05-29,0.2431231308355821
2026-06-01,0.2514324785014199
2026-06-02,0.25121519190132957
2026-06-03,0.23182056798228892
2026-06-05,0.24007494718450578
2026-06-08,0.23290160512295605
2026-06-09,0.22808000200718284
2026-06-10,0.22019649915839193
2026-06-11,0.21331508292547957
2026-06-12,0.21801321111552086
2026-06-15,0.20269839554627928
2026-06-16,0.20242476168574028
2026-06-17,0.1918791385378961
2026-06-18,0.1953548562404519
2026-06-19,0.19383189030368966
2026-06-22,0.18883901691870633
2026-06-23,0.172025594882642
2026-06-24,0.19000912999416625
2026-06-25,0.19656893730142702
2026-06-26,0.19779434066997176
2026-06-29,0.1966195267837697
2026-06-30,0.19199651133274329
2026-07-01,0.18974591227157567
2026-07-02,0.1981181610920313
2026-07-03,0.1841993854572476
2026-07-06,0.18373623785640453
2026-07-07,0.1843624274952054
2026-07-08,0.17979093604355026
2026-07-09,0.17373069627183366
2026-07-10,0.181662474816647
2026-07-13,0.1760143739762938
2026-07-14,0.17004621146333507
2026-07-15,0.1706942243560388
2026-07-16,0.15891196826549134
2026-07-17,0.16237490680550587
2026-07-20,0.16097510482256153
2026-07-21,0.16891436543885513
2026-07-22,0.13280371488413312
2026-07-23,0.14010896781957372
2026-07-24,0.1357521645599753
2026-07-27,0.13397339640393444
2026-07-28,0.13508724722067
2026-07-29,0.13477182416105152
2026-07-30,0.13478157389323026
2026-07-31,0.13467622209735827
2026-08-03,0.13494950357829263
2026-08-04,0.13640913104487334
2026-08-05,0.13778051891637008
2026-08-06,0.13901700550350335
2026-08-07,0.12562082884733647
2026-08-10,0.12577303415505048
2026-08-11,0.12181310649569788
2026-08-12,0.11900846288323214
2026-08-13,0.13383066490751572
2026-08-14,0.12846267767520914
2026-08-17,0.13829560268098587
2026-08-18,0.13062672736050385
2026-08-19,0.14133085078139274
2026-08-20,0.14234559412487396
2026-08-21,0.142124472024347
2026-08-24,0.14215141817183174
2026-08-25,0.14115103054765793
2026-08-26,0.1418555017009855
2026-08-27,0.15317036520725125
2026-08-28,0.15549228451043018
2026-08-31,0.15620219936603927
2026-09-01,0.1501973589367316
2026-09-02,0.1503568958369823
2026-09-03,0.14729504748169356
2026-09-04,0.15292698899590654
2026-09-07,0.15284964027205908
2026-09-08,0.15743465951610047
2026-09-09,0.16000278699669607
2026-09-10,0.15224070535173947
2026-09-11,0.15274238056217643
2026-09-14,0.1471487513870925
2026-09-15,0.14339089225782323
2026-09-16,0.1396188392945936
