Data,Otwarcie,Najwyzszy,Najnizszy,Zamkniecie
2007-08-13,1.80901,1.80901,1.80901,1.80901
2007-08-14,1.86101,1.86101,1.86101,1.86101
2007-08-16,1.80901,1.80901,1.80901,1.80901
2007-08-17,1.93257,1.93257,1.93257,1.93257
2007-08-20,1.9652,1.9652,1.9652,1.9652
2007-08-21,1.9652,1.9652,1.9652,1.9652
2007-08-22,2.09522,2.09522,2.09522,2.09522
2007-08-23,2.1083,2.1083,2.1083,2.1083
2007-08-24,2.12131,2.12131,2.12131,2.12131
2007-08-27,2.12131,2.12131,2.12131,2.12131
2007-08-28,2.1083,2.1083,2.1083,2.1083
2007-08-29,2.06267,2.06267,2.06267,2.06267
2007-08-30,2.0563,2.0563,2.0563,2.0563
2007-08-31,2.10176,2.10176,2.10176,2.10176
2007-09-03,2.10176,2.10176,2.10176,2.10176
2007-09-04,2.09522,2.09522,2.09522,2.09522
2007-09-05,2.09522,2.09522,2.09522,2.09522
2007-09-06,2.08876,2.08876,2.08876,2.08876
2007-09-07,2.08876,2.08876,2.08876,2.08876
2007-09-10,2.07576,2.07576,2.07576,2.07576
2007-09-11,2.0563,2.0563,2.0563,2.0563
2007-09-12,2.0042,2.0042,2.0042,2.0042
2007-09-13,1.9652,1.9652,1.9652,1.9652
2007-09-14,1.9652,1.9652,1.9652,1.9652
2007-09-17,2.01066,2.01066,2.01066,2.01066
2007-09-18,2.02366,2.02366,2.02366,2.02366
2007-09-19,2.0563,2.0563,2.0563,2.0563
2007-09-20,2.09522,2.09522,2.09522,2.09522
2007-09-21,2.10176,2.10176,2.10176,2.10176
2007-09-24,2.09522,2.09522,2.09522,2.09522
2007-09-25,2.10176,2.10176,2.10176,2.10176
2007-09-26,2.10176,2.10176,2.10176,2.10176
2007-09-27,2.08222,2.08222,2.08222,2.08222
2007-09-28,2.08222,2.08222,2.08222,2.08222
2007-10-01,2.10176,2.10176,2.10176,2.10176
2007-10-02,2.10176,2.10176,2.10176,2.10176
2007-10-03,2.06267,2.06267,2.06267,2.06267
2007-10-04,2.03683,2.03683,2.03683,2.03683
2007-10-05,1.98466,1.98466,1.98466,1.98466
2007-10-08,1.99766,1.99766,1.99766,1.99766
2007-10-09,2.01066,2.01066,2.01066,2.01066
2007-10-10,2.02366,2.02366,2.02366,2.02366
2007-10-11,2.04976,2.04976,2.04976,2.04976
2007-10-12,2.04321,2.04321,2.04321,2.04321
2007-10-15,2.04321,2.04321,2.04321,2.04321
2007-10-16,2.04321,2.04321,2.04321,2.04321
2007-10-17,2.0563,2.0563,2.0563,2.0563
2007-10-18,2.03683,2.03683,2.03683,2.03683
2007-10-19,2.0563,2.0563,2.0563,2.0563
2007-10-22,1.99766,1.99766,1.99766,1.99766
2007-10-23,2.03683,2.03683,2.03683,2.03683
2007-10-24,2.0302,2.0302,2.0302,2.0302
2007-10-25,2.03683,2.03683,2.03683,2.03683
2007-10-26,2.0302,2.0302,2.0302,2.0302
2007-10-29,2.03683,2.03683,2.03683,2.03683
2007-10-30,2.01066,2.01066,2.01066,2.01066
2007-10-31,2.02366,2.02366,2.02366,2.02366
2007-11-02,1.9782,1.9782,1.9782,1.9782
2007-11-05,1.95219,1.95219,1.95219,1.95219
2007-11-06,1.9782,1.9782,1.9782,1.9782
2007-11-07,1.97159,1.97159,1.97159,1.97159
2007-11-08,1.97159,1.97159,1.97159,1.97159
2007-11-09,1.91311,1.95865,1.90003,1.91956
2007-11-12,1.90003,1.91956,1.83509,1.91956
2007-11-13,1.90003,1.91956,1.88048,1.8871
2007-11-14,1.90003,1.90003,1.88048,1.88048
2007-11-15,1.88048,1.8871,1.79608,1.85455
2007-11-16,1.88048,1.8871,1.76354,1.85455
2007-11-19,1.90003,1.90003,1.81563,1.82855
2007-11-20,1.74392,1.74392,1.74392,1.74392
2007-11-21,1.75692,1.77654,1.66583,1.67874
2007-11-22,1.69844,1.783,1.65937,1.783
2007-11-23,1.783,1.82855,1.76992,1.82855
2007-11-26,1.783,1.82201,1.783,1.81563
2007-11-27,1.783,1.783,1.76354,1.783
2007-11-28,1.79608,1.82855,1.731,1.731
2007-11-29,1.73745,1.77654,1.73745,1.73745
2007-11-30,1.75692,1.82201,1.74392,1.82201
2007-12-03,1.82201,1.82201,1.77654,1.79608
2007-12-04,1.76992,1.79608,1.75054,1.79608
2007-12-05,1.76354,1.91956,1.76354,1.91956
2007-12-06,1.91956,1.91956,1.88048,1.91311
2007-12-07,1.88048,1.90656,1.87418,1.88048
2007-12-10,1.88048,1.8871,1.86755,1.86755
2007-12-11,1.86755,1.8871,1.79608,1.79608
2007-12-12,1.77654,1.783,1.72444,1.731
2007-12-13,1.75054,1.75054,1.6919,1.71137
2007-12-14,1.75692,1.75692,1.67874,1.68537
2007-12-17,1.74392,1.74392,1.6529,1.68537
2007-12-18,1.75692,1.75692,1.63973,1.63973
2007-12-19,1.69844,1.69844,1.62035,1.69844
2007-12-20,1.62673,1.62673,1.62673,1.62673
2007-12-21,1.66583,1.66583,1.61373,1.61373
2007-12-27,1.6919,1.6919,1.58127,1.62673
2007-12-28,1.6919,1.6919,1.57481,1.57481
2008-01-02,1.58789,1.6529,1.58789,1.63973
2008-01-03,1.6529,1.6529,1.58789,1.61373
2008-01-04,1.59427,1.6529,1.59427,1.60727
2008-01-07,1.60727,1.60727,1.56818,1.57481
2008-01-08,1.5618,1.57481,1.53572,1.54226
2008-01-09,1.54226,1.54226,1.4447,1.46408
2008-01-10,1.47716,1.47716,1.34707,1.34707
2008-01-11,1.38599,1.38599,1.32098,1.32751
2008-01-14,1.31444,1.31444,1.31444,1.31444
2008-01-15,1.32751,1.32751,1.30144,1.30144
2008-01-16,1.20388,1.28844,1.20388,1.23642
2008-01-17,1.2819,1.2819,1.23642,1.26227
2008-01-18,1.25604,1.30144,1.25604,1.28844
2008-01-21,1.29497,1.29497,1.23642,1.23642
2008-01-22,1.13233,1.33398,1.13233,1.33398
2008-01-23,1.35999,1.38599,1.26227,1.35999
2008-01-24,1.41861,1.41861,1.39253,1.40554
2008-01-25,1.40554,1.40554,1.36661,1.36661
2008-01-28,1.32098,1.32751,1.30144,1.30144
2008-01-29,1.35352,1.35352,1.32098,1.32751
2008-01-30,1.35352,1.35999,1.34036,1.34036
2008-01-31,1.34036,1.34036,1.26227,1.31444
2008-02-01,1.31444,1.32751,1.30144,1.31444
2008-02-04,1.33398,1.33398,1.31444,1.31444
2008-02-05,1.31444,1.32751,1.30144,1.30144
2008-02-06,1.28844,1.28844,1.25604,1.25604
2008-02-07,1.28844,1.28844,1.23642,1.25604
2008-02-08,1.2689,1.2689,1.24289,1.24934
2008-02-11,1.24934,1.2689,1.24934,1.26227
2008-02-12,1.2689,1.30144,1.26227,1.30144
2008-02-13,1.32751,1.36661,1.32098,1.35999
2008-02-14,1.38599,1.39907,1.35999,1.36661
2008-02-15,1.35999,1.37307,1.35999,1.36661
2008-02-18,1.36661,1.36661,1.35999,1.36661
2008-02-19,1.36661,1.37953,1.35999,1.36661
2008-02-20,1.31444,1.31444,1.26227,1.26227
2008-02-21,1.2819,1.28844,1.24289,1.24289
2008-02-22,1.24289,1.24289,1.19719,1.2168
2008-02-25,1.2168,1.2168,1.19079,1.21034
2008-02-26,1.22989,1.22989,1.19719,1.21034
2008-02-27,1.20388,1.21034,1.18425,1.19079
2008-02-28,1.2168,1.2168,1.19079,1.20388
2008-02-29,1.20388,1.20388,1.18425,1.18425
2008-03-03,1.1387,1.17133,1.13233,1.16479
2008-03-04,1.17133,1.17133,1.11279,1.11279
2008-03-05,1.11917,1.13233,1.11279,1.11917
2008-03-06,1.1257,1.1387,1.11917,1.11917
2008-03-07,1.11279,1.11917,1.08669,1.10624
2008-03-10,1.08015,1.11917,1.08015,1.10624
2008-03-11,1.10624,1.11917,1.10624,1.11917
2008-03-12,1.13233,1.14533,1.11917,1.14533
2008-03-13,1.13233,1.14533,1.11917,1.13233
2008-03-14,1.11279,1.1257,1.11279,1.11279
2008-03-17,1.09969,1.10624,1.07362,1.09969
2008-03-18,1.09969,1.11917,1.09969,1.11917
2008-03-19,1.11917,1.11917,1.09332,1.10624
2008-03-20,1.08669,1.09969,1.08015,1.08669
2008-03-25,1.1257,1.14533,1.1257,1.14533
2008-03-26,1.1257,1.13233,1.11917,1.11917
2008-03-27,1.15171,1.18425,1.11917,1.15825
2008-03-28,1.15825,1.17133,1.13233,1.13233
2008-03-31,1.14533,1.14533,1.14533,1.14533
2008-04-01,1.13233,1.15171,1.13233,1.14533
2008-04-02,1.16479,1.16479,1.14533,1.15825
2008-04-03,1.16479,1.16479,1.14533,1.14533
2008-04-04,1.14533,1.16479,1.14533,1.16479
2008-04-07,1.17133,1.18425,1.15171,1.17133
2008-04-08,1.15825,1.16479,1.14533,1.14533
2008-04-09,1.14533,1.14533,1.1387,1.1387
2008-04-10,1.15171,1.15171,1.11917,1.1257
2008-04-11,1.14533,1.14533,1.11279,1.13233
2008-04-14,1.11917,1.13233,1.10624,1.13233
2008-04-15,1.11917,1.13233,1.09969,1.13233
2008-04-16,1.10624,1.1257,1.10624,1.11917
2008-04-17,1.11917,1.11917,1.09969,1.10624
2008-04-18,1.09969,1.11917,1.09969,1.10624
2008-04-21,1.13233,1.13233,1.09969,1.10624
2008-04-22,1.10624,1.10624,1.06069,1.06069
2008-04-23,1.08669,1.08669,1.06723,1.06723
2008-04-24,1.06069,1.07362,1.06069,1.07362
2008-04-25,1.06723,1.09969,1.06723,1.08015
2008-04-28,1.08015,1.08669,1.06069,1.08669
2008-04-29,1.08015,1.08015,1.06723,1.06723
2008-04-30,1.07362,1.07362,1.05415,1.07362
2008-05-05,1.07362,1.10624,1.07362,1.09969
2008-05-06,1.11917,1.11917,1.08669,1.10624
2008-05-07,1.11279,1.15825,1.11279,1.14533
2008-05-08,1.14533,1.16479,1.1387,1.15171
2008-05-09,1.16479,1.18425,1.14533,1.17779
2008-05-12,1.19079,1.19079,1.17133,1.17779
2008-05-13,1.18425,1.19079,1.17779,1.17779
2008-05-14,1.20388,1.20388,1.17133,1.17133
2008-05-15,1.17133,1.17133,1.15171,1.15171
2008-05-16,1.15171,1.17133,1.14533,1.15171
2008-05-19,1.1387,1.15171,1.08669,1.08669
2008-05-20,1.08669,1.09332,1.08015,1.08015
2008-05-21,1.08015,1.08015,1.06069,1.07362
2008-05-23,1.07362,1.07362,1.05415,1.07362
2008-05-26,1.06723,1.08669,1.06069,1.07362
2008-05-27,1.07362,1.09332,1.06723,1.09332
2008-05-28,1.07362,1.09332,1.07362,1.08015
2008-05-29,1.09969,1.09969,1.08015,1.08669
2008-05-30,1.09969,1.10624,1.08669,1.09332
2008-06-02,1.09969,1.10624,1.09332,1.10624
2008-06-03,1.09969,1.1387,1.09332,1.1387
2008-06-04,1.09969,1.11279,1.09332,1.09332
2008-06-05,1.08669,1.08669,1.08015,1.08015
2008-06-06,1.09332,1.09332,1.08669,1.09332
2008-06-09,1.08015,1.09332,1.06069,1.07362
2008-06-10,1.06723,1.08015,1.06723,1.06723
2008-06-11,1.07362,1.07362,1.04115,1.04115
2008-06-12,1.03461,1.03461,1.01522,1.03461
2008-06-13,1.03461,1.03461,1.01522,1.03461
2008-06-16,1.02161,1.05415,1.02161,1.04115
2008-06-17,1.03461,1.04115,1.02822,1.02822
2008-06-18,1.02822,1.02822,1.01522,1.01522
2008-06-19,1.01522,1.03461,1.01522,1.02161
2008-06-20,1.02161,1.02161,1.01522,1.01522
2008-06-23,1.02161,1.02161,0.995519,1.00206
2008-06-24,0.989142,0.989142,0.969594,0.969594
2008-06-25,0.969594,0.982519,0.904505,0.930429
2008-06-26,0.936969,0.950131,0.936969,0.936969
2008-06-27,0.911045,0.923968,0.891505,0.891505
2008-06-30,0.897966,0.897966,0.878495,0.878495
2008-07-01,0.878495,0.884965,0.871958,0.878495
2008-07-02,0.878495,0.884965,0.871958,0.878495
2008-07-03,0.858876,0.878495,0.852415,0.878495
2008-07-04,0.865417,0.891505,0.858876,0.858876
2008-07-07,0.858876,0.891505,0.845874,0.858876
2008-07-08,0.865417,0.865417,0.839492,0.852415
2008-07-09,0.845874,0.884965,0.845874,0.878495
2008-07-10,0.891505,0.891505,0.871958,0.871958
2008-07-11,0.871958,0.878495,0.858876,0.858876
2008-07-14,0.871958,0.884965,0.865417,0.865417
2008-07-15,0.858876,0.865417,0.845874,0.845874
2008-07-16,0.845874,0.852415,0.832872,0.832872
2008-07-17,0.852415,0.891505,0.852415,0.884965
2008-07-18,0.884965,0.904505,0.865417,0.904505
2008-07-21,0.878495,0.943508,0.878495,0.943508
2008-07-22,0.936969,0.936969,0.911045,0.917507
2008-07-23,0.950131,0.950131,0.917507,0.936969
2008-07-24,0.956508,0.956508,0.936969,0.936969
2008-07-25,0.930429,0.956508,0.930429,0.943508
2008-07-28,0.989142,0.989142,0.956508,0.975981
2008-07-29,0.962971,0.975981,0.956508,0.969594
2008-07-30,0.982519,1.01522,0.982519,1.00852
2008-07-31,1.00206,1.00852,0.989142,1.00852
2008-08-01,0.995519,1.00206,0.995519,1.00206
2008-08-04,1.02822,1.04115,1.02822,1.03461
2008-08-05,1.04115,1.04115,1.03461,1.04115
2008-08-06,1.05415,1.05415,1.03461,1.04115
2008-08-07,1.04115,1.05415,1.03461,1.05415
2008-08-08,1.05415,1.05415,1.03461,1.03461
2008-08-11,1.04115,1.04115,1.01522,1.01522
2008-08-12,1.02822,1.03461,1.01522,1.01522
2008-08-13,1.06069,1.06069,1.03461,1.03461
2008-08-14,1.03461,1.03461,1.03461,1.03461
2008-08-18,1.04115,1.04115,1.02822,1.04115
2008-08-19,1.03461,1.03461,1.03461,1.03461
2008-08-20,1.02822,1.03461,1.02822,1.03461
2008-08-21,1.03461,1.03461,1.03461,1.03461
2008-08-22,1.04115,1.04762,1.04115,1.04762
2008-08-25,1.05415,1.05415,1.04115,1.04115
2008-08-26,1.03461,1.04115,1.03461,1.03461
2008-08-27,1.03461,1.04115,1.03461,1.04115
2008-08-28,1.04115,1.04115,1.03461,1.04115
2008-08-29,1.04762,1.04762,1.03461,1.04115
2008-09-01,1.04115,1.04762,1.04115,1.04762
2008-09-02,1.04762,1.08669,1.04762,1.08015
2008-09-03,1.08669,1.09969,1.07362,1.09969
2008-09-04,1.09969,1.10624,1.09332,1.09332
2008-09-05,1.08015,1.08669,1.08015,1.08669
2008-09-08,1.08015,1.18425,1.08015,1.18425
2008-09-09,1.17133,1.18425,1.15171,1.15171
2008-09-10,1.1257,1.13233,1.11917,1.11917
2008-09-11,1.1257,1.15825,1.10624,1.14533
2008-09-12,1.15171,1.15171,1.11279,1.1257
2008-09-15,1.11279,1.11917,1.08015,1.08669
2008-09-16,1.07362,1.08669,1.07362,1.07362
2008-09-17,1.06723,1.08669,1.06723,1.07362
2008-09-18,1.06069,1.08015,1.04115,1.08015
2008-09-19,1.09332,1.13233,1.08015,1.11917
2008-09-22,1.14533,1.14533,1.10624,1.1257
2008-09-23,1.10624,1.10624,1.09969,1.09969
2008-09-24,1.09969,1.13233,1.09969,1.10624
2008-09-25,1.10624,1.1387,1.09969,1.1257
2008-09-26,1.1257,1.13233,1.11917,1.13233
2008-09-29,1.1257,1.1257,1.06723,1.06723
2008-09-30,1.03461,1.08669,1.03461,1.08669
2008-10-01,1.09332,1.09969,1.06723,1.08015
2008-10-02,1.08015,1.08015,1.02822,1.02822
2008-10-03,1.06069,1.08669,1.04115,1.05415
2008-10-06,1.04115,1.04115,0.962971,0.962971
2008-10-07,0.969594,0.975981,0.962971,0.975981
2008-10-08,0.936969,0.975981,0.923968,0.936969
2008-10-09,0.923968,0.936969,0.923968,0.930429
2008-10-10,0.884965,0.917507,0.871958,0.878495
2008-10-13,0.911045,0.911045,0.878495,0.904505
2008-10-14,0.989142,0.989142,0.891505,0.891505
2008-10-15,0.904505,0.923968,0.891505,0.891505
2008-10-16,0.917507,0.917507,0.871958,0.891505
2008-10-17,0.923968,0.923968,0.800326,0.806867
2008-10-20,0.832872,0.884965,0.826488,0.871958
2008-10-21,0.871958,0.891505,0.871958,0.878495
2008-10-22,0.858876,0.858876,0.81979,0.81979
2008-10-23,0.806867,0.81979,0.774321,0.774321
2008-10-24,0.787323,0.787323,0.735234,0.754777
2008-10-27,0.741775,0.741775,0.702688,0.741775
2008-10-28,0.748316,0.774321,0.741775,0.741775
2008-10-29,0.780782,0.832872,0.780782,0.81979
2008-10-30,0.832872,0.858876,0.832872,0.839492
2008-10-31,0.865417,0.865417,0.839492,0.839492
2008-11-03,0.852415,0.858876,0.839492,0.839492
2008-11-04,0.845874,0.852415,0.839492,0.845874
2008-11-05,0.858876,0.858876,0.839492,0.839492
2008-11-06,0.832872,0.852415,0.832872,0.832872
2008-11-07,0.81979,0.845874,0.81979,0.839492
2008-11-10,0.845874,0.852415,0.839492,0.839492
2008-11-12,0.845874,0.845874,0.81979,0.826488
2008-11-13,0.81979,0.826488,0.767859,0.767859
2008-11-14,0.800326,0.800326,0.793863,0.793863
2008-11-17,0.800326,0.800326,0.793863,0.793863
2008-11-18,0.774321,0.787323,0.774321,0.774321
2008-11-19,0.774321,0.787323,0.767859,0.780782
2008-11-20,0.774321,0.793863,0.761318,0.774321
2008-11-21,0.735234,0.832872,0.735234,0.793863
2008-11-24,0.793863,0.839492,0.793863,0.81979
2008-11-25,0.832872,0.884965,0.832872,0.852415
2008-11-26,0.852415,0.871958,0.832872,0.832872
2008-11-27,0.839492,0.871958,0.813408,0.832872
2008-11-28,0.845874,0.845874,0.81979,0.826488
2008-12-01,0.81979,0.826488,0.813408,0.813408
2008-12-02,0.800326,0.871958,0.800326,0.839492
2008-12-03,0.858876,0.865417,0.832872,0.839492
2008-12-04,0.858876,0.858876,0.832872,0.839492
2008-12-05,0.832872,0.858876,0.832872,0.832872
2008-12-08,0.832872,0.858876,0.832872,0.858876
2008-12-09,0.871958,0.871958,0.858876,0.871958
2008-12-10,0.871958,0.871958,0.852415,0.852415
2008-12-11,0.878495,0.878495,0.845874,0.852415
2008-12-12,0.852415,0.852415,0.826488,0.839492
2008-12-15,0.852415,0.852415,0.806867,0.839492
2008-12-16,0.832872,0.852415,0.832872,0.852415
2008-12-17,0.852415,0.852415,0.839492,0.852415
2008-12-18,0.852415,0.852415,0.832872,0.832872
2008-12-19,0.839492,0.845874,0.832872,0.839492
2008-12-22,0.832872,0.852415,0.832872,0.839492
2008-12-23,0.852415,0.852415,0.832872,0.852415
2008-12-29,0.852415,0.884965,0.852415,0.858876
2008-12-30,0.871958,0.871958,0.852415,0.852415
2008-12-31,0.871958,0.871958,0.839492,0.852415
2009-01-05,0.865417,0.884965,0.852415,0.871958
2009-01-06,0.858876,0.884965,0.858876,0.871958
2009-01-07,0.871958,0.891505,0.871958,0.884965
2009-01-08,0.904505,0.904505,0.871958,0.871958
2009-01-09,0.878495,0.878495,0.813408,0.839492
2009-01-12,0.852415,0.852415,0.826488,0.826488
2009-01-13,0.865417,0.865417,0.81979,0.852415
2009-01-14,0.852415,0.852415,0.774321,0.774321
2009-01-15,0.774321,0.774321,0.709307,0.722232
2009-01-16,0.735234,0.735234,0.709307,0.709307
2009-01-19,0.735234,0.735234,0.715692,0.715692
2009-01-20,0.722232,0.722232,0.689686,0.689686
2009-01-21,0.689686,0.689686,0.65714,0.66376
2009-01-22,0.676684,0.676684,0.631214,0.650757
2009-01-23,0.637676,0.637676,0.592206,0.592206
2009-01-26,0.605209,0.605209,0.572742,0.579125
2009-01-27,0.592206,0.592206,0.579125,0.579125
2009-01-28,0.592206,0.592206,0.579125,0.592206
2009-01-29,0.592206,0.592206,0.579125,0.592206
2009-01-30,0.598668,0.598668,0.540196,0.540196
2009-02-02,0.572742,0.572742,0.546579,0.546579
2009-02-03,0.566201,0.566201,0.546579,0.546579
2009-02-04,0.553198,0.553198,0.546579,0.546579
2009-02-05,0.553198,0.559661,0.527035,0.553198
2009-02-06,0.559661,0.592206,0.559661,0.592206
2009-02-09,0.61175,0.631214,0.61175,0.61175
2009-02-10,0.631214,0.631214,0.61175,0.618211
2009-02-11,0.592206,0.618211,0.592206,0.605209
2009-02-12,0.605209,0.61175,0.592206,0.592206
2009-02-13,0.61175,0.61175,0.592206,0.592206
2009-02-16,0.585666,0.585666,0.566201,0.566201
2009-02-17,0.566201,0.566201,0.501031,0.507571
2009-02-18,0.494569,0.494569,0.4491,0.462023
2009-02-19,0.474947,0.474947,0.4491,0.462023
2009-02-20,0.501031,0.501031,0.423095,0.429556
2009-02-23,0.442559,0.442559,0.390525,0.403394
2009-02-24,0.403394,0.403394,0.390525,0.390525
2009-02-25,0.416474,0.416474,0.38393,0.403394
2009-02-26,0.390525,0.403394,0.390525,0.403394
2009-02-27,0.403394,0.403394,0.390525,0.403394
2009-03-02,0.390525,0.396932,0.38393,0.38393
2009-03-03,0.38393,0.38393,0.364394,0.364394
2009-03-04,0.377436,0.390525,0.377436,0.377436
2009-03-05,0.396932,0.403394,0.38393,0.390525
2009-03-06,0.390525,0.410092,0.390525,0.403394
2009-03-09,0.410092,0.410092,0.396932,0.403394
2009-03-10,0.403394,0.410092,0.390525,0.390525
2009-03-11,0.403394,0.410092,0.403394,0.410092
2009-03-12,0.410092,0.410092,0.396932,0.403394
2009-03-13,0.410092,0.410092,0.396932,0.396932
2009-03-16,0.410092,0.410092,0.396932,0.403394
2009-03-17,0.396932,0.403394,0.396932,0.403394
2009-03-18,0.403394,0.410092,0.403394,0.410092
2009-03-19,0.410092,0.410092,0.403394,0.403394
2009-03-20,0.403394,0.403394,0.396932,0.403394
2009-03-23,0.403394,0.43594,0.403394,0.423095
2009-03-24,0.43594,0.43594,0.423095,0.423095
2009-03-25,0.429556,0.429556,0.423095,0.429556
2009-03-26,0.429556,0.442559,0.429556,0.429556
2009-03-27,0.43594,0.43594,0.429556,0.429556
2009-03-30,0.43594,0.43594,0.403394,0.410092
2009-03-31,0.423095,0.423095,0.416474,0.423095
2009-04-01,0.429556,0.429556,0.410092,0.416474
2009-04-02,0.423095,0.442559,0.416474,0.442559
2009-04-03,0.442559,0.462023,0.442559,0.4491
2009-04-06,0.468564,0.468564,0.442559,0.4491
2009-04-07,0.4491,0.4491,0.429556,0.429556
2009-04-08,0.423095,0.4491,0.423095,0.4491
2009-04-09,0.455483,0.455483,0.442559,0.4491
2009-04-14,0.4491,0.462023,0.4491,0.455483
2009-04-15,0.455483,0.455483,0.4491,0.4491
2009-04-16,0.462023,0.462023,0.4491,0.455483
2009-04-17,0.455483,0.468564,0.455483,0.468564
2009-04-20,0.468564,0.468564,0.455483,0.462023
2009-04-21,0.455483,0.468564,0.455483,0.462023
2009-04-22,0.468564,0.481567,0.468564,0.481567
2009-04-23,0.501031,0.507571,0.488107,0.501031
2009-04-24,0.514034,0.527035,0.514034,0.514034
2009-04-27,0.520653,0.533656,0.520653,0.520653
2009-04-28,0.520653,0.527035,0.514034,0.520653
2009-04-29,0.527035,0.533656,0.520653,0.520653
2009-04-30,0.540196,0.546579,0.540196,0.546579
2009-05-04,0.559661,0.585666,0.559661,0.585666
2009-05-05,0.598668,0.598668,0.566201,0.566201
2009-05-06,0.572742,0.598668,0.572742,0.598668
2009-05-07,0.598668,0.618211,0.598668,0.61175
2009-05-08,0.598668,0.605209,0.598668,0.598668
2009-05-11,0.598668,0.605209,0.592206,0.598668
2009-05-12,0.598668,0.618211,0.598668,0.618211
2009-05-13,0.637676,0.650757,0.637676,0.644216
2009-05-14,0.650757,0.650757,0.631214,0.631214
2009-05-15,0.631214,0.637676,0.631214,0.631214
2009-05-18,0.631214,0.650757,0.631214,0.650757
2009-05-19,0.670143,0.696227,0.670143,0.683303
2009-05-20,0.722232,0.722232,0.650757,0.702688
2009-05-21,0.702688,0.702688,0.676684,0.676684
2009-05-22,0.670143,0.670143,0.644216,0.644216
2009-05-25,0.644216,0.644216,0.624752,0.624752
2009-05-26,0.618211,0.624752,0.61175,0.624752
2009-05-27,0.644216,0.644216,0.624752,0.637676
2009-05-28,0.637676,0.644216,0.637676,0.644216
2009-05-29,0.66376,0.66376,0.618211,0.618211
2009-06-01,0.618211,0.637676,0.618211,0.631214
2009-06-02,0.637676,0.650757,0.631214,0.644216
2009-06-03,0.644216,0.650757,0.644216,0.650757
2009-06-04,0.650757,0.65714,0.650757,0.65714
2009-06-05,0.65714,0.670143,0.65714,0.670143
2009-06-08,0.670143,0.670143,0.637676,0.65714
2009-06-09,0.66376,0.676684,0.66376,0.676684
2009-06-10,0.676684,0.709307,0.676684,0.709307
2009-06-12,0.722232,0.722232,0.689686,0.702688
2009-06-15,0.702688,0.709307,0.702688,0.702688
2009-06-16,0.702688,0.722232,0.689686,0.722232
2009-06-17,0.722232,0.722232,0.702688,0.722232
2009-06-18,0.709307,0.709307,0.702688,0.702688
2009-06-19,0.689686,0.702688,0.689686,0.689686
2009-06-22,0.696227,0.696227,0.650757,0.650757
2009-06-23,0.637676,0.650757,0.637676,0.650757
2009-06-24,0.650757,0.683303,0.650757,0.683303
2009-06-25,0.683303,0.696227,0.683303,0.696227
2009-06-26,0.696227,0.702688,0.683303,0.702688
2009-06-29,0.702688,0.702688,0.689686,0.689686
2009-06-30,0.702688,0.709307,0.689686,0.689686
2009-07-01,0.702688,0.709307,0.702688,0.709307
2009-07-02,0.709307,0.709307,0.702688,0.702688
2009-07-03,0.702688,0.702688,0.689686,0.702688
2009-07-06,0.689686,0.696227,0.689686,0.696227
2009-07-07,0.696227,0.709307,0.696227,0.696227
2009-07-08,0.696227,0.702688,0.696227,0.702688
2009-07-09,0.702688,0.735234,0.702688,0.735234
2009-07-10,0.735234,0.735234,0.722232,0.728772
2009-07-13,0.728772,0.728772,0.715692,0.715692
2009-07-14,0.728772,0.754777,0.728772,0.754777
2009-07-15,0.761318,0.793863,0.761318,0.793863
2009-07-16,0.793863,0.800326,0.774321,0.800326
2009-07-17,0.800326,0.832872,0.787323,0.813408
2009-07-20,0.813408,0.852415,0.813408,0.852415
2009-07-21,0.852415,0.865417,0.852415,0.858876
2009-07-22,0.852415,0.858876,0.839492,0.852415
2009-07-23,0.845874,0.852415,0.839492,0.839492
2009-07-24,0.839492,0.845874,0.839492,0.839492
2009-07-27,0.845874,0.858876,0.845874,0.858876
2009-07-28,0.858876,0.865417,0.858876,0.865417
2009-07-29,0.878495,0.891505,0.858876,0.871958
2009-07-30,0.878495,0.930429,0.878495,0.930429
2009-07-31,0.943508,0.975981,0.943508,0.975981
2009-08-03,0.989142,1.00206,0.975981,0.989142
2009-08-04,0.982519,1.00852,0.969594,0.982519
2009-08-05,0.989142,1.00206,0.975981,0.975981
2009-08-06,0.989142,1.00206,0.969594,0.995519
2009-08-07,1.00206,1.00206,0.982519,1.00206
2009-08-10,1.00852,1.02822,1.00206,1.02161
2009-08-11,1.03461,1.04762,1.02161,1.02822
2009-08-12,1.03461,1.04762,1.02822,1.04115
2009-08-13,1.05415,1.08669,1.02822,1.02822
2009-08-14,1.03461,1.08669,1.03461,1.04762
2009-08-17,1.06723,1.06723,0.982519,1.00852
2009-08-18,1.00852,1.00852,0.982519,0.989142
2009-08-19,0.989142,0.989142,0.962971,0.975981
2009-08-20,0.989142,1.02822,0.989142,1.02822
2009-08-21,1.02822,1.1257,1.02822,1.1257
2009-08-24,1.11279,1.11279,1.08669,1.09969
2009-08-25,1.09332,1.09332,1.08015,1.09332
2009-08-26,1.09332,1.09332,1.05415,1.05415
2009-08-27,1.07362,1.08015,1.06723,1.07362
2009-08-28,1.06723,1.11279,1.06723,1.08669
2009-08-31,1.08669,1.09332,1.08015,1.09332
2009-09-01,1.09332,1.09332,1.02822,1.04115
2009-09-02,1.01522,1.04115,0.911045,0.956508
2009-09-03,0.943508,0.989142,0.943508,0.975981
2009-09-04,0.989142,1.02822,0.989142,1.02161
2009-09-07,1.02161,1.08015,1.02161,1.08015
2009-09-08,1.08669,1.1257,1.08015,1.1257
2009-09-09,1.10624,1.1257,1.07362,1.1257
2009-09-10,1.13233,1.13233,1.06723,1.06723
2009-09-11,1.09332,1.11917,1.09332,1.11279
2009-09-14,1.11279,1.11279,1.09332,1.10624
2009-09-15,1.11917,1.11917,1.09332,1.09332
2009-09-16,1.09969,1.11279,1.09332,1.10624
2009-09-17,1.11279,1.13233,1.10624,1.1257
2009-09-18,1.15825,1.19719,1.15825,1.19719
2009-09-21,1.19079,1.19719,1.16479,1.17779
2009-09-22,1.16479,1.22989,1.16479,1.22989
2009-09-23,1.22989,1.24934,1.22989,1.23642
2009-09-24,1.22989,1.24289,1.2168,1.23642
2009-09-25,1.23642,1.23642,1.2168,1.2168
2009-09-28,1.22989,1.22989,1.2168,1.2168
2009-09-29,1.22989,1.22989,1.21034,1.2168
2009-09-30,1.2168,1.2168,1.18425,1.19719
2009-10-01,1.19719,1.2168,1.19719,1.21034
2009-10-02,1.17779,1.2168,1.15171,1.15171
2009-10-05,1.17133,1.21034,1.15171,1.21034
2009-10-06,1.21034,1.2168,1.18425,1.2168
2009-10-07,1.22989,1.22989,1.16479,1.16479
2009-10-08,1.17779,1.20388,1.16479,1.17133
2009-10-09,1.17133,1.17779,1.17133,1.17133
2009-10-12,1.17133,1.17779,1.17133,1.17779
2009-10-13,1.17779,1.17779,1.15825,1.17779
2009-10-14,1.16479,1.17779,1.16479,1.16479
2009-10-15,1.16479,1.16479,1.1257,1.1387
2009-10-16,1.13233,1.15825,1.1257,1.15825
2009-10-19,1.19079,1.19079,1.16479,1.17779
2009-10-20,1.16479,1.17779,1.16479,1.17779
2009-10-21,1.16479,1.19079,1.16479,1.18425
2009-10-22,1.17779,1.19079,1.17779,1.19079
2009-10-23,1.19079,1.24934,1.19079,1.24934
2009-10-26,1.24289,1.26227,1.22989,1.26227
2009-10-27,1.26227,1.26227,1.22326,1.24934
2009-10-28,1.22989,1.24934,1.19079,1.19719
2009-10-29,1.17779,1.2168,1.17779,1.19719
2009-10-30,1.21034,1.22326,1.21034,1.22326
2009-11-02,1.22326,1.23642,1.22326,1.23642
2009-11-03,1.22989,1.22989,1.2168,1.22326
2009-11-04,1.21034,1.23642,1.21034,1.22989
2009-11-05,1.23642,1.26227,1.23642,1.25604
2009-11-06,1.26227,1.27544,1.25604,1.2689
2009-11-09,1.2689,1.28844,1.26227,1.28844
2009-11-10,1.29497,1.36661,1.29497,1.36661
2009-11-12,1.37307,1.37307,1.29497,1.29497
2009-11-13,1.29497,1.29497,1.2819,1.2819
2009-11-16,1.27544,1.30144,1.25604,1.30144
2009-11-17,1.28844,1.30144,1.28844,1.28844
2009-11-18,1.28844,1.31444,1.28844,1.29497
2009-11-19,1.30144,1.30144,1.27544,1.27544
2009-11-20,1.27544,1.30144,1.27544,1.2819
2009-11-23,1.27544,1.34036,1.27544,1.34036
2009-11-24,1.32751,1.39253,1.32751,1.35352
2009-11-25,1.35999,1.39253,1.35352,1.37307
2009-11-26,1.36661,1.37307,1.25604,1.25604
2009-11-27,1.25604,1.29497,1.25604,1.2819
2009-11-30,1.30144,1.30797,1.2819,1.30144
2009-12-01,1.31444,1.31444,1.27544,1.27544
2009-12-02,1.28844,1.30797,1.27544,1.30797
2009-12-03,1.30797,1.32098,1.30144,1.32098
2009-12-04,1.32098,1.32098,1.29497,1.32098
2009-12-07,1.30797,1.32751,1.30144,1.30144
2009-12-08,1.28844,1.30144,1.28844,1.28844
2009-12-09,1.28844,1.32098,1.2819,1.2819
2009-12-10,1.28844,1.31444,1.2819,1.31444
2009-12-11,1.32751,1.34036,1.30797,1.34036
2009-12-14,1.34036,1.39253,1.32098,1.39253
2009-12-15,1.38599,1.39253,1.36661,1.39253
2009-12-16,1.36661,1.38599,1.35352,1.38599
2009-12-17,1.37953,1.37953,1.34707,1.35352
2009-12-18,1.35999,1.37953,1.35999,1.37307
2009-12-21,1.37307,1.38599,1.35999,1.38599
2009-12-22,1.36661,1.39907,1.36661,1.39253
2009-12-23,1.37953,1.39907,1.37953,1.39253
2009-12-28,1.39253,1.4447,1.39253,1.4447
2009-12-29,1.4447,1.4447,1.412,1.412
2009-12-30,1.412,1.41861,1.38599,1.39253
2009-12-31,1.39253,1.39253,1.37307,1.39253
2010-01-04,1.37953,1.39253,1.37953,1.37953
2010-01-05,1.39253,1.412,1.38599,1.412
2010-01-06,1.412,1.412,1.37307,1.39253
2010-01-07,1.39907,1.39907,1.36661,1.39253
2010-01-08,1.38599,1.40554,1.36661,1.37953
2010-01-11,1.38599,1.39907,1.37307,1.39907
2010-01-12,1.40554,1.40554,1.36661,1.37953
2010-01-13,1.37953,1.37953,1.34707,1.34707
2010-01-14,1.34707,1.36661,1.32098,1.32098
2010-01-15,1.32098,1.34707,1.31444,1.32751
2010-01-18,1.34707,1.34707,1.32098,1.32098
2010-01-19,1.32098,1.32751,1.31444,1.31444
2010-01-20,1.32098,1.34036,1.31444,1.33398
2010-01-21,1.34036,1.34036,1.29497,1.30144
2010-01-22,1.28844,1.28844,1.2689,1.2819
2010-01-25,1.27544,1.27544,1.24289,1.24934
2010-01-26,1.24934,1.24934,1.2168,1.22989
2010-01-27,1.2168,1.27544,1.2168,1.24934
2010-01-28,1.26227,1.2689,1.24934,1.25604
2010-01-29,1.24289,1.24934,1.23642,1.24934
2010-02-01,1.25604,1.25604,1.23642,1.24934
2010-02-02,1.24289,1.24934,1.23642,1.24289
2010-02-03,1.24289,1.24934,1.23642,1.23642
2010-02-04,1.23642,1.23642,1.2168,1.2168
2010-02-05,1.21034,1.21034,1.15171,1.19719
2010-02-08,1.21034,1.21034,1.17779,1.18425
2010-02-09,1.17779,1.19719,1.17779,1.18425
2010-02-10,1.18425,1.22989,1.18425,1.21034
2010-02-11,1.2168,1.23642,1.20388,1.23642
2010-02-12,1.23642,1.25604,1.23642,1.24934
2010-02-15,1.24934,1.2689,1.24934,1.26227
2010-02-16,1.2689,1.27544,1.26227,1.26227
2010-02-17,1.26227,1.26227,1.21034,1.21034
2010-02-18,1.23642,1.23642,1.18425,1.18425
2010-02-19,1.18425,1.18425,1.15171,1.15171
2010-02-22,1.17133,1.17133,1.15171,1.15171
2010-02-23,1.15825,1.16479,1.1387,1.1387
2010-02-24,1.13233,1.1387,1.1257,1.1257
2010-02-25,1.1257,1.13233,1.11917,1.13233
2010-02-26,1.13233,1.14533,1.1257,1.1387
2010-03-01,1.15171,1.15825,1.15171,1.15171
2010-03-02,1.15825,1.18425,1.15171,1.18425
2010-03-03,1.17779,1.18425,1.16479,1.16479
2010-03-04,1.17779,1.17779,1.16479,1.16479
2010-03-05,1.17133,1.18425,1.16479,1.18425
2010-03-08,1.20388,1.21034,1.18425,1.21034
2010-03-09,1.21034,1.2168,1.19719,1.2168
2010-03-10,1.21034,1.23642,1.21034,1.23642
2010-03-11,1.22989,1.27544,1.22989,1.27544
2010-03-12,1.27544,1.28844,1.26227,1.26227
2010-03-15,1.27544,1.27544,1.23642,1.23642
2010-03-16,1.24289,1.24934,1.23642,1.24934
2010-03-17,1.25604,1.26227,1.25604,1.25604
2010-03-18,1.25604,1.25604,1.23642,1.24289
2010-03-19,1.23642,1.24289,1.23642,1.23642
2010-03-22,1.23642,1.24934,1.22989,1.24934
2010-03-23,1.25604,1.2689,1.25604,1.2689
2010-03-24,1.27544,1.29497,1.24934,1.26227
2010-03-25,1.2819,1.30144,1.27544,1.30144
2010-03-26,1.30144,1.30144,1.28844,1.28844
2010-03-29,1.2689,1.30144,1.2689,1.29497
2010-03-30,1.29497,1.31444,1.29497,1.31444
2010-03-31,1.30797,1.30797,1.28844,1.29497
2010-04-01,1.30144,1.31444,1.30144,1.30797
2010-04-06,1.30797,1.33398,1.30797,1.32751
2010-04-07,1.33398,1.33398,1.30797,1.32751
2010-04-08,1.32751,1.33398,1.30797,1.33398
2010-04-09,1.32098,1.35352,1.32098,1.35352
2010-04-12,1.33398,1.35352,1.33398,1.35352
2010-04-13,1.35352,1.35352,1.34036,1.35352
2010-04-14,1.34707,1.37307,1.34036,1.37307
2010-04-15,1.37307,1.37307,1.33398,1.36661
2010-04-16,1.36661,1.36661,1.33398,1.35352
2010-04-19,1.30797,1.31444,1.25604,1.28844
2010-04-20,1.29497,1.33398,1.29497,1.32098
2010-04-21,1.34707,1.35999,1.33398,1.33398
2010-04-22,1.32751,1.33398,1.32751,1.32751
2010-04-23,1.34036,1.35352,1.32098,1.35352
2010-04-26,1.35352,1.35999,1.35352,1.35999
2010-04-27,1.35352,1.35999,1.35352,1.35352
2010-04-28,1.32098,1.35352,1.28844,1.33398
2010-04-29,1.34036,1.35352,1.32098,1.34707
2010-04-30,1.34707,1.36661,1.34707,1.35352
2010-05-04,1.36661,1.37307,1.32098,1.33398
2010-05-05,1.32751,1.33398,1.30797,1.30797
2010-05-06,1.30144,1.32751,1.27544,1.27544
2010-05-07,1.25604,1.2689,1.24934,1.24934
2010-05-10,1.28844,1.33398,1.2819,1.33398
2010-05-11,1.31444,1.32098,1.30144,1.31444
2010-05-12,1.32098,1.33398,1.30797,1.31444
2010-05-13,1.32098,1.33398,1.24934,1.24934
2010-05-14,1.24289,1.24934,1.22326,1.23642
2010-05-17,1.22326,1.25604,1.2168,1.25604
2010-05-18,1.25604,1.25604,1.22989,1.24289
2010-05-19,1.23642,1.23642,1.21034,1.2168
2010-05-20,1.23642,1.23642,1.17133,1.17133
2010-05-21,1.17133,1.18425,1.14533,1.18425
2010-05-24,1.18425,1.21034,1.17133,1.18425
2010-05-25,1.15825,1.17779,1.15171,1.17133
2010-05-26,1.17779,1.2168,1.17779,1.2168
2010-05-27,1.2168,1.24934,1.2168,1.24289
2010-05-28,1.24289,1.24934,1.23642,1.24289
2010-05-31,1.23642,1.24289,1.22326,1.24289
2010-06-01,1.23642,1.24289,1.20388,1.20388
2010-06-02,1.23642,1.23642,1.20388,1.21034
2010-06-04,1.22989,1.24289,1.21034,1.22989
2010-06-07,1.20388,1.21034,1.19079,1.21034
2010-06-08,1.20388,1.2168,1.20388,1.21034
2010-06-09,1.21034,1.22326,1.21034,1.21034
2010-06-10,1.22326,1.23642,1.21034,1.23642
2010-06-11,1.23642,1.24289,1.23642,1.24289
2010-06-14,1.24289,1.28844,1.24289,1.2819
2010-06-15,1.2819,1.29497,1.27544,1.29497
2010-06-16,1.29497,1.30144,1.28844,1.29497
2010-06-17,1.29497,1.29497,1.28844,1.29497
2010-06-18,1.29497,1.30144,1.24289,1.29497
2010-06-21,1.27544,1.2819,1.27544,1.27544
2010-06-22,1.27544,1.27544,1.25604,1.2689
2010-06-23,1.26227,1.2689,1.22989,1.23642
2010-06-24,1.23642,1.23642,1.21034,1.21034
2010-06-25,1.22326,1.24289,1.20388,1.24289
2010-06-28,1.23642,1.25604,1.23642,1.24934
2010-06-29,1.23642,1.24934,1.22326,1.24934
2010-06-30,1.2447,1.25155,1.225,1.2447
2010-07-01,1.22326,1.25604,1.22326,1.25604
2010-07-02,1.23642,1.25604,1.22326,1.22326
2010-07-05,1.22326,1.23642,1.22326,1.22989
2010-07-06,1.22989,1.23642,1.22326,1.23642
2010-07-07,1.22326,1.23642,1.22326,1.23642
2010-07-08,1.27544,1.2819,1.26227,1.2819
2010-07-09,1.2819,1.2819,1.26227,1.2689
2010-07-12,1.2819,1.29497,1.2819,1.29497
2010-07-13,1.29497,1.30144,1.27544,1.27544
2010-07-14,1.28844,1.30144,1.28844,1.30144
2010-07-15,1.30144,1.32098,1.29497,1.32098
2010-07-16,1.32098,1.32098,1.30144,1.32098
2010-07-19,1.30144,1.30144,1.28844,1.30144
2010-07-20,1.30797,1.30797,1.28844,1.30144
2010-07-21,1.28844,1.30797,1.28844,1.30144
2010-07-22,1.29497,1.30144,1.28844,1.30144
2010-07-23,1.30144,1.30144,1.29497,1.30144
2010-07-26,1.30144,1.30144,1.27544,1.2819
2010-07-27,1.2819,1.30797,1.2819,1.30797
2010-07-28,1.28844,1.31444,1.2819,1.2819
2010-07-29,1.28844,1.30797,1.28844,1.30144
2010-07-30,1.30797,1.30797,1.28844,1.28844
2010-08-02,1.30797,1.33398,1.28844,1.28844
2010-08-03,1.32751,1.35999,1.32751,1.35352
2010-08-04,1.35999,1.35999,1.35352,1.35999
2010-08-05,1.34707,1.35999,1.32098,1.32098
2010-08-06,1.34707,1.34707,1.32098,1.34036
2010-08-09,1.35352,1.35352,1.34036,1.34707
2010-08-10,1.34707,1.34707,1.28844,1.32751
2010-08-11,1.31444,1.35352,1.30144,1.34036
2010-08-12,1.32098,1.33398,1.29497,1.29497
2010-08-13,1.29497,1.29497,1.29497,1.29497
2010-08-16,1.29497,1.29497,1.2689,1.2819
2010-08-17,1.2819,1.28844,1.2689,1.2819
2010-08-18,1.2819,1.28844,1.25604,1.28844
2010-08-19,1.2689,1.28844,1.26227,1.26227
2010-08-20,1.2689,1.2689,1.24289,1.2689
2010-08-23,1.24934,1.26227,1.24934,1.25604
2010-08-24,1.26227,1.2689,1.24934,1.25604
2010-08-25,1.24934,1.24934,1.22989,1.23642
2010-08-26,1.23642,1.24289,1.22989,1.24289
2010-08-27,1.24289,1.24289,1.2168,1.23642
2010-08-30,1.22989,1.24289,1.22326,1.24289
2010-08-31,1.22326,1.29497,1.22326,1.29497
2010-09-01,1.28844,1.28844,1.24934,1.2819
2010-09-02,1.28844,1.29497,1.28844,1.29497
2010-09-03,1.2819,1.29497,1.26227,1.29497
2010-09-06,1.29497,1.29497,1.27544,1.2819
2010-09-07,1.2819,1.2819,1.25604,1.2819
2010-09-08,1.25604,1.2819,1.25604,1.2819
2010-09-09,1.2819,1.29497,1.2689,1.29497
2010-09-10,1.27544,1.2819,1.27544,1.2819
2010-09-13,1.2819,1.2819,1.2689,1.2819
2010-09-14,1.2819,1.2819,1.27544,1.2819
2010-09-15,1.2689,1.27544,1.2689,1.2689
2010-09-16,1.2689,1.2689,1.26227,1.2689
2010-09-17,1.26227,1.2689,1.25604,1.26227
2010-09-20,1.25604,1.25604,1.24289,1.24289
2010-09-21,1.24934,1.2689,1.24934,1.2689
2010-09-22,1.2689,1.2819,1.25604,1.27544
2010-09-23,1.2819,1.2819,1.25604,1.25604
2010-09-24,1.25604,1.29497,1.25604,1.29497
2010-09-27,1.29497,1.29497,1.2819,1.29497
2010-09-28,1.2819,1.29497,1.27544,1.29497
2010-09-29,1.2819,1.30144,1.2689,1.30144
2010-09-30,1.29497,1.32098,1.28844,1.32098
2010-10-01,1.30797,1.34707,1.30797,1.34036
2010-10-04,1.32751,1.34707,1.32751,1.34707
2010-10-05,1.34707,1.34707,1.33398,1.34707
2010-10-06,1.34707,1.35999,1.34707,1.35999
2010-10-07,1.34707,1.37307,1.34707,1.36661
2010-10-08,1.34707,1.36661,1.34707,1.35999
2010-10-11,1.36661,1.36661,1.35352,1.35352
2010-10-12,1.36661,1.36661,1.34707,1.35352
2010-10-13,1.35999,1.35999,1.34707,1.35999
2010-10-14,1.35352,1.36661,1.35352,1.35999
2010-10-15,1.35352,1.35352,1.34036,1.34707
2010-10-18,1.33398,1.34036,1.32098,1.32751
2010-10-19,1.32098,1.32098,1.29497,1.30144
2010-10-20,1.30144,1.34036,1.29497,1.34036
2010-10-21,1.31444,1.34036,1.30797,1.31444
2010-10-22,1.30797,1.31444,1.30144,1.30144
2010-10-25,1.30144,1.32751,1.30144,1.32098
2010-10-26,1.31444,1.32751,1.30797,1.32098
2010-10-27,1.31444,1.35352,1.31444,1.34036
2010-10-28,1.34707,1.35999,1.32751,1.35999
2010-10-29,1.35084,1.39056,1.3376,1.39056
2010-11-02,1.36661,1.39253,1.36661,1.38599
2010-11-03,1.37953,1.40554,1.37953,1.40554
2010-11-04,1.40554,1.43162,1.40554,1.43162
2010-11-05,1.43162,1.43808,1.43162,1.43808
2010-11-08,1.43162,1.43808,1.43162,1.43808
2010-11-09,1.43162,1.45762,1.43162,1.45762
2010-11-10,1.45762,1.45762,1.412,1.412
2010-11-12,1.38599,1.46408,1.37953,1.39907
2010-11-15,1.37953,1.39907,1.35999,1.37953
2010-11-16,1.36661,1.36661,1.32098,1.35999
2010-11-17,1.32751,1.34707,1.32751,1.34036
2010-11-18,1.35999,1.35999,1.33398,1.34707
2010-11-19,1.34707,1.36661,1.31444,1.31444
2010-11-22,1.35352,1.35352,1.31444,1.31444
2010-11-23,1.31444,1.412,1.31444,1.412
2010-11-24,1.37953,1.37953,1.35352,1.35999
2010-11-25,1.36661,1.36661,1.33398,1.33398
2010-11-26,1.34707,1.34707,1.31444,1.31444
2010-11-29,1.31444,1.32098,1.30797,1.30797
2010-11-30,1.30797,1.30797,1.28844,1.28844
2010-12-01,1.29497,1.30797,1.2819,1.29497
2010-12-02,1.30797,1.35999,1.30797,1.35999
2010-12-03,1.35999,1.36661,1.34707,1.36661
2010-12-06,1.36661,1.37953,1.35352,1.37953
2010-12-07,1.37953,1.37953,1.34036,1.34707
2010-12-08,1.34036,1.35999,1.34036,1.35999
2010-12-09,1.35999,1.40554,1.35999,1.40554
2010-12-10,1.37953,1.39907,1.35999,1.35999
2010-12-13,1.36661,1.37307,1.35352,1.37307
2010-12-14,1.35352,1.40554,1.35352,1.40554
2010-12-15,1.37953,1.40554,1.37953,1.40554
2010-12-16,1.39253,1.39907,1.34707,1.39907
2010-12-17,1.36661,1.39907,1.36661,1.37953
2010-12-20,1.37307,1.39907,1.36661,1.39907
2010-12-21,1.37307,1.39907,1.37307,1.38599
2010-12-22,1.38599,1.39907,1.37953,1.39253
2010-12-23,1.39907,1.39907,1.36661,1.36661
2010-12-27,1.36661,1.37953,1.36661,1.37953
2010-12-28,1.37953,1.37953,1.36661,1.37953
2010-12-29,1.37071,1.37732,1.35084,1.37732
2010-12-30,1.37732,1.37732,1.36408,1.36408
2010-12-31,1.35739,1.37732,1.35084,1.36408
2011-01-03,1.35999,1.36661,1.35999,1.36661
2011-01-04,1.35999,1.39907,1.35352,1.39907
2011-01-05,1.37953,1.39253,1.35352,1.39253
2011-01-07,1.37953,1.37953,1.36661,1.37953
2011-01-10,1.35999,1.35999,1.32751,1.33398
2011-01-11,1.35352,1.35352,1.30797,1.32751
2011-01-12,1.32751,1.32751,1.31444,1.32098
2011-01-13,1.32751,1.32751,1.28844,1.28844
2011-01-14,1.29497,1.30797,1.28844,1.28844
2011-01-17,1.28844,1.30797,1.28844,1.28844
2011-01-18,1.29497,1.30144,1.28844,1.30144
2011-01-19,1.30797,1.32751,1.30144,1.30144
2011-01-20,1.32098,1.32098,1.28844,1.31444
2011-01-21,1.30797,1.31444,1.29497,1.30144
2011-01-24,1.30144,1.30144,1.25604,1.25604
2011-01-25,1.26227,1.28844,1.26227,1.28844
2011-01-26,1.27544,1.31444,1.27544,1.31444
2011-01-27,1.30797,1.32098,1.30144,1.32098
2011-01-28,1.35352,1.35352,1.35352,1.35352
2011-01-31,1.31759,1.3376,1.30435,1.30435
2011-02-01,1.30797,1.33398,1.30144,1.33398
2011-02-02,1.33398,1.33398,1.31444,1.31444
2011-02-03,1.30797,1.33398,1.30797,1.30797
2011-02-04,1.30797,1.32098,1.30144,1.32098
2011-02-07,1.30144,1.32098,1.30144,1.32098
2011-02-08,1.30797,1.32751,1.30797,1.32098
2011-02-09,1.31444,1.32098,1.31444,1.31444
2011-02-10,1.31444,1.32751,1.29497,1.29497
2011-02-11,1.29497,1.32098,1.29497,1.30797
2011-02-14,1.30797,1.32098,1.30797,1.31444
2011-02-15,1.30144,1.32098,1.30144,1.30797
2011-02-16,1.30797,1.31444,1.30144,1.30144
2011-02-17,1.30144,1.30144,1.24289,1.24289
2011-02-18,1.24934,1.25604,1.22989,1.25604
2011-02-21,1.26227,1.26227,1.24289,1.25604
2011-02-22,1.24289,1.29497,1.24289,1.29497
2011-02-23,1.27544,1.29497,1.2689,1.27544
2011-02-24,1.26227,1.2819,1.24289,1.2819
2011-02-25,1.27544,1.2819,1.26227,1.27544
2011-02-28,1.27795,1.2845,1.26463,1.27795
2011-03-01,1.27544,1.27544,1.26227,1.26227
2011-03-02,1.26227,1.27544,1.24934,1.27544
2011-03-03,1.28844,1.28844,1.26227,1.26227
2011-03-04,1.26227,1.27544,1.26227,1.27544
2011-03-07,1.27544,1.2819,1.26227,1.2819
2011-03-08,1.2819,1.28844,1.27544,1.2819
2011-03-09,1.27544,1.28844,1.2689,1.28844
2011-03-10,1.2689,1.28844,1.2689,1.28844
2011-03-11,1.2819,1.28844,1.2689,1.28844
2011-03-14,1.2819,1.28844,1.27544,1.2819
2011-03-15,1.27544,1.2819,1.2689,1.2819
2011-03-16,1.27544,1.2819,1.2689,1.2689
2011-03-17,1.27795,1.2845,1.27134,1.2845
2011-03-18,1.27544,1.30144,1.27544,1.30144
2011-03-21,1.30144,1.31444,1.29497,1.31444
2011-03-22,1.32098,1.32751,1.28844,1.28844
2011-03-23,1.29497,1.31444,1.29497,1.31444
2011-03-24,1.29497,1.30797,1.2819,1.30144
2011-03-25,1.29497,1.33398,1.29497,1.33398
2011-03-28,1.33398,1.34036,1.32098,1.34036
2011-03-29,1.32751,1.34036,1.32751,1.34036
2011-03-30,1.34036,1.34036,1.32751,1.34036
2011-03-31,1.3376,1.34415,1.3376,1.3376
2011-04-01,1.34036,1.34036,1.32751,1.34036
2011-04-04,1.34036,1.34707,1.32751,1.32751
2011-04-05,1.32751,1.32751,1.30797,1.32098
2011-04-06,1.31444,1.34707,1.31444,1.34707
2011-04-07,1.34707,1.34707,1.32751,1.32751
2011-04-08,1.31444,1.34707,1.31444,1.34707
2011-04-11,1.34707,1.34707,1.33398,1.34707
2011-04-12,1.33398,1.34707,1.32098,1.32751
2011-04-13,1.32751,1.34707,1.32751,1.34036
2011-04-14,1.34036,1.34707,1.32098,1.32098
2011-04-15,1.32098,1.32098,1.30144,1.30144
2011-04-18,1.30797,1.31444,1.28844,1.30144
2011-04-19,1.29497,1.32098,1.29497,1.32098
2011-04-20,1.32751,1.32751,1.32098,1.32098
2011-04-21,1.31444,1.32751,1.31444,1.32098
2011-04-26,1.32098,1.32098,1.30797,1.31444
2011-04-27,1.32098,1.32098,1.30144,1.30797
2011-04-28,1.32098,1.32751,1.30144,1.31444
2011-04-29,1.32437,1.32437,1.30435,1.31759
2011-05-02,1.30797,1.34036,1.30797,1.34036
2011-05-04,1.33398,1.33398,1.32098,1.33398
2011-05-05,1.32098,1.33398,1.30797,1.30797
2011-05-06,1.30797,1.30797,1.29497,1.30797
2011-05-09,1.30144,1.30144,1.2819,1.2819
2011-05-10,1.2819,1.28844,1.27544,1.28844
2011-05-11,1.28844,1.28844,1.2689,1.2689
2011-05-12,1.26227,1.2819,1.24934,1.25604
2011-05-13,1.26227,1.2819,1.24934,1.24934
2011-05-16,1.25604,1.2819,1.24934,1.26227
2011-05-17,1.2689,1.2689,1.18425,1.21034
2011-05-18,1.21034,1.2168,1.19719,1.20388
2011-05-19,1.21034,1.22326,1.21034,1.2168
2011-05-20,1.225,1.23823,1.21838,1.23823
2011-05-23,1.24289,1.24289,1.2168,1.22326
2011-05-24,1.2168,1.23642,1.2168,1.22989
2011-05-25,1.22989,1.24289,1.22326,1.23642
2011-05-26,1.22989,1.23642,1.2168,1.22326
2011-05-27,1.23154,1.23823,1.21838,1.225
2011-05-30,1.23642,1.23642,1.2168,1.22989
2011-05-31,1.23154,1.29127,1.23154,1.25155
2011-06-01,1.25604,1.2689,1.25604,1.26227
2011-06-02,1.24934,1.2689,1.24934,1.25604
2011-06-03,1.25155,1.27134,1.25155,1.25155
2011-06-06,1.24934,1.25604,1.24289,1.25604
2011-06-07,1.25793,1.26463,1.25155,1.25155
2011-06-08,1.25793,1.26463,1.2447,1.26463
2011-06-09,1.26463,1.27795,1.26463,1.27795
2011-06-10,1.27134,1.27795,1.25793,1.26463
2011-06-13,1.26463,1.27134,1.26463,1.27134
2011-06-14,1.26463,1.27795,1.26463,1.27795
2011-06-15,1.27134,1.2845,1.25793,1.25793
2011-06-16,1.27134,1.27134,1.26463,1.27134
2011-06-17,1.27134,1.27795,1.26463,1.27134
2011-06-20,1.27795,1.29127,1.26463,1.27795
2011-06-21,1.27134,1.27795,1.25793,1.27795
2011-06-22,1.27134,1.27795,1.26463,1.27134
2011-06-24,1.26463,1.27134,1.25793,1.26463
2011-06-27,1.26463,1.27134,1.26463,1.27134
2011-06-28,1.26463,1.29127,1.26463,1.29127
2011-06-29,1.29127,1.29127,1.26463,1.29127
2011-06-30,1.29127,1.29127,1.2845,1.2845
2011-07-01,1.29127,1.29127,1.27795,1.27795
2011-07-04,1.26463,1.2845,1.26463,1.2845
2011-07-05,1.2845,1.2845,1.27795,1.2845
2011-07-06,1.27134,1.29773,1.27134,1.29773
2011-07-07,1.29773,1.30435,1.29773,1.30435
2011-07-08,1.30435,1.30435,1.2845,1.29773
2011-07-11,1.29773,1.29773,1.2845,1.29127
2011-07-12,1.2845,1.2845,1.27134,1.27795
2011-07-13,1.27795,1.29127,1.27795,1.29127
2011-07-14,1.27795,1.2845,1.25793,1.27134
2011-07-15,1.26463,1.27134,1.2447,1.2447
2011-07-18,1.2447,1.2447,1.225,1.23823
2011-07-19,1.23823,1.23823,1.225,1.23154
2011-07-20,1.2447,1.2447,1.23823,1.23823
2011-07-21,1.2447,1.25155,1.23823,1.25155
2011-07-22,1.25155,1.25155,1.2447,1.2447
2011-07-25,1.23823,1.2447,1.23823,1.23823
2011-07-26,1.2447,1.2447,1.23823,1.23823
2011-07-27,1.23823,1.23823,1.23154,1.23154
2011-07-28,1.23154,1.23823,1.225,1.23154
2011-07-29,1.23823,1.26463,1.225,1.26463
2011-08-01,1.26463,1.26463,1.23154,1.23154
2011-08-02,1.23823,1.25155,1.23823,1.23823
2011-08-03,1.23154,1.23823,1.19859,1.19859
2011-08-04,1.1919,1.21175,1.1454,1.1454
2011-08-05,1.05943,1.15872,1.05943,1.13233
2011-08-08,1.08584,1.11246,1.07929,1.08584
2011-08-09,0.973371,1.08584,0.973371,1.01317
2011-08-10,1.07929,1.07929,0.966673,0.966673
2011-08-11,0.966673,1.01979,0.893946,1.01317
2011-08-12,1.02625,1.04627,1.01317,1.04627
2011-08-16,1.04627,1.05289,1.01317,1.03957
2011-08-17,1.03303,1.11246,1.02625,1.11246
2011-08-18,1.08584,1.08584,1.01317,1.01317
2011-08-19,0.986542,1.04627,0.986542,0.999778
2011-08-22,1.00639,1.03957,1.00639,1.01979
2011-08-23,1.03303,1.06597,1.03303,1.05289
2011-08-24,1.05289,1.05943,1.05289,1.05289
2011-08-25,1.06597,1.06597,1.05943,1.05943
2011-08-26,1.05943,1.05943,1.03957,1.04627
2011-08-29,1.05943,1.07267,1.04627,1.07267
2011-08-30,1.07929,1.10577,1.07267,1.08584
2011-08-31,1.10577,1.15872,1.09915,1.15872
2011-09-01,1.1454,1.15872,1.09253,1.11892
2011-09-02,1.13886,1.13886,1.05943,1.05943
2011-09-05,1.05943,1.05943,1.01317,1.01317
2011-09-06,1.01979,1.03957,1.01979,1.03303
2011-09-07,1.03957,1.06597,1.03303,1.06597
2011-09-08,1.06597,1.07929,1.05943,1.07267
2011-09-09,1.04627,1.04627,1.01317,1.02625
2011-09-12,1.01317,1.01317,0.973371,0.986542
2011-09-13,0.986542,0.99324,0.966673,0.986542
2011-09-14,0.986542,0.986542,0.986542,0.986542
2011-09-15,0.986542,1.05289,0.986542,1.01317
2011-09-16,1.03303,1.03303,1.01317,1.02625
2011-09-19,1.03303,1.03303,0.999778,1.01317
2011-09-20,1.02625,1.04627,1.01317,1.03957
2011-09-21,1.03303,1.06597,1.01979,1.01979
2011-09-22,1.01979,1.01979,0.99324,0.99324
2011-09-23,0.986542,0.99324,0.986542,0.99324
2011-09-26,0.99324,1.03303,0.986542,1.03303
2011-09-27,1.06597,1.06597,1.03303,1.06597
2011-09-28,1.05943,1.07267,1.05943,1.06597
2011-09-29,1.05943,1.09915,1.05943,1.07267
2011-09-30,1.05943,1.07929,1.05943,1.07267
2011-10-03,1.06597,1.07267,1.03957,1.07267
2011-10-04,1.02625,1.03957,1.01317,1.03957
2011-10-05,1.03957,1.03957,1.01979,1.02625
2011-10-06,1.02625,1.03303,1.02625,1.02625
2011-10-07,1.03957,1.03957,1.01979,1.02625
2011-10-10,1.01979,1.03303,1.01317,1.02625
2011-10-11,1.02625,1.03957,1.01317,1.01979
2011-10-12,1.03303,1.03957,1.03303,1.03957
2011-10-13,1.04627,1.05943,1.03957,1.05289
2011-10-14,1.05943,1.05943,1.03957,1.04627
2011-10-17,1.05289,1.05943,1.05289,1.05289
2011-10-18,1.03957,1.03957,1.02625,1.03957
2011-10-19,1.03957,1.05943,1.03957,1.04627
2011-10-20,1.03303,1.04627,1.03303,1.03303
2011-10-21,1.03957,1.05943,1.03957,1.04627
2011-10-24,1.05943,1.07267,1.05289,1.05943
2011-10-25,1.05943,1.07267,1.05943,1.05943
2011-10-26,1.05943,1.07929,1.05943,1.07267
2011-10-27,1.08584,1.13886,1.08584,1.13886
2011-10-28,1.1454,1.1454,1.13886,1.13886
2011-10-31,1.13233,1.13886,1.11892,1.11892
2011-11-02,1.08584,1.11246,1.07929,1.10577
2011-11-03,1.11246,1.11246,1.10577,1.10577
2011-11-04,1.09915,1.11892,1.09915,1.11892
2011-11-07,1.11892,1.11892,1.09915,1.10577
2011-11-08,1.11246,1.11892,1.11246,1.11892
2011-11-09,1.11892,1.13233,1.11892,1.11892
2011-11-10,1.11246,1.13886,1.09253,1.09253
2011-11-14,1.10577,1.13886,1.10577,1.13886
2011-11-15,1.11892,1.1454,1.10577,1.10577
2011-11-16,1.08584,1.08584,1.05289,1.06597
2011-11-17,1.09253,1.09915,1.05943,1.07929
2011-11-18,1.09253,1.09253,1.03957,1.07929
2011-11-21,1.08584,1.08584,1.03957,1.05943
2011-11-22,1.05943,1.07267,1.04627,1.04627
2011-11-23,1.04627,1.04627,0.99324,0.99324
2011-11-24,1.01317,1.01317,0.946824,0.966673
2011-11-25,0.973371,0.999778,0.953437,0.999778
2011-11-28,0.99324,1.01317,0.99324,1.01317
2011-11-29,1.02625,1.02625,1.00639,1.00639
2011-11-30,1.00639,1.05943,0.973371,1.05943
2011-12-01,1.06597,1.07267,1.05943,1.07267
2011-12-02,1.06597,1.07267,1.04627,1.05943
2011-12-05,1.07267,1.09915,1.05289,1.07929
2011-12-06,1.06597,1.08584,1.03957,1.03957
2011-12-07,1.06597,1.06597,1.03957,1.05289
2011-12-08,1.06597,1.06597,1.04627,1.05289
2011-12-09,1.04627,1.06597,1.01979,1.06597
2011-12-12,1.05943,1.05943,1.03957,1.03957
2011-12-13,1.03957,1.06597,1.02625,1.03303
2011-12-14,1.03957,1.05289,1.02625,1.05289
2011-12-15,1.01979,1.05289,1.01979,1.03303
2011-12-16,1.03303,1.05289,1.03303,1.03303
2011-12-19,1.02625,1.03303,0.999778,0.999778
2011-12-20,0.986542,1.03303,0.986542,1.03303
2011-12-21,1.03303,1.09915,1.01979,1.09915
2011-12-22,1.07267,1.09915,1.05943,1.07929
2011-12-23,1.07929,1.08584,1.05943,1.08584
2011-12-27,1.08584,1.08584,1.05289,1.07267
2011-12-28,1.07267,1.07929,1.07267,1.07929
2011-12-29,1.07929,1.09253,1.06597,1.08584
2011-12-30,1.07929,1.09915,1.07267,1.09253
2012-01-02,1.09915,1.09915,1.07929,1.09915
2012-01-03,1.09915,1.10577,1.08584,1.10577
2012-01-04,1.09915,1.10577,1.09915,1.10577
2012-01-05,1.10577,1.10577,1.07929,1.08584
2012-01-09,1.08584,1.08584,1.05943,1.07929
2012-01-10,1.07929,1.07929,1.07929,1.07929
2012-01-11,1.07929,1.07929,1.05943,1.05943
2012-01-12,1.05289,1.07929,1.05289,1.07929
2012-01-13,1.07929,1.09253,1.07929,1.07929
2012-01-16,1.07267,1.08584,1.07267,1.08584
2012-01-17,1.07929,1.10577,1.07929,1.10577
2012-01-18,1.10577,1.12563,1.10577,1.11892
2012-01-19,1.12563,1.12563,1.11246,1.11246
2012-01-20,1.12563,1.12563,1.11246,1.11246
2012-01-23,1.12563,1.12563,1.11246,1.11892
2012-01-24,1.12563,1.12563,1.09253,1.09253
2012-01-25,1.11246,1.11246,1.09253,1.09915
2012-01-26,1.10577,1.1454,1.09915,1.13886
2012-01-27,1.13886,1.15872,1.13886,1.1454
2012-01-30,1.1454,1.15219,1.12563,1.12563
2012-01-31,1.13886,1.16542,1.12563,1.1454
2012-02-01,1.15872,1.15872,1.15219,1.15219
2012-02-02,1.15872,1.15872,1.13233,1.1454
2012-02-03,1.13886,1.15872,1.12563,1.15219
2012-02-06,1.1454,1.17867,1.1454,1.17197
2012-02-07,1.17197,1.17867,1.15872,1.17867
2012-02-08,1.17197,1.17867,1.17197,1.17197
2012-02-09,1.17197,1.17197,1.15219,1.15219
2012-02-10,1.11892,1.15872,1.11892,1.15219
2012-02-13,1.15219,1.15219,1.1454,1.15219
2012-02-14,1.15219,1.16542,1.13886,1.15872
2012-02-15,1.17197,1.18528,1.15872,1.17867
2012-02-16,1.18528,1.18528,1.13886,1.13886
2012-02-17,1.15219,1.16542,1.15219,1.16542
2012-02-20,1.17197,1.18528,1.16542,1.17867
2012-02-21,1.17867,1.1919,1.16542,1.16542
2012-02-22,1.17867,1.17867,1.13886,1.17197
2012-02-23,1.17197,1.17197,1.15219,1.15219
2012-02-24,1.1454,1.17867,1.1454,1.17197
2012-02-27,1.17197,1.17197,1.1454,1.1454
2012-02-28,1.15219,1.17197,1.1454,1.16542
2012-02-29,1.16542,1.17197,1.1454,1.17197
2012-03-01,1.17197,1.17867,1.15219,1.16542
2012-03-02,1.15219,1.17867,1.15219,1.17867
2012-03-05,1.16542,1.18528,1.15219,1.17867
2012-03-06,1.17867,1.18528,1.16542,1.18528
2012-03-07,1.18528,1.18528,1.15872,1.16542
2012-03-08,1.18528,1.1919,1.16542,1.1919
2012-03-09,1.17867,1.1919,1.17197,1.18528
2012-03-12,1.18528,1.18528,1.17867,1.17867
2012-03-13,1.17867,1.1919,1.17867,1.18528
2012-03-14,1.18528,1.20505,1.17197,1.18528
2012-03-15,1.18528,1.20505,1.18528,1.20505
2012-03-16,1.20505,1.21838,1.1919,1.20505
2012-03-19,1.20505,1.225,1.1919,1.1919
2012-03-20,1.20505,1.225,1.18528,1.21175
2012-03-21,1.225,1.225,1.21175,1.21838
2012-03-22,1.20505,1.20505,1.17197,1.1919
2012-03-23,1.1919,1.19859,1.17197,1.1919
2012-03-26,1.20505,1.20505,1.18528,1.1919
2012-03-27,1.19859,1.21175,1.1919,1.20505
2012-03-28,1.20505,1.20505,1.1919,1.19859
2012-03-29,1.18528,1.20505,1.18528,1.19859
2012-03-30,1.17867,1.19859,1.17867,1.18528
2012-04-02,1.1919,1.1919,1.17867,1.17867
2012-04-03,1.1919,1.1919,1.15872,1.15872
2012-04-04,1.15219,1.16542,1.12563,1.13886
2012-04-05,1.1454,1.15219,1.13233,1.13233
2012-04-10,1.10577,1.11246,1.08584,1.09253
2012-04-11,1.09253,1.09253,1.07267,1.07267
2012-04-12,1.07267,1.08584,1.07267,1.07929
2012-04-13,1.09253,1.12563,1.09253,1.10577
2012-04-16,1.10577,1.12563,1.10577,1.10577
2012-04-17,1.11246,1.11246,1.10577,1.11246
2012-04-18,1.09915,1.10577,1.08584,1.09253
2012-04-19,1.11246,1.13233,1.09253,1.13233
2012-04-20,1.11892,1.11892,1.08584,1.09915
2012-04-23,1.08584,1.08584,1.06597,1.06597
2012-04-24,1.06597,1.07267,1.06597,1.07267
2012-04-25,1.07929,1.09253,1.06597,1.07929
2012-04-26,1.08584,1.08584,1.06597,1.08584
2012-04-27,1.09253,1.09253,1.07267,1.07929
2012-04-30,1.08584,1.08584,1.07929,1.08584
2012-05-02,1.07267,1.08584,1.06597,1.06597
2012-05-04,1.09253,1.12563,1.06597,1.06597
2012-05-07,1.07267,1.07929,1.06597,1.06597
2012-05-08,1.07267,1.08584,1.06597,1.06597
2012-05-09,1.07267,1.08584,1.07267,1.07267
2012-05-10,1.07929,1.07929,1.02625,1.02625
2012-05-11,1.01979,1.03957,1.01979,1.03957
2012-05-14,1.03957,1.03957,1.01979,1.01979
2012-05-15,1.01979,1.03303,1.01979,1.01979
2012-05-16,1.01317,1.01979,1.00639,1.00639
2012-05-17,1.00639,1.00639,0.986542,0.999778
2012-05-18,0.973371,0.999778,0.966673,0.999778
2012-05-21,0.979919,1.00639,0.979919,0.999778
2012-05-22,0.999778,0.999778,0.973371,0.979919
2012-05-23,0.979919,0.986542,0.96022,0.979919
2012-05-24,0.973371,0.973371,0.96022,0.973371
2012-05-25,0.99324,0.99324,0.986542,0.986542
2012-05-28,0.99324,0.99324,0.973371,0.99324
2012-05-29,0.973371,0.99324,0.966673,0.99324
2012-05-30,0.99324,0.99324,0.973371,0.979919
2012-05-31,0.973371,0.99324,0.96022,0.986542
2012-06-01,0.99324,0.99324,0.979919,0.986542
2012-06-04,0.986542,0.986542,0.920341,0.953437
2012-06-05,0.920341,0.953437,0.913643,0.946824
2012-06-06,0.940204,0.946824,0.940204,0.946824
2012-06-08,0.946824,0.953437,0.940204,0.953437
2012-06-11,0.966673,0.966673,0.940204,0.953437
2012-06-12,0.953437,0.973371,0.946824,0.966673
2012-06-13,0.96022,0.979919,0.96022,0.979919
2012-06-14,0.986542,0.986542,0.973371,0.979919
2012-06-15,0.986542,0.99324,0.986542,0.99324
2012-06-18,0.99324,0.99324,0.986542,0.99324
2012-06-19,0.979919,0.99324,0.979919,0.99324
2012-06-20,0.999778,0.999778,0.979919,0.979919
2012-06-21,0.986542,0.99324,0.953437,0.973371
2012-06-22,0.966673,0.99324,0.966673,0.979919
2012-06-25,0.979919,0.99324,0.979919,0.986542
2012-06-26,0.986542,1.00639,0.986542,1.00639
2012-06-27,1.01979,1.02625,1.01979,1.02625
2012-06-28,1.02625,1.03303,1.00639,1.02625
2012-06-29,1.02625,1.05943,1.02625,1.03957
2012-07-02,1.06597,1.06597,1.01979,1.01979
2012-07-03,1.03957,1.03957,1.01317,1.03303
2012-07-04,1.03303,1.03303,1.01979,1.01979
2012-07-05,1.03303,1.03303,1.01317,1.01317
2012-07-06,1.01979,1.02625,0.999778,1.00639
2012-07-09,1.01979,1.01979,1.00639,1.01979
2012-07-10,1.01979,1.01979,0.999778,1.01979
2012-07-11,1.01979,1.01979,0.986542,0.986542
2012-07-12,1.00639,1.00639,0.946824,0.946824
2012-07-13,0.986542,0.986542,0.933664,0.953437
2012-07-16,0.96022,0.979919,0.953437,0.973371
2012-07-17,0.986542,0.986542,0.966673,0.986542
2012-07-18,0.99324,0.999778,0.966673,0.973371
2012-07-19,0.99324,0.999778,0.973371,0.986542
2012-07-20,1.00639,1.00639,0.973371,0.986542
2012-07-23,1.00639,1.00639,0.96022,0.973371
2012-07-24,1.00639,1.00639,0.973371,0.973371
2012-07-25,0.986542,0.986542,0.96022,0.96022
2012-07-26,0.973371,0.973371,0.946824,0.96022
2012-07-27,0.966673,0.979919,0.96022,0.979919
2012-07-30,0.973371,0.979919,0.966673,0.973371
2012-07-31,0.973371,0.979919,0.973371,0.973371
2012-08-01,0.979919,0.99324,0.966673,0.99324
2012-08-02,0.99324,0.99324,0.96022,0.966673
2012-08-03,0.999778,0.999778,0.953437,0.966673
2012-08-06,0.973371,0.99324,0.953437,0.953437
2012-08-07,0.966673,0.966673,0.940204,0.940204
2012-08-08,0.973371,0.979919,0.953437,0.973371
2012-08-09,0.979919,1.01979,0.973371,1.00639
2012-08-10,0.99324,1.01979,0.99324,1.00639
2012-08-13,1.01979,1.05289,1.00639,1.01317
2012-08-14,1.02625,1.03303,0.999778,1.02625
2012-08-16,1.01979,1.03303,1.01979,1.02625
2012-08-17,1.03303,1.03303,1.00639,1.01317
2012-08-20,1.00639,1.02625,0.999778,0.999778
2012-08-21,1.02625,1.02625,0.999778,1.01317
2012-08-22,1.01317,1.02625,1.00639,1.01317
2012-08-23,1.02625,1.02625,0.99324,1.01317
2012-08-24,1.01979,1.01979,0.99324,1.01317
2012-08-27,1.01317,1.02625,1.00639,1.02625
2012-08-28,1.01979,1.03957,1.01979,1.02625
2012-08-29,1.03957,1.03957,1.01979,1.02625
2012-08-30,1.03957,1.03957,1.01979,1.03303
2012-08-31,1.04627,1.04627,1.01979,1.04627
2012-09-03,1.05289,1.05289,1.03303,1.03303
2012-09-04,1.04627,1.04627,1.01979,1.03957
2012-09-05,1.03957,1.03957,1.02625,1.03957
2012-09-06,1.04627,1.04627,1.03303,1.03957
2012-09-07,1.04627,1.04627,1.03303,1.03957
2012-09-10,1.04627,1.04627,1.03303,1.03957
2012-09-11,1.03957,1.03957,1.02625,1.03303
2012-09-12,1.04627,1.04627,1.01979,1.03957
2012-09-13,1.04627,1.04627,1.03303,1.03303
2012-09-14,1.04627,1.07267,1.03957,1.05289
2012-09-17,1.07267,1.07267,1.05289,1.05943
2012-09-18,1.07267,1.07267,1.04627,1.06597
2012-09-19,1.06597,1.06597,1.05289,1.05943
2012-09-20,1.05943,1.05943,1.04627,1.05943
2012-09-21,1.06597,1.06597,1.03957,1.03957
2012-09-24,1.04627,1.04627,1.03303,1.03957
2012-09-25,1.03957,1.04627,1.02625,1.04627
2012-09-26,1.04627,1.04627,1.03303,1.04627
2012-09-27,1.04627,1.04627,1.03303,1.04627
2012-09-28,1.04627,1.04627,1.03303,1.03957
2012-10-01,1.04627,1.04627,1.03303,1.03957
2012-10-02,1.03957,1.04627,1.03303,1.03957
2012-10-03,1.04627,1.04627,1.03303,1.03303
2012-10-04,1.03303,1.04627,1.03303,1.03303
2012-10-05,1.03957,1.05289,1.02625,1.05289
2012-10-08,1.05943,1.05943,1.04627,1.04627
2012-10-09,1.05943,1.05943,1.03957,1.04627
2012-10-10,1.05943,1.05943,1.04627,1.04627
2012-10-11,1.04627,1.05289,1.03957,1.05289
2012-10-12,1.05943,1.05943,1.03957,1.05289
2012-10-15,1.05289,1.05289,1.03957,1.03957
2012-10-16,1.05289,1.05289,1.03957,1.05289
2012-10-17,1.05943,1.06597,1.05289,1.06597
2012-10-18,1.07267,1.09915,1.06597,1.09915
2012-10-19,1.09915,1.09915,1.07267,1.07929
2012-10-22,1.09253,1.09915,1.07267,1.07929
2012-10-23,1.05289,1.09253,1.05289,1.07929
2012-10-24,1.07267,1.07267,1.05289,1.05943
2012-10-25,1.07267,1.07929,1.05943,1.06597
2012-10-26,1.08584,1.08584,1.05289,1.05943
2012-10-29,1.04627,1.07267,1.04627,1.05943
2012-10-30,1.06597,1.07267,1.05289,1.07267
2012-10-31,1.07929,1.07929,1.05943,1.07267
2012-11-02,1.07929,1.07929,1.06597,1.06597
2012-11-05,1.07929,1.08584,1.06597,1.07267
2012-11-06,1.07267,1.07267,1.06597,1.06597
2012-11-07,1.07929,1.07929,1.05289,1.05943
2012-11-08,1.06597,1.06597,1.03303,1.03957
2012-11-09,1.03957,1.03957,0.973371,0.973371
2012-11-12,0.986542,0.99324,0.973371,0.973371
2012-11-13,0.979919,0.986542,0.973371,0.979919
2012-11-14,0.986542,0.986542,0.966673,0.973371
2012-11-15,0.979919,0.979919,0.96022,0.973371
2012-11-16,0.986542,0.986542,0.973371,0.973371
2012-11-19,0.99324,1.00639,0.979919,0.99324
2012-11-20,0.99324,1.00639,0.99324,0.999778
2012-11-21,1.00639,1.00639,0.99324,0.999778
2012-11-22,0.999778,0.999778,0.99324,0.99324
2012-11-23,0.99324,0.999778,0.986542,0.999778
2012-11-26,1.00639,1.01979,0.999778,1.01317
2012-11-27,1.01979,1.04627,1.01979,1.03957
2012-11-28,1.04627,1.04627,1.01317,1.02625
2012-11-29,1.04627,1.04627,1.02625,1.03957
2012-11-30,1.05289,1.05289,1.03303,1.03303
2012-12-03,1.03303,1.03303,1.02625,1.03303
2012-12-04,1.03957,1.03957,1.02625,1.02625
2012-12-05,1.03303,1.03303,1.02625,1.02625
2012-12-06,1.05289,1.05943,1.02625,1.04627
2012-12-07,1.05289,1.05289,1.03957,1.04627
2012-12-10,1.04627,1.05289,1.03957,1.04627
2012-12-11,1.04627,1.04627,1.03303,1.04627
2012-12-12,1.04627,1.06597,1.03957,1.04627
2012-12-13,1.07267,1.07267,1.03303,1.04627
2012-12-14,1.02625,1.05943,1.02625,1.04627
2012-12-17,1.05943,1.05943,1.03957,1.04627
2012-12-18,1.05943,1.05943,1.03303,1.03957
2012-12-19,1.05289,1.05289,1.03957,1.04627
2012-12-20,1.05943,1.06597,1.04627,1.05289
2012-12-21,1.07929,1.08584,1.05289,1.05289
2012-12-27,1.07929,1.07929,1.05289,1.05943
2012-12-28,1.06597,1.06597,1.04627,1.05289
2013-01-02,1.04627,1.05289,1.03957,1.03957
2013-01-03,1.03957,1.03957,1.03303,1.03957
2013-01-04,1.03957,1.03957,1.01979,1.02625
2013-01-07,1.02625,1.03957,1.01317,1.03303
2013-01-08,1.03303,1.04627,1.03303,1.03957
2013-01-09,1.03303,1.04627,1.02625,1.04627
2013-01-10,1.03957,1.03957,1.02625,1.03303
2013-01-11,1.03303,1.03303,1.01979,1.01979
2013-01-14,1.02625,1.02625,1.01979,1.01979
2013-01-15,1.02625,1.04627,1.01979,1.02625
2013-01-16,1.02625,1.02625,1.01979,1.01979
2013-01-17,1.02625,1.03303,1.01979,1.01979
2013-01-18,1.01979,1.02625,1.01979,1.02625
2013-01-21,1.02625,1.03303,1.01979,1.02625
2013-01-22,1.02625,1.02625,1.01979,1.01979
2013-01-23,1.01979,1.02625,0.999778,1.02625
2013-01-24,1.02625,1.02625,1.01979,1.02625
2013-01-25,1.03303,1.03303,1.01979,1.01979
2013-01-28,1.02625,1.02625,1.01979,1.02625
2013-01-29,1.02625,1.02625,1.01979,1.02625
2013-01-30,1.01979,1.03303,1.01317,1.01317
2013-01-31,1.01317,1.02625,0.99324,1.02625
2013-02-01,1.03957,1.03957,1.00639,1.00639
2013-02-04,1.03303,1.03957,0.999778,1.03957
2013-02-05,1.03957,1.03957,1.01979,1.02625
2013-02-06,1.03303,1.03303,1.00639,1.02625
2013-02-07,1.02625,1.05289,1.01979,1.05289
2013-02-08,1.03957,1.04627,1.03957,1.04627
2013-02-11,1.03303,1.05289,1.02625,1.02625
2013-02-12,1.03303,1.03303,1.01979,1.02625
2013-02-13,1.03303,1.03303,1.01979,1.01979
2013-02-14,1.01317,1.01979,0.913643,0.913643
2013-02-15,0.913643,0.933664,0.913643,0.926959
2013-02-18,0.940204,0.940204,0.913643,0.920341
2013-02-19,0.933664,0.933664,0.893946,0.893946
2013-02-20,0.920341,0.926959,0.8807,0.920341
2013-02-21,0.913643,0.913643,0.900486,0.913643
2013-02-22,0.913643,0.920341,0.913643,0.913643
2013-02-25,0.913643,0.920341,0.913643,0.920341
2013-02-26,0.920341,0.920341,0.913643,0.920341
2013-02-27,0.926959,0.926959,0.913643,0.920341
2013-02-28,0.933664,0.946824,0.933664,0.946824
2013-03-01,0.946824,0.946824,0.926959,0.940204
2013-03-04,0.946824,0.946824,0.926959,0.926959
2013-03-05,0.940204,0.946824,0.933664,0.940204
2013-03-06,0.946824,0.953437,0.940204,0.940204
2013-03-07,0.953437,0.953437,0.933664,0.946824
2013-03-08,0.953437,0.973371,0.946824,0.973371
2013-03-11,0.986542,0.99324,0.986542,0.99324
2013-03-12,0.99324,0.99324,0.973371,0.986542
2013-03-13,0.986542,0.99324,0.979919,0.986542
2013-03-14,0.99324,0.99324,0.966673,0.966673
2013-03-15,0.986542,0.986542,0.953437,0.953437
2013-03-18,0.96022,0.96022,0.940204,0.96022
2013-03-19,0.96022,0.966673,0.946824,0.953437
2013-03-20,0.973371,0.973371,0.953437,0.966673
2013-03-21,0.973371,0.973371,0.946824,0.96022
2013-03-22,0.966673,0.966673,0.946824,0.946824
2013-03-25,0.96022,0.96022,0.926959,0.940204
2013-03-26,0.946824,0.966673,0.926959,0.946824
2013-03-27,0.933664,0.953437,0.926959,0.946824
2013-03-28,0.933664,0.96022,0.920341,0.96022
2013-04-02,0.979919,0.979919,0.96022,0.96022
2013-04-03,0.96022,0.96022,0.940204,0.953437
2013-04-04,0.96022,0.96022,0.946824,0.96022
2013-04-05,0.96022,0.96022,0.946824,0.953437
2013-04-08,0.96022,0.979919,0.953437,0.973371
2013-04-09,0.966673,0.966673,0.96022,0.96022
2013-04-10,0.966673,0.966673,0.96022,0.96022
2013-04-11,0.966673,0.973371,0.966673,0.966673
2013-04-12,0.966673,0.973371,0.966673,0.966673
2013-04-15,0.966673,0.966673,0.907183,0.907183
2013-04-17,0.933664,0.966673,0.933664,0.96022
2013-04-18,0.953437,0.96022,0.940204,0.940204
2013-04-19,0.966673,0.966673,0.946824,0.96022
2013-04-22,0.966673,0.966673,0.946824,0.96022
2013-04-23,0.96022,0.96022,0.946824,0.953437
2013-04-24,0.96022,0.96022,0.940204,0.940204
2013-04-25,0.940204,0.946824,0.913643,0.926959
2013-04-26,0.933664,0.96022,0.926959,0.96022
2013-04-29,0.96022,0.966673,0.946824,0.953437
2013-04-30,0.973371,0.973371,0.946824,0.953437
2013-05-02,0.966673,0.966673,0.946824,0.953437
2013-05-06,0.96022,0.96022,0.946824,0.946824
2013-05-07,0.953437,0.96022,0.946824,0.946824
2013-05-08,0.946824,0.96022,0.946824,0.953437
2013-05-09,0.96022,0.973371,0.96022,0.96022
2013-05-10,0.953437,0.96022,0.953437,0.953437
2013-05-13,0.953437,0.96022,0.953437,0.953437
2013-05-14,0.96022,0.979919,0.946824,0.979919
2013-05-15,0.979919,0.979919,0.953437,0.953437
2013-05-16,0.96022,0.96022,0.953437,0.953437
2013-05-17,0.953437,0.96022,0.953437,0.953437
2013-05-20,0.953437,0.96022,0.946824,0.96022
2013-05-21,0.953437,0.953437,0.940204,0.953437
2013-05-22,0.940204,0.946824,0.940204,0.940204
2013-05-23,0.940204,0.973371,0.933664,0.973371
2013-05-24,0.966673,0.966673,0.946824,0.96022
2013-05-27,0.953437,0.99324,0.953437,0.986542
2013-05-28,0.979919,0.986542,0.979919,0.979919
2013-05-29,0.973371,0.973371,0.953437,0.953437
2013-05-31,0.966673,0.979919,0.96022,0.979919
2013-06-03,0.979919,0.979919,0.966673,0.979919
2013-06-04,0.986542,0.986542,0.979919,0.979919
2013-06-05,0.979919,1.00639,0.979919,1.00639
2013-06-06,1.00639,1.00639,0.999778,1.00639
2013-06-07,1.00639,1.01979,1.00639,1.01317
2013-06-10,1.01979,1.03303,1.00639,1.03303
2013-06-11,1.03303,1.03957,1.03303,1.03303
2013-06-12,1.03303,1.04627,1.02625,1.04627
2013-06-13,1.04627,1.04627,1.03303,1.03303
2013-06-14,1.03303,1.04627,1.03303,1.03303
2013-06-17,1.04627,1.06597,1.03957,1.06597
2013-06-18,1.05289,1.07267,1.05289,1.05289
2013-06-19,1.05289,1.05943,1.04627,1.05289
2013-06-20,1.05289,1.05289,1.03303,1.03957
2013-06-21,1.04627,1.04627,0.979919,1.03957
2013-06-24,0.99324,0.99324,0.979919,0.99324
2013-06-25,0.99324,1.01317,0.99324,0.99324
2013-06-26,0.986542,0.99324,0.953437,0.979919
2013-06-27,0.979919,0.99324,0.940204,0.946824
2013-06-28,0.953437,0.986542,0.953437,0.986542
2013-07-01,0.986542,0.986542,0.979919,0.986542
2013-07-02,1.00639,1.00639,0.99324,0.99324
2013-07-03,0.99324,0.99324,0.966673,0.966673
2013-07-04,0.96022,0.979919,0.96022,0.973371
2013-07-05,0.979919,0.986542,0.973371,0.973371
2013-07-08,0.986542,0.99324,0.966673,0.966673
2013-07-09,0.986542,0.986542,0.966673,0.973371
2013-07-10,0.99324,1.00639,0.979919,0.99324
2013-07-11,1.00639,1.00639,0.973371,0.986542
2013-07-12,0.999778,0.999778,0.979919,0.99324
2013-07-15,0.99324,0.99324,0.979919,0.986542
2013-07-16,0.979919,1.00639,0.979919,1.00639
2013-07-17,1.00639,1.01317,1.00639,1.00639
2013-07-18,1.00639,1.03303,1.00639,1.01979
2013-07-19,1.01317,1.01979,1.01317,1.01979
2013-07-22,1.02625,1.02625,1.00639,1.01317
2013-07-23,1.01979,1.02625,1.00639,1.02625
2013-07-24,1.02625,1.02625,1.00639,1.01979
2013-07-25,1.01317,1.01979,1.01317,1.01979
2013-07-26,1.01979,1.03303,1.01317,1.02625
2013-07-29,1.02625,1.03303,1.01979,1.01979
2013-07-30,1.01979,1.03303,1.01979,1.03303
2013-07-31,1.03303,1.03303,1.02625,1.03303
2013-08-01,1.03303,1.05943,1.01979,1.01979
2013-08-02,1.04627,1.06597,1.04627,1.06597
2013-08-05,1.06597,1.06597,1.05943,1.06597
2013-08-06,1.06597,1.07929,1.06597,1.07267
2013-08-07,1.07267,1.13886,1.06597,1.13233
2013-08-08,1.13233,1.17867,1.11892,1.15219
2013-08-09,1.16542,1.18528,1.1454,1.18528
2013-08-12,1.18528,1.18528,1.16542,1.17867
2013-08-13,1.17197,1.20505,1.15872,1.19859
2013-08-14,1.21175,1.23823,1.20505,1.225
2013-08-16,1.23823,1.23823,1.225,1.23154
2013-08-19,1.23154,1.23823,1.21838,1.225
2013-08-20,1.21175,1.21175,1.19859,1.19859
2013-08-21,1.19859,1.19859,1.17197,1.17197
2013-08-22,1.17197,1.18528,1.16542,1.17197
2013-08-23,1.18528,1.19859,1.17867,1.17867
2013-08-26,1.1919,1.1919,1.17197,1.17867
2013-08-27,1.17867,1.17867,1.15872,1.17867
2013-08-28,1.16542,1.17867,1.11892,1.11892
2013-08-29,1.12563,1.13886,1.11892,1.13233
2013-08-30,1.1454,1.1454,1.12563,1.12563
2013-09-02,1.13886,1.15219,1.13233,1.1454
2013-09-03,1.1454,1.17197,1.1454,1.1454
2013-09-04,1.17867,1.17867,1.11246,1.11246
2013-09-05,1.09915,1.09915,0.986542,1.00639
2013-09-06,1.01979,1.06597,1.01979,1.05943
2013-09-09,1.07267,1.11246,1.05289,1.11246
2013-09-10,1.11892,1.13233,1.09253,1.09253
2013-09-11,1.10577,1.12563,1.07929,1.11892
2013-09-12,1.11246,1.13233,1.11246,1.12563
2013-09-13,1.12563,1.12563,1.11892,1.11892
2013-09-16,1.12563,1.12563,1.11246,1.11246
2013-09-17,1.12563,1.1454,1.09915,1.11892
2013-09-18,1.12563,1.12563,1.10577,1.11246
2013-09-19,1.12563,1.1454,1.12563,1.13233
2013-09-20,1.13886,1.13886,1.11246,1.11246
2013-09-23,1.11246,1.13233,1.11246,1.12563
2013-09-24,1.12563,1.1454,1.12563,1.1454
2013-09-25,1.1454,1.15219,1.1454,1.15219
2013-09-26,1.15219,1.21175,1.15219,1.19859
2013-09-27,1.19859,1.20505,1.1919,1.1919
2013-09-30,1.21838,1.21838,1.16542,1.18528
2013-10-01,1.15872,1.1919,1.15872,1.1919
2013-10-02,1.1919,1.1919,1.17867,1.17867
2013-10-03,1.18528,1.20505,1.17867,1.19859
2013-10-04,1.20505,1.20505,1.17867,1.17867
2013-10-07,1.17867,1.17867,1.15219,1.15219
2013-10-08,1.15219,1.15219,1.13886,1.13886
2013-10-09,1.13886,1.1454,1.13233,1.13886
2013-10-10,1.13886,1.16542,1.13886,1.16542
2013-10-11,1.15872,1.17867,1.15872,1.16542
2013-10-14,1.16542,1.2447,1.16542,1.225
2013-10-15,1.23154,1.2845,1.23154,1.27795
2013-10-16,1.27795,1.27795,1.23823,1.27134
2013-10-17,1.2845,1.2845,1.25793,1.27795
2013-10-18,1.27795,1.27795,1.21838,1.25793
2013-10-21,1.25793,1.30435,1.25793,1.2845
2013-10-22,1.2845,1.29773,1.27134,1.2845
2013-10-23,1.29773,1.30435,1.27795,1.29127
2013-10-24,1.26463,1.29773,1.26463,1.29127
2013-10-25,1.29127,1.29773,1.25155,1.25793
2013-10-28,1.26463,1.2845,1.25793,1.25793
2013-10-29,1.25793,1.27134,1.2447,1.2447
2013-10-30,1.23823,1.25155,1.20505,1.20505
2013-10-31,1.23154,1.23154,1.17197,1.19859
2013-11-04,1.20505,1.21838,1.15219,1.18528
2013-11-05,1.21175,1.225,1.20505,1.21175
2013-11-06,1.23154,1.25155,1.23154,1.25155
2013-11-07,1.25155,1.27134,1.25155,1.26463
2013-11-08,1.26463,1.26463,1.21838,1.2447
2013-11-12,1.25155,1.26463,1.23154,1.23154
2013-11-13,1.23823,1.23823,1.1919,1.21838
2013-11-14,1.21838,1.2447,1.21175,1.21175
2013-11-15,1.23154,1.23154,1.21175,1.23154
2013-11-18,1.23154,1.27134,1.23154,1.27134
2013-11-19,1.27134,1.27795,1.23823,1.2447
2013-11-20,1.2447,1.25793,1.23154,1.2447
2013-11-21,1.2447,1.25155,1.23823,1.23823
2013-11-22,1.23823,1.25793,1.23823,1.25793
2013-11-25,1.25793,1.27795,1.25793,1.27134
2013-11-26,1.27795,1.27795,1.27134,1.27795
2013-11-27,1.27795,1.27795,1.2447,1.25793
2013-11-28,1.25793,1.25793,1.23823,1.23823
2013-11-29,1.25793,1.27134,1.23823,1.27134
2013-12-02,1.27134,1.27134,1.2447,1.25793
2013-12-03,1.25155,1.25793,1.21838,1.21838
2013-12-04,1.21838,1.23823,1.1919,1.1919
2013-12-05,1.1919,1.20505,1.1919,1.19859
2013-12-06,1.21175,1.225,1.21175,1.21838
2013-12-09,1.23154,1.23823,1.225,1.23823
2013-12-10,1.23823,1.23823,1.21175,1.21175
2013-12-11,1.20505,1.23823,1.20505,1.21838
2013-12-12,1.20505,1.21838,1.17867,1.17867
2013-12-13,1.19859,1.19859,1.15219,1.15219
2013-12-16,1.1454,1.18528,1.1454,1.1454
2013-12-17,1.16542,1.16542,1.11246,1.11246
2013-12-18,1.11246,1.16542,1.07929,1.15872
2013-12-19,1.18528,1.19859,1.15872,1.16542
2013-12-20,1.18528,1.20505,1.16542,1.19859
2013-12-23,1.20505,1.20505,1.18528,1.19859
2013-12-27,1.19859,1.21175,1.16542,1.16542
2013-12-30,1.18528,1.20505,1.17197,1.17867
2014-01-02,1.17197,1.20505,1.17197,1.20505
2014-01-03,1.20505,1.20505,1.1919,1.19859
2014-01-07,1.20505,1.20505,1.15872,1.15872
2014-01-08,1.15872,1.17867,1.1454,1.15872
2014-01-09,1.1454,1.15219,1.11892,1.12563
2014-01-10,1.12563,1.13233,1.09915,1.12563
2014-01-13,1.11892,1.15219,1.11246,1.1454
2014-01-14,1.1454,1.15872,1.13233,1.13886
2014-01-15,1.15872,1.19859,1.15872,1.19859
2014-01-16,1.1919,1.19859,1.17867,1.18528
2014-01-17,1.20505,1.20505,1.16542,1.16542
2014-01-20,1.18528,1.1919,1.17197,1.18528
2014-01-21,1.18528,1.20505,1.17867,1.20505
2014-01-22,1.21175,1.225,1.20505,1.225
2014-01-23,1.225,1.27134,1.21838,1.25155
2014-01-24,1.25793,1.25793,1.225,1.225
2014-01-27,1.21175,1.225,1.16542,1.225
2014-01-28,1.1919,1.25155,1.1919,1.25155
2014-01-29,1.2447,1.25155,1.21838,1.23154
2014-01-30,1.23823,1.23823,1.20505,1.23154
2014-01-31,1.21838,1.2447,1.21838,1.2447
2014-02-03,1.2447,1.25155,1.21838,1.25155
2014-02-04,1.23823,1.25155,1.23154,1.2447
2014-02-05,1.225,1.29127,1.225,1.2845
2014-02-06,1.29127,1.35084,1.2845,1.34415
2014-02-07,1.34415,1.37071,1.34415,1.35739
2014-02-10,1.35084,1.39056,1.35084,1.39056
2014-02-11,1.39056,1.40364,1.38387,1.40364
2014-02-12,1.41696,1.41696,1.3971,1.40364
2014-02-13,1.40364,1.40364,1.38387,1.39056
2014-02-14,1.38387,1.40364,1.3309,1.34415
2014-02-17,1.34415,1.35084,1.3376,1.34415
2014-02-18,1.34415,1.34415,1.31759,1.3309
2014-02-19,1.30435,1.3376,1.2845,1.29773
2014-02-20,1.29127,1.31113,1.2845,1.31113
2014-02-21,1.31113,1.32437,1.31113,1.32437
2014-02-24,1.31113,1.35084,1.31113,1.35084
2014-02-25,1.35084,1.35739,1.3309,1.3309
2014-02-26,1.3309,1.3376,1.31113,1.32437
2014-02-27,1.3309,1.3309,1.31113,1.31113
2014-02-28,1.31759,1.34415,1.29127,1.31759
2014-03-03,1.27134,1.31113,1.25793,1.25793
2014-03-04,1.25793,1.29773,1.25793,1.27795
2014-03-05,1.2845,1.29773,1.27134,1.2845
2014-03-06,1.29127,1.30435,1.2845,1.29773
2014-03-07,1.2845,1.32437,1.2845,1.29127
2014-03-10,1.27795,1.29773,1.26463,1.27134
2014-03-11,1.27134,1.29127,1.27134,1.29127
2014-03-12,1.27134,1.29773,1.23154,1.25793
2014-03-13,1.23154,1.25793,1.19859,1.19859
2014-03-14,1.19859,1.225,1.17867,1.20505
2014-03-17,1.27134,1.29773,1.2447,1.2845
2014-03-18,1.31759,1.31759,1.29127,1.29773
2014-03-19,1.31113,1.32437,1.27795,1.29773
2014-03-20,1.29773,1.32437,1.27795,1.31759
2014-03-21,1.3309,1.3376,1.30435,1.30435
2014-03-24,1.31113,1.34415,1.29127,1.3376
2014-03-25,1.3376,1.3376,1.31113,1.3309
2014-03-26,1.32437,1.34415,1.32437,1.3309
2014-03-27,1.3376,1.35084,1.31759,1.34415
2014-03-28,1.32437,1.3376,1.32437,1.3376
2014-03-31,1.3376,1.3376,1.32437,1.32437
2014-04-01,1.32437,1.35739,1.32437,1.35084
2014-04-02,1.37071,1.37071,1.34415,1.34415
2014-04-03,1.36408,1.36408,1.3309,1.3309
2014-04-04,1.3309,1.34415,1.3309,1.3309
2014-04-07,1.34415,1.34415,1.30435,1.3309
2014-04-08,1.34415,1.36408,1.3309,1.36408
2014-04-09,1.35739,1.36408,1.35084,1.35084
2014-04-10,1.36408,1.36408,1.3376,1.34415
2014-04-11,1.3376,1.3376,1.31759,1.32437
2014-04-14,1.3309,1.3309,1.29773,1.29773
2014-04-15,1.31113,1.31113,1.27795,1.27795
2014-04-16,1.25793,1.29127,1.25793,1.26463
2014-04-17,1.26463,1.29773,1.25793,1.29127
2014-04-22,1.31113,1.31113,1.29127,1.29127
2014-04-23,1.31113,1.31113,1.29773,1.29773
2014-04-24,1.30435,1.31113,1.29127,1.31113
2014-04-25,1.29127,1.35084,1.29127,1.31113
2014-04-28,1.3376,1.3376,1.31113,1.3309
2014-04-29,1.31113,1.3309,1.29127,1.30435
2014-04-30,1.30435,1.35739,1.30435,1.35739
2014-05-02,1.3309,1.35739,1.31759,1.31759
2014-05-05,1.32437,1.34415,1.31759,1.31759
2014-05-06,1.32437,1.32437,1.29127,1.29127
2014-05-07,1.29773,1.30435,1.27795,1.2845
2014-05-08,1.29127,1.31759,1.27134,1.27134
2014-05-09,1.27795,1.27795,1.23823,1.25793
2014-05-12,1.26101,1.30214,1.26101,1.29529
2014-05-13,1.29529,1.31586,1.29529,1.29529
2014-05-14,1.30214,1.30214,1.28844,1.30214
2014-05-15,1.29529,1.29529,1.26101,1.26101
2014-05-16,1.26101,1.27464,1.22673,1.24737
2014-05-19,1.24737,1.24737,1.21294,1.21294
2014-05-20,1.21294,1.29529,1.21294,1.28158
2014-05-21,1.27464,1.30214,1.27464,1.29529
2014-05-22,1.29529,1.30214,1.26786,1.28844
2014-05-23,1.29529,1.31586,1.28158,1.31586
2014-05-26,1.31586,1.34321,1.31586,1.34321
2014-05-27,1.32949,1.34321,1.30214,1.32263
2014-05-28,1.31586,1.31586,1.30214,1.30214
2014-05-29,1.309,1.32263,1.30214,1.31586
2014-05-30,1.31586,1.32949,1.31586,1.31586
2014-06-02,1.31586,1.32263,1.31586,1.31586
2014-06-03,1.31586,1.35013,1.31586,1.34321
2014-06-04,1.34321,1.35013,1.32949,1.34321
2014-06-05,1.34321,1.34321,1.33634,1.33634
2014-06-06,1.33634,1.35013,1.32949,1.35013
2014-06-09,1.35013,1.35013,1.34321,1.35013
2014-06-10,1.34321,1.34321,1.34321,1.34321
2014-06-11,1.32949,1.33634,1.31586,1.31586
2014-06-12,1.31586,1.31586,1.29529,1.31586
2014-06-13,1.30214,1.31586,1.30214,1.30214
2014-06-16,1.29529,1.31586,1.28844,1.30214
2014-06-17,1.27464,1.32949,1.27464,1.32949
2014-06-18,1.32263,1.33634,1.30214,1.309
2014-06-20,1.31586,1.33634,1.31586,1.32949
2014-06-23,1.33634,1.33634,1.32949,1.32949
2014-06-24,1.33634,1.34321,1.32263,1.33634
2014-06-25,1.33634,1.34321,1.30214,1.30214
2014-06-26,1.33634,1.33634,1.29529,1.29529
2014-06-27,1.29529,1.32949,1.29529,1.31586
2014-06-30,1.31586,1.33634,1.31586,1.32949
2014-07-01,1.32263,1.32949,1.30214,1.30214
2014-07-02,1.30214,1.32949,1.28844,1.28844
2014-07-03,1.28844,1.31586,1.28844,1.30214
2014-07-04,1.30214,1.309,1.29529,1.30214
2014-07-07,1.31586,1.31586,1.29529,1.30214
2014-07-08,1.30214,1.31586,1.28158,1.28158
2014-07-09,1.30214,1.30214,1.26101,1.28158
2014-07-10,1.28844,1.30214,1.26101,1.26101
2014-07-11,1.28158,1.30214,1.27464,1.28844
2014-07-14,1.28844,1.32949,1.28844,1.32949
2014-07-15,1.32949,1.32949,1.30214,1.32949
2014-07-16,1.32263,1.32263,1.309,1.309
2014-07-17,1.30214,1.31586,1.29529,1.30214
2014-07-18,1.29529,1.31586,1.28844,1.28844
2014-07-21,1.28844,1.30214,1.28844,1.28844
2014-07-22,1.28844,1.30214,1.28844,1.29529
2014-07-23,1.29529,1.31586,1.28158,1.30214
2014-07-24,1.29529,1.309,1.29529,1.29529
2014-07-25,1.30214,1.309,1.30214,1.30214
2014-07-28,1.29529,1.31586,1.29529,1.31586
2014-07-29,1.32263,1.32263,1.309,1.31586
2014-07-30,1.31586,1.31586,1.30214,1.31586
2014-07-31,1.30214,1.31586,1.30214,1.31586
2014-08-01,1.32263,1.32263,1.28158,1.31586
2014-08-04,1.30214,1.31586,1.30214,1.31586
2014-08-05,1.32263,1.32263,1.28158,1.28844
2014-08-06,1.30214,1.31586,1.23359,1.23359
2014-08-07,1.26101,1.26786,1.22673,1.26786
2014-08-08,1.24044,1.26101,1.22673,1.24737
2014-08-11,1.24044,1.26101,1.24044,1.26101
2014-08-12,1.26786,1.26786,1.21987,1.26786
2014-08-13,1.24737,1.27464,1.24737,1.27464
2014-08-14,1.27464,1.28844,1.26101,1.28844
2014-08-18,1.28844,1.29529,1.26786,1.28844
2014-08-19,1.28844,1.29529,1.26786,1.29529
2014-08-20,1.28844,1.30214,1.28844,1.30214
2014-08-21,1.30214,1.30214,1.30214,1.30214
2014-08-22,1.30214,1.30214,1.30214,1.30214
2014-08-25,1.30214,1.32263,1.30214,1.31586
2014-08-26,1.31586,1.31586,1.30214,1.31586
2014-08-27,1.31586,1.31586,1.309,1.31586
2014-08-28,1.31586,1.31586,1.31586,1.31586
2014-08-29,1.309,1.33634,1.309,1.32263
2014-09-01,1.32263,1.33634,1.309,1.32949
2014-09-02,1.32949,1.32949,1.31586,1.31586
2014-09-03,1.32263,1.33634,1.32263,1.33634
2014-09-04,1.34321,1.35692,1.33634,1.35013
2014-09-05,1.35013,1.35013,1.34321,1.35013
2014-09-08,1.35013,1.39806,1.33634,1.39127
2014-09-09,1.37071,1.38434,1.37071,1.37748
2014-09-10,1.36385,1.37071,1.36385,1.37071
2014-09-11,1.36385,1.38434,1.36385,1.37071
2014-09-12,1.37071,1.38434,1.36385,1.37748
2014-09-15,1.38434,1.43233,1.38434,1.41176
2014-09-16,1.41176,1.43919,1.41176,1.43233
2014-09-17,1.43233,1.45968,1.43233,1.45282
2014-09-18,1.45968,1.45968,1.43919,1.44603
2014-09-19,1.45282,1.45282,1.44603,1.45282
2014-09-22,1.45968,1.45968,1.45282,1.45282
2014-09-23,1.45282,1.45282,1.4187,1.44603
2014-09-24,1.43919,1.46668,1.43233,1.43919
2014-09-25,1.45282,1.45282,1.43233,1.44603
2014-09-26,1.43233,1.43919,1.39806,1.42548
2014-09-29,1.42548,1.44603,1.42548,1.43919
2014-09-30,1.45282,1.45282,1.43233,1.43919
2014-10-01,1.45282,1.45282,1.4049,1.42548
2014-10-02,1.42548,1.42548,1.38434,1.38434
2014-10-03,1.39127,1.39127,1.36385,1.37748
2014-10-06,1.37748,1.41176,1.37748,1.4049
2014-10-07,1.4049,1.41176,1.39806,1.4049
2014-10-08,1.39806,1.4187,1.38434,1.39806
2014-10-09,1.4187,1.43919,1.39127,1.41176
2014-10-10,1.41176,1.41176,1.36385,1.39127
2014-10-13,1.37071,1.39806,1.37071,1.39127
2014-10-14,1.39127,1.39127,1.37071,1.39127
2014-10-15,1.39127,1.39127,1.35692,1.36385
2014-10-16,1.37071,1.37071,1.34321,1.35013
2014-10-17,1.33634,1.38434,1.33634,1.38434
2014-10-20,1.38434,1.38434,1.36385,1.38434
2014-10-21,1.38434,1.39127,1.36385,1.37748
2014-10-22,1.37748,1.38434,1.36385,1.38434
2014-10-23,1.38434,1.38434,1.36385,1.37748
2014-10-24,1.37748,1.38434,1.37071,1.37748
2014-10-27,1.38434,1.38434,1.37071,1.38434
2014-10-28,1.38434,1.38434,1.37748,1.38434
2014-10-29,1.38434,1.38434,1.36385,1.38434
2014-10-30,1.37748,1.38434,1.34321,1.35013
2014-10-31,1.35013,1.37071,1.35013,1.35692
2014-11-03,1.34321,1.37071,1.34321,1.35013
2014-11-04,1.34321,1.35692,1.34321,1.35692
2014-11-05,1.35692,1.37748,1.26786,1.26786
2014-11-06,1.28158,1.309,1.28158,1.30214
2014-11-07,1.29529,1.29529,1.28158,1.29529
2014-11-10,1.30214,1.31586,1.29529,1.30214
2014-11-12,1.309,1.34321,1.30214,1.32263
2014-11-13,1.31586,1.32263,1.30214,1.309
2014-11-14,1.31586,1.31586,1.30214,1.30214
2014-11-17,1.30214,1.30214,1.28844,1.29529
2014-11-18,1.29529,1.309,1.27464,1.28158
2014-11-19,1.28158,1.28844,1.27464,1.28844
2014-11-20,1.27464,1.27464,1.26786,1.27464
2014-11-21,1.28158,1.28844,1.27464,1.28158
2014-11-24,1.28158,1.30214,1.28158,1.29529
2014-11-25,1.29529,1.30214,1.28158,1.30214
2014-11-26,1.30214,1.309,1.28158,1.29529
2014-11-27,1.28158,1.32949,1.28158,1.32949
2014-11-28,1.32949,1.32949,1.28844,1.28844
2014-12-01,1.29529,1.309,1.29529,1.30214
2014-12-02,1.30214,1.32263,1.30214,1.31586
2014-12-03,1.32263,1.35692,1.32263,1.33634
2014-12-04,1.33634,1.35013,1.309,1.35013
2014-12-05,1.35013,1.35013,1.32949,1.32949
2014-12-08,1.32949,1.33634,1.309,1.31586
2014-12-09,1.32263,1.32949,1.30214,1.309
2014-12-10,1.31586,1.32949,1.30214,1.30214
2014-12-11,1.28844,1.309,1.27464,1.27464
2014-12-12,1.30214,1.30214,1.25415,1.28158
2014-12-15,1.28158,1.29529,1.28158,1.29529
2014-12-16,1.29529,1.29529,1.25415,1.25415
2014-12-17,1.24044,1.27464,1.24044,1.24737
2014-12-18,1.24737,1.26786,1.24044,1.24737
2014-12-19,1.24737,1.24737,1.21987,1.21987
2014-12-22,1.24044,1.25415,1.22673,1.24737
2014-12-23,1.24044,1.25415,1.24044,1.25415
2014-12-29,1.26786,1.27464,1.22673,1.25415
2014-12-30,1.28158,1.28158,1.24737,1.25415
2015-01-02,1.32263,1.32263,1.24044,1.24044
2015-01-05,1.25415,1.25415,1.20617,1.21294
2015-01-07,1.21294,1.24044,1.21294,1.21987
2015-01-08,1.23359,1.26786,1.22673,1.24044
2015-01-09,1.26786,1.26786,1.22673,1.25415
2015-01-12,1.25415,1.26101,1.24044,1.26101
2015-01-13,1.26101,1.26101,1.24737,1.25415
2015-01-14,1.25415,1.25415,1.24044,1.24737
2015-01-15,1.25415,1.25415,1.15132,1.24044
2015-01-16,1.20617,1.24044,1.20617,1.22673
2015-01-19,1.22673,1.24044,1.21987,1.21987
2015-01-20,1.23359,1.25415,1.21987,1.21987
2015-01-21,1.22673,1.25415,1.21987,1.24044
2015-01-22,1.24044,1.24044,1.21987,1.21987
2015-01-23,1.21987,1.23359,1.21987,1.22673
2015-01-26,1.22673,1.24044,1.22673,1.22673
2015-01-27,1.23359,1.24737,1.23359,1.24044
2015-01-28,1.24737,1.24737,1.21294,1.22673
2015-01-29,1.22673,1.23359,1.22673,1.23359
2015-01-30,1.24044,1.24044,1.21294,1.21294
2015-02-02,1.21294,1.22673,1.19252,1.21987
2015-02-03,1.21294,1.21987,1.20617,1.20617
2015-02-04,1.21294,1.21987,1.19922,1.21294
2015-02-05,1.21987,1.21987,1.19922,1.21294
2015-02-06,1.21294,1.21987,1.20617,1.21294
2015-02-09,1.21294,1.21987,1.21294,1.21987
2015-02-10,1.21987,1.21987,1.20617,1.21294
2015-02-11,1.20617,1.26786,1.20617,1.20617
2015-02-12,1.20617,1.20617,1.19252,1.20617
2015-02-13,1.19922,1.21294,1.19252,1.21294
2015-02-16,1.21294,1.21294,1.20617,1.21294
2015-02-17,1.20617,1.20617,1.19252,1.19922
2015-02-18,1.19922,1.19922,1.1651,1.1651
2015-02-19,1.1651,1.17882,1.1651,1.17197
2015-02-20,1.1651,1.1651,1.15132,1.15817
2015-02-23,1.1651,1.1651,1.15132,1.15817
2015-02-24,1.15817,1.18568,1.15817,1.15817
2015-02-25,1.17197,1.17197,1.15817,1.15817
2015-02-26,1.15817,1.1651,1.15817,1.15817
2015-02-27,1.15817,1.17197,1.15817,1.15817
2015-03-02,1.15817,1.18568,1.15817,1.17882
2015-03-03,1.17882,1.19252,1.15132,1.15132
2015-03-04,1.15132,1.19922,1.15132,1.19252
2015-03-05,1.17197,1.17197,1.13753,1.13753
2015-03-06,1.14454,1.15132,1.12389,1.14454
2015-03-09,1.14454,1.14454,1.13753,1.14454
2015-03-10,1.14454,1.15132,1.14454,1.14454
2015-03-11,1.15132,1.1651,1.14454,1.1651
2015-03-12,1.15817,1.15817,1.14454,1.15132
2015-03-13,1.15132,1.1651,1.15132,1.1651
2015-03-16,1.1651,1.1651,1.15132,1.15817
2015-03-17,1.1651,1.1651,1.13753,1.13753
2015-03-18,1.15132,1.15132,1.13753,1.13753
2015-03-19,1.15132,1.15132,1.13753,1.15132
2015-03-20,1.14454,1.19252,1.14454,1.1651
2015-03-23,1.18568,1.18568,1.17197,1.17197
2015-03-24,1.17882,1.17882,1.1651,1.17197
2015-03-25,1.17197,1.18568,1.17197,1.18568
2015-03-26,1.1651,1.17882,1.1651,1.17197
2015-03-27,1.17197,1.17197,1.15817,1.15817
2015-03-30,1.15817,1.1651,1.15132,1.15817
2015-03-31,1.15817,1.1651,1.15817,1.1651
2015-04-01,1.1651,1.1651,1.15132,1.1651
2015-04-02,1.15817,1.1651,1.14454,1.14454
2015-04-07,1.15132,1.1651,1.15132,1.1651
2015-04-08,1.1651,1.20617,1.1651,1.17882
2015-04-09,1.18568,1.25415,1.18568,1.25415
2015-04-10,1.24737,1.26101,1.23359,1.24044
2015-04-13,1.25415,1.25415,1.23359,1.24044
2015-04-14,1.24737,1.25415,1.24737,1.24737
2015-04-15,1.24044,1.25415,1.24044,1.24737
2015-04-16,1.23359,1.25415,1.23359,1.24737
2015-04-17,1.24714,1.26826,1.24714,1.25407
2015-04-20,1.24714,1.26117,1.23997,1.26117
2015-04-21,1.25407,1.26826,1.23997,1.25407
2015-04-22,1.25407,1.25407,1.23295,1.23295
2015-04-23,1.23295,1.24714,1.22594,1.23295
2015-04-24,1.22594,1.23997,1.22594,1.23997
2015-04-27,1.22594,1.26117,1.21886,1.26117
2015-04-28,1.26117,1.26117,1.23997,1.23997
2015-04-29,1.25407,1.25407,1.23997,1.24714
2015-04-30,1.24714,1.24714,1.23295,1.24714
2015-05-04,1.25407,1.26117,1.21192,1.26117
2015-05-05,1.26117,1.26826,1.24714,1.26117
2015-05-06,1.26826,1.2893,1.26117,1.2893
2015-05-07,1.2893,1.31743,1.27528,1.31743
2015-05-08,1.31743,1.31743,1.2964,1.3105
2015-05-11,1.31743,1.3317,1.2964,1.3317
2015-05-12,1.3246,1.3246,1.30341,1.31743
2015-05-13,1.30341,1.33871,1.30341,1.33871
2015-05-14,1.33871,1.34572,1.3246,1.34572
2015-05-15,1.34572,1.34572,1.3246,1.3246
2015-05-18,1.34572,1.34572,1.3317,1.34572
2015-05-19,1.3317,1.34572,1.3317,1.3317
2015-05-20,1.33871,1.33871,1.2964,1.33871
2015-05-21,1.31743,1.3317,1.3105,1.3246
2015-05-22,1.3246,1.3246,1.2964,1.2964
2015-05-25,1.2964,1.2964,1.23997,1.26117
2015-05-26,1.27528,1.27528,1.23997,1.23997
2015-05-27,1.24714,1.2893,1.24714,1.2893
2015-05-28,1.2893,1.30341,1.27528,1.30341
2015-05-29,1.3105,1.3105,1.2964,1.2964
2015-06-01,1.2893,1.30341,1.26826,1.28237
2015-06-02,1.26826,1.2964,1.24714,1.24714
2015-06-03,1.23997,1.27528,1.23997,1.24714
2015-06-05,1.22594,1.23295,1.21192,1.21192
2015-06-08,1.21192,1.21886,1.20482,1.21886
2015-06-09,1.19773,1.21886,1.19063,1.19773
2015-06-10,1.19063,1.23295,1.19063,1.22594
2015-06-11,1.22594,1.26117,1.22594,1.23997
2015-06-12,1.25407,1.25407,1.23295,1.23997
2015-06-15,1.22594,1.26117,1.22594,1.23997
2015-06-16,1.23997,1.23997,1.21192,1.21886
2015-06-17,1.23997,1.23997,1.15549,1.18371
2015-06-18,1.19773,1.21192,1.15549,1.15549
2015-06-19,1.15549,1.17661,1.14847,1.15549
2015-06-22,1.1625,1.21886,1.1625,1.20482
2015-06-23,1.20482,1.21886,1.20482,1.21886
2015-06-24,1.21886,1.21886,1.18371,1.18371
2015-06-25,1.18371,1.19063,1.1625,1.16959
2015-06-26,1.16959,1.16959,1.15549,1.15549
2015-06-29,1.12027,1.1625,1.09907,1.1413
2015-06-30,1.1343,1.15549,1.1343,1.1413
2015-07-01,1.12027,1.1625,1.12027,1.1413
2015-07-02,1.1413,1.19063,1.1413,1.1625
2015-07-03,1.15549,1.1625,1.14847,1.15549
2015-07-06,1.12735,1.1625,1.12027,1.12735
2015-07-07,1.14847,1.14847,1.07795,1.07795
2015-07-08,1.07795,1.09907,1.06384,1.06384
2015-07-09,1.05683,1.07094,1.05683,1.05683
2015-07-10,1.05683,1.12735,1.05683,1.09907
2015-07-13,1.10616,1.1343,1.06384,1.08512
2015-07-14,1.08512,1.09907,1.08512,1.08512
2015-07-15,1.10616,1.10616,1.07795,1.08512
2015-07-16,1.09907,1.09907,1.08512,1.09206
2015-07-17,1.09907,1.10616,1.09206,1.09206
2015-07-20,1.11326,1.11326,1.07795,1.08512
2015-07-21,1.08512,1.09907,1.03571,1.03571
2015-07-22,1.04982,1.04982,1.01451,1.0287
2015-07-23,1.0287,1.0287,1.00758,1.0287
2015-07-24,1.04982,1.05683,1.02161,1.04982
2015-07-27,1.05683,1.05683,1.01451,1.02161
2015-07-28,1.04982,1.06384,1.0287,1.05683
2015-07-29,1.05683,1.11326,1.05683,1.09206
2015-07-30,1.11326,1.12027,1.09206,1.11326
2015-07-31,1.12027,1.12735,1.11326,1.12735
2015-08-03,1.12735,1.1413,1.11326,1.1413
2015-08-04,1.1413,1.1625,1.1343,1.15549
2015-08-05,1.19063,1.30341,1.19063,1.30341
2015-08-06,1.27528,1.2964,1.22594,1.2893
2015-08-07,1.28237,1.28237,1.23997,1.24714
2015-08-10,1.24714,1.27528,1.24714,1.27528
2015-08-11,1.27528,1.2964,1.27528,1.2893
2015-08-12,1.28237,1.28237,1.25407,1.28237
2015-08-13,1.28237,1.2893,1.27528,1.28237
2015-08-14,1.28237,1.2964,1.26826,1.27528
2015-08-17,1.27528,1.28237,1.26117,1.26826
2015-08-18,1.26826,1.26826,1.24714,1.25407
2015-08-19,1.28237,1.28237,1.26826,1.27528
2015-08-20,1.26826,1.27528,1.22594,1.25407
2015-08-21,1.25407,1.25407,1.23997,1.24714
2015-08-24,1.22594,1.22594,1.16959,1.19063
2015-08-25,1.17661,1.23295,1.1343,1.14847
2015-08-26,1.1625,1.17661,1.14847,1.1625
2015-08-27,1.19063,1.22594,1.15549,1.1625
2015-08-28,1.16959,1.21192,1.1625,1.21192
2015-08-31,1.22594,1.22594,1.19773,1.21886
2015-09-01,1.21886,1.21886,1.16959,1.19773
2015-09-02,1.19063,1.21192,1.18371,1.18371
2015-09-03,1.16959,1.21192,1.16959,1.17661
2015-09-04,1.17661,1.19773,1.17661,1.17661
2015-09-07,1.17661,1.20482,1.16959,1.16959
2015-09-08,1.17661,1.17661,1.14847,1.16959
2015-09-09,1.17661,1.19063,1.17661,1.17661
2015-09-10,1.18371,1.18371,1.17661,1.17661
2015-09-11,1.18371,1.19773,1.17661,1.18371
2015-09-14,1.19063,1.19063,1.1625,1.1625
2015-09-15,1.14847,1.1625,1.14847,1.15549
2015-09-16,1.1625,1.17661,1.1625,1.17661
2015-09-17,1.1625,1.17661,1.1625,1.16959
2015-09-18,1.16959,1.17661,1.1625,1.1625
2015-09-21,1.1625,1.16959,1.1625,1.16959
2015-09-22,1.15549,1.16959,1.14847,1.14847
2015-09-23,1.14847,1.1625,1.1343,1.1413
2015-09-24,1.1343,1.14847,1.1343,1.1343
2015-09-25,1.1343,1.1413,1.1343,1.1343
2015-09-28,1.12027,1.14847,1.12027,1.12735
2015-09-29,1.12735,1.1343,1.11326,1.12027
2015-09-30,1.12735,1.1413,1.12027,1.1413
2015-10-01,1.14847,1.18371,1.14847,1.16959
2015-10-02,1.17661,1.17661,1.14847,1.14847
2015-10-05,1.15549,1.15549,1.12027,1.14847
2015-10-06,1.15549,1.17661,1.14847,1.17661
2015-10-07,1.18371,1.19063,1.16959,1.18371
2015-10-08,1.17661,1.19063,1.17661,1.17661
2015-10-09,1.17661,1.22594,1.17661,1.22594
2015-10-12,1.22594,1.22594,1.21192,1.22594
2015-10-13,1.21886,1.22594,1.21192,1.22594
2015-10-14,1.20482,1.22594,1.19773,1.20482
2015-10-15,1.20482,1.22594,1.19773,1.22594
2015-10-16,1.22594,1.22594,1.21886,1.22594
2015-10-19,1.21886,1.23295,1.21886,1.23295
2015-10-20,1.23295,1.25407,1.22594,1.25407
2015-10-21,1.25407,1.25407,1.22594,1.23997
2015-10-22,1.23997,1.23997,1.21886,1.23295
2015-10-23,1.23295,1.23295,1.21886,1.21886
2015-10-26,1.19773,1.21886,1.19773,1.20482
2015-10-27,1.19773,1.22594,1.19063,1.20482
2015-10-28,1.18371,1.21192,1.18371,1.20482
2015-10-29,1.21192,1.21192,1.16959,1.17661
2015-10-30,1.17661,1.19063,1.1625,1.1625
2015-11-02,1.16959,1.19773,1.16959,1.19773
2015-11-03,1.19773,1.19773,1.18371,1.19773
2015-11-04,1.19773,1.22594,1.12027,1.12027
2015-11-05,1.1413,1.1413,1.12027,1.1343
2015-11-06,1.12735,1.12735,1.09206,1.09907
2015-11-09,1.08512,1.12735,1.08512,1.10616
2015-11-10,1.09907,1.09907,1.08512,1.08512
2015-11-12,1.07795,1.07795,1.04264,1.04982
2015-11-13,1.04982,1.07795,1.04264,1.06384
2015-11-16,1.07094,1.07094,1.04264,1.04982
2015-11-17,1.04982,1.07094,1.04982,1.05683
2015-11-18,1.05683,1.06384,1.05683,1.05683
2015-11-19,1.05683,1.06384,1.05683,1.05683
2015-11-20,1.05683,1.06384,1.05683,1.05683
2015-11-23,1.05683,1.06384,1.0287,1.04264
2015-11-24,1.04264,1.04982,1.0287,1.0287
2015-11-25,1.0287,1.04264,1.02161,1.02161
2015-11-26,1.0287,1.03571,1.01451,1.02161
2015-11-27,1.0287,1.04264,1.01451,1.02161
2015-11-30,1.02161,1.03571,1.00758,1.02161
2015-12-01,1.01451,1.03571,1.01451,1.0287
2015-12-02,1.02161,1.04264,1.00758,1.00758
2015-12-03,1.00758,1.02161,1.00758,1.01451
2015-12-04,1.00758,1.01451,0.972279,1.01451
2015-12-07,1.02161,1.05683,1.02161,1.04982
2015-12-08,1.04264,1.06384,1.04264,1.04982
2015-12-09,1.05683,1.05683,0.986381,1.00758
2015-12-10,1.01451,1.04264,1.00758,1.0287
2015-12-11,1.04982,1.04982,1.00048,1.00048
2015-12-14,1.00048,1.00048,0.958242,0.96526
2015-12-15,0.972279,0.979288,0.96526,0.96526
2015-12-16,0.979288,0.993475,0.958242,0.979288
2015-12-17,0.979288,1.02161,0.979288,1.01451
2015-12-18,0.986381,1.04264,0.986381,1.04264
2015-12-21,1.04264,1.07094,1.04264,1.07094
2015-12-22,1.07795,1.09206,1.04982,1.07795
2015-12-23,1.07094,1.09206,1.07094,1.07795
2015-12-28,1.07795,1.07795,1.06384,1.07094
2015-12-29,1.05683,1.09206,1.04982,1.09206
2015-12-30,1.10616,1.10616,1.03571,1.04264
2016-01-04,1.02161,1.04264,1.02161,1.04264
2016-01-05,1.0287,1.04982,1.0287,1.04264
2016-01-07,1.04264,1.04264,1.01451,1.0287
2016-01-08,1.04264,1.04264,1.02161,1.0287
2016-01-11,1.0287,1.0287,1.02161,1.0287
2016-01-12,1.02161,1.06384,1.02161,1.04982
2016-01-13,1.08512,1.08512,1.05683,1.05683
2016-01-14,1.04982,1.05683,1.02161,1.03571
2016-01-15,1.0287,1.03571,1.02161,1.02161
2016-01-18,1.01451,1.01451,0.96526,0.96526
2016-01-19,0.972279,1.00758,0.972279,0.972279
2016-01-20,0.96526,0.979288,0.937047,0.937047
2016-01-21,0.937047,0.944064,0.901829,0.901829
2016-01-22,0.930037,0.944064,0.923026,0.923026
2016-01-25,0.937047,0.944064,0.923026,0.937047
2016-01-26,0.923026,0.937047,0.923026,0.937047
2016-01-27,0.937047,0.958242,0.937047,0.944064
2016-01-28,0.930037,1.00048,0.930037,1.00048
2016-01-29,1.00048,1.00048,0.972279,0.972279
2016-02-01,0.979288,0.993475,0.972279,0.986381
2016-02-02,0.993475,1.01451,0.979288,0.979288
2016-02-03,0.986381,0.993475,0.972279,0.986381
2016-02-04,0.993475,1.01451,0.972279,0.972279
2016-02-05,0.986381,0.986381,0.972279,0.986381
2016-02-08,0.979288,0.979288,0.96526,0.96526
2016-02-09,0.958242,0.96526,0.951158,0.958242
2016-02-10,0.958242,0.958242,0.908918,0.908918
2016-02-11,0.908918,0.908918,0.901829,0.908918
2016-02-12,0.915928,0.944064,0.915928,0.930037
2016-02-15,0.930037,1.00048,0.930037,1.00048
2016-02-16,0.993475,0.993475,0.958242,0.96526
2016-02-17,0.96526,1.02161,0.96526,1.01451
2016-02-18,1.01451,1.0287,1.01451,1.0287
2016-02-19,1.02161,1.0287,0.986381,0.986381
2016-02-22,0.993475,1.01451,0.993475,1.01451
2016-02-23,0.993475,1.0287,0.993475,1.0287
2016-02-24,1.0287,1.0287,0.986381,0.986381
2016-02-25,0.986381,1.01451,0.979288,0.979288
2016-02-26,0.993475,1.00758,0.993475,1.00758
2016-02-29,0.993475,1.00048,0.979288,0.986381
2016-03-01,0.986381,0.993475,0.986381,0.993475
2016-03-02,1.00048,1.03571,0.986381,1.0287
2016-03-03,1.0287,1.04264,1.01451,1.04264
2016-03-04,1.04264,1.06384,1.04264,1.04982
2016-03-07,1.06384,1.06384,1.04982,1.06384
2016-03-08,1.06384,1.06384,1.04982,1.06384
2016-03-09,1.06384,1.06384,1.01451,1.02161
2016-03-10,1.02161,1.04982,1.00758,1.04982
2016-03-11,1.04982,1.04982,1.03571,1.03571
2016-03-14,1.03571,1.04982,1.03571,1.04982
2016-03-15,1.04982,1.04982,1.01451,1.0287
2016-03-16,1.0287,1.0287,1.01451,1.01451
2016-03-17,1.01451,1.03571,1.01451,1.0287
2016-03-18,1.0287,1.08512,1.0287,1.05683
2016-03-21,1.05683,1.05683,1.0287,1.0287
2016-03-22,1.03571,1.04982,1.0287,1.0287
2016-03-23,1.03571,1.07094,1.0287,1.07094
2016-03-24,1.05683,1.05683,1.03571,1.05683
2016-03-29,1.04264,1.05683,1.03571,1.05683
2016-03-30,1.05683,1.05683,1.03571,1.04264
2016-03-31,1.04264,1.04982,1.03571,1.03571
2016-04-01,1.04264,1.04264,1.01451,1.02161
2016-04-04,1.02161,1.04264,1.02161,1.04264
2016-04-05,1.03571,1.03571,1.0287,1.0287
2016-04-06,1.02161,1.03571,0.972279,0.972279
2016-04-07,0.986381,1.00758,0.986381,1.00758
2016-04-08,1.00758,1.00758,1.00758,1.00758
2016-04-11,1.00048,1.01451,1.00048,1.01451
2016-04-12,1.0287,1.0287,1.01451,1.02161
2016-04-13,1.02161,1.06384,1.02161,1.06384
2016-04-14,1.05683,1.05683,1.04264,1.05683
2016-04-15,1.05683,1.07795,1.05683,1.07795
2016-04-18,1.07795,1.07795,1.07094,1.07094
2016-04-19,1.07259,1.08709,1.07259,1.07984
2016-04-20,1.07984,1.07984,1.05794,1.07984
2016-04-21,1.08709,1.10908,1.07259,1.10175
2016-04-22,1.09442,1.10908,1.07984,1.08709
2016-04-25,1.10908,1.10908,1.08709,1.09442
2016-04-26,1.09442,1.10175,1.07984,1.08709
2016-04-27,1.10175,1.10175,1.08709,1.10175
2016-04-28,1.10175,1.10175,1.07984,1.07984
2016-04-29,1.08709,1.08709,1.07259,1.08709
2016-05-02,1.08709,1.08709,1.07984,1.08709
2016-05-04,1.08709,1.08709,1.06526,1.07259
2016-05-05,1.06526,1.08709,1.06526,1.08709
2016-05-06,1.07984,1.07984,1.06526,1.07259
2016-05-09,1.08709,1.08709,1.06526,1.06526
2016-05-10,1.07259,1.08709,1.05069,1.05794
2016-05-11,1.04336,1.05794,1.0361,1.05069
2016-05-12,1.05069,1.05794,1.04336,1.04336
2016-05-13,1.04336,1.04336,1.04336,1.04336
2016-05-16,1.0361,1.07259,1.0361,1.07259
2016-05-17,1.06526,1.07984,1.06526,1.06526
2016-05-18,1.07984,1.07984,1.05794,1.06526
2016-05-19,1.06526,1.07259,1.05069,1.06526
2016-05-20,1.06526,1.07984,1.04336,1.06526
2016-05-23,1.06526,1.08709,1.05794,1.07984
2016-05-24,1.07984,1.07984,1.06526,1.06526
2016-05-25,1.06526,1.07259,1.04336,1.06526
2016-05-27,1.06526,1.10175,1.06526,1.10175
2016-05-30,1.10175,1.12366,1.06526,1.08709
2016-05-31,1.11632,1.11632,1.07984,1.08709
2016-06-01,1.07984,1.07984,1.05794,1.05794
2016-06-02,1.05069,1.07259,1.05069,1.06526
2016-06-03,1.07259,1.07984,1.05794,1.06526
2016-06-06,1.07984,1.07984,1.05794,1.07984
2016-06-07,1.07984,1.08709,1.06526,1.08709
2016-06-08,1.07984,1.10175,1.07984,1.09442
2016-06-09,1.09442,1.10175,1.08709,1.08709
2016-06-10,1.08709,1.09442,1.08709,1.08709
2016-06-13,1.08709,1.08709,1.07259,1.07984
2016-06-14,1.06526,1.07984,1.06526,1.07259
2016-06-15,1.06526,1.07984,1.06526,1.06526
2016-06-16,1.07984,1.09442,1.06526,1.09442
2016-06-17,1.09442,1.13098,1.08709,1.10175
2016-06-20,1.10908,1.10908,1.09442,1.10175
2016-06-21,1.10908,1.10908,1.09442,1.09442
2016-06-22,1.10908,1.13816,1.09442,1.12366
2016-06-23,1.13098,1.17472,1.11632,1.16015
2016-06-24,1.06526,1.10175,1.06526,1.09442
2016-06-27,1.10908,1.10908,1.06526,1.07259
2016-06-28,1.07259,1.12366,1.07259,1.10175
2016-06-29,1.13816,1.13816,1.09442,1.09442
2016-06-30,1.11632,1.11632,1.07984,1.10175
2016-07-01,1.09442,1.13098,1.09442,1.13098
2016-07-04,1.13098,1.13098,1.09442,1.09442
2016-07-05,1.10175,1.11632,1.10175,1.10175
2016-07-06,1.10908,1.10908,1.08709,1.09442
2016-07-07,1.09442,1.12366,1.09442,1.10175
2016-07-08,1.10175,1.11632,1.10175,1.10908
2016-07-11,1.12366,1.12366,1.10908,1.11632
2016-07-12,1.11632,1.12366,1.11632,1.12366
2016-07-13,1.13098,1.13098,1.11632,1.11632
2016-07-14,1.12366,1.12366,1.10908,1.11632
2016-07-15,1.11632,1.11632,1.10175,1.10908
2016-07-18,1.11632,1.13098,1.11632,1.13098
2016-07-19,1.13098,1.13098,1.12366,1.13098
2016-07-20,1.13098,1.15289,1.13098,1.13816
2016-07-21,1.13098,1.1454,1.12366,1.13098
2016-07-22,1.12366,1.16015,1.12366,1.13816
2016-07-25,1.13816,1.15289,1.12366,1.13098
2016-07-26,1.13098,1.15289,1.13098,1.15289
2016-07-27,1.15289,1.16015,1.1454,1.15289
2016-07-28,1.16015,1.17472,1.1454,1.17472
2016-07-29,1.17472,1.1893,1.17472,1.18196
2016-08-01,1.16739,1.16739,1.1454,1.1454
2016-08-02,1.16015,1.20388,1.16015,1.19662
2016-08-03,1.20388,1.20388,1.1893,1.1893
2016-08-04,1.1893,1.20388,1.1893,1.20388
2016-08-05,1.20388,1.22578,1.19662,1.22578
2016-08-08,1.20388,1.24777,1.20388,1.24036
2016-08-09,1.24036,1.26219,1.23304,1.24777
2016-08-10,1.24777,1.26219,1.24036,1.26219
2016-08-11,1.2696,1.2696,1.25495,1.26219
2016-08-12,1.2696,1.27685,1.2696,1.2696
2016-08-16,1.27685,1.27685,1.26219,1.2696
2016-08-17,1.2696,1.27685,1.26219,1.26219
2016-08-18,1.2696,1.2696,1.25495,1.26219
2016-08-19,1.26219,1.2696,1.24777,1.25495
2016-08-22,1.26219,1.2696,1.26219,1.2696
2016-08-23,1.27685,1.28418,1.24777,1.27685
2016-08-24,1.27685,1.28418,1.25495,1.28418
2016-08-25,1.28418,1.29876,1.28418,1.29876
2016-08-26,1.29142,1.31326,1.29142,1.29876
2016-08-29,1.29876,1.31326,1.29876,1.31326
2016-08-30,1.32059,1.32791,1.29876,1.32791
2016-08-31,1.32791,1.34257,1.32059,1.32791
2016-09-01,1.31326,1.34257,1.27685,1.30608
2016-09-02,1.30608,1.30608,1.28418,1.30608
2016-09-05,1.30608,1.30608,1.27685,1.30608
2016-09-06,1.29142,1.29142,1.2696,1.27685
2016-09-07,1.27685,1.27685,1.26219,1.2696
2016-09-08,1.27685,1.27685,1.25495,1.25495
2016-09-09,1.26219,1.26219,1.21121,1.22578
2016-09-12,1.21121,1.22578,1.1893,1.22578
2016-09-13,1.21846,1.22578,1.19662,1.21121
2016-09-14,1.21846,1.21846,1.19662,1.20388
2016-09-15,1.20388,1.22578,1.20388,1.21846
2016-09-16,1.22578,1.26219,1.22578,1.24777
2016-09-19,1.26219,1.26219,1.24777,1.26219
2016-09-20,1.26219,1.2696,1.25495,1.26219
2016-09-21,1.2696,1.27685,1.26219,1.27685
2016-09-22,1.28418,1.29876,1.26219,1.29876
2016-09-23,1.30608,1.30608,1.2696,1.29876
2016-09-26,1.30608,1.30608,1.27685,1.29876
2016-09-27,1.29876,1.30608,1.29876,1.30608
2016-09-28,1.29876,1.29876,1.29142,1.29876
2016-09-29,1.29876,1.33524,1.29142,1.33524
2016-09-30,1.34257,1.34257,1.29142,1.29876
2016-10-03,1.29876,1.29876,1.28418,1.28418
2016-10-04,1.29142,1.29142,1.27685,1.29142
2016-10-05,1.29142,1.29142,1.28418,1.29142
2016-10-06,1.28418,1.31326,1.28418,1.28418
2016-10-07,1.29142,1.29876,1.28418,1.29876
2016-10-10,1.29876,1.29876,1.28418,1.29142
2016-10-11,1.28418,1.29142,1.28418,1.29142
2016-10-12,1.2696,1.29142,1.2696,1.29142
2016-10-13,1.2696,1.27685,1.24036,1.24777
2016-10-14,1.25495,1.27685,1.25495,1.27685
2016-10-17,1.26219,1.29142,1.26219,1.29142
2016-10-18,1.29142,1.29142,1.26219,1.27685
2016-10-19,1.26219,1.2696,1.23304,1.24036
2016-10-20,1.23304,1.24777,1.23304,1.23304
2016-10-21,1.22578,1.23304,1.20388,1.21121
2016-10-24,1.21121,1.24777,1.21121,1.24777
2016-10-25,1.25495,1.25495,1.24036,1.24777
2016-10-26,1.24777,1.2696,1.24777,1.26219
2016-10-27,1.26219,1.26219,1.23304,1.24777
2016-10-28,1.24777,1.26219,1.24777,1.25495
2016-10-31,1.24777,1.27685,1.24777,1.26219
2016-11-02,1.25495,1.25495,1.24036,1.24036
2016-11-03,1.27685,1.32791,1.27685,1.28418
2016-11-04,1.28418,1.28418,1.26219,1.26219
2016-11-07,1.2696,1.2696,1.25495,1.2696
2016-11-08,1.2696,1.2696,1.25495,1.2696
2016-11-09,1.25495,1.2696,1.25495,1.2696
2016-11-10,1.2696,1.29876,1.2696,1.28418
2016-11-14,1.31326,1.31326,1.24777,1.25495
2016-11-15,1.25495,1.27685,1.25495,1.2696
2016-11-16,1.25495,1.27685,1.25495,1.27685
2016-11-17,1.27685,1.27685,1.24036,1.24777
2016-11-18,1.26219,1.26219,1.21846,1.24036
2016-11-21,1.24036,1.25495,1.24036,1.25495
2016-11-22,1.25495,1.27685,1.25495,1.27685
2016-11-23,1.27685,1.28418,1.2696,1.27685
2016-11-24,1.27685,1.29876,1.24777,1.24777
2016-11-25,1.25495,1.26219,1.25495,1.26219
2016-11-28,1.26219,1.26219,1.25495,1.25495
2016-11-29,1.25495,1.27685,1.25495,1.27685
2016-11-30,1.27685,1.28418,1.25495,1.28418
2016-12-01,1.29142,1.30608,1.29142,1.29876
2016-12-02,1.31326,1.31326,1.29876,1.30608
2016-12-05,1.30608,1.34982,1.29876,1.34982
2016-12-06,1.34982,1.41546,1.34982,1.40081
2016-12-07,1.41546,1.41546,1.34982,1.35707
2016-12-08,1.37165,1.38631,1.34257,1.35707
2016-12-09,1.33524,1.35707,1.31326,1.32059
2016-12-12,1.33524,1.34982,1.32791,1.34982
2016-12-13,1.31326,1.37165,1.31326,1.36448
2016-12-14,1.36448,1.37898,1.35707,1.37165
2016-12-15,1.38631,1.38631,1.35707,1.38631
2016-12-16,1.39364,1.41546,1.34257,1.38631
2016-12-19,1.37898,1.39364,1.34982,1.38631
2016-12-20,1.39364,1.39364,1.36448,1.37898
2016-12-21,1.36448,1.37165,1.36448,1.37165
2016-12-22,1.37165,1.37165,1.35707,1.37165
2016-12-23,1.38631,1.38631,1.34257,1.35707
2016-12-27,1.37165,1.37898,1.36448,1.37165
2016-12-28,1.39364,1.39364,1.37165,1.37165
2016-12-29,1.37165,1.39364,1.37165,1.39364
2016-12-30,1.40081,1.42288,1.39364,1.39364
2017-01-02,1.41546,1.41546,1.34982,1.36448
2017-01-03,1.36448,1.37898,1.34982,1.36448
2017-01-04,1.37165,1.41546,1.36448,1.41546
2017-01-05,1.41546,1.41546,1.40814,1.40814
2017-01-09,1.40814,1.41546,1.40081,1.40814
2017-01-10,1.41546,1.45912,1.41546,1.45195
2017-01-11,1.45195,1.45912,1.45195,1.45912
2017-01-12,1.45912,1.45912,1.4447,1.45195
2017-01-13,1.46661,1.47386,1.43737,1.45912
2017-01-16,1.45912,1.45912,1.43005,1.45912
2017-01-17,1.45912,1.46661,1.43737,1.45195
2017-01-18,1.48118,1.48118,1.43005,1.4447
2017-01-19,1.4447,1.4447,1.43005,1.43737
2017-01-20,1.43005,1.4447,1.43005,1.43737
2017-01-23,1.41546,1.43737,1.40814,1.43737
2017-01-24,1.4447,1.45195,1.41546,1.4447
2017-01-25,1.4447,1.50301,1.4447,1.50301
2017-01-26,1.49568,1.49568,1.45195,1.45195
2017-01-27,1.50301,1.50301,1.45195,1.45195
2017-01-30,1.46661,1.48844,1.45195,1.45912
2017-01-31,1.46661,1.53217,1.45912,1.53217
2017-02-01,1.53217,1.53217,1.49568,1.50301
2017-02-02,1.49568,1.51042,1.43005,1.51042
2017-02-03,1.53217,1.56874,1.51759,1.56874
2017-02-06,1.56874,1.56874,1.54675,1.55408
2017-02-07,1.53958,1.56148,1.53958,1.56148
2017-02-08,1.55408,1.59057,1.55408,1.58332
2017-02-09,1.57591,1.59057,1.56874,1.58332
2017-02-10,1.58332,1.60514,1.58332,1.59789
2017-02-13,1.59789,1.59789,1.58332,1.58332
2017-02-14,1.58332,1.59057,1.57591,1.58332
2017-02-15,1.58332,1.58332,1.56874,1.56874
2017-02-16,1.57591,1.60514,1.57591,1.59789
2017-02-17,1.59789,1.59789,1.57591,1.59057
2017-02-20,1.58332,1.59057,1.57591,1.59057
2017-02-21,1.59057,1.61247,1.58332,1.61247
2017-02-22,1.61247,1.64897,1.61247,1.63431
2017-02-23,1.6782,1.6782,1.64897,1.65636
2017-02-24,1.63431,1.66354,1.6198,1.65636
2017-02-27,1.65636,1.65636,1.60514,1.65636
2017-02-28,1.63431,1.66354,1.63431,1.66354
2017-03-01,1.6782,1.6782,1.64163,1.64897
2017-03-02,1.64897,1.66354,1.64163,1.64163
2017-03-03,1.65636,1.65636,1.61247,1.6198
2017-03-06,1.62705,1.63431,1.61247,1.61247
2017-03-07,1.6198,1.6198,1.59789,1.59789
2017-03-08,1.60514,1.60514,1.56148,1.60514
2017-03-09,1.59789,1.59789,1.54675,1.56148
2017-03-10,1.54675,1.60514,1.54675,1.56874
2017-03-13,1.60514,1.6198,1.60514,1.6198
2017-03-14,1.6198,1.62705,1.60514,1.6198
2017-03-15,1.63431,1.63431,1.60514,1.61247
2017-03-16,1.6198,1.65636,1.60514,1.64897
2017-03-17,1.65636,1.65636,1.61247,1.61247
2017-03-20,1.61247,1.63431,1.60514,1.61247
2017-03-21,1.63431,1.63431,1.58332,1.59057
2017-03-22,1.59057,1.59057,1.56148,1.56148
2017-03-23,1.56874,1.59789,1.56148,1.59057
2017-03-24,1.57591,1.61247,1.56874,1.59789
2017-03-27,1.56874,1.56874,1.53958,1.56148
2017-03-28,1.54675,1.57591,1.54675,1.57591
2017-03-29,1.60514,1.60514,1.56874,1.58332
2017-03-30,1.58332,1.58332,1.54675,1.56874
2017-03-31,1.57591,1.57591,1.54675,1.56148
2017-04-03,1.57591,1.57591,1.54675,1.54675
2017-04-04,1.56148,1.56148,1.53958,1.54675
2017-04-05,1.53958,1.57591,1.53217,1.56148
2017-04-06,1.53958,1.56148,1.53958,1.56148
2017-04-07,1.55408,1.56874,1.55408,1.55408
2017-04-10,1.56148,1.56874,1.52492,1.52492
2017-04-11,1.52492,1.53958,1.48844,1.48844
2017-04-12,1.48844,1.51759,1.47386,1.51042
2017-04-13,1.49568,1.53958,1.49568,1.52492
2017-04-18,1.51759,1.51759,1.49568,1.51042
2017-04-19,1.53217,1.53958,1.50301,1.53217
2017-04-20,1.53217,1.54675,1.52492,1.52492
2017-04-21,1.53217,1.56874,1.53217,1.56148
2017-04-24,1.53958,1.58332,1.53958,1.57591
2017-04-25,1.58332,1.63431,1.57591,1.62705
2017-04-26,1.63431,1.64897,1.61247,1.63431
2017-04-27,1.63431,1.63431,1.59789,1.62705
2017-04-28,1.62705,1.62705,1.60514,1.6198
2017-05-02,1.63431,1.63431,1.61247,1.6198
2017-05-04,1.6198,1.64897,1.6198,1.64163
2017-05-05,1.64897,1.64897,1.62705,1.64163
2017-05-08,1.64897,1.64897,1.6198,1.6198
2017-05-09,1.63431,1.64897,1.62705,1.63431
2017-05-10,1.65636,1.72185,1.64163,1.64163
2017-05-11,1.64163,1.64163,1.6198,1.62705
2017-05-12,1.6198,1.6198,1.58332,1.61247
2017-05-15,1.6198,1.63431,1.59789,1.62705
2017-05-16,1.63431,1.63431,1.6198,1.62705
2017-05-17,1.6198,1.64897,1.60514,1.60514
2017-05-18,1.59789,1.60514,1.55408,1.57591
2017-05-19,1.56874,1.60514,1.56874,1.59057
2017-05-22,1.59057,1.62705,1.59057,1.62705
2017-05-23,1.62705,1.63431,1.59057,1.59789
2017-05-24,1.59789,1.59789,1.59057,1.59789
2017-05-25,1.61247,1.63431,1.60514,1.63431
2017-05-26,1.63431,1.63431,1.60514,1.60514
2017-05-29,1.60514,1.62705,1.59057,1.60514
2017-05-30,1.59057,1.61247,1.55408,1.55408
2017-05-31,1.56874,1.57591,1.55408,1.55408
2017-06-01,1.55408,1.59057,1.55408,1.59057
2017-06-02,1.59789,1.62705,1.59057,1.6198
2017-06-05,1.63431,1.63431,1.57591,1.57591
2017-06-06,1.56874,1.61247,1.56874,1.59057
2017-06-07,1.60514,1.61247,1.56874,1.57591
2017-06-08,1.59057,1.59057,1.56148,1.57591
2017-06-09,1.59057,1.59789,1.56874,1.59057
2017-06-12,1.58332,1.58332,1.56148,1.56874
2017-06-13,1.58332,1.59057,1.56874,1.59057
2017-06-14,1.58332,1.60514,1.58332,1.59057
2017-06-16,1.56874,1.59789,1.56874,1.56874
2017-06-19,1.56874,1.59057,1.56874,1.58332
2017-06-20,1.59057,1.59789,1.58332,1.59789
2017-06-21,1.59057,1.64163,1.59057,1.62705
2017-06-22,1.6198,1.63431,1.6198,1.6198
2017-06-23,1.6198,1.64163,1.6198,1.62705
2017-06-26,1.64897,1.64897,1.61247,1.61247
2017-06-27,1.61247,1.62705,1.61247,1.62705
2017-06-28,1.61247,1.6198,1.61247,1.61247
2017-06-29,1.61247,1.63431,1.60514,1.6198
2017-06-30,1.61247,1.61247,1.59789,1.60514
2017-07-03,1.59789,1.61247,1.59789,1.60514
2017-07-04,1.60514,1.6198,1.59789,1.6198
2017-07-05,1.61247,1.6198,1.59789,1.6198
2017-07-06,1.6198,1.6198,1.61247,1.6198
2017-07-07,1.6198,1.62705,1.60514,1.60514
2017-07-10,1.59057,1.62705,1.58332,1.6198
2017-07-11,1.6198,1.62705,1.61247,1.62705
2017-07-12,1.62705,1.63431,1.61247,1.62705
2017-07-13,1.62705,1.64163,1.62705,1.64163
2017-07-14,1.64163,1.65636,1.64163,1.64897
2017-07-17,1.64897,1.67078,1.64897,1.64897
2017-07-18,1.64897,1.65636,1.63431,1.63431
2017-07-19,1.63431,1.64897,1.62705,1.62705
2017-07-20,1.63431,1.64897,1.61247,1.64163
2017-07-21,1.6198,1.66354,1.6198,1.66354
2017-07-24,1.67078,1.6782,1.63431,1.67078
2017-07-25,1.67078,1.6782,1.66354,1.67078
2017-07-26,1.6782,1.70003,1.6782,1.70003
2017-07-27,1.70003,1.72185,1.70003,1.7146
2017-07-28,1.7146,1.72918,1.7146,1.72185
2017-07-31,1.72185,1.75109,1.72185,1.74384
2017-08-01,1.75109,1.75109,1.72185,1.75109
2017-08-02,1.75842,1.75842,1.67078,1.68544
2017-08-03,1.6782,1.6782,1.64163,1.67078
2017-08-04,1.67078,1.67078,1.64897,1.67078
2017-08-07,1.6782,1.68544,1.67078,1.67078
2017-08-08,1.67078,1.68544,1.66354,1.6782
2017-08-09,1.6782,1.68544,1.65636,1.65636
2017-08-10,1.68544,1.68544,1.66354,1.6782
2017-08-11,1.67078,1.67078,1.64897,1.64897
2017-08-14,1.64163,1.67078,1.64163,1.64897
2017-08-16,1.64897,1.66354,1.64897,1.66354
2017-08-17,1.66354,1.6782,1.65636,1.6782
2017-08-18,1.6782,1.68544,1.64897,1.67078
2017-08-21,1.67078,1.6782,1.64897,1.6782
2017-08-22,1.68544,1.68544,1.65636,1.66354
2017-08-23,1.68544,1.68544,1.65636,1.6782
2017-08-24,1.68544,1.68544,1.66354,1.68544
2017-08-25,1.67078,1.70003,1.67078,1.70003
2017-08-28,1.69269,1.7146,1.68544,1.70003
2017-08-29,1.68544,1.70003,1.66354,1.70003
2017-08-30,1.70734,1.70734,1.6782,1.6782
2017-08-31,1.68544,1.70003,1.67078,1.70003
2017-09-01,1.72185,1.74384,1.70003,1.73659
2017-09-04,1.70734,1.75842,1.70734,1.74384
2017-09-05,1.74384,1.75842,1.73659,1.75109
2017-09-06,1.75109,1.75109,1.72918,1.74384
2017-09-07,1.74384,1.74384,1.73659,1.74384
2017-09-08,1.74384,1.74384,1.73659,1.74384
2017-09-11,1.75842,1.75842,1.73659,1.74384
2017-09-12,1.75109,1.75109,1.73659,1.74384
2017-09-13,1.74384,1.75842,1.74384,1.74384
2017-09-14,1.74384,1.74384,1.73659,1.74384
2017-09-15,1.74384,1.74384,1.73659,1.74384
2017-09-18,1.74384,1.76567,1.74384,1.75842
2017-09-19,1.75109,1.76567,1.75109,1.76567
2017-09-20,1.77291,1.78033,1.75842,1.77291
2017-09-21,1.78033,1.78033,1.75842,1.76567
2017-09-22,1.78757,1.78757,1.74384,1.75109
2017-09-25,1.75109,1.75109,1.74384,1.74384
2017-09-26,1.74384,1.74384,1.73659,1.74384
2017-09-27,1.74384,1.74384,1.73659,1.74384
2017-09-28,1.74384,1.74384,1.74384,1.74384
2017-09-29,1.74384,1.74384,1.74384,1.74384
2017-10-02,1.72918,1.74384,1.70734,1.73659
2017-10-03,1.74384,1.74384,1.72918,1.73659
2017-10-04,1.74384,1.74384,1.72185,1.72918
2017-10-05,1.72918,1.73659,1.72185,1.72918
2017-10-06,1.72918,1.73659,1.70734,1.70734
2017-10-09,1.69269,1.72185,1.69269,1.72185
2017-10-10,1.74384,1.76567,1.70003,1.70734
2017-10-11,1.72185,1.72185,1.70003,1.70003
2017-10-12,1.70734,1.70734,1.68544,1.68544
2017-10-13,1.6782,1.70734,1.67078,1.70003
2017-10-16,1.70734,1.72918,1.68544,1.70734
2017-10-17,1.68544,1.69269,1.64163,1.64163
2017-10-18,1.64897,1.66354,1.6198,1.62705
2017-10-19,1.62705,1.62705,1.57591,1.6198
2017-10-20,1.61247,1.6198,1.57591,1.6198
2017-10-23,1.6198,1.62705,1.61247,1.62705
2017-10-24,1.6198,1.64897,1.59057,1.59057
2017-10-25,1.60514,1.62705,1.58332,1.62705
2017-10-26,1.62705,1.65636,1.61247,1.65636
2017-10-27,1.64163,1.67078,1.63431,1.67078
2017-10-30,1.6782,1.6782,1.65636,1.6782
2017-10-31,1.6782,1.69269,1.65636,1.68544
2017-11-02,1.70003,1.70003,1.65636,1.65636
2017-11-03,1.66354,1.67078,1.63431,1.66354
2017-11-06,1.67078,1.67078,1.64163,1.67078
2017-11-07,1.6782,1.69269,1.66354,1.6782
2017-11-08,1.69269,1.69269,1.66354,1.67078
2017-11-09,1.6782,1.6782,1.65636,1.6782
2017-11-10,1.65636,1.6782,1.64163,1.64163
2017-11-13,1.65636,1.67078,1.63431,1.67078
2017-11-14,1.68544,1.68544,1.65636,1.67078
2017-11-15,1.66354,1.67078,1.65636,1.67078
2017-11-16,1.65636,1.67078,1.65636,1.67078
2017-11-17,1.66354,1.67078,1.65636,1.67078
2017-11-20,1.66354,1.67078,1.65636,1.67078
2017-11-21,1.64163,1.67078,1.64163,1.65636
2017-11-22,1.67078,1.67078,1.65636,1.66354
2017-11-23,1.65636,1.67078,1.64897,1.67078
2017-11-24,1.67078,1.69269,1.66354,1.68544
2017-11-27,1.70003,1.70003,1.64163,1.64897
2017-11-28,1.65636,1.68544,1.62705,1.68544
2017-11-29,1.68544,1.69269,1.67078,1.6782
2017-11-30,1.6782,1.6782,1.67078,1.6782
2017-12-01,1.65636,1.6782,1.65636,1.6782
2017-12-04,1.6782,1.70734,1.66354,1.69269
2017-12-05,1.70734,1.70734,1.68544,1.70003
2017-12-06,1.69269,1.69269,1.67078,1.69269
2017-12-07,1.66354,1.68544,1.65636,1.67078
2017-12-08,1.68544,1.69269,1.67078,1.69269
2017-12-11,1.67078,1.69269,1.67078,1.68544
2017-12-12,1.68544,1.69269,1.67078,1.68544
2017-12-13,1.67078,1.70003,1.67078,1.70003
2017-12-14,1.70734,1.7146,1.6782,1.68544
2017-12-15,1.69269,1.69269,1.65636,1.6782
2017-12-18,1.68544,1.70734,1.66354,1.70734
2017-12-19,1.72918,1.72918,1.68544,1.72918
2017-12-20,1.73659,1.73659,1.70003,1.73659
2017-12-21,1.75109,1.75109,1.69269,1.73659
2017-12-22,1.72185,1.73659,1.7146,1.72185
2017-12-27,1.72185,1.72918,1.70734,1.72918
2017-12-28,1.75109,1.75842,1.75109,1.75842
2017-12-29,1.70003,1.75109,1.70003,1.70003
2018-01-03,1.73659,1.75109,1.72918,1.73659
2018-01-04,1.73659,1.78033,1.73659,1.78033
2018-01-05,1.78033,1.78757,1.78033,1.78033
2018-01-08,1.78033,1.7949,1.76567,1.78757
2018-01-09,1.7949,1.7949,1.77291,1.78757
2018-01-10,1.78033,1.7949,1.78033,1.78757
2018-01-11,1.78033,1.7949,1.78033,1.7949
2018-01-12,1.7949,1.8094,1.78757,1.80223
2018-01-15,1.7949,1.8094,1.78757,1.78757
2018-01-16,1.7949,1.80223,1.78033,1.78757
2018-01-17,1.7949,1.81673,1.78757,1.78757
2018-01-18,1.7949,1.81673,1.78757,1.7949
2018-01-19,1.80223,1.84589,1.7949,1.7949
2018-01-22,1.80223,1.81673,1.78757,1.7949
2018-01-23,1.80223,1.82414,1.7949,1.7949
2018-01-24,1.80223,1.82414,1.7949,1.81673
2018-01-25,1.81673,1.84589,1.80223,1.83139
2018-01-26,1.81673,1.83139,1.77291,1.80223
2018-01-29,1.7949,1.81673,1.7949,1.81673
2018-01-30,1.81673,1.81673,1.75842,1.75842
2018-01-31,1.76567,1.82414,1.76567,1.81673
2018-02-01,1.8094,1.84589,1.80223,1.81673
2018-02-02,1.81673,1.81673,1.80223,1.81673
2018-02-05,1.78033,1.78033,1.75842,1.78033
2018-02-06,1.70003,1.75109,1.68544,1.73659
2018-02-07,1.7146,1.75109,1.7146,1.73659
2018-02-08,1.74384,1.74384,1.72918,1.73659
2018-02-09,1.70003,1.73659,1.63431,1.63431
2018-02-12,1.64163,1.64897,1.6198,1.62705
2018-02-13,1.63431,1.64163,1.63431,1.64163
2018-02-14,1.64897,1.6782,1.64897,1.67078
2018-02-15,1.67078,1.69269,1.65636,1.65636
2018-02-16,1.66354,1.68544,1.63431,1.65636
2018-02-19,1.64897,1.65636,1.64897,1.64897
2018-02-20,1.63431,1.64897,1.62705,1.63431
2018-02-21,1.63431,1.63431,1.59057,1.59057
2018-02-22,1.59057,1.6198,1.57591,1.6198
2018-02-23,1.60514,1.62705,1.60514,1.6198
2018-02-26,1.6198,1.62705,1.59057,1.60514
2018-02-27,1.60514,1.6198,1.59057,1.6198
2018-02-28,1.60514,1.6198,1.58332,1.58332
2018-03-01,1.57591,1.57591,1.53958,1.57591
2018-03-02,1.57591,1.61247,1.57591,1.59057
2018-03-05,1.58332,1.59789,1.56874,1.56874
2018-03-06,1.57591,1.60514,1.56874,1.59057
2018-03-07,1.57591,1.59057,1.57591,1.57591
2018-03-08,1.57591,1.59057,1.53958,1.56148
2018-03-09,1.53217,1.56148,1.51759,1.55408
2018-03-12,1.54675,1.56874,1.54675,1.56148
2018-03-13,1.54675,1.57591,1.54675,1.57591
2018-03-14,1.55408,1.6198,1.55408,1.61247
2018-03-15,1.61247,1.6782,1.60514,1.65636
2018-03-16,1.65636,1.66354,1.63431,1.64897
2018-03-19,1.62705,1.64897,1.62705,1.63431
2018-03-20,1.6198,1.63431,1.61247,1.63431
2018-03-21,1.6198,1.64897,1.6198,1.64897
2018-03-22,1.64163,1.65636,1.6198,1.6198
2018-03-23,1.6198,1.6198,1.59789,1.60514
2018-03-26,1.59789,1.59789,1.57591,1.57591
2018-03-27,1.57591,1.63431,1.57591,1.60514
2018-03-28,1.59057,1.60514,1.56148,1.59057
2018-03-29,1.57591,1.60514,1.57591,1.58332
2018-04-03,1.56148,1.58332,1.54675,1.54675
2018-04-04,1.54675,1.58332,1.54675,1.58332
2018-04-05,1.56148,1.60514,1.56148,1.59789
2018-04-06,1.60514,1.60514,1.59057,1.59057
2018-04-09,1.57591,1.64897,1.57591,1.64897
2018-04-10,1.62705,1.63431,1.59789,1.61247
2018-04-11,1.6198,1.64897,1.59789,1.62705
2018-04-12,1.61247,1.64897,1.61247,1.62705
2018-04-13,1.63431,1.63431,1.61247,1.6198
2018-04-16,1.6198,1.6198,1.60514,1.61247
2018-04-17,1.61247,1.61247,1.56874,1.56874
2018-04-18,1.56148,1.58332,1.56148,1.58332
2018-04-19,1.59057,1.59057,1.56874,1.57591
2018-04-20,1.56874,1.58332,1.56874,1.57591
2018-04-23,1.57591,1.59057,1.56874,1.58332
2018-04-24,1.59466,1.60947,1.56504,1.56504
2018-04-25,1.57236,1.59466,1.56504,1.59466
2018-04-26,1.58725,1.60947,1.58725,1.60198
2018-04-27,1.60198,1.61697,1.59466,1.59466
2018-04-30,1.57977,1.60947,1.57977,1.60947
2018-05-02,1.59466,1.60947,1.59466,1.60947
2018-05-04,1.60947,1.60947,1.58725,1.59466
2018-05-07,1.57977,1.60947,1.57977,1.60947
2018-05-08,1.60947,1.60947,1.60198,1.60947
2018-05-09,1.57977,1.60947,1.57236,1.57236
2018-05-10,1.57236,1.57977,1.56504,1.57236
2018-05-11,1.55762,1.63919,1.55762,1.63919
2018-05-14,1.60198,1.6466,1.60198,1.63919
2018-05-15,1.62429,1.6317,1.59466,1.60198
2018-05-16,1.58725,1.60947,1.58725,1.60198
2018-05-17,1.60198,1.60198,1.58725,1.58725
2018-05-18,1.58725,1.59466,1.57236,1.57977
2018-05-21,1.57977,1.59466,1.57977,1.59466
2018-05-22,1.58725,1.58725,1.57236,1.57977
2018-05-23,1.57977,1.57977,1.53532,1.54273
2018-05-24,1.55762,1.55762,1.52043,1.54273
2018-05-25,1.54273,1.57977,1.54273,1.55014
2018-05-28,1.55014,1.57977,1.54273,1.55014
2018-05-29,1.54273,1.55014,1.54273,1.54273
2018-05-30,1.54273,1.55762,1.52043,1.52783
2018-06-01,1.52043,1.57977,1.52043,1.57977
2018-06-04,1.54273,1.57977,1.52043,1.55014
2018-06-05,1.55014,1.56504,1.54273,1.55762
2018-06-06,1.55762,1.56504,1.55762,1.55762
2018-06-07,1.55762,1.56504,1.55762,1.56504
2018-06-08,1.56504,1.56504,1.54273,1.55014
2018-06-11,1.53532,1.54273,1.53532,1.54273
2018-06-12,1.54273,1.55014,1.5057,1.5057
2018-06-13,1.49821,1.52783,1.49821,1.52783
2018-06-14,1.5131,1.5131,1.48339,1.48339
2018-06-15,1.47599,1.48339,1.39442,1.39442
2018-06-18,1.40924,1.43146,1.38702,1.38702
2018-06-19,1.38702,1.44628,1.37212,1.44628
2018-06-20,1.43895,1.45376,1.40924,1.45376
2018-06-21,1.45376,1.45376,1.40183,1.40183
2018-06-22,1.40183,1.44628,1.40183,1.44628
2018-06-25,1.40924,1.46849,1.40924,1.43146
2018-06-26,1.41657,1.44628,1.41657,1.43895
2018-06-27,1.43146,1.44628,1.42406,1.43895
2018-06-28,1.43146,1.43895,1.41657,1.43895
2018-06-29,1.40183,1.43895,1.40183,1.43146
2018-07-02,1.43146,1.43146,1.41657,1.43146
2018-07-03,1.43146,1.43895,1.42406,1.42406
2018-07-04,1.40924,1.44628,1.40924,1.44628
2018-07-05,1.44628,1.47599,1.44628,1.47599
2018-07-06,1.46849,1.46849,1.45376,1.46117
2018-07-09,1.45376,1.45376,1.42406,1.43146
2018-07-10,1.43146,1.43146,1.41657,1.43146
2018-07-11,1.42406,1.44628,1.42406,1.43895
2018-07-12,1.42406,1.46117,1.42406,1.45376
2018-07-13,1.44628,1.44628,1.43146,1.43895
2018-07-16,1.43895,1.43895,1.41657,1.43895
2018-07-17,1.43895,1.43895,1.39442,1.42406
2018-07-18,1.40183,1.43895,1.40183,1.40924
2018-07-19,1.40924,1.46117,1.40924,1.46117
2018-07-20,1.45376,1.45376,1.43146,1.43146
2018-07-23,1.44628,1.4908,1.43895,1.48339
2018-07-24,1.46117,1.5131,1.45376,1.5131
2018-07-25,1.52783,1.52783,1.5131,1.52783
2018-07-26,1.52043,1.55762,1.52043,1.55762
2018-07-27,1.55762,1.55762,1.5131,1.52783
2018-07-30,1.52043,1.55762,1.49821,1.49821
2018-07-31,1.52043,1.55014,1.52043,1.53532
2018-08-01,1.53532,1.53532,1.52043,1.52043
2018-08-02,1.5131,1.5131,1.47599,1.49821
2018-08-03,1.49821,1.49821,1.46117,1.46849
2018-08-06,1.46117,1.46849,1.43146,1.43146
2018-08-07,1.43146,1.46117,1.41657,1.46117
2018-08-08,1.44628,1.47599,1.44628,1.47599
2018-08-09,1.47599,1.4908,1.46849,1.4908
2018-08-10,1.47599,1.48339,1.46849,1.47599
2018-08-13,1.46849,1.47599,1.43895,1.46117
2018-08-14,1.45376,1.46849,1.45376,1.46117
2018-08-16,1.43146,1.46117,1.43146,1.45376
2018-08-17,1.43895,1.46117,1.43895,1.45376
2018-08-20,1.43895,1.46117,1.43895,1.45376
2018-08-21,1.45376,1.45376,1.41657,1.45376
2018-08-22,1.45376,1.46117,1.44628,1.45376
2018-08-23,1.44628,1.45376,1.43895,1.45376
2018-08-24,1.44628,1.46849,1.44628,1.45376
2018-08-27,1.46117,1.4908,1.46117,1.4908
2018-08-28,1.4908,1.5057,1.47599,1.48339
2018-08-29,1.48339,1.49821,1.48339,1.49821
2018-08-30,1.5057,1.5057,1.46849,1.47599
2018-08-31,1.46849,1.47599,1.45376,1.46117
2018-09-03,1.46117,1.4908,1.46117,1.4908
2018-09-04,1.4908,1.4908,1.46849,1.47599
2018-09-05,1.47599,1.48339,1.44628,1.47599
2018-09-06,1.47599,1.47599,1.44628,1.47599
2018-09-07,1.46849,1.46849,1.43895,1.46117
2018-09-10,1.45376,1.45376,1.44628,1.44628
2018-09-11,1.44628,1.44628,1.40924,1.41657
2018-09-12,1.40924,1.42406,1.40924,1.41657
2018-09-13,1.41657,1.43895,1.41657,1.43895
2018-09-14,1.43895,1.48339,1.43895,1.46117
2018-09-17,1.43146,1.44628,1.43146,1.43895
2018-09-18,1.43895,1.45376,1.42406,1.43895
2018-09-19,1.43895,1.45376,1.43146,1.44628
2018-09-20,1.43895,1.44628,1.43146,1.43895
2018-09-21,1.43895,1.44628,1.41657,1.41657
2018-09-24,1.42406,1.49821,1.42406,1.49821
2018-09-25,1.46849,1.49821,1.46849,1.47599
2018-09-26,1.47599,1.49821,1.47599,1.49821
2018-09-27,1.4908,1.4908,1.46849,1.46849
2018-09-28,1.46849,1.4908,1.46849,1.48339
2018-10-01,1.48339,1.48339,1.46849,1.48339
2018-10-02,1.46849,1.46849,1.46117,1.46849
2018-10-03,1.46849,1.47599,1.46849,1.46849
2018-10-04,1.46849,1.46849,1.46117,1.46117
2018-10-05,1.46117,1.46117,1.46117,1.46117
2018-10-08,1.46117,1.46117,1.41657,1.41657
2018-10-09,1.41657,1.43146,1.40924,1.40924
2018-10-10,1.41657,1.43895,1.39442,1.39442
2018-10-11,1.38702,1.40183,1.38702,1.39442
2018-10-12,1.39442,1.40183,1.36464,1.37212
2018-10-15,1.37212,1.39442,1.37212,1.39442
2018-10-16,1.39442,1.39442,1.37212,1.37212
2018-10-17,1.38702,1.40924,1.38702,1.40183
2018-10-18,1.41657,1.41657,1.39442,1.39442
2018-10-19,1.39442,1.39442,1.37953,1.37953
2018-10-22,1.39442,1.39442,1.37212,1.38702
2018-10-23,1.37212,1.39442,1.37212,1.37953
2018-10-24,1.36464,1.36464,1.3573,1.3573
2018-10-25,1.37212,1.37953,1.34249,1.3573
2018-10-26,1.36464,1.36464,1.32767,1.32767
2018-10-29,1.32767,1.33509,1.30537,1.30537
2018-10-30,1.30537,1.31278,1.28315,1.30537
2018-10-31,1.30537,1.36464,1.30537,1.32019
2018-11-02,1.32767,1.36464,1.32767,1.3499
2018-11-05,1.36464,1.36464,1.3499,1.3573
2018-11-06,1.37953,1.39442,1.36464,1.38702
2018-11-07,1.38702,1.41657,1.37212,1.37212
2018-11-08,1.37212,1.44628,1.37212,1.44628
2018-11-09,1.40924,1.43146,1.40924,1.42406
2018-11-13,1.42406,1.42406,1.40924,1.40924
2018-11-14,1.43146,1.44628,1.41657,1.41657
2018-11-15,1.40183,1.42406,1.40183,1.41657
2018-11-16,1.43146,1.43895,1.3573,1.40924
2018-11-19,1.40924,1.43895,1.39442,1.41657
2018-11-20,1.40924,1.44628,1.38702,1.44628
2018-11-21,1.43146,1.43146,1.41657,1.43146
2018-11-22,1.43146,1.44628,1.43146,1.43146
2018-11-23,1.43146,1.44628,1.43146,1.44628
2018-11-26,1.44628,1.45376,1.42406,1.42406
2018-11-27,1.40924,1.45376,1.40924,1.43146
2018-11-28,1.43895,1.46849,1.43895,1.46117
2018-11-29,1.46849,1.46849,1.42406,1.43146
2018-11-30,1.43146,1.43895,1.43146,1.43895
2018-12-03,1.43895,1.48339,1.43895,1.46117
2018-12-04,1.44628,1.46849,1.44628,1.45376
2018-12-05,1.45376,1.47599,1.45376,1.46117
2018-12-06,1.43146,1.45376,1.42406,1.43146
2018-12-07,1.42406,1.43895,1.42406,1.43146
2018-12-10,1.41657,1.43895,1.41657,1.43146
2018-12-11,1.41657,1.43146,1.40924,1.43146
2018-12-12,1.43146,1.44628,1.43146,1.44628
2018-12-13,1.43895,1.48339,1.43895,1.47599
2018-12-14,1.44628,1.4908,1.44628,1.4908
2018-12-17,1.4908,1.49821,1.48339,1.4908
2018-12-18,1.4908,1.49821,1.47599,1.49821
2018-12-19,1.5057,1.5131,1.49821,1.5131
2018-12-20,1.5131,1.52043,1.46849,1.49821
2018-12-21,1.49821,1.49821,1.47599,1.49821
2018-12-27,1.49821,1.5057,1.47599,1.49821
2018-12-28,1.49821,1.49821,1.43146,1.43146
2019-01-02,1.44628,1.45376,1.43146,1.45376
2019-01-03,1.45376,1.46117,1.43146,1.43146
2019-01-04,1.44628,1.46117,1.43146,1.46117
2019-01-07,1.46117,1.47599,1.44628,1.47599
2019-01-08,1.46117,1.48339,1.46117,1.47599
2019-01-09,1.46117,1.49821,1.46117,1.47599
2019-01-10,1.4908,1.4908,1.47599,1.4908
2019-01-11,1.49821,1.49821,1.48339,1.48339
2019-01-14,1.44628,1.4908,1.44628,1.46849
2019-01-15,1.47599,1.49821,1.46117,1.46849
2019-01-16,1.46849,1.5057,1.46849,1.49821
2019-01-17,1.49821,1.52783,1.49821,1.52043
2019-01-18,1.5131,1.53532,1.5131,1.53532
2019-01-21,1.53532,1.53532,1.47599,1.52043
2019-01-22,1.5057,1.5131,1.49821,1.5057
2019-01-23,1.49821,1.52043,1.4908,1.5057
2019-01-24,1.49821,1.54273,1.49821,1.5057
2019-01-25,1.5057,1.52043,1.49821,1.5057
2019-01-28,1.49821,1.5057,1.48339,1.5057
2019-01-29,1.49821,1.52043,1.49821,1.5057
2019-01-30,1.5131,1.52043,1.5057,1.5057
2019-01-31,1.52043,1.52043,1.5057,1.52043
2019-02-01,1.52043,1.52043,1.5057,1.5131
2019-02-04,1.5131,1.5131,1.5057,1.5131
2019-02-05,1.5057,1.52783,1.5057,1.52783
2019-02-06,1.52783,1.54273,1.52043,1.54273
2019-02-07,1.52783,1.54273,1.52043,1.52783
2019-02-08,1.52043,1.57236,1.52043,1.57236
2019-02-11,1.57236,1.57236,1.53532,1.54273
2019-02-12,1.52783,1.55762,1.52783,1.55762
2019-02-13,1.57236,1.58725,1.44628,1.44628
2019-02-14,1.43895,1.44628,1.43146,1.43895
2019-02-15,1.43895,1.45376,1.43146,1.43895
2019-02-18,1.43146,1.44628,1.43146,1.44628
2019-02-19,1.44628,1.44628,1.43146,1.43895
2019-02-20,1.43146,1.43895,1.43146,1.43895
2019-02-21,1.43146,1.44628,1.41657,1.41657
2019-02-22,1.40924,1.43146,1.40924,1.43146
2019-02-25,1.40924,1.48339,1.40924,1.44628
2019-02-26,1.45376,1.46849,1.43146,1.43146
2019-02-27,1.43895,1.44628,1.40924,1.41657
2019-02-28,1.41657,1.42406,1.40924,1.40924
2019-03-01,1.39442,1.41657,1.37953,1.39442
2019-03-04,1.44628,1.44628,1.37212,1.37212
2019-03-05,1.40183,1.40183,1.37212,1.37212
2019-03-06,1.37212,1.40183,1.36464,1.38702
2019-03-07,1.38702,1.40924,1.38702,1.38702
2019-03-08,1.38702,1.39442,1.37212,1.39442
2019-03-11,1.37212,1.40183,1.37212,1.39442
2019-03-12,1.39442,1.40183,1.39442,1.39442
2019-03-13,1.37953,1.40183,1.37953,1.39442
2019-03-14,1.38702,1.40924,1.38702,1.40924
2019-03-15,1.38702,1.41657,1.38702,1.41657
2019-03-18,1.40183,1.40924,1.39442,1.39442
2019-03-19,1.40924,1.40924,1.39442,1.40183
2019-03-20,1.40183,1.42406,1.40183,1.42406
2019-03-21,1.42406,1.43895,1.40183,1.40924
2019-03-22,1.41657,1.41657,1.40183,1.40183
2019-03-25,1.40183,1.40924,1.38702,1.39442
2019-03-26,1.38702,1.40924,1.38702,1.38702
2019-03-27,1.38702,1.39442,1.38702,1.39442
2019-03-28,1.40924,1.40924,1.39442,1.39442
2019-03-29,1.38702,1.40924,1.38702,1.38702
2019-04-01,1.39442,1.40924,1.39442,1.40183
2019-04-02,1.40183,1.40924,1.39442,1.39442
2019-04-03,1.40183,1.43146,1.40183,1.42406
2019-04-04,1.41657,1.41657,1.40183,1.40924
2019-04-05,1.40924,1.42406,1.40924,1.42406
2019-04-08,1.42406,1.42406,1.40183,1.40183
2019-04-09,1.40183,1.42406,1.39442,1.41657
2019-04-10,1.40183,1.42406,1.40183,1.40924
2019-04-11,1.42406,1.42406,1.40924,1.40924
2019-04-12,1.41657,1.43146,1.41657,1.41657
2019-04-15,1.41657,1.43146,1.41657,1.42406
2019-04-16,1.42406,1.42406,1.41657,1.42406
2019-04-17,1.42641,1.43399,1.42641,1.43399
2019-04-18,1.43399,1.43399,1.43399,1.43399
2019-04-23,1.42641,1.43399,1.42641,1.43399
2019-04-24,1.43399,1.44154,1.42641,1.44154
2019-04-25,1.43399,1.44154,1.43399,1.44154
2019-04-26,1.44154,1.44154,1.43399,1.43399
2019-04-29,1.43399,1.44903,1.43399,1.44903
2019-04-30,1.4566,1.4566,1.41129,1.41893
2019-05-02,1.41129,1.41893,1.40372,1.41129
2019-05-06,1.39624,1.41129,1.39624,1.41129
2019-05-07,1.41129,1.41893,1.41129,1.41129
2019-05-08,1.40372,1.44154,1.40372,1.42641
2019-05-09,1.39624,1.41893,1.39624,1.41893
2019-05-10,1.40372,1.42641,1.40372,1.41893
2019-05-13,1.41129,1.41129,1.39624,1.40372
2019-05-14,1.40372,1.40372,1.38111,1.38867
2019-05-15,1.39624,1.41129,1.38867,1.40372
2019-05-16,1.38867,1.41893,1.38867,1.41893
2019-05-17,1.41893,1.41893,1.38867,1.41893
2019-05-20,1.40372,1.41893,1.39624,1.40372
2019-05-21,1.38867,1.41893,1.38867,1.41893
2019-05-22,1.42641,1.42641,1.40372,1.41893
2019-05-23,1.42641,1.42641,1.39624,1.40372
2019-05-24,1.41893,1.41893,1.38867,1.40372
2019-05-27,1.39624,1.41893,1.39624,1.41129
2019-05-28,1.41129,1.41129,1.38867,1.38867
2019-05-29,1.39624,1.40372,1.38111,1.40372
2019-05-30,1.40372,1.41129,1.37362,1.38867
2019-05-31,1.38867,1.38867,1.37362,1.38867
2019-06-03,1.38867,1.41129,1.38867,1.38867
2019-06-04,1.38867,1.39624,1.38111,1.39624
2019-06-05,1.39624,1.41129,1.38867,1.40372
2019-06-06,1.40372,1.41129,1.38867,1.41129
2019-06-07,1.41893,1.43399,1.40372,1.43399
2019-06-10,1.43399,1.44154,1.42641,1.43399
2019-06-11,1.43399,1.43399,1.41893,1.43399
2019-06-12,1.42641,1.42641,1.40372,1.41893
2019-06-13,1.41893,1.48678,1.41129,1.48678
2019-06-14,1.48678,1.48678,1.44903,1.4566
2019-06-17,1.4566,1.4566,1.42641,1.42641
2019-06-18,1.42641,1.47173,1.41893,1.44903
2019-06-19,1.4566,1.47173,1.44154,1.44903
2019-06-21,1.4566,1.46416,1.40372,1.41893
2019-06-24,1.41893,1.47921,1.41893,1.46416
2019-06-25,1.4566,1.46416,1.44903,1.46416
2019-06-26,1.46416,1.50948,1.46416,1.47921
2019-06-27,1.50191,1.50191,1.47921,1.47921
2019-06-28,1.49442,1.50191,1.47921,1.47921
2019-07-01,1.49442,1.49442,1.48678,1.49442
2019-07-02,1.50191,1.50191,1.47921,1.48678
2019-07-03,1.49442,1.50191,1.47921,1.48678
2019-07-04,1.47921,1.48678,1.46416,1.46416
2019-07-05,1.47173,1.47173,1.44154,1.44903
2019-07-08,1.4566,1.4566,1.44154,1.44903
2019-07-09,1.44903,1.44903,1.42641,1.44154
2019-07-10,1.44154,1.44903,1.43399,1.44903
2019-07-11,1.44154,1.44154,1.43399,1.43399
2019-07-12,1.44903,1.4566,1.44154,1.44154
2019-07-15,1.44154,1.4566,1.44154,1.4566
2019-07-16,1.44154,1.44154,1.43399,1.44154
2019-07-17,1.43399,1.44903,1.42641,1.44154
2019-07-18,1.43399,1.44154,1.42641,1.43399
2019-07-19,1.42641,1.44903,1.42641,1.44154
2019-07-22,1.43399,1.44154,1.41893,1.43399
2019-07-23,1.43399,1.43399,1.40372,1.41893
2019-07-24,1.41893,1.41893,1.40372,1.41893
2019-07-25,1.41893,1.41893,1.40372,1.40372
2019-07-26,1.40372,1.41893,1.40372,1.41129
2019-07-29,1.40372,1.41129,1.38867,1.40372
2019-07-30,1.39624,1.41129,1.38111,1.39624
2019-07-31,1.38867,1.40372,1.37362,1.40372
2019-08-01,1.42641,1.42641,1.30569,1.30569
2019-08-02,1.29812,1.32831,1.29812,1.32074
2019-08-05,1.32074,1.32831,1.30569,1.32074
2019-08-06,1.30569,1.32831,1.30569,1.32074
2019-08-07,1.32831,1.32831,1.30569,1.32074
2019-08-08,1.32831,1.33579,1.32074,1.32831
2019-08-09,1.33579,1.34344,1.32074,1.32831
2019-08-12,1.32074,1.32831,1.29812,1.31318
2019-08-13,1.30569,1.32074,1.29812,1.32074
2019-08-14,1.32831,1.33579,1.29812,1.30569
2019-08-16,1.29812,1.32831,1.29812,1.30569
2019-08-19,1.29812,1.32831,1.29812,1.32074
2019-08-20,1.32074,1.32074,1.30569,1.32074
2019-08-21,1.32074,1.32074,1.30569,1.31318
2019-08-22,1.31318,1.32074,1.31318,1.31318
2019-08-23,1.32074,1.32074,1.29057,1.31318
2019-08-26,1.29057,1.32074,1.29057,1.32074
2019-08-27,1.31318,1.33579,1.31318,1.33579
2019-08-28,1.32831,1.32831,1.29057,1.32074
2019-08-29,1.32074,1.32074,1.27551,1.30569
2019-08-30,1.30569,1.32074,1.29812,1.29812
2019-09-02,1.29812,1.31318,1.29057,1.30569
2019-09-03,1.31318,1.31318,1.28308,1.28308
2019-09-04,1.28308,1.31318,1.28308,1.29057
2019-09-05,1.29812,1.31318,1.29057,1.29812
2019-09-06,1.30569,1.30569,1.29057,1.29057
2019-09-09,1.29057,1.30569,1.29057,1.29057
2019-09-10,1.29812,1.30569,1.29057,1.29812
2019-09-11,1.29812,1.30569,1.29812,1.29812
2019-09-12,1.29812,1.31318,1.29812,1.31318
2019-09-13,1.32074,1.34344,1.31318,1.32831
2019-09-16,1.32831,1.34344,1.32831,1.34344
2019-09-17,1.34344,1.351,1.33579,1.34344
2019-09-18,1.34344,1.351,1.34344,1.351
2019-09-19,1.351,1.351,1.34344,1.351
2019-09-20,1.34344,1.351,1.32074,1.33579
2019-09-23,1.32831,1.34344,1.32074,1.32074
2019-09-24,1.33579,1.33579,1.32074,1.32831
2019-09-25,1.32074,1.33579,1.31318,1.33579
2019-09-26,1.33579,1.351,1.33579,1.351
2019-09-27,1.34344,1.38867,1.34344,1.38111
2019-09-30,1.38111,1.38111,1.36606,1.37362
2019-10-01,1.35849,1.37362,1.35849,1.36606
2019-10-02,1.35849,1.35849,1.34344,1.35849
2019-10-03,1.33579,1.351,1.32074,1.34344
2019-10-04,1.34344,1.351,1.33579,1.34344
2019-10-07,1.34344,1.34344,1.32831,1.33579
2019-10-08,1.33579,1.35849,1.33579,1.35849
2019-10-09,1.351,1.35849,1.34344,1.34344
2019-10-10,1.34344,1.35849,1.34344,1.351
2019-10-11,1.351,1.37362,1.351,1.37362
2019-10-14,1.38111,1.38111,1.35849,1.36606
2019-10-15,1.36606,1.36606,1.351,1.351
2019-10-16,1.37362,1.37362,1.34344,1.34344
2019-10-17,1.33579,1.35849,1.33579,1.35849
2019-10-18,1.36606,1.36606,1.33579,1.35849
2019-10-21,1.351,1.36606,1.34344,1.36606
2019-10-22,1.36606,1.37362,1.35849,1.37362
2019-10-23,1.37362,1.37362,1.36606,1.36606
2019-10-24,1.37362,1.37362,1.351,1.35849
2019-10-25,1.351,1.35849,1.32074,1.34344
2019-10-28,1.34344,1.35849,1.33579,1.35849
2019-10-29,1.35849,1.35849,1.34344,1.35849
2019-10-30,1.35849,1.35849,1.351,1.351
2019-10-31,1.351,1.351,1.24524,1.24524
2019-11-04,1.24524,1.28308,1.24524,1.27551
2019-11-05,1.28308,1.28308,1.26047,1.26047
2019-11-06,1.26047,1.27551,1.25282,1.26047
2019-11-07,1.25282,1.26047,1.23776,1.24524
2019-11-08,1.23776,1.24524,1.2302,1.24524
2019-11-12,1.23776,1.25282,1.23776,1.24524
2019-11-13,1.23776,1.24524,1.2302,1.24524
2019-11-14,1.25282,1.25282,1.22263,1.2302
2019-11-15,1.22263,1.24524,1.22263,1.24524
2019-11-18,1.24524,1.26047,1.2302,1.26047
2019-11-19,1.26047,1.26047,1.24524,1.26047
2019-11-20,1.26047,1.26047,1.2302,1.24524
2019-11-21,1.23776,1.23776,1.22263,1.2302
2019-11-22,1.24524,1.24524,1.22263,1.23776
2019-11-25,1.2302,1.23776,1.2302,1.23776
2019-11-26,1.2302,1.24524,1.2302,1.23776
2019-11-27,1.2302,1.24524,1.22263,1.22263
2019-11-28,1.22263,1.23776,1.21514,1.22263
2019-11-29,1.2302,1.2302,1.21514,1.22263
2019-12-02,1.21514,1.22263,1.20758,1.21514
2019-12-03,1.20758,1.22263,1.20758,1.22263
2019-12-04,1.21514,1.2302,1.20001,1.2302
2019-12-05,1.22263,1.23776,1.22263,1.23776
2019-12-06,1.2302,1.2302,1.20758,1.2302
2019-12-09,1.20758,1.2302,1.20758,1.2302
2019-12-10,1.22263,1.2302,1.21514,1.22263
2019-12-11,1.22263,1.24524,1.21514,1.24524
2019-12-12,1.23776,1.24524,1.23776,1.24524
2019-12-13,1.24524,1.24524,1.23776,1.24524
2019-12-16,1.24524,1.25282,1.23776,1.24524
2019-12-17,1.23776,1.26047,1.23776,1.26047
2019-12-18,1.26047,1.28308,1.26047,1.27551
2019-12-19,1.27551,1.30569,1.26795,1.30569
2019-12-20,1.29812,1.31318,1.29057,1.29057
2019-12-23,1.29057,1.30569,1.29057,1.29812
2019-12-27,1.29812,1.30569,1.29057,1.30569
2019-12-30,1.29812,1.31318,1.29812,1.30569
2020-01-02,1.29812,1.32074,1.29057,1.32074
2020-01-03,1.30569,1.32831,1.30569,1.32831
2020-01-07,1.32831,1.34344,1.30569,1.32831
2020-01-08,1.32831,1.32831,1.29057,1.31318
2020-01-09,1.31318,1.32831,1.27551,1.27551
2020-01-10,1.30569,1.31318,1.29057,1.31318
2020-01-13,1.30569,1.32831,1.30569,1.32831
2020-01-14,1.32831,1.32831,1.30569,1.32074
2020-01-15,1.31318,1.32074,1.29812,1.30569
2020-01-16,1.32074,1.33579,1.31318,1.32831
2020-01-17,1.32074,1.32831,1.31318,1.32074
2020-01-20,1.32074,1.33579,1.31318,1.32831
2020-01-21,1.33579,1.33579,1.31318,1.32831
2020-01-22,1.32831,1.32831,1.29812,1.31318
2020-01-23,1.31318,1.33579,1.30569,1.32074
2020-01-24,1.32074,1.32831,1.31318,1.32074
2020-01-27,1.30569,1.31318,1.28308,1.31318
2020-01-28,1.31318,1.31318,1.29057,1.31318
2020-01-29,1.31318,1.32074,1.29812,1.32074
2020-01-30,1.30569,1.30569,1.28308,1.29057
2020-01-31,1.30569,1.30569,1.28308,1.30569
2020-02-03,1.30569,1.31318,1.29812,1.29812
2020-02-04,1.29812,1.30569,1.29057,1.30569
2020-02-05,1.29057,1.32074,1.29057,1.31318
2020-02-06,1.32831,1.32831,1.29812,1.30569
2020-02-07,1.29812,1.30569,1.29057,1.29812
2020-02-10,1.29812,1.31318,1.29057,1.31318
2020-02-11,1.30569,1.30569,1.29057,1.30569
2020-02-12,1.30569,1.31318,1.27551,1.27551
2020-02-13,1.26047,1.29057,1.26047,1.27551
2020-02-14,1.28308,1.28308,1.26047,1.26795
2020-02-17,1.26795,1.27551,1.25282,1.26047
2020-02-18,1.25282,1.26795,1.25282,1.26795
2020-02-19,1.26795,1.27551,1.25282,1.27551
2020-02-20,1.28308,1.30569,1.28308,1.29812
2020-02-21,1.29057,1.30569,1.29057,1.29812
2020-02-24,1.28308,1.29812,1.27551,1.28308
2020-02-25,1.28308,1.29057,1.21514,1.22263
2020-02-26,1.21514,1.24524,1.20001,1.22263
2020-02-27,1.25282,1.25282,1.21514,1.21514
2020-02-28,1.18497,1.19252,1.16227,1.17732
2020-03-02,1.17732,1.2302,1.16984,1.16984
2020-03-03,1.17732,1.22263,1.17732,1.20001
2020-03-04,1.21514,1.23776,1.18497,1.19252
2020-03-05,1.19252,1.19252,1.16984,1.18497
2020-03-06,1.19252,1.19252,1.14722,1.16984
2020-03-09,1.13209,1.13209,1.09434,1.12453
2020-03-10,1.09434,1.12453,1.09434,1.10947
2020-03-11,1.10947,1.12453,1.03397,1.03397
2020-03-12,0.988671,0.988671,0.928302,0.950922
2020-03-13,0.981181,1.01128,0.966052,0.966052
2020-03-16,0.966052,0.966052,0.875426,0.898123
2020-03-17,0.958562,0.973616,0.913252,0.966052
2020-03-18,0.966052,0.988671,0.950922,0.973616
2020-03-19,0.973616,1.09434,0.973616,1.09434
2020-03-20,1.10947,1.1547,0.996226,1.01128
2020-03-23,0.958562,1.0038,0.958562,0.966052
2020-03-24,1.03397,1.03397,0.981181,0.996226
2020-03-25,0.996226,1.01885,0.988671,1.0038
2020-03-26,1.0038,1.0038,0.988671,0.996226
2020-03-27,0.996226,1.0038,0.988671,0.988671
2020-03-30,1.01128,1.01128,0.950922,0.973616
2020-03-31,0.981181,0.988671,0.950922,0.958562
2020-04-01,0.966052,0.966052,0.935871,0.943348
2020-04-02,0.935871,0.943348,0.913252,0.928302
2020-04-03,0.928302,0.928302,0.852809,0.867938
2020-04-06,0.867938,0.890633,0.837757,0.890633
2020-04-07,0.905683,0.950922,0.898123,0.913252
2020-04-08,0.920733,0.920733,0.867938,0.867938
2020-04-09,0.898123,0.898123,0.852809,0.867938
2020-04-14,0.898123,0.920733,0.890633,0.920733
2020-04-15,0.920733,0.920733,0.898123,0.913252
2020-04-16,0.913252,0.913252,0.883072,0.913252
2020-04-17,0.913252,0.913252,0.898123,0.905683
2020-04-20,0.905683,0.905683,0.852809,0.867938
2020-04-21,0.883072,0.883072,0.852809,0.860374
2020-04-22,0.860374,0.867938,0.837757,0.837757
2020-04-23,0.845322,0.852809,0.822706,0.837757
2020-04-24,0.837757,0.860374,0.837757,0.852809
2020-04-27,0.860374,0.860374,0.830191,0.830191
2020-04-28,0.830191,0.837757,0.830191,0.837757
2020-04-29,0.845322,0.867938,0.830191,0.867938
2020-04-30,0.875426,0.898123,0.860374,0.860374
2020-05-04,0.860374,0.860374,0.830191,0.837757
2020-05-05,0.845322,0.845322,0.815141,0.822706
2020-05-06,0.815141,0.837757,0.815141,0.830191
2020-05-07,0.852809,0.852809,0.822706,0.845322
2020-05-08,0.852809,0.860374,0.732082,0.732082
2020-05-11,0.732082,0.739647,0.716952,0.716952
2020-05-12,0.716952,0.739647,0.716952,0.739647
2020-05-13,0.739647,0.754699,0.724517,0.732082
2020-05-14,0.732082,0.732082,0.709387,0.716952
2020-05-15,0.724517,0.739647,0.716952,0.716952
2020-05-18,0.739647,0.754699,0.716952,0.754699
2020-05-19,0.762264,0.762264,0.732082,0.739647
2020-05-20,0.754699,0.754699,0.739647,0.739647
2020-05-21,0.739647,0.747212,0.739647,0.747212
2020-05-22,0.754699,0.754699,0.739647,0.739647
2020-05-25,0.747212,0.747212,0.739647,0.739647
2020-05-26,0.739647,0.799931,0.739647,0.799931
2020-05-27,0.822706,0.875426,0.822706,0.830191
2020-05-28,0.860374,0.883072,0.799931,0.837757
2020-05-29,0.830191,0.830191,0.792446,0.792446
2020-06-01,0.822706,0.830191,0.807575,0.822706
2020-06-02,0.830191,0.830191,0.807575,0.822706
2020-06-03,0.822706,0.845322,0.822706,0.845322
2020-06-04,0.845322,0.860374,0.837757,0.852809
2020-06-05,0.875426,0.898123,0.875426,0.883072
2020-06-08,0.883072,0.943348,0.883072,0.928302
2020-06-09,0.935871,0.943348,0.928302,0.928302
2020-06-10,0.935871,0.935871,0.898123,0.913252
2020-06-12,0.860374,0.890633,0.852809,0.890633
2020-06-15,0.875426,0.875426,0.837757,0.845322
2020-06-16,0.867938,0.875426,0.852809,0.860374
2020-06-17,0.875426,0.875426,0.852809,0.875426
2020-06-18,0.867938,0.875426,0.852809,0.852809
2020-06-19,0.852809,0.867938,0.837757,0.867938
2020-06-22,0.867938,0.867938,0.845322,0.852809
2020-06-23,0.852809,0.875426,0.852809,0.875426
2020-06-24,0.867938,0.875426,0.845322,0.845322
2020-06-25,0.837757,0.845322,0.830191,0.830191
2020-06-26,0.830191,0.837757,0.807575,0.815141
2020-06-29,0.815141,0.837757,0.815141,0.837757
2020-06-30,0.822706,0.830191,0.807575,0.807575
2020-07-01,0.830191,0.830191,0.807575,0.830191
2020-07-02,0.830191,0.845322,0.830191,0.845322
2020-07-03,0.845322,0.860374,0.837757,0.860374
2020-07-06,0.852809,0.867938,0.852809,0.867938
2020-07-07,0.867938,0.867938,0.837757,0.837757
2020-07-08,0.837757,0.845322,0.830191,0.830191
2020-07-09,0.837757,0.837757,0.830191,0.837757
2020-07-10,0.830191,0.852809,0.822706,0.852809
2020-07-13,0.852809,0.860374,0.837757,0.852809
2020-07-14,0.845322,0.845322,0.830191,0.830191
2020-07-15,0.830191,0.845322,0.830191,0.830191
2020-07-16,0.837757,0.852809,0.830191,0.852809
2020-07-17,0.852809,0.852809,0.845322,0.845322
2020-07-20,0.845322,0.845322,0.830191,0.837757
2020-07-21,0.837757,0.867938,0.837757,0.860374
2020-07-22,0.852809,0.860374,0.845322,0.852809
2020-07-23,0.860374,0.860374,0.837757,0.837757
2020-07-24,0.830191,0.837757,0.822706,0.822706
2020-07-27,0.822706,0.837757,0.815141,0.815141
2020-07-28,0.822706,0.822706,0.807575,0.807575
2020-07-29,0.807575,0.822706,0.807575,0.807575
2020-07-30,0.807575,0.822706,0.747212,0.747212
2020-07-31,0.769829,0.777315,0.739647,0.747212
2020-08-03,0.754699,0.769829,0.747212,0.747212
2020-08-04,0.747212,0.754699,0.739647,0.747212
2020-08-05,0.747212,0.754699,0.747212,0.747212
2020-08-06,0.754699,0.754699,0.7019,0.7019
2020-08-07,0.709387,0.724517,0.7019,0.716952
2020-08-10,0.724517,0.747212,0.716952,0.747212
2020-08-11,0.747212,0.769829,0.739647,0.739647
2020-08-12,0.747212,0.754699,0.732082,0.739647
2020-08-13,0.747212,0.754699,0.732082,0.739647
2020-08-14,0.747212,0.754699,0.739647,0.754699
2020-08-17,0.754699,0.754699,0.739647,0.754699
2020-08-18,0.747212,0.747212,0.739647,0.739647
2020-08-19,0.754699,0.754699,0.739647,0.747212
2020-08-20,0.747212,0.747212,0.732082,0.747212
2020-08-21,0.747212,0.747212,0.739647,0.747212
2020-08-24,0.747212,0.747212,0.739647,0.739647
2020-08-25,0.739647,0.754699,0.739647,0.739647
2020-08-26,0.739647,0.747212,0.739647,0.739647
2020-08-27,0.747212,0.747212,0.732082,0.739647
2020-08-28,0.732082,0.747212,0.732082,0.732082
2020-08-31,0.732082,0.747212,0.724517,0.724517
2020-09-01,0.724517,0.724517,0.709387,0.716952
2020-09-02,0.716952,0.732082,0.716952,0.724517
2020-09-03,0.724517,0.732082,0.724517,0.724517
2020-09-04,0.716952,0.724517,0.709387,0.724517
2020-09-07,0.747212,0.747212,0.724517,0.724517
2020-09-08,0.739647,0.739647,0.709387,0.709387
2020-09-09,0.709387,0.747212,0.709387,0.747212
2020-09-10,0.747212,0.747212,0.732082,0.747212
2020-09-11,0.747212,0.747212,0.732082,0.747212
2020-09-14,0.747212,0.747212,0.739647,0.747212
2020-09-15,0.747212,0.747212,0.724517,0.724517
2020-09-16,0.724517,0.739647,0.724517,0.732082
2020-09-17,0.732082,0.732082,0.716952,0.724517
2020-09-18,0.724517,0.724517,0.694335,0.709387
2020-09-21,0.694335,0.709387,0.649103,0.649103
2020-09-22,0.649103,0.649103,0.641459,0.649103
2020-09-23,0.649103,0.649103,0.60379,0.626406
2020-09-24,0.633972,0.664153,0.611355,0.664153
2020-09-25,0.664153,0.664153,0.633972,0.641459
2020-09-28,0.649103,0.656668,0.649103,0.656668
2020-09-29,0.664153,0.664153,0.649103,0.664153
2020-09-30,0.656668,0.664153,0.649103,0.664153
2020-10-01,0.664153,0.671719,0.656668,0.671719
2020-10-02,0.656668,0.671719,0.656668,0.671719
2020-10-05,0.664153,0.68677,0.664153,0.68677
2020-10-06,0.68677,0.694335,0.679284,0.68677
2020-10-07,0.694335,0.7019,0.68677,0.7019
2020-10-08,0.709387,0.709387,0.7019,0.7019
2020-10-09,0.709387,0.709387,0.68677,0.7019
2020-10-12,0.7019,0.7019,0.694335,0.7019
2020-10-13,0.7019,0.7019,0.68677,0.694335
2020-10-14,0.694335,0.709387,0.68677,0.68677
2020-10-15,0.68677,0.68677,0.641459,0.649103
2020-10-16,0.641459,0.671719,0.633972,0.664153
2020-10-19,0.664153,0.671719,0.649103,0.656668
2020-10-20,0.664153,0.671719,0.649103,0.671719
2020-10-21,0.679284,0.679284,0.656668,0.664153
2020-10-22,0.656668,0.664153,0.649103,0.656668
2020-10-23,0.649103,0.664153,0.618843,0.626406
2020-10-26,0.626406,0.633972,0.618843,0.626406
2020-10-27,0.618843,0.626406,0.611355,0.611355
2020-10-28,0.611355,0.611355,0.550914,0.550914
2020-10-29,0.550914,0.550914,0.535862,0.550914
2020-10-30,0.550914,0.558478,0.543427,0.550914
2020-11-02,0.558478,0.558478,0.550914,0.558478
2020-11-03,0.566044,0.618843,0.566044,0.618843
2020-11-04,0.618843,0.618843,0.60379,0.618843
2020-11-05,0.633972,0.679284,0.633972,0.664153
2020-11-06,0.671719,0.679284,0.641459,0.671719
2020-11-09,0.68677,0.747212,0.671719,0.732082
2020-11-10,0.732082,0.777315,0.724517,0.762264
2020-11-12,0.762264,0.784881,0.754699,0.777315
2020-11-13,0.784881,0.799931,0.769829,0.784881
2020-11-16,0.784881,0.852809,0.784881,0.845322
2020-11-17,0.852809,0.852809,0.845322,0.852809
2020-11-18,0.799931,0.830191,0.799931,0.822706
2020-11-19,0.807575,0.807575,0.792446,0.799931
2020-11-20,0.799931,0.822706,0.799931,0.807575
2020-11-23,0.822706,0.845322,0.822706,0.830191
2020-11-24,0.830191,0.845322,0.822706,0.822706
2020-11-25,0.822706,0.845322,0.822706,0.845322
2020-11-26,0.845322,0.845322,0.837757,0.845322
2020-11-27,0.845322,0.845322,0.830191,0.837757
2020-11-30,0.822706,0.822706,0.807575,0.815141
2020-12-01,0.830191,0.837757,0.822706,0.830191
2020-12-02,0.837757,0.845322,0.822706,0.822706
2020-12-03,0.845322,0.867938,0.822706,0.867938
2020-12-04,0.875426,0.898123,0.867938,0.898123
2020-12-07,0.898123,0.898123,0.867938,0.875426
2020-12-08,0.883072,0.883072,0.860374,0.860374
2020-12-09,0.867938,0.890633,0.867938,0.883072
2020-12-10,0.883072,0.883072,0.845322,0.845322
2020-12-11,0.845322,0.845322,0.815141,0.837757
2020-12-14,0.837757,0.837757,0.822706,0.830191
2020-12-15,0.837757,0.837757,0.822706,0.837757
2020-12-16,0.837757,0.867938,0.837757,0.867938
2020-12-17,0.867938,0.875426,0.837757,0.852809
2020-12-18,0.837757,0.845322,0.807575,0.822706
2020-12-21,0.815141,0.822706,0.792446,0.822706
2020-12-22,0.822706,0.845322,0.822706,0.845322
2020-12-23,0.852809,0.867938,0.845322,0.867938
2020-12-28,0.867938,0.898123,0.867938,0.898123
2020-12-29,0.905683,0.905683,0.890633,0.905683
2020-12-30,0.905683,0.905683,0.905683,0.905683
2021-01-04,0.898123,0.905683,0.883072,0.905683
2021-01-05,0.898123,0.905683,0.867938,0.898123
2021-01-07,0.898123,0.928302,0.898123,0.920733
2021-01-08,0.928302,0.950922,0.928302,0.950922
2021-01-11,0.943348,0.943348,0.920733,0.935871
2021-01-12,0.943348,0.943348,0.928302,0.943348
2021-01-13,0.943348,0.943348,0.905683,0.913252
2021-01-14,0.913252,0.928302,0.905683,0.928302
2021-01-15,0.928302,0.928302,0.898123,0.905683
2021-01-18,0.905683,0.920733,0.898123,0.920733
2021-01-19,0.920733,0.928302,0.905683,0.928302
2021-01-20,0.928302,0.928302,0.905683,0.913252
2021-01-21,0.913252,0.928302,0.898123,0.898123
2021-01-22,0.898123,0.913252,0.890633,0.913252
2021-01-25,0.913252,0.913252,0.883072,0.883072
2021-01-26,0.875426,0.905683,0.875426,0.905683
2021-01-27,0.905683,0.905683,0.883072,0.905683
2021-01-28,0.898123,0.905683,0.875426,0.905683
2021-01-29,0.898123,0.913252,0.890633,0.905683
2021-02-01,0.890633,0.905683,0.890633,0.905683
2021-02-02,0.898123,0.913252,0.898123,0.905683
2021-02-03,0.905683,0.905683,0.890633,0.890633
2021-02-04,0.890633,0.905683,0.890633,0.890633
2021-02-05,0.905683,0.913252,0.898123,0.905683
2021-02-08,0.905683,0.913252,0.898123,0.898123
2021-02-09,0.898123,0.913252,0.898123,0.913252
2021-02-10,0.920733,0.920733,0.898123,0.898123
2021-02-11,0.898123,0.913252,0.898123,0.898123
2021-02-12,0.898123,0.913252,0.898123,0.898123
2021-02-15,0.905683,0.913252,0.905683,0.913252
2021-02-16,0.913252,0.996226,0.913252,0.973616
2021-02-17,0.958562,1.0038,0.950922,0.988671
2021-02-18,0.996226,1.0038,0.988671,0.988671
2021-02-19,0.988671,0.996226,0.966052,0.988671
2021-02-22,0.973616,0.988671,0.958562,0.958562
2021-02-23,0.958562,0.958562,0.905683,0.913252
2021-02-24,0.928302,0.958562,0.928302,0.958562
2021-02-25,0.958562,0.981181,0.958562,0.973616
2021-02-26,0.950922,0.973616,0.950922,0.958562
2021-03-01,0.981181,0.988671,0.958562,0.981181
2021-03-02,0.973616,0.988671,0.973616,0.981181
2021-03-03,0.981181,0.981181,0.958562,0.966052
2021-03-04,0.958562,0.966052,0.950922,0.950922
2021-03-05,0.950922,0.966052,0.950922,0.950922
2021-03-08,0.950922,0.966052,0.950922,0.966052
2021-03-09,0.950922,0.973616,0.950922,0.966052
2021-03-10,0.973616,0.988671,0.966052,0.988671
2021-03-11,0.973616,0.988671,0.958562,0.973616
2021-03-12,0.950922,0.981181,0.950922,0.973616
2021-03-15,0.973616,0.981181,0.966052,0.973616
2021-03-16,0.973616,0.973616,0.958562,0.966052
2021-03-17,0.958562,0.958562,0.928302,0.935871
2021-03-18,0.935871,0.935871,0.913252,0.913252
2021-03-19,0.905683,0.928302,0.898123,0.898123
2021-03-22,0.898123,0.913252,0.898123,0.913252
2021-03-23,0.920733,0.920733,0.898123,0.913252
2021-03-24,0.913252,0.913252,0.898123,0.905683
2021-03-25,0.898123,0.920733,0.875426,0.905683
2021-03-26,0.898123,0.920733,0.898123,0.920733
2021-03-29,0.920733,0.935871,0.920733,0.935871
2021-03-30,0.928302,0.935871,0.905683,0.905683
2021-03-31,0.913252,0.928302,0.913252,0.920733
2021-04-01,0.913252,0.913252,0.898123,0.913252
2021-04-06,0.913252,0.950922,0.913252,0.950922
2021-04-07,0.943348,0.950922,0.913252,0.935871
2021-04-08,0.950922,0.950922,0.920733,0.950922
2021-04-09,0.950922,0.966052,0.950922,0.958562
2021-04-12,0.950922,0.966052,0.950922,0.966052
2021-04-13,0.966052,0.966052,0.950922,0.950922
2021-04-14,0.950922,0.958562,0.943348,0.950922
2021-04-15,0.958562,0.958562,0.950922,0.950922
2021-04-16,0.950922,0.950922,0.935871,0.950922
2021-04-19,0.950922,0.950922,0.943348,0.950922
2021-04-20,0.950922,0.950922,0.928302,0.943348
2021-04-21,0.920733,0.935871,0.920733,0.920733
2021-04-22,0.928302,0.935871,0.913252,0.913252
2021-04-23,0.920733,0.920733,0.905683,0.913252
2021-04-26,0.920733,0.928302,0.913252,0.920733
2021-04-27,0.920733,0.920733,0.905683,0.905683
2021-04-28,0.913252,0.920733,0.905683,0.905683
2021-04-29,0.913252,0.935871,0.905683,0.920733
2021-04-30,0.920733,0.920733,0.913252,0.913252
2021-05-04,0.913252,0.928302,0.905683,0.905683
2021-05-05,0.920733,0.920733,0.913252,0.913252
2021-05-06,0.928302,0.988671,0.920733,0.988671
2021-05-07,1.0038,1.0038,0.966052,0.966052
2021-05-10,0.981181,1.0038,0.981181,0.981181
2021-05-11,0.981181,0.988671,0.973616,0.973616
2021-05-12,0.981181,0.981181,0.966052,0.981181
2021-05-13,0.981181,0.981181,0.966052,0.966052
2021-05-14,0.981181,0.996226,0.966052,0.996226
2021-05-17,0.996226,1.0038,0.981181,1.0038
2021-05-18,0.996226,1.02642,0.996226,1.0038
2021-05-19,1.0038,1.0038,0.988671,1.0038
2021-05-20,1.0038,1.0038,0.988671,0.996226
2021-05-21,0.996226,1.03397,0.988671,1.03397
2021-05-24,1.03397,1.0491,1.02642,1.0491
2021-05-25,1.0491,1.0491,1.04155,1.0491
2021-05-26,1.0491,1.07921,1.0491,1.07921
2021-05-27,1.07921,1.07921,1.05659,1.05659
2021-05-28,1.07172,1.07921,1.05659,1.07921
2021-05-31,1.07172,1.10947,1.07172,1.10947
2021-06-01,1.07921,1.10947,1.07921,1.09434
2021-06-02,1.10182,1.10182,1.05659,1.05659
2021-06-04,1.05659,1.07921,1.0491,1.06416
2021-06-07,1.06416,1.08678,1.0491,1.07172
2021-06-08,1.07921,1.07921,1.06416,1.07172
2021-06-09,1.07172,1.07172,1.0491,1.05659
2021-06-10,1.06416,1.06416,1.0491,1.06416
2021-06-11,1.07172,1.07172,1.0491,1.0491
2021-06-14,1.06416,1.07172,1.0491,1.06416
2021-06-15,1.06416,1.07921,1.06416,1.07921
2021-06-16,1.06416,1.07921,1.0491,1.0491
2021-06-17,1.0491,1.07172,1.0491,1.0491
2021-06-18,1.0491,1.07172,1.02642,1.02642
2021-06-21,1.02642,1.05659,1.02642,1.0491
2021-06-22,1.04155,1.06416,1.04155,1.05659
2021-06-23,1.05659,1.08678,1.0491,1.08678
2021-06-24,1.07921,1.08678,1.06416,1.08678
2021-06-25,1.08678,1.10182,1.07172,1.10182
2021-06-28,1.09434,1.10182,1.07921,1.07921
2021-06-29,1.07921,1.07921,1.06416,1.07172
2021-06-30,1.05659,1.06416,1.03397,1.03397
2021-07-01,1.02642,1.05659,1.01885,1.02642
2021-07-02,1.02642,1.04155,1.01885,1.03397
2021-07-05,1.02642,1.0491,1.02642,1.0491
2021-07-06,1.04155,1.0491,1.03397,1.04155
2021-07-07,1.03397,1.0491,1.03397,1.04155
2021-07-08,1.04155,1.0491,0.996226,0.996226
2021-07-09,0.996226,1.01885,0.996226,1.01128
2021-07-12,1.01128,1.01885,0.996226,0.996226
2021-07-13,0.996226,1.0038,0.996226,1.0038
2021-07-14,1.0038,1.01885,1.0038,1.01128
2021-07-15,1.01885,1.01885,1.0038,1.0038
2021-07-16,1.0038,1.01885,1.0038,1.01885
2021-07-19,1.02642,1.02642,1.0038,1.0038
2021-07-20,1.0038,1.01885,1.0038,1.01128
2021-07-21,1.0038,1.04155,1.0038,1.04155
2021-07-22,1.03397,1.0491,1.03397,1.04155
2021-07-23,1.02642,1.04155,1.02642,1.03397
2021-07-26,1.02642,1.0491,1.02642,1.0491
2021-07-27,1.0491,1.0491,1.03397,1.03397
2021-07-28,1.04155,1.0491,1.04155,1.0491
2021-07-29,1.0491,1.07172,1.0491,1.07172
2021-07-30,1.07172,1.07172,1.0491,1.07172
2021-08-02,1.07172,1.07172,1.05659,1.06416
2021-08-03,1.06416,1.07172,1.05659,1.07172
2021-08-04,1.07172,1.08678,1.07172,1.08678
2021-08-05,1.07172,1.09434,1.06416,1.09434
2021-08-06,1.10182,1.1547,1.10182,1.14722
2021-08-09,1.14722,1.19252,1.14722,1.16984
2021-08-10,1.16984,1.20758,1.16984,1.20001
2021-08-11,1.20758,1.21514,1.20758,1.21514
2021-08-12,1.20758,1.20758,1.20001,1.20758
2021-08-13,1.20001,1.20758,1.18497,1.20758
2021-08-16,1.20758,1.20758,1.19252,1.20758
2021-08-17,1.20001,1.20001,1.17732,1.18497
2021-08-18,1.18497,1.18497,1.17732,1.17732
2021-08-19,1.16984,1.16984,1.13209,1.13965
2021-08-20,1.1547,1.1547,1.13209,1.14722
2021-08-23,1.14722,1.17732,1.12453,1.17732
2021-08-24,1.16984,1.17732,1.14722,1.17732
2021-08-25,1.17732,1.17732,1.16227,1.16984
2021-08-26,1.16227,1.17732,1.1547,1.1547
2021-08-27,1.16984,1.19252,1.16984,1.17732
2021-08-30,1.18497,1.26047,1.18497,1.26047
2021-08-31,1.26047,1.27551,1.23776,1.27551
2021-09-01,1.28308,1.28308,1.25282,1.28308
2021-09-02,1.29057,1.29812,1.26047,1.26047
2021-09-03,1.25282,1.27551,1.2302,1.23776
2021-09-06,1.24524,1.27551,1.24524,1.26795
2021-09-07,1.26795,1.28308,1.25282,1.28308
2021-09-08,1.28308,1.28308,1.24524,1.26795
2021-09-09,1.26795,1.26795,1.25282,1.26795
2021-09-10,1.26795,1.26795,1.25282,1.25282
2021-09-13,1.25282,1.27551,1.25282,1.27551
2021-09-14,1.27551,1.27551,1.25282,1.25282
2021-09-15,1.25282,1.27551,1.25282,1.26795
2021-09-16,1.26047,1.28308,1.26047,1.28308
2021-09-17,1.25282,1.29057,1.25282,1.29057
2021-09-20,1.26795,1.26795,1.2302,1.26795
2021-09-21,1.24524,1.27551,1.24524,1.27551
2021-09-22,1.27551,1.28308,1.26047,1.28308
2021-09-23,1.28308,1.29057,1.27551,1.28308
2021-09-24,1.29057,1.29057,1.26795,1.26795
2021-09-27,1.27551,1.28308,1.27551,1.28308
2021-09-28,1.27551,1.28308,1.26795,1.27551
2021-09-29,1.26795,1.28308,1.26047,1.26795
2021-09-30,1.26795,1.28308,1.26047,1.27551
2021-10-01,1.26795,1.29812,1.26047,1.29812
2021-10-04,1.29057,1.33579,1.28308,1.32831
2021-10-05,1.32074,1.36606,1.32074,1.351
2021-10-06,1.351,1.4566,1.34344,1.42641
2021-10-07,1.47173,1.47173,1.36606,1.41129
2021-10-08,1.40372,1.41129,1.38867,1.40372
2021-10-11,1.40372,1.44154,1.39624,1.39624
2021-10-12,1.40372,1.42641,1.40372,1.42641
2021-10-13,1.42641,1.42641,1.41129,1.41893
2021-10-14,1.41129,1.42641,1.41129,1.41129
2021-10-15,1.42641,1.42641,1.40372,1.42641
2021-10-18,1.42641,1.43399,1.41893,1.43399
2021-10-19,1.42641,1.44154,1.41893,1.43399
2021-10-20,1.42641,1.48678,1.42641,1.47921
2021-10-21,1.47921,1.49442,1.47173,1.48678
2021-10-22,1.48678,1.50191,1.47921,1.48678
2021-10-25,1.49442,1.49442,1.44903,1.47173
2021-10-26,1.46416,1.47173,1.44154,1.47173
2021-10-27,1.47173,1.47173,1.44154,1.4566
2021-10-28,1.46416,1.46416,1.44154,1.4566
2021-10-29,1.44903,1.50948,1.44903,1.49442
2021-11-02,1.53209,1.53966,1.50191,1.53966
2021-11-03,1.53966,1.56228,1.4566,1.47921
2021-11-04,1.51704,1.53966,1.50191,1.53966
2021-11-05,1.56228,1.60002,1.53966,1.58497
2021-11-08,1.57741,1.58497,1.54714,1.56984
2021-11-09,1.57741,1.57741,1.54714,1.55471
2021-11-10,1.57741,1.58497,1.53209,1.55471
2021-11-12,1.53966,1.56228,1.53209,1.54714
2021-11-15,1.53966,1.58497,1.53966,1.54714
2021-11-16,1.58497,1.58497,1.55471,1.56984
2021-11-17,1.59246,1.59246,1.54714,1.56984
2021-11-18,1.55471,1.56984,1.53966,1.53966
2021-11-19,1.53209,1.55471,1.47173,1.47173
2021-11-22,1.44903,1.48678,1.44903,1.47173
2021-11-23,1.46416,1.50191,1.46416,1.48678
2021-11-24,1.48678,1.51704,1.47921,1.51704
2021-11-25,1.51704,1.53966,1.50948,1.50948
2021-11-26,1.50948,1.50948,1.44154,1.46416
2021-11-29,1.46416,1.47921,1.44903,1.4566
2021-11-30,1.46416,1.51704,1.43399,1.47173
2021-12-01,1.51704,1.51704,1.46416,1.47921
2021-12-02,1.47716,1.5079,1.4618,1.46944
2021-12-03,1.50025,1.50025,1.44635,1.44635
2021-12-06,1.49253,1.49253,1.45407,1.47716
2021-12-07,1.47716,1.52334,1.47716,1.52334
2021-12-08,1.52334,1.53099,1.46944,1.48481
2021-12-09,1.48481,1.50025,1.45407,1.47716
2021-12-10,1.45407,1.4618,1.45407,1.4618
2021-12-13,1.46944,1.47716,1.43871,1.43871
2021-12-14,1.43871,1.45407,1.41562,1.42326
2021-12-15,1.41562,1.43099,1.36944,1.42326
2021-12-16,1.42326,1.44635,1.41562,1.44635
2021-12-17,1.4618,1.48481,1.41562,1.47716
2021-12-20,1.47716,1.47716,1.42326,1.47716
2021-12-21,1.47716,1.51562,1.47716,1.51562
2021-12-22,1.51562,1.52334,1.50025,1.52334
2021-12-23,1.51562,1.51562,1.50025,1.51562
2021-12-27,1.51562,1.5618,1.50025,1.53871
2021-12-28,1.53871,1.56945,1.53099,1.56945
2021-12-29,1.57717,1.59254,1.55408,1.59254
2021-12-30,1.60798,1.60798,1.52334,1.53099
2022-01-03,1.53871,1.56945,1.53871,1.54636
2022-01-04,1.55408,1.55408,1.53871,1.54636
2022-01-05,1.54636,1.5618,1.53871,1.5618
2022-01-07,1.54636,1.57717,1.53871,1.57717
2022-01-10,1.56945,1.59254,1.5618,1.59254
2022-01-11,1.60026,1.62335,1.59254,1.60798
2022-01-12,1.63099,1.63099,1.59254,1.60798
2022-01-13,1.61563,1.61563,1.59254,1.59254
2022-01-14,1.60026,1.60026,1.56945,1.58489
2022-01-17,1.58489,1.60798,1.57717,1.60798
2022-01-18,1.60798,1.60798,1.5618,1.57717
2022-01-19,1.57717,1.58489,1.5618,1.57717
2022-01-20,1.58489,1.58489,1.54636,1.55408
2022-01-21,1.54636,1.54636,1.51562,1.53099
2022-01-24,1.52334,1.53871,1.47716,1.52334
2022-01-25,1.47716,1.53871,1.47716,1.53871
2022-01-26,1.53099,1.60026,1.52334,1.56945
2022-01-27,1.56945,1.59254,1.56945,1.58489
2022-01-28,1.59254,1.59254,1.53871,1.58489
2022-01-31,1.58489,1.58489,1.53871,1.54636
2022-02-01,1.55408,1.56945,1.54636,1.5618
2022-02-02,1.56945,1.58489,1.54636,1.58489
2022-02-03,1.60026,2.09262,1.58489,2.09262
2022-02-04,2.09262,2.1388,2.07726,2.11571
2022-02-07,2.11571,2.12344,2.06953,2.08497
2022-02-08,2.10035,2.10799,2.08497,2.08497
2022-02-09,2.09262,2.10799,2.08497,2.10035
2022-02-10,2.12344,2.12344,2.10035,2.12344
2022-02-11,2.12344,2.12344,2.06188,2.08497
2022-02-14,2.03879,2.07726,1.9849,2.00034
2022-02-15,2.00799,2.05417,2.00034,2.01571
2022-02-16,2.06188,2.06188,2.00799,2.03108
2022-02-17,2.02343,2.03108,1.95416,1.96953
2022-02-18,1.96953,1.99262,1.96953,1.9849
2022-02-21,1.9849,2.00799,1.90798,1.95416
2022-02-22,1.89261,1.9849,1.89261,1.97725
2022-02-23,1.96181,1.97725,1.89261,1.92335
2022-02-24,1.84643,1.84643,1.6849,1.70799
2022-02-25,1.71563,1.83872,1.70799,1.83872
2022-02-28,1.83872,1.84643,1.76953,1.7849
2022-03-01,1.79262,1.80799,1.72335,1.73872
2022-03-02,1.72335,1.76953,1.69254,1.76953
2022-03-03,1.76953,1.76953,1.70799,1.70799
2022-03-04,1.70799,1.70799,1.60798,1.63099
2022-03-07,1.64643,1.71563,1.5079,1.71563
2022-03-08,1.69254,1.76953,1.62335,1.67717
2022-03-09,1.70799,1.76953,1.69254,1.76953
2022-03-10,1.77717,1.77717,1.71563,1.75409
2022-03-11,1.75409,1.81571,1.73872,1.81571
2022-03-14,1.82335,1.83872,1.77717,1.79262
2022-03-15,1.80799,1.80799,1.73108,1.75409
2022-03-16,1.76181,1.83872,1.76181,1.81571
2022-03-17,1.81571,1.84643,1.80026,1.84643
2022-03-18,1.86181,1.86181,1.77717,1.77717
2022-03-21,1.7849,1.80799,1.7849,1.79262
2022-03-22,1.7849,1.80026,1.77717,1.80026
2022-03-23,1.81571,1.83108,1.77717,1.77717
2022-03-24,1.79262,1.80799,1.73108,1.73872
2022-03-25,1.73872,1.76953,1.73108,1.76953
2022-03-28,1.76953,1.80026,1.74644,1.75409
2022-03-29,1.76181,1.82335,1.76181,1.76181
2022-03-30,1.79262,1.79262,1.76181,1.76953
2022-03-31,1.77717,1.79262,1.73872,1.74644
2022-04-01,1.76181,1.7849,1.76181,1.7849
2022-04-04,1.80026,1.84643,1.80026,1.80799
2022-04-05,1.80799,1.83108,1.80799,1.81571
2022-04-06,1.80799,1.80799,1.74644,1.77717
2022-04-07,1.77717,1.77717,1.73108,1.73108
2022-04-08,1.75409,1.76181,1.73108,1.74644
2022-04-11,1.74644,1.76181,1.73108,1.73872
2022-04-12,1.76181,1.76181,1.71563,1.71563
2022-04-13,1.71791,1.74155,1.71791,1.72579
2022-04-14,1.72579,1.73368,1.65486,1.65486
2022-04-19,1.65486,1.68638,1.60759,1.61547
2022-04-20,1.60759,1.69427,1.60759,1.66275
2022-04-21,1.68638,1.69427,1.63911,1.66275
2022-04-22,1.67851,1.67851,1.62335,1.62335
2022-04-25,1.61547,1.62335,1.51302,1.56031
2022-04-26,1.55242,1.5997,1.5209,1.5209
2022-04-27,1.52879,1.52879,1.41058,1.44997
2022-04-28,1.44997,1.49726,1.44997,1.48938
2022-04-29,1.51302,1.5209,1.48938,1.48938
2022-05-02,1.50515,1.50515,1.45786,1.48938
2022-05-04,1.48149,1.48149,1.44211,1.47363
2022-05-05,1.50515,1.50515,1.46574,1.46574
2022-05-06,1.46574,1.48149,1.42634,1.47363
2022-05-09,1.48149,1.7652,1.44211,1.7652
2022-05-10,1.78883,1.78883,1.71003,1.74155
2022-05-11,1.77307,1.77307,1.71791,1.72579
2022-05-12,1.71003,1.77307,1.67851,1.74155
2022-05-13,1.74943,1.80459,1.74943,1.78883
2022-05-16,1.82824,1.82824,1.78883,1.79672
2022-05-17,1.82036,1.82036,1.79672,1.79672
2022-05-18,1.78883,1.82824,1.78883,1.82036
2022-05-19,1.79672,1.79672,1.74943,1.74943
2022-05-20,1.77307,1.78095,1.74943,1.77307
2022-05-23,1.77307,1.85976,1.77307,1.83612
2022-05-24,1.82036,1.87551,1.79672,1.85976
2022-05-25,1.83612,1.86764,1.78095,1.78095
2022-05-26,1.83612,1.83612,1.75731,1.75731
2022-05-27,1.78883,1.80459,1.74943,1.80459
2022-05-30,1.81247,1.82036,1.78095,1.78883
2022-05-31,1.78883,1.79672,1.74943,1.74943
2022-06-01,1.77307,1.78095,1.74155,1.7652
2022-06-02,1.7652,1.78095,1.74943,1.7652
2022-06-03,1.78883,1.78883,1.7652,1.78095
2022-06-06,1.78095,1.78883,1.7652,1.77307
2022-06-07,1.77307,1.79672,1.75731,1.75731
2022-06-08,1.74943,1.74943,1.71003,1.71791
2022-06-09,1.71791,1.72579,1.67063,1.68638
2022-06-10,1.66275,1.67063,1.63911,1.63911
2022-06-13,1.63123,1.63123,1.59183,1.62335
2022-06-14,1.61547,1.63911,1.59183,1.60759
2022-06-15,1.5997,1.61547,1.5997,1.60759
2022-06-17,1.5997,1.62335,1.55242,1.5997
2022-06-20,1.55242,1.62335,1.55242,1.62335
2022-06-21,1.62335,1.66275,1.62335,1.65486
2022-06-22,1.63911,1.63911,1.60759,1.61547
2022-06-23,1.60759,1.62335,1.58394,1.59183
2022-06-24,1.60759,1.61547,1.59183,1.60759
2022-06-27,1.60759,1.62335,1.59183,1.5997
2022-06-28,1.60759,1.62335,1.59183,1.59183
2022-06-29,1.59183,1.66275,1.56031,1.66275
2022-06-30,1.67063,1.67063,1.56818,1.56818
2022-07-01,1.56818,1.60759,1.56818,1.57607
2022-07-04,1.58394,1.60759,1.53666,1.60759
2022-07-05,1.74943,1.74943,1.53666,1.54455
2022-07-06,1.56031,1.56031,1.48149,1.48149
2022-07-07,1.49726,1.53666,1.47363,1.53666
2022-07-08,1.53666,1.56031,1.5209,1.52879
2022-07-11,1.53666,1.53666,1.49726,1.5209
2022-07-12,1.49726,1.49726,1.44211,1.44211
2022-07-13,1.44997,1.44997,1.41058,1.44997
2022-07-14,1.43422,1.43422,1.36329,1.36329
2022-07-15,1.36329,1.4027,1.36329,1.38693
2022-07-18,1.4027,1.43422,1.38693,1.39481
2022-07-19,1.4027,1.41058,1.37118,1.4027
2022-07-20,1.42634,1.44997,1.39481,1.44997
2022-07-21,1.44211,1.44211,1.4027,1.4027
2022-07-22,1.4027,1.44997,1.4027,1.44211
2022-07-25,1.44211,1.47363,1.42634,1.46574
2022-07-26,1.44997,1.47363,1.44997,1.45786
2022-07-27,1.45786,1.45786,1.41058,1.41845
2022-07-28,1.43422,1.43422,1.39481,1.4027
2022-07-29,1.41845,1.59183,1.4027,1.59183
2022-08-01,1.54455,1.59183,1.52879,1.59183
2022-08-02,1.59183,1.59183,1.50515,1.50515
2022-08-03,1.49726,1.55242,1.46574,1.55242
2022-08-04,1.5209,2.11981,1.46574,2.11981
2022-08-05,2.14345,2.14345,2.05677,2.05677
2022-08-08,2.05677,2.18285,2.05677,2.14345
2022-08-09,2.15133,2.1986,2.15133,2.19074
2022-08-10,2.19074,2.1986,2.16708,2.1986
2022-08-11,2.16708,2.20649,2.16708,2.16708
2022-08-12,2.16708,2.20649,2.16708,2.16708
2022-08-16,2.19074,2.1986,2.16708,2.19074
2022-08-17,2.19074,2.1986,2.13556,2.15133
2022-08-18,2.19074,2.19074,2.10404,2.11981
2022-08-19,2.1277,2.1277,2.05677,2.05677
2022-08-22,2.04888,2.04888,2.0016,2.04101
2022-08-23,2.05677,2.11192,1.99372,1.99372
2022-08-24,2.0016,2.03312,1.95432,1.97008
2022-08-25,1.97796,2.03312,1.97008,1.97008
2022-08-26,2.00948,2.00948,1.93856,1.93856
2022-08-29,1.9622,1.9622,1.87551,1.89916
2022-08-30,1.87551,1.95432,1.72579,1.72579
2022-08-31,1.73368,1.82036,1.73368,1.7652
2022-09-01,1.78883,1.87551,1.74155,1.82824
2022-09-02,1.83612,1.91492,1.83612,1.91492
2022-09-05,1.8834,1.9228,1.87551,1.91492
2022-09-06,1.9228,1.97796,1.8834,1.90703
2022-09-07,1.89916,1.9622,1.89128,1.9622
2022-09-08,1.9622,2.01736,1.9622,2.01736
2022-09-09,2.02525,2.07252,2.02525,2.04888
2022-09-12,2.05677,2.10404,2.04101,2.0804
2022-09-13,2.11192,2.11192,1.99372,1.99372
2022-09-14,1.99372,2.01736,1.93856,1.94644
2022-09-15,1.99372,2.03312,1.94644,2.01736
2022-09-16,2.04888,2.04888,1.89916,1.89916
2022-09-19,1.91492,1.97796,1.89916,1.97796
2022-09-20,1.99372,2.02525,1.87551,1.8834
2022-09-21,1.8834,1.8834,1.82036,1.83612
2022-09-22,1.84399,1.8834,1.82036,1.84399
2022-09-23,1.87551,1.87551,1.77307,1.81247
2022-09-26,1.78095,1.85976,1.78095,1.85976
2022-09-27,1.8834,1.8834,1.81247,1.83612
2022-09-28,1.81247,1.85976,1.75731,1.85976
2022-09-29,1.8834,1.8834,1.74943,1.78095
2022-09-30,1.78095,1.85976,1.77307,1.85188
2022-10-03,1.85976,1.8834,1.82036,1.87551
2022-10-04,1.8834,1.93856,1.85188,1.9228
2022-10-05,1.93856,1.93856,1.81247,1.83612
2022-10-06,1.8834,1.8834,1.81247,1.83612
2022-10-07,1.82036,1.86764,1.79672,1.79672
2022-10-10,1.80459,1.82036,1.77307,1.80459
2022-10-11,1.80459,1.84399,1.78095,1.82036
2022-10-12,1.82824,1.83612,1.79672,1.79672
2022-10-13,1.82036,1.82824,1.74943,1.75731
2022-10-14,1.80459,1.85188,1.80459,1.83612
2022-10-17,1.83612,1.93856,1.82824,1.93856
2022-10-18,1.93856,1.97008,1.89128,1.91492
2022-10-19,1.89916,1.89916,1.82824,1.85976
2022-10-20,1.85976,1.97008,1.85976,1.97008
2022-10-21,1.97008,1.97008,1.87551,1.90703
2022-10-24,1.99372,1.99372,1.89128,1.90703
2022-10-25,1.90703,1.97796,1.90703,1.97796
2022-10-26,1.97796,2.05677,1.97796,2.05677
2022-10-27,2.05677,2.10404,2.04101,2.09617
2022-10-28,2.1277,2.1277,2.04101,2.11981
2022-10-31,2.1277,2.21437,2.11981,2.21437
2022-11-02,2.2459,2.2459,2.14345,2.14345
2022-11-03,2.13556,2.18285,2.08829,2.18285
2022-11-04,2.21437,2.37197,2.1986,2.37197
2022-11-07,2.37197,2.38774,2.3247,2.34045
2022-11-08,2.34045,2.34834,2.27742,2.30894
2022-11-09,2.33258,2.33258,2.27742,2.30894
2022-11-10,2.29318,2.29318,2.23801,2.26165
2022-11-14,2.29318,2.41926,2.29318,2.41926
2022-11-15,2.48231,2.48231,2.34834,2.45079
2022-11-16,2.40349,2.40349,2.31681,2.31681
2022-11-17,2.33258,2.33258,2.26165,2.26953
2022-11-18,2.26953,2.31681,2.25377,2.25377
2022-11-21,2.25377,2.25377,2.22225,2.22225
2022-11-22,2.21437,2.28529,2.21437,2.21437
2022-11-23,2.2459,2.26953,2.22225,2.23801
2022-11-24,2.26165,2.27742,2.23801,2.27742
2022-11-25,2.30894,2.30894,2.26165,2.26165
2022-11-28,2.26165,2.30894,2.26165,2.26953
2022-11-29,2.30105,2.30105,2.26165,2.26953
2022-11-30,2.30105,2.34834,2.26165,2.26953
2022-12-01,2.33258,2.33258,2.27742,2.3247
2022-12-02,2.34045,2.34834,2.27742,2.3247
2022-12-05,2.31681,2.34045,2.30105,2.30105
2022-12-06,2.29318,2.29318,2.20649,2.20649
2022-12-07,2.22225,2.22225,2.18285,2.18285
2022-12-08,2.18285,2.1986,2.15133,2.15922
2022-12-09,2.15922,2.16708,2.13556,2.15133
2022-12-12,2.15133,2.1986,2.14345,2.16708
2022-12-13,2.18285,2.20649,2.14345,2.20649
2022-12-14,2.20649,2.25377,2.1986,2.21437
2022-12-15,2.2459,2.2459,2.13556,2.14345
2022-12-16,2.14345,2.14345,2.08829,2.09617
2022-12-19,2.09617,2.13556,2.08829,2.11192
2022-12-20,2.11192,2.19074,2.08829,2.19074
2022-12-21,2.21437,2.25377,2.19074,2.23801
2022-12-22,2.25377,2.30105,2.2459,2.30105
2022-12-23,2.30894,2.30894,2.27742,2.29318
2022-12-27,2.26165,2.30894,2.26165,2.30105
2022-12-28,2.29318,2.33258,2.28529,2.30105
2022-12-29,2.29318,2.34045,2.29318,2.30105
2022-12-30,2.27742,2.30105,2.26953,2.27742
2023-01-02,2.29318,2.30105,2.2459,2.26953
2023-01-03,2.27742,2.37197,2.25377,2.35622
2023-01-04,2.37197,2.46654,2.37197,2.4429
2023-01-05,2.47442,2.60051,2.45866,2.46654
2023-01-09,2.50594,2.53747,2.49017,2.5217
2023-01-10,2.50594,2.51383,2.49806,2.49806
2023-01-11,2.51383,2.55323,2.45079,2.47442
2023-01-12,2.45079,2.51383,2.45079,2.51383
2023-01-13,2.51383,2.51383,2.45866,2.47442
2023-01-16,2.51383,2.51383,2.45866,2.48231
2023-01-17,2.51383,2.51383,2.39562,2.40349
2023-01-18,2.40349,2.4429,2.34834,2.37197
2023-01-19,2.37197,2.38774,2.29318,2.33258
2023-01-20,2.33258,2.40349,2.3247,2.3641
2023-01-23,2.40349,2.45079,2.38774,2.42714
2023-01-24,2.43502,2.45866,2.39562,2.41138
2023-01-25,2.41138,2.41138,2.34834,2.37197
2023-01-26,2.37197,2.37197,2.34834,2.3641
2023-01-27,2.3641,2.37197,2.35622,2.37197
2023-01-30,2.38774,2.38774,2.29318,2.30105
2023-01-31,2.30894,2.38774,2.30105,2.38774
2023-02-01,2.38774,2.41926,2.35622,2.38774
2023-02-02,2.40349,2.4429,2.34045,2.37197
2023-02-03,2.35622,2.38774,2.35622,2.38774
2023-02-06,2.38774,2.38774,2.34834,2.34834
2023-02-07,2.33258,2.34834,2.3247,2.3247
2023-02-08,2.33258,2.35622,2.33258,2.34045
2023-02-09,2.3641,2.41138,2.35622,2.40349
2023-02-10,2.40349,2.41138,2.31681,2.3641
2023-02-13,2.3641,2.37197,2.26953,2.28529
2023-02-14,2.29318,2.34045,2.29318,2.30894
2023-02-15,2.29318,2.34045,2.29318,2.31681
2023-02-16,2.34834,2.37986,2.29318,2.37197
2023-02-17,2.37197,2.37197,2.3247,2.33258
2023-02-20,2.35622,2.35622,2.31681,2.31681
2023-02-21,2.3247,2.3247,2.26165,2.30894
2023-02-22,2.30105,2.30105,2.23801,2.25377
2023-02-23,2.27742,2.30894,2.26165,2.29318
2023-02-24,2.31681,2.34045,2.26165,2.29318
2023-02-27,2.27742,2.33258,2.27742,2.3247
2023-02-28,2.3247,2.37986,2.30105,2.35622
2023-03-01,2.35622,2.40349,2.35622,2.38774
2023-03-02,2.38774,2.38774,2.30105,2.30105
2023-03-03,2.34045,2.37197,2.31681,2.34834
2023-03-06,2.37197,2.45866,2.37197,2.41926
2023-03-07,2.42714,2.42714,2.40349,2.41926
2023-03-08,2.39562,2.43502,2.39562,2.39562
2023-03-09,2.38774,2.42714,2.38774,2.41926
2023-03-10,2.37986,2.37986,2.30894,2.37197
2023-03-13,2.33258,2.38774,2.23801,2.26953
2023-03-14,2.26165,2.33258,2.23801,2.29318
2023-03-15,2.31681,2.34045,2.19074,2.19074
2023-03-16,2.1986,2.23013,2.10404,2.18285
2023-03-17,2.23013,2.26165,2.14345,2.1986
2023-03-20,2.1986,2.20649,1.74155,1.74155
2023-03-21,1.74155,1.80459,1.74155,1.75731
2023-03-22,1.7652,1.78883,1.72579,1.72579
2023-03-23,1.74155,1.77307,1.71791,1.75731
2023-03-24,1.77307,1.77307,1.73368,1.73368
2023-03-27,1.74155,1.78883,1.74155,1.7652
2023-03-28,1.7652,1.85188,1.7652,1.7652
2023-03-29,1.78095,1.78095,1.72579,1.72579
2023-03-30,1.74943,1.78883,1.74155,1.77307
2023-03-31,1.78095,1.80459,1.74943,1.79672
2023-04-03,1.78095,1.85188,1.78095,1.85188
2023-04-04,1.85188,1.85188,1.81247,1.83612
2023-04-05,1.83612,1.83612,1.78095,1.82036
2023-04-06,1.78095,1.80459,1.78095,1.78883
2023-04-11,1.78883,1.85976,1.78883,1.85976
2023-04-12,1.85188,1.85188,1.81247,1.83612
2023-04-13,1.83612,1.84399,1.82036,1.82824
2023-04-14,1.83612,1.83612,1.81247,1.81247
2023-04-17,1.81247,1.82036,1.79672,1.82036
2023-04-18,1.82036,1.83612,1.82036,1.83612
2023-04-19,1.82036,1.83612,1.81247,1.82036
2023-04-20,1.83612,1.83612,1.81247,1.81247
2023-04-21,1.80459,1.81247,1.78095,1.78095
2023-04-24,1.78095,1.78883,1.77307,1.78095
2023-04-25,1.78095,1.78095,1.7652,1.7652
2023-04-26,1.75731,1.77307,1.73368,1.75731
2023-04-27,1.74943,1.7652,1.74155,1.74155
2023-04-28,1.75731,1.78095,1.74155,1.74155
2023-05-02,1.74943,1.7652,1.74155,1.75731
2023-05-04,1.75731,1.75731,1.71791,1.71791
2023-05-05,1.73368,1.7652,1.71003,1.75731
2023-05-08,1.7652,1.87551,1.7652,1.82036
2023-05-09,1.84399,1.89916,1.83612,1.89916
2023-05-10,1.89916,1.93068,1.87551,1.9228
2023-05-11,1.93856,1.93856,1.54455,1.54455
2023-05-12,1.56031,1.56031,1.50515,1.50515
2023-05-15,1.50515,1.5209,1.49726,1.50515
2023-05-16,1.5209,1.5209,1.50515,1.5209
2023-05-17,1.52879,1.57607,1.52879,1.56031
2023-05-18,1.56818,1.58394,1.53666,1.53666
2023-05-19,1.55242,1.59183,1.55242,1.56818
2023-05-22,1.57607,1.5997,1.57607,1.5997
2023-05-23,1.5997,1.62335,1.59183,1.62335
2023-05-24,1.62335,1.62335,1.54455,1.55242
2023-05-25,1.55242,1.56818,1.53666,1.55242
2023-05-26,1.56031,1.56818,1.54455,1.55242
2023-05-29,1.55242,1.56031,1.52879,1.52879
2023-05-30,1.52879,1.53666,1.51302,1.53666
2023-05-31,1.5209,1.5209,1.47363,1.48938
2023-06-01,1.48149,1.5209,1.48149,1.5209
2023-06-02,1.52879,1.56031,1.5209,1.56031
2023-06-05,1.56031,1.56031,1.5209,1.53666
2023-06-06,1.53666,1.54455,1.52879,1.54455
2023-06-07,1.55242,1.55242,1.5209,1.54455
2023-06-09,1.56031,1.56031,1.52879,1.53666
2023-06-12,1.52879,1.55242,1.52879,1.54455
2023-06-13,1.56031,1.56031,1.50515,1.50515
2023-06-14,1.49726,1.55242,1.49726,1.54455
2023-06-15,1.54455,1.58394,1.52879,1.58394
2023-06-16,1.58394,1.61547,1.58394,1.5997
2023-06-19,1.58394,1.65486,1.58394,1.64699
2023-06-20,1.64699,1.68638,1.62335,1.66275
2023-06-21,1.67851,1.67851,1.64699,1.65486
2023-06-22,1.65486,1.67851,1.63123,1.63911
2023-06-23,1.65486,1.65486,1.57607,1.57607
2023-06-26,1.57607,1.65486,1.56818,1.63911
2023-06-27,1.65486,1.67063,1.61547,1.62335
2023-06-28,1.63911,1.65486,1.60759,1.60759
2023-06-29,1.63123,1.67063,1.63123,1.67063
2023-06-30,1.67063,1.71003,1.64699,1.71003
2023-07-03,1.71791,1.72579,1.66275,1.66275
2023-07-04,1.70215,1.70215,1.67063,1.69427
2023-07-05,1.68638,1.70215,1.65486,1.68638
2023-07-06,1.68638,1.69427,1.65486,1.67851
2023-07-07,1.67851,1.69427,1.66275,1.67851
2023-07-10,1.67851,1.73368,1.67063,1.73368
2023-07-11,1.73368,1.75731,1.71791,1.74943
2023-07-12,1.73368,1.84399,1.73368,1.84399
2023-07-13,1.84399,1.84399,1.78095,1.81247
2023-07-14,1.80459,1.86764,1.80459,1.84399
2023-07-17,1.82824,1.85976,1.82036,1.84399
2023-07-18,1.84399,1.85188,1.82824,1.84399
2023-07-19,1.85976,1.86764,1.83612,1.83612
2023-07-20,1.83612,1.85188,1.83612,1.84399
2023-07-21,1.84399,1.85976,1.82824,1.84399
2023-07-24,1.84399,1.85976,1.82824,1.82824
2023-07-25,1.82824,1.84399,1.81247,1.83612
2023-07-26,1.83612,1.83612,1.81247,1.81247
2023-07-27,1.80459,1.82824,1.79672,1.79672
2023-07-28,1.81247,1.81247,1.78095,1.78095
2023-07-31,1.77307,1.82824,1.77307,1.82036
2023-08-01,1.82824,1.82824,1.78883,1.78883
2023-08-02,1.78883,1.78883,1.73368,1.74155
2023-08-03,1.74943,1.82036,1.57607,1.57607
2023-08-04,1.58394,1.58394,1.5737,1.58158
2023-08-07,1.57528,1.58001,1.54218,1.54218
2023-08-08,1.54218,1.54218,1.48544,1.4949
2023-08-09,1.4949,1.52642,1.4886,1.4949
2023-08-10,1.50435,1.52012,1.46338,1.51066
2023-08-11,1.50751,1.55479,1.47125,1.53587
2023-08-14,1.54848,1.60128,1.5343,1.58553
2023-08-16,1.58001,1.58553,1.56582,1.5737
2023-08-17,1.5737,1.58553,1.55006,1.55164
2023-08-18,1.57212,1.5737,1.53272,1.53745
2023-08-21,1.52957,1.58158,1.52957,1.58158
2023-08-22,1.58158,1.58158,1.53115,1.53115
2023-08-23,1.53272,1.54534,1.49333,1.49333
2023-08-24,1.4949,1.51223,1.4949,1.51066
2023-08-25,1.50435,1.51538,1.47125,1.47125
2023-08-28,1.47756,1.51066,1.47756,1.51066
2023-08-29,1.51066,1.52957,1.49805,1.52957
2023-08-30,1.52642,1.5343,1.51382,1.52642
2023-08-31,1.53272,1.55006,1.51223,1.5469
2023-09-01,1.5469,1.5469,1.50278,1.52327
2023-09-04,1.54218,1.54218,1.50278,1.50278
2023-09-05,1.4949,1.50751,1.47914,1.48701
2023-09-06,1.49174,1.49174,1.44131,1.47125
2023-09-07,1.48071,1.52485,1.44762,1.50278
2023-09-08,1.50278,1.55006,1.50278,1.55006
2023-09-11,1.52642,1.55637,1.50435,1.53745
2023-09-12,1.50593,1.51066,1.48701,1.48701
2023-09-13,1.48701,1.53587,1.48229,1.5343
2023-09-14,1.53115,1.54848,1.52642,1.5343
2023-09-15,1.54218,1.5469,1.51066,1.52327
2023-09-18,1.51223,1.52169,1.50435,1.51066
2023-09-19,1.56582,1.56582,1.50908,1.52485
2023-09-20,1.53587,1.53587,1.50593,1.51066
2023-09-21,1.51854,1.51854,1.46652,1.46652
2023-09-22,1.48701,1.48701,1.45234,1.45234
2023-09-25,1.45234,1.47756,1.40978,1.44762
2023-09-26,1.44762,1.47914,1.42713,1.46811
2023-09-27,1.44762,1.46495,1.40822,1.40822
2023-09-28,1.4224,1.43028,1.38378,1.40664
2023-09-29,1.40822,1.45549,1.40822,1.42397
2023-10-02,1.42397,1.43344,1.36803,1.36803
2023-10-03,1.36803,1.39167,1.36803,1.39167
2023-10-04,1.39009,1.41925,1.39009,1.41925
2023-10-05,1.43816,1.45077,1.40506,1.40822
2023-10-06,1.42555,1.45234,1.41767,1.41925
2023-10-09,1.42397,1.47914,1.4161,1.47914
2023-10-10,1.47914,1.51066,1.47914,1.4949
2023-10-11,1.51066,1.51382,1.49963,1.51066
2023-10-12,1.50435,1.51538,1.48701,1.51538
2023-10-13,1.51696,1.55321,1.51696,1.52957
2023-10-16,1.56582,1.66511,1.55952,1.63359
2023-10-17,1.63359,1.68482,1.62571,1.66116
2023-10-18,1.66116,1.70452,1.66116,1.67299
2023-10-19,1.6533,1.66511,1.6131,1.62965
2023-10-20,1.62965,1.63753,1.60128,1.60128
2023-10-23,1.60522,1.63753,1.59734,1.62178
2023-10-24,1.60916,1.66511,1.60916,1.64541
2023-10-25,1.66116,1.68087,1.63753,1.64541
2023-10-26,1.62965,1.68482,1.62965,1.65724
2023-10-27,1.64935,1.66905,1.62178,1.62178
2023-10-30,1.62178,1.68876,1.62178,1.68876
2023-10-31,1.68876,1.72816,1.68482,1.72816
2023-11-02,1.73998,1.77544,1.48544,1.48544
2023-11-03,1.51223,1.56345,1.48544,1.55952
2023-11-06,1.55321,1.61075,1.55321,1.60364
2023-11-07,1.6005,1.6005,1.55006,1.55006
2023-11-08,1.55321,1.58709,1.52642,1.58001
2023-11-09,1.58001,1.62098,1.56661,1.62098
2023-11-10,1.61389,1.61389,1.57685,1.6068
2023-11-13,1.6068,1.6068,1.54296,1.54296
2023-11-14,1.54612,1.6068,1.54612,1.6068
2023-11-15,1.6068,1.61705,1.55637,1.55637
2023-11-16,1.55637,1.61389,1.55637,1.6068
2023-11-17,1.5934,1.62098,1.59026,1.61389
2023-11-20,1.6068,1.64463,1.58709,1.64068
2023-11-21,1.64463,1.64778,1.60364,1.63044
2023-11-22,1.62413,1.65408,1.62098,1.65408
2023-11-23,1.65408,1.66827,1.64463,1.65408
2023-11-24,1.65408,1.67141,1.63753,1.65408
2023-11-27,1.65408,1.66116,1.63438,1.64778
2023-11-28,1.62729,1.68797,1.62729,1.68797
2023-11-29,1.67457,1.68797,1.63753,1.64068
2023-11-30,1.63044,1.65408,1.63044,1.63438
2023-12-01,1.62729,1.68797,1.62729,1.68166
2023-12-04,1.67457,1.7053,1.67457,1.68166
2023-12-05,1.68166,1.74549,1.68166,1.72501
2023-12-06,1.72895,1.78647,1.72895,1.78253
2023-12-07,1.76914,1.79277,1.74865,1.77623
2023-12-08,1.77623,1.85739,1.77623,1.78962
2023-12-11,1.79277,1.84321,1.79277,1.84005
2023-12-12,1.8298,1.86054,1.77938,1.77938
2023-12-13,1.78253,1.81011,1.78253,1.79277
2023-12-14,1.79593,1.81327,1.78253,1.78647
2023-12-15,1.77623,1.83691,1.74549,1.74549
2023-12-18,1.75573,1.79593,1.75573,1.78253
2023-12-19,1.78253,1.8298,1.77623,1.81642
2023-12-20,1.79987,1.83691,1.78253,1.78962
2023-12-21,1.79277,1.80302,1.75573,1.76598
2023-12-22,1.75573,1.76914,1.74549,1.76283
2023-12-27,1.76283,1.77623,1.75573,1.77623
2023-12-28,1.76283,1.77623,1.74234,1.74234
2023-12-29,1.75258,1.78253,1.70136,1.72895
2024-01-02,1.73525,1.74234,1.70136,1.70846
2024-01-03,1.70846,1.74234,1.69506,1.73919
2024-01-04,1.72895,1.74234,1.7053,1.74234
2024-01-05,1.72185,1.73209,1.66116,1.67457
2024-01-08,1.66116,1.7116,1.66116,1.69506
2024-01-09,1.71554,1.73525,1.70846,1.73525
2024-01-10,1.7053,1.77938,1.7053,1.76283
2024-01-11,1.74234,1.76914,1.7116,1.74234
2024-01-12,1.73209,1.75573,1.73209,1.74234
2024-01-15,1.72185,1.72185,1.64068,1.67772
2024-01-16,1.65802,1.6919,1.64778,1.68797
2024-01-17,1.66116,1.69506,1.64778,1.66827
2024-01-18,1.66116,1.68166,1.66116,1.66827
2024-01-19,1.65802,1.70136,1.65802,1.69506
2024-01-22,1.70136,1.70846,1.67457,1.70136
2024-01-23,1.70136,1.70136,1.65802,1.69506
2024-01-24,1.68166,1.70846,1.68166,1.70846
2024-01-25,1.68797,1.75258,1.68797,1.75258
2024-01-26,1.73525,1.74234,1.72185,1.74234
2024-01-29,1.73525,1.73525,1.68797,1.68797
2024-01-30,1.69506,1.73919,1.68482,1.73525
2024-01-31,1.72895,1.75258,1.70136,1.70136
2024-02-01,1.77938,1.94171,1.77938,1.92437
2024-02-02,1.91807,1.98506,1.91807,1.94487
2024-02-05,1.94801,1.95117,1.90073,1.90073
2024-02-06,1.90783,1.97166,1.90783,1.95511
2024-02-07,1.95511,1.95511,1.89443,1.91413
2024-02-08,1.91807,1.91807,1.84715,1.84715
2024-02-09,1.87079,1.87394,1.83691,1.85739
2024-02-12,1.8503,1.89759,1.8503,1.89759
2024-02-13,1.89759,1.89759,1.84321,1.8503
2024-02-14,1.88103,1.89049,1.87079,1.88418
2024-02-15,1.88734,1.90783,1.86369,1.8771
2024-02-16,1.8771,1.92122,1.87079,1.90389
2024-02-19,1.90389,1.94171,1.90389,1.94171
2024-02-20,1.92437,1.98506,1.92437,1.97166
2024-02-21,1.97874,1.99214,1.97166,1.99214
2024-02-22,1.99214,2.03943,1.97874,1.99844
2024-02-23,1.99844,2.05598,1.99214,2.04258
2024-02-26,2.04258,2.07647,2.03233,2.05991
2024-02-27,2.05991,2.1072,2.04574,2.09301
2024-02-28,2.08671,2.11665,2.05282,2.06622
2024-02-29,2.06622,2.11665,2.06622,2.11351
2024-03-01,2.13084,2.134,2.06307,2.10326
2024-03-04,2.12059,2.12059,2.04574,2.05282
2024-03-05,2.05282,2.07332,2.02603,2.04967
2024-03-06,2.06937,2.08671,2.0221,2.05598
2024-03-07,2.06622,2.08356,2.04967,2.08356
2024-03-08,2.09301,2.12689,2.07647,2.07647
2024-03-11,2.07647,2.12059,1.92359,1.92359
2024-03-12,1.9362,1.9362,1.8897,1.91728
2024-03-13,1.92359,2.01263,1.92359,1.92989
2024-03-14,1.92989,1.9756,1.92673,1.94801
2024-03-15,1.94801,1.99372,1.9362,1.99372
2024-03-18,1.99372,1.99372,1.93305,1.93856
2024-03-19,1.93856,1.93856,1.88103,1.89601
2024-03-20,1.8897,1.91098,1.85897,1.8897
2024-03-21,1.92043,2.00318,1.92043,1.99688
2024-03-22,2.00003,2.04574,1.9756,1.9756
2024-03-25,1.9756,2.00633,1.96299,1.97874
2024-03-26,1.9882,2.05204,1.98506,2.05204
2024-03-27,2.05204,2.07962,2.04888,2.05834
2024-03-28,2.05834,2.11351,2.05834,2.07962
2024-04-02,2.08907,2.17497,2.08907,2.13793
2024-04-03,2.13793,2.18994,2.12848,2.12848
2024-04-04,2.15606,2.15606,2.08277,2.08277
2024-04-05,2.07647,2.12532,2.07095,2.11351
2024-04-08,2.11351,2.14423,2.11351,2.14108
2024-04-09,2.12532,2.1529,2.11981,2.11981
2024-04-10,2.13162,2.15922,2.12296,2.14108
2024-04-11,2.14108,2.14108,2.09223,2.11981
2024-04-12,2.14423,2.14423,2.08277,2.10089
2024-04-15,2.11035,2.13793,2.11035,2.13162
2024-04-16,2.12849,2.12849,2.02297,2.03344
2024-04-17,2.03344,2.07791,2.03344,2.04739
2024-04-18,2.03344,2.06745,2.0099,2.0535
2024-04-19,2.02297,2.0535,2.02297,2.0535
2024-04-22,2.03693,2.09796,2.03693,2.09448
2024-04-23,2.09796,2.16947,2.09796,2.15551
2024-04-24,2.17209,2.18254,2.10494,2.11105
2024-04-25,2.11105,2.13895,2.09796,2.12849
2024-04-26,2.12849,2.13546,2.09796,2.11453
2024-04-29,2.12151,2.16598,2.10145,2.16598
2024-04-30,2.16947,2.20609,2.13546,2.15551
2024-05-02,2.19649,2.19649,2.13197,2.14854
2024-05-06,2.14854,2.14854,1.98112,1.98112
2024-05-07,1.99681,2.03605,1.98374,2.0099
2024-05-08,2.0099,2.01949,1.94537,1.95758
2024-05-09,1.95758,2.0064,1.95758,1.97066
2024-05-10,1.96106,1.98722,1.92531,1.93229
2024-05-13,1.93229,1.96106,1.93229,1.95147
2024-05-14,1.95147,1.97415,1.91922,1.91922
2024-05-15,1.91922,1.9384,1.90613,1.92881
2024-05-16,1.91922,1.93491,1.89305,1.90264
2024-05-17,1.89916,1.89916,1.87038,1.89305
2024-05-20,1.89305,1.91224,1.86689,1.88607
2024-05-21,1.88607,1.89305,1.85382,1.87038
2024-05-22,1.873,1.89916,1.84771,1.86689
2024-05-23,1.89305,1.93229,1.87038,1.91922
2024-05-24,1.91922,1.91922,1.88607,1.89916
2024-05-27,1.91224,1.96804,1.91224,1.94537
2024-05-28,1.95758,1.96456,1.91922,1.92183
2024-05-29,1.92183,1.95147,1.91572,1.95147
2024-05-31,1.96456,2.0099,1.93229,1.93229
2024-06-03,1.92881,1.97763,1.92881,1.96106
2024-06-04,1.96804,1.96804,1.873,1.873
2024-06-05,1.87648,1.92531,1.8573,1.92183
2024-06-06,1.90264,1.90264,1.8573,1.86341
2024-06-07,1.87038,1.88346,1.84422,1.86341
2024-06-10,1.86341,1.87648,1.83463,1.87648
2024-06-11,1.86689,1.86689,1.8015,1.82155
2024-06-12,1.83463,1.86341,1.81457,1.85032
2024-06-13,1.85032,1.85032,1.80498,1.80498
2024-06-14,1.8015,1.81196,1.77272,1.80498
2024-06-17,1.80498,1.86079,1.80498,1.84771
2024-06-18,1.84771,1.873,1.83114,1.84771
2024-06-19,1.84771,1.88346,1.84073,1.87997
2024-06-20,1.87997,1.90613,1.8573,1.88956
2024-06-21,1.90613,1.91922,1.86079,1.91922
2024-06-24,1.89654,1.9384,1.89305,1.91922
2024-06-25,1.9384,1.96106,1.91572,1.95147
2024-06-26,1.94799,1.97763,1.94799,1.95758
2024-06-27,1.95147,1.96106,1.93229,1.94188
2024-06-28,1.9384,1.98374,1.9384,1.97763
2024-07-01,1.97763,2.01949,1.97763,1.99681
2024-07-02,2.0064,2.0064,1.94537,1.94537
2024-07-03,1.94188,1.96106,1.92183,1.92531
2024-07-04,1.92531,1.95496,1.92531,1.95147
2024-07-05,1.97415,1.97415,1.93229,1.93229
2024-07-08,1.92183,1.97066,1.92183,1.94537
2024-07-09,1.94799,1.97415,1.94188,1.97066
2024-07-10,1.97066,1.97066,1.93491,1.95147
2024-07-11,1.97066,1.98374,1.95147,1.95147
2024-07-12,1.98112,1.98112,1.94799,1.96804
2024-07-15,1.97066,1.97415,1.94188,1.94799
2024-07-16,1.94188,1.95758,1.90875,1.91922
2024-07-17,1.90613,1.93229,1.87648,1.89916
2024-07-18,1.87038,1.92531,1.87038,1.90875
2024-07-19,1.90875,1.93229,1.88956,1.90264
2024-07-22,1.88607,1.92183,1.87648,1.88956
2024-07-23,1.90613,1.92183,1.88346,1.90613
2024-07-24,1.90613,1.90613,1.88346,1.89305
2024-07-25,1.89654,1.92531,1.84771,1.90875
2024-07-26,1.89305,1.92531,1.88346,1.88346
2024-07-29,1.88607,1.94188,1.88607,1.89654
2024-07-30,1.89916,1.94799,1.88346,1.93229
2024-07-31,1.91922,1.97415,1.91922,1.96456
2024-08-01,1.93229,1.94799,1.86341,1.86341
2024-08-02,1.86079,1.86079,1.79888,1.8015
2024-08-05,1.76312,1.80847,1.69162,1.72389
2024-08-06,1.75005,1.75964,1.69424,1.70733
2024-08-07,1.72999,2.06135,1.67506,2.06135
2024-08-08,2.06135,2.08925,2.01687,2.08489
2024-08-09,2.09273,2.13285,2.08925,2.12064
2024-08-12,2.12064,2.1651,2.10058,2.1651
2024-08-13,2.16074,2.17731,2.125,2.1407
2024-08-14,2.14505,2.17295,2.1372,2.16947
2024-08-16,2.18516,2.23312,2.18516,2.23312
2024-08-19,2.24097,2.24882,2.20086,2.22091
2024-08-20,2.22527,2.23312,2.19301,2.19301
2024-08-21,2.20086,2.21743,2.1808,2.1808
2024-08-22,2.1808,2.19737,2.17295,2.19737
2024-08-23,2.18865,2.21743,2.17295,2.18516
2024-08-26,2.2087,2.2087,2.14505,2.1529
2024-08-27,2.16074,2.17731,2.12064,2.16947
2024-08-28,2.1651,2.16947,2.12064,2.1651
2024-08-29,2.16947,2.20522,2.14505,2.1651
2024-08-30,2.1651,2.23312,2.1372,2.23312
2024-09-02,2.17295,2.22527,2.16947,2.2087
2024-09-03,2.18516,2.22091,2.17295,2.17731
2024-09-04,2.16947,2.21307,2.14505,2.19301
2024-09-05,2.19301,2.2087,2.1529,2.1529
2024-09-06,2.16947,2.16947,2.04914,2.04914
2024-09-09,2.0814,2.1093,2.06135,2.06135
2024-09-10,2.06483,2.0814,2.02908,2.04129
2024-09-11,2.01687,2.04129,1.96106,1.96106
2024-09-12,1.96891,2.06919,1.96891,2.06919
2024-09-13,2.07268,2.1407,2.07268,2.10058
2024-09-16,2.08489,2.10494,2.04914,2.07704
2024-09-17,2.08489,2.10494,2.07704,2.0971
2024-09-18,2.1093,2.11279,2.06483,2.0971
2024-09-19,2.10058,2.1093,2.05262,2.05262
2024-09-20,2.06919,2.08925,2.04477,2.06483
2024-09-23,2.0971,2.0971,2.02908,2.04914
2024-09-24,2.04477,2.11279,2.04477,2.10494
2024-09-25,2.08489,2.11279,2.07268,2.08489
2024-09-26,2.1093,2.13285,2.08489,2.13285
2024-09-27,2.0814,2.15726,2.0814,2.12064
2024-09-30,2.12064,2.1372,2.09273,2.10494
2024-10-01,2.10058,2.10058,2.04129,2.05262
2024-10-02,2.05262,2.0814,2.04129,2.0814
2024-10-03,2.07704,2.07704,2.02123,2.04129
2024-10-04,2.04129,2.06483,2.02123,2.04914
2024-10-07,2.07268,2.07268,2.02908,2.06135
2024-10-08,2.03693,2.0814,2.02908,2.07268
2024-10-09,2.0814,2.10494,2.06135,2.10058
2024-10-10,2.11279,2.11279,2.08489,2.0971
2024-10-11,2.10494,2.16947,2.08489,2.1407
2024-10-14,2.17731,2.18516,2.1407,2.1651
2024-10-15,2.1651,2.21307,2.1651,2.21307
2024-10-16,2.21307,2.21307,2.16074,2.19737
2024-10-17,2.20086,2.20086,2.09273,2.0971
2024-10-18,2.0971,2.1372,2.08489,2.12064
2024-10-21,2.0814,2.1407,2.0814,2.1407
2024-10-22,2.1093,2.125,2.06483,2.06483
2024-10-23,2.08489,2.08489,2.04129,2.07704
2024-10-24,2.05698,2.10058,2.05698,2.07268
2024-10-25,2.06919,2.10494,2.04477,2.04477
2024-10-28,2.04129,2.07704,2.02908,2.02908
2024-10-29,2.02472,2.06919,2.00902,2.00902
2024-10-30,2.02472,2.06135,2.02472,2.04129
2024-10-31,2.02908,2.03257,1.73697,1.73697
2024-11-04,1.74743,1.77185,1.72302,1.73348
2024-11-05,1.72651,1.7579,1.70557,1.74394
2024-11-06,1.74046,1.78231,1.72302,1.72302
2024-11-07,1.74743,1.78231,1.74046,1.78231
2024-11-08,1.78231,1.79277,1.76138,1.77185
2024-11-12,1.8137,1.83463,1.76138,1.8137
2024-11-13,1.81719,1.82068,1.77882,1.80672
2024-11-14,1.80672,1.80672,1.77185,1.7858
2024-11-15,1.7858,1.79277,1.75441,1.76487
2024-11-18,1.76138,1.7858,1.71953,1.75092
2024-11-19,1.77533,1.77533,1.65675,1.67768
2024-11-20,1.6986,1.70907,1.65675,1.68116
2024-11-21,1.68465,1.70907,1.6707,1.70907
2024-11-22,1.70907,1.74394,1.62884,1.71255
2024-11-25,1.71604,1.71604,1.61838,1.62884
2024-11-26,1.63582,1.63582,1.58699,1.59397
2024-11-27,1.59048,1.60443,1.56606,1.58699
2024-11-28,1.59745,1.62536,1.59745,1.62187
2024-11-29,1.60792,1.65326,1.60792,1.65326
2024-12-02,1.64279,1.71255,1.64279,1.68465
2024-12-03,1.71953,1.71953,1.64279,1.64279
2024-12-04,1.64628,1.73348,1.64279,1.66373
2024-12-05,1.68116,1.71604,1.66373,1.6707
2024-12-06,1.67768,1.76487,1.67768,1.74046
2024-12-09,1.7579,1.80324,1.73348,1.74743
2024-12-10,1.75092,1.82068,1.74394,1.79975
2024-12-11,1.77882,1.81022,1.7579,1.79277
2024-12-12,1.78231,1.81022,1.7579,1.76138
2024-12-13,1.76138,1.77882,1.73697,1.73697
2024-12-16,1.74046,1.76138,1.71953,1.73348
2024-12-17,1.74743,1.74743,1.66373,1.66373
2024-12-18,1.67418,1.70557,1.65675,1.6986
2024-12-19,1.68116,1.71255,1.68116,1.6986
2024-12-20,1.69512,1.76487,1.67768,1.76487
2024-12-23,1.76836,1.76836,1.69512,1.6986
2024-12-27,1.70907,1.71604,1.69512,1.69512
2024-12-30,1.70557,1.71953,1.68814,1.68814
2025-01-02,1.72651,1.72651,1.6707,1.70209
2025-01-03,1.71255,1.76487,1.71255,1.75441
2025-01-07,1.7858,1.84858,1.7858,1.81719
2025-01-08,1.85207,1.85207,1.79277,1.80672
2025-01-09,1.81022,1.82417,1.79975,1.81022
2025-01-10,1.82766,1.873,1.8137,1.86602
2025-01-13,1.873,1.873,1.82068,1.85207
2025-01-14,1.85556,1.85905,1.83114,1.84509
2025-01-15,1.84509,1.86602,1.83114,1.86602
2025-01-16,1.86602,1.86602,1.82417,1.84509
2025-01-17,1.85905,1.85905,1.83114,1.85207
2025-01-20,1.85905,1.90439,1.84161,1.90439
2025-01-21,1.90439,1.90439,1.88346,1.89742
2025-01-22,1.89742,1.94362,1.88695,1.94014
2025-01-23,1.93229,1.96106,1.91834,1.94362
2025-01-24,1.95061,1.95061,1.90787,1.94711
2025-01-27,1.89392,1.92183,1.88346,1.90787
2025-01-28,1.92183,1.94362,1.91834,1.94362
2025-01-29,1.94362,1.94711,1.92183,1.92183
2025-01-30,1.94362,2.02385,1.94362,2.02385
2025-01-31,2.02385,2.02385,1.97153,1.98897
2025-02-03,1.98548,1.99595,1.95409,1.96804
2025-02-04,1.96456,1.99246,1.96456,1.99246
2025-02-05,1.97851,1.98897,1.90439,1.92183
2025-02-06,1.98548,2.11105,1.98548,2.0971
2025-02-07,2.125,2.125,2.08314,2.11802
2025-02-10,2.11105,2.125,2.10058,2.11802
2025-02-11,2.10407,2.14941,2.10407,2.14592
2025-02-12,2.14592,2.1808,2.12151,2.14592
2025-02-13,2.14592,2.14592,2.08663,2.08663
2025-02-14,2.08314,2.08314,2.03082,2.03082
2025-02-17,2.06221,2.07965,2.01687,2.07965
2025-02-18,2.08663,2.13197,2.08663,2.12849
2025-02-19,2.13197,2.13546,2.07965,2.11105
2025-02-20,2.11105,2.11105,2.04477,2.04477
2025-02-21,2.04477,2.05873,2.04129,2.04129
2025-02-24,2.05176,2.05176,2.00292,2.00292
2025-02-25,1.99943,2.03431,1.99943,2.02385
2025-02-26,2.04826,2.06221,2.02734,2.06221
2025-02-27,2.06221,2.11802,2.04826,2.0936
2025-02-28,2.06221,2.07616,2.04826,2.06571
2025-03-03,2.06221,2.10755,2.0378,2.10407
2025-03-04,2.0971,2.0971,2.04826,2.06221
2025-03-05,2.125,2.12849,2.07616,2.11105
2025-03-06,2.13895,2.17383,2.11453,2.15639
2025-03-07,2.1529,2.17383,2.13546,2.16336
2025-03-10,2.16685,2.16685,2.01861,2.01861
2025-03-11,2.02472,2.05436,2.01164,2.01861
2025-03-12,2.0282,2.08489,2.0282,2.08489
2025-03-13,2.09099,2.11715,2.07791,2.11105
2025-03-14,2.11105,2.15029,2.11105,2.1407
2025-03-17,2.14767,2.19388,2.14767,2.19388
2025-03-18,2.19999,2.24969,2.19999,2.21307
2025-03-19,2.21045,2.21045,2.17034,2.17731
2025-03-20,2.17383,2.17383,2.10407,2.12761
2025-03-21,2.12761,2.12761,2.04129,2.08489
2025-03-24,2.10755,2.16685,2.10755,2.15029
2025-03-25,2.16074,2.22353,2.15029,2.18342
2025-03-26,2.18342,2.19999,2.16074,2.17383
2025-03-27,2.16074,2.20347,2.15377,2.1869
2025-03-28,2.1869,2.1869,2.14418,2.14767
2025-03-31,2.12761,2.14418,2.09448,2.10145
2025-04-01,2.11105,2.17383,2.11105,2.17383
2025-04-02,2.17731,2.17993,2.16074,2.17383
2025-04-03,2.10407,2.16685,2.04826,2.06483
2025-04-04,2.01513,2.01513,1.89654,1.90264
2025-04-07,1.85032,1.95583,1.81022,1.91922
2025-04-08,1.96891,2.00205,1.95932,1.99856
2025-04-09,1.98548,1.98897,1.93578,1.93578
2025-04-10,2.11453,2.11453,2.01164,2.01861
2025-04-11,2.0317,2.05785,2.01861,2.02472
2025-04-14,2.05436,2.11105,2.05436,2.11105
2025-04-15,2.10755,2.15377,2.10145,2.1372
2025-04-16,2.10145,2.1311,2.09099,2.12064
2025-04-17,2.11453,2.14418,2.11453,2.12761
2025-04-22,2.11453,2.16074,2.10755,2.16074
2025-04-23,2.16424,2.2462,2.16424,2.2462
2025-04-24,2.2462,2.2462,2.17993,2.23312
2025-04-25,2.22964,2.24009,2.21307,2.24009
2025-04-28,2.24009,2.24009,2.22005,2.22702
2025-04-29,2.22702,2.23312,2.21655,2.22964
2025-04-30,2.22005,2.22702,2.14418,2.16424
2025-05-02,2.21045,2.22005,2.1904,2.22005
2025-05-05,2.21291,2.21291,2.14885,2.18465
2025-05-06,2.16298,2.16298,2.09892,2.11682
2025-05-07,2.09516,2.16958,2.09516,2.14885
2025-05-08,2.16958,2.18088,1.95479,1.95479
2025-05-09,1.98117,2.0132,1.98117,2.0132
2025-05-12,2.01696,2.0424,2.01696,2.03298
2025-05-13,2.02639,2.04617,2.00378,2.03957
2025-05-14,2.03957,2.05559,2.03015,2.03957
2025-05-15,2.03957,2.04617,2.02639,2.03298
2025-05-16,2.03298,2.03298,1.98776,1.98776
2025-05-19,1.97457,1.98776,1.92841,1.98399
2025-05-20,1.98399,1.99435,1.95856,1.97457
2025-05-21,1.98117,1.98117,1.94819,1.94819
2025-05-22,1.96421,1.9774,1.9416,1.97457
2025-05-23,1.97457,1.98776,1.92558,1.96798
2025-05-26,1.96138,1.98399,1.94819,1.98117
2025-05-27,1.96798,1.99435,1.96421,1.98776
2025-05-28,1.99435,2.0066,1.97457,1.99059
2025-05-29,2.0066,2.0066,1.95196,1.96798
2025-05-30,1.94537,1.95479,1.91899,1.94537
2025-06-02,1.90957,1.9416,1.86341,1.89638
2025-06-03,1.9124,1.9124,1.85399,1.8766
2025-06-04,1.8766,1.91899,1.8766,1.91616
2025-06-05,1.90957,1.9124,1.88319,1.88319
2025-06-06,1.9058,1.9058,1.84362,1.88319
2025-06-09,1.87377,1.89638,1.86718,1.88602
2025-06-10,1.88602,1.92841,1.87377,1.89638
2025-06-11,1.9124,1.91616,1.89638,1.91616
2025-06-12,1.89638,1.91616,1.89261,1.9124
2025-06-13,1.91899,1.91899,1.88319,1.89638
2025-06-16,1.89638,1.93218,1.89638,1.92558
2025-06-17,1.935,1.96138,1.92276,1.96138
2025-06-18,1.96138,1.96798,1.93218,1.96421
2025-06-20,1.96421,2.02356,1.95479,2.00378
2025-06-23,2.00095,2.00095,1.92841,1.96421
2025-06-24,1.98117,2.00378,1.9774,1.99435
2025-06-25,1.99435,2.00378,1.9774,1.99435
2025-06-26,1.99435,2.03675,1.99435,2.03675
2025-06-27,2.03957,2.03957,1.99718,2.01037
2025-06-30,2.0132,2.03298,2.0132,2.03015
2025-07-01,2.02639,2.04617,2.0132,2.01979
2025-07-02,2.01979,2.03675,2.0066,2.03298
2025-07-03,2.01979,2.0424,2.01979,2.03298
2025-07-04,2.02639,2.03957,2.01696,2.03298
2025-07-07,2.03298,2.05276,2.02356,2.04899
2025-07-08,2.05276,2.08479,2.04617,2.08479
2025-07-09,2.08479,2.10458,2.07255,2.10175
2025-07-10,2.10175,2.10175,2.05276,2.07537
2025-07-11,2.0782,2.0782,2.04617,2.06218
2025-07-14,2.05559,2.06595,2.0132,2.0424
2025-07-15,2.03298,2.07255,2.02639,2.04899
2025-07-16,2.05936,2.06595,2.03675,2.06595
2025-07-17,2.07255,2.08479,2.03957,2.08197
2025-07-18,2.07255,2.11117,2.07255,2.10175
2025-07-21,2.11117,2.11117,2.08197,2.10175
2025-07-22,2.08197,2.11494,2.07537,2.10835
2025-07-23,2.11117,2.13095,2.08197,2.12719
2025-07-24,2.12719,2.16016,2.12436,2.16016
2025-07-25,2.13095,2.16016,2.13095,2.15639
2025-07-28,2.13755,2.16016,2.13755,2.15639
2025-07-29,2.14414,2.18936,2.14414,2.18936
2025-07-30,2.18654,2.18936,2.16298,2.18936
2025-07-31,2.18936,2.32031,2.15074,2.32031
2025-08-01,2.29582,2.3269,2.27886,2.29582
2025-08-04,2.28545,2.3448,2.28545,2.34104
2025-08-05,2.33727,2.3448,2.32408,2.32408
2025-08-06,2.33067,2.3514,2.32031,2.3514
2025-08-07,2.3514,2.42488,2.33727,2.41075
2025-08-08,2.37966,2.38625,2.34104,2.38625
2025-08-11,2.38625,2.40039,2.36553,2.37966
2025-08-12,2.35893,2.41452,2.35893,2.40698
2025-08-13,2.38625,2.41452,2.33727,2.36553
2025-08-14,2.39379,2.39379,2.29582,2.36176
2025-08-18,2.33067,2.35893,2.30618,2.35893
2025-08-19,2.35517,2.39662,2.35517,2.39379
2025-08-20,2.39379,2.39662,2.3693,2.38625
2025-08-21,2.40698,2.41734,2.37966,2.41734
2025-08-22,2.35517,2.35517,2.21574,2.24683
2025-08-25,2.24683,2.27132,2.24683,2.26096
2025-08-26,2.26096,2.26096,2.2261,2.244
2025-08-27,2.23364,2.26096,2.19502,2.2261
2025-08-28,2.20538,2.23647,2.20161,2.20161
2025-08-29,2.19125,2.21574,2.12248,2.12248
2025-09-01,2.12248,2.15356,2.11871,2.13566
2025-09-02,2.1498,2.1498,2.10081,2.12248
2025-09-03,2.12907,2.1432,2.11117,2.12907
2025-09-04,2.12907,2.15356,2.10081,2.14603
2025-09-05,2.17052,2.17052,2.12907,2.13566
2025-09-08,2.17806,2.18088,2.1498,2.17806
2025-09-09,2.18842,2.18842,2.13566,2.15356
2025-09-10,2.12907,2.14603,2.11871,2.13284
2025-09-11,2.18088,2.18088,2.12248,2.16016
2025-09-12,2.12907,2.16393,2.12907,2.1432
2025-09-15,2.1253,2.1677,2.1253,2.1498
2025-09-16,2.18088,2.18088,2.11871,2.12907
2025-09-17,2.12907,2.12907,2.10458,2.12248
2025-09-18,2.10835,2.16393,2.10835,2.15639
2025-09-19,2.17429,2.17429,2.11871,2.13566
2025-09-22,2.12907,2.13566,2.10081,2.13284
2025-09-23,2.11117,2.1498,2.11117,2.13284
2025-09-24,2.13284,2.13284,2.10835,2.13284
2025-09-25,2.12907,2.12907,2.09045,2.10458
2025-09-26,2.10081,2.13284,2.10081,2.13284
2025-09-29,2.13284,2.13943,2.10835,2.13943
2025-09-30,2.13943,2.13943,2.09798,2.11117
2025-10-01,2.11117,2.11494,2.09045,2.09798
2025-10-02,2.10835,2.1498,2.10081,2.12907
2025-10-03,2.12907,2.1432,2.11871,2.13943
2025-10-06,2.12907,2.14603,2.08762,2.10081
2025-10-07,2.10081,2.14603,2.10081,2.13284
2025-10-08,2.12907,2.13284,2.10081,2.11871
2025-10-09,2.1432,2.1432,2.10081,2.10081
2025-10-10,2.10458,2.13943,2.10081,2.13284
2025-10-13,2.1253,2.1253,2.07726,2.09798
2025-10-14,2.11871,2.11871,2.05276,2.08762
2025-10-15,2.08762,2.11494,2.08762,2.11494
2025-10-16,2.11494,2.11494,2.08762,2.09798
2025-10-17,2.10835,2.11871,2.06972,2.10835
2025-10-20,2.11494,2.1498,2.11494,2.14603
2025-10-21,2.1498,2.1677,2.13566,2.15356
2025-10-22,2.15639,2.21951,2.1432,2.20915
2025-10-23,2.21291,2.24683,2.19878,2.22987
2025-10-24,2.24683,2.24683,2.19125,2.19125
2025-10-27,2.21951,2.21951,2.18842,2.20538
2025-10-28,2.20538,2.24023,2.19125,2.24023
2025-10-29,2.23364,2.24683,2.20538,2.24023
2025-10-30,2.25437,2.25437,2.19878,2.20538
2025-10-31,2.20915,2.21291,2.17429,2.19502
2025-11-03,2.21291,2.23364,2.02544,2.02544
2025-11-04,2.01885,2.03486,1.98964,2.01602
2025-11-05,2.01602,2.03204,2.00943,2.03204
2025-11-06,2.01225,2.06972,2.01225,2.05371
2025-11-07,2.06972,2.07349,2.04146,2.06972
2025-11-10,2.0603,2.12436,2.0603,2.10835
2025-11-12,2.11117,2.13095,2.09516,2.10552
2025-11-13,2.13095,2.13095,2.11117,2.12153
2025-11-14,2.12436,2.13095,2.08291,2.13095
2025-11-17,2.13095,2.13095,2.10552,2.12436
2025-11-18,2.11777,2.12436,2.11117,2.11777
2025-11-19,2.11777,2.17241,2.11777,2.17241
2025-11-20,2.17241,2.18842,2.1432,2.16298
2025-11-21,2.13095,2.15356,2.12436,2.1432
2025-11-24,2.17523,2.179,2.14038,2.16298
2025-11-25,2.18842,2.23647,2.16298,2.22328
2025-11-26,2.23929,2.23929,2.20726,2.23929
2025-11-27,2.21103,2.25248,2.21103,2.24871
2025-11-28,2.24589,2.24589,2.20161,2.22045
2025-12-01,2.22045,2.23364,2.18842,2.19502
2025-12-02,2.16958,2.16958,2.09516,2.11777
2025-12-03,2.11117,2.14038,2.09233,2.11777
2025-12-04,2.13755,2.179,2.11777,2.16958
2025-12-05,2.17523,2.20161,2.14697,2.15356
2025-12-08,2.16298,2.19502,2.16298,2.17241
2025-12-09,2.19502,2.19502,2.1498,2.17523
2025-12-10,2.15639,2.20161,2.15639,2.17241
2025-12-11,2.16298,2.17523,2.1498,2.16581
2025-12-12,2.17523,2.17523,2.13095,2.14697
2025-12-15,2.13755,2.1498,2.10835,2.1498
2025-12-16,2.1498,2.1498,2.10175,2.12719
2025-12-17,2.12719,2.12719,2.08574,2.08574
2025-12-18,2.12719,2.13755,2.07631,2.13755
2025-12-19,2.14697,2.19502,2.12719,2.19502
2025-12-22,2.20726,2.22987,2.16958,2.17523
2025-12-23,2.22328,2.22328,2.15639,2.18842
2025-12-29,2.16298,2.18183,2.1498,2.17523
2025-12-30,2.19502,2.19784,2.15922,2.18559
2026-01-02,2.18559,2.24306,2.179,2.23647
2026-01-05,2.23647,2.29111,2.23364,2.25908
2026-01-07,2.26473,2.31654,2.26473,2.31654
2026-01-08,2.30335,2.30335,2.27509,2.28451
2026-01-09,2.29676,2.30053,2.26473,2.28451
2026-01-12,2.29676,2.30335,2.27792,2.30335
2026-01-13,2.30335,2.32879,2.28074,2.29676
2026-01-14,2.27792,2.30053,2.23929,2.29111
2026-01-15,2.29111,2.29111,2.26473,2.28451
2026-01-16,2.25531,2.28451,2.25531,2.28451
2026-01-19,2.27132,2.28451,2.26473,2.28451
2026-01-20,2.27509,2.29393,2.2619,2.29111
2026-01-21,2.28451,2.30335,2.27132,2.29676
2026-01-22,2.30335,2.34857,2.28074,2.34198
2026-01-23,2.34198,2.36459,2.32596,2.3448
2026-01-26,2.31937,2.36459,2.31937,2.36459
2026-01-27,2.36741,2.46068,2.35517,2.46068
2026-01-28,2.45691,2.47292,2.44466,2.47292
2026-01-29,2.44466,2.49836,2.44466,2.4635
2026-01-30,2.45691,2.49836,2.44466,2.48235
2026-02-02,2.4635,2.52474,2.45691,2.52097
2026-02-03,2.52756,2.6359,2.52756,2.63025
2026-02-04,2.63025,2.63967,2.60105,2.63967
2026-02-05,2.63967,2.6425,2.5822,2.61706
2026-02-06,2.58786,2.6425,2.58786,2.6425
2026-02-09,2.65569,2.68112,2.62648,2.66793
2026-02-10,2.68772,2.69996,2.66793,2.68112
2026-02-11,2.69054,2.69431,2.66228,2.68112
2026-02-12,2.68395,2.70373,2.65851,2.6783
2026-02-13,2.6783,2.6783,2.59822,2.59822
2026-02-16,2.56242,2.65569,2.56242,2.63308
2026-02-17,2.64627,2.64909,2.61423,2.63025
2026-02-18,2.61706,2.66511,2.61706,2.65192
2026-02-19,2.6359,2.68112,2.6359,2.65192
2026-02-20,2.65192,2.68395,2.64627,2.66511
2026-02-23,2.66511,2.6717,2.62648,2.66511
2026-02-24,2.66511,2.66511,2.58503,2.63025
2026-02-25,2.63025,2.6717,2.63025,2.66793
2026-02-26,2.68112,2.68112,2.59163,2.61047
2026-02-27,2.66228,2.66228,2.53416,2.61423
2026-03-02,2.52756,2.59445,2.52756,2.53699
2026-03-03,2.53416,2.53416,2.41923,2.41923
2026-03-04,2.41923,2.53039,2.41923,2.51155
2026-03-05,2.62366,2.62366,2.51438,2.51814
2026-03-06,2.58503,2.58503,2.20538,2.20538
2026-03-09,2.19973,2.19973,2.16204,2.18559
2026-03-10,2.22516,2.28263,2.21668,2.24589
2026-03-11,2.2685,2.2685,2.22799,2.25719
2026-03-12,2.2798,2.2798,2.20255,2.20538
2026-03-13,2.21668,2.24212,2.20538,2.23081
2026-03-16,2.25719,2.25719,2.22234,2.24212
2026-03-17,2.24212,2.31183,2.23929,2.31183
2026-03-18,2.31466,2.33727,2.27697,2.2798
2026-03-19,2.2798,2.28263,2.25719,2.28263
2026-03-20,2.29111,2.33444,2.21668,2.25437
2026-03-23,2.25437,2.29393,2.18183,2.29111
2026-03-24,2.26567,2.2685,2.21668,2.22234
2026-03-25,2.23364,2.31748,2.23364,2.28828
2026-03-26,2.29111,2.31466,2.27415,2.29958
2026-03-27,2.29958,2.29958,2.26567,2.28263
2026-03-30,2.29111,2.31183,2.26284,2.29676
2026-03-31,2.29676,2.3514,2.29676,2.33161
2026-04-01,2.33444,2.40886,2.33444,2.40321
2026-04-02,2.40039,2.40604,2.3806,2.40321
2026-04-07,2.3985,2.42488,2.38249,2.40415
2026-04-08,2.44089,2.51532,2.44089,2.51532
2026-04-09,2.51532,2.51532,2.47858,2.48706
2026-04-10,2.48706,2.61141,2.48706,2.61141
2026-04-13,2.64061,2.64627,2.60105,2.63779
2026-04-14,2.64721,2.67735,2.62648,2.63684
2026-04-15,2.63684,2.64532,2.61047,2.64532
2026-04-16,2.65192,2.65192,2.59822,2.63119
2026-04-17,2.64155,2.69148,2.62648,2.67641
2026-04-20,2.65851,2.67924,2.64815,2.65663
2026-04-21,2.635,2.721,2.635,2.658
2026-04-22,2.707,2.707,2.629,2.649
2026-04-23,2.609,2.609,2.553,2.581
2026-04-24,2.569,2.586,2.538,2.538
2026-04-27,2.548,2.551,2.525,2.541
2026-04-28,2.541,2.58,2.527,2.529
2026-04-29,2.535,2.569,2.53,2.54
2026-04-30,2.541,2.541,2.384,2.391
2026-05-04,2.391,2.465,2.363,2.465
2026-05-05,2.446,2.446,2.386,2.426
2026-05-06,2.457,2.56,2.457,2.537
2026-05-07,2.565,2.565,2.515,2.52
2026-05-08,2.557,2.557,2.471,2.471
2026-05-11,2.471,2.5,2.462,2.462
2026-05-12,2.522,2.522,2.429,2.443
2026-05-13,2.465,2.513,2.465,2.502
2026-05-14,2.522,2.642,2.515,2.567
2026-05-15,2.579,2.579,2.512,2.533
2026-05-18,2.529,2.555,2.514,2.532
2026-05-19,2.604,2.604,2.493,2.493
2026-05-20,2.496,2.558,2.485,2.558
2026-05-21,2.558,2.577,2.533,2.536
2026-05-22,2.534,2.58,2.534,2.58
2026-05-25,2.58,2.686,2.58,2.686
2026-05-26,2.686,2.706,2.667,2.667
2026-05-27,2.667,2.752,2.667,2.721
2026-05-28,2.756,2.756,2.705,2.724
2026-05-29,2.724,2.799,2.724,2.775
2026-06-01,2.737,2.745,2.708,2.725
2026-06-02,2.725,2.773,2.725,2.758
2026-06-03,2.777,2.8,2.777,2.781
2026-06-05,2.8,2.8,2.742,2.742
2026-06-08,2.708,2.747,2.708,2.747
2026-06-09,2.775,2.791,2.735,2.756
2026-06-10,2.757,2.778,2.749,2.756
2026-06-11,2.758,2.78,2.756,2.756
2026-06-12,2.781,2.977,2.781,2.977
2026-06-15,2.97,3.016,2.935,2.953
2026-06-16,2.939,3.006,2.939,2.992
2026-06-17,3.002,3.006,2.941,2.958
2026-06-18,2.958,2.958,2.907,2.907
2026-06-19,2.906,2.906,2.881,2.906
2026-06-22,2.998,2.998,2.834,2.855
2026-06-23,2.901,2.901,2.828,2.848
2026-06-24,2.86,2.86,2.807,2.833
2026-06-25,2.8,2.845,2.8,2.818
2026-06-26,2.857,2.857,2.802,2.816
2026-06-29,2.814,2.834,2.79,2.825
2026-06-30,2.85,2.85,2.795,2.819
2026-07-01,2.826,2.826,2.797,2.811
2026-07-02,2.811,2.852,2.811,2.85
2026-07-03,2.843,2.868,2.818,2.868
2026-07-06,2.876,2.898,2.857,2.898
2026-07-07,2.901,2.919,2.872,2.887
2026-07-08,2.914,2.931,2.874,2.931
2026-07-09,2.939,2.994,2.896,2.896
2026-07-10,2.896,2.994,2.896,2.994
2026-07-13,2.991,3.017,2.965,3.017
2026-07-14,2.998,2.998,2.916,2.989
2026-07-15,2.964,2.982,2.912,2.925
2026-07-16,2.907,2.929,2.853,2.879
2026-07-17,2.867,2.867,2.786,2.821
2026-07-20,2.825,2.838,2.792,2.806
2026-07-21,2.807,2.845,2.791,2.845
2026-07-22,2.835,2.844,2.795,2.812
2026-07-23,2.815,2.815,2.743,2.756
2026-07-24,2.756,2.757,2.719,2.73
2026-07-27,2.73,2.78,2.726,2.756
2026-07-28,2.764,2.778,2.708,2.726
2026-07-29,2.812,2.812,2.729,2.767
2026-07-30,2.806,2.929,2.763,2.929
2026-07-31,2.929,2.971,2.89,2.929
2026-08-03,2.968,2.968,2.915,2.949
2026-08-04,2.974,3.003,2.942,2.982
2026-08-05,3.009,3.009,2.935,2.955
2026-08-06,2.975,3.028,2.953,3.02
2026-08-07,3.007,3.007,2.929,2.942
2026-08-10,2.942,2.964,2.896,2.949
2026-08-11,2.949,2.954,2.93,2.949
2026-08-12,2.955,2.955,2.917,2.935
2026-08-13,2.951,2.955,2.929,2.942
2026-08-14,2.953,2.971,2.923,2.959
2026-08-17,2.962,2.975,2.945,2.962
2026-08-18,2.962,2.971,2.945,2.954
2026-08-19,2.939,2.954,2.912,2.947
2026-08-20,2.915,2.934,2.913,2.933
2026-08-21,2.941,2.954,2.919,2.945
2026-08-24,2.942,2.942,2.904,2.913
2026-08-25,2.902,2.941,2.893,2.918
2026-08-26,2.929,2.979,2.929,2.974
2026-08-27,2.974,2.974,2.923,2.923
2026-08-28,2.922,2.962,2.922,2.929
2026-08-31,2.93,2.971,2.905,2.93
2026-09-01,2.931,2.931,2.874,2.915
2026-09-02,2.934,2.934,2.896,2.934
2026-09-03,2.882,2.945,2.882,2.921
2026-09-04,2.921,2.954,2.918,2.943
2026-09-07,2.949,2.957,2.934,2.953
2026-09-08,2.968,3.012,2.925,3.012
2026-09-09,2.99,2.999,2.917,2.988
2026-09-10,2.95,2.993,2.945,2.954
2026-09-11,2.954,2.98,2.938,2.949
2026-09-14,2.949,2.958,2.937,2.949
2026-09-15,2.949,2.949,2.888,2.93
2026-09-16,2.909,2.923,2.9,2.91
