Data,Otwarcie,Najwyzszy,Najnizszy,Zamkniecie
2007-08-13,4.4279,4.4279,4.4279,4.4279
2007-08-14,4.3908,4.3908,4.3908,4.3908
2007-08-16,4.2608,4.2608,4.2608,4.2608
2007-08-17,4.233,4.233,4.233,4.233
2007-08-20,4.2701,4.2701,4.2701,4.2701
2007-08-21,4.1773,4.1773,4.1773,4.1773
2007-08-22,4.2238,4.2238,4.2238,4.2238
2007-08-23,4.2794,4.2794,4.2794,4.2794
2007-08-24,4.2515,4.2515,4.2515,4.2515
2007-08-27,4.2422,4.2422,4.2422,4.2422
2007-08-28,4.1216,4.1216,4.1216,4.1216
2007-08-29,4.1587,4.1587,4.1587,4.1587
2007-08-30,4.3722,4.3722,4.3722,4.3722
2007-08-31,4.5207,4.5207,4.5207,4.5207
2007-09-03,4.595,4.595,4.595,4.595
2007-09-04,4.595,4.595,4.595,4.595
2007-09-05,4.5486,4.5486,4.5486,4.5486
2007-09-06,4.632,4.632,4.632,4.632
2007-09-07,4.6229,4.6229,4.6229,4.6229
2007-09-10,4.4836,4.4836,4.4836,4.4836
2007-09-11,4.4836,4.4836,4.4836,4.4836
2007-09-12,4.4558,4.4558,4.4558,4.4558
2007-09-13,4.5207,4.5207,4.5207,4.5207
2007-09-14,4.5022,4.5022,4.5022,4.5022
2007-09-17,4.4929,4.4929,4.4929,4.4929
2007-09-18,4.632,4.632,4.632,4.632
2007-09-19,4.8363,4.8363,4.8363,4.8363
2007-09-20,4.8827,4.8827,4.8827,4.8827
2007-09-21,4.9663,4.9663,4.9663,4.9663
2007-09-24,4.7436,4.7436,4.7436,4.7436
2007-09-25,4.632,4.632,4.632,4.632
2007-09-26,4.7156,4.7156,4.7156,4.7156
2007-09-27,4.7807,4.7807,4.7807,4.7807
2007-09-28,4.6414,4.6414,4.6414,4.6414
2007-10-01,4.7156,4.7156,4.7156,4.7156
2007-10-02,4.8085,4.8085,4.8085,4.8085
2007-10-03,4.8457,4.8457,4.8457,4.8457
2007-10-04,4.9385,4.9385,4.9385,4.9385
2007-10-05,4.957,4.957,4.957,4.957
2007-10-08,4.9941,4.9941,4.9941,4.9941
2007-10-09,5.217,5.217,5.217,5.217
2007-10-10,5.3561,5.3561,5.3561,5.3561
2007-10-11,5.3284,5.3284,5.3284,5.3284
2007-10-12,5.217,5.217,5.217,5.217
2007-10-15,5.384,5.384,5.384,5.384
2007-10-16,5.3655,5.3655,5.3655,5.3655
2007-10-17,5.449,5.449,5.449,5.449
2007-10-18,5.2634,5.2634,5.2634,5.2634
2007-10-19,5.384,5.384,5.384,5.384
2007-10-22,5.3191,5.3191,5.3191,5.3191
2007-10-23,5.3933,5.3933,5.3933,5.3933
2007-10-24,5.3191,5.3191,5.3191,5.3191
2007-10-25,5.3005,5.3005,5.3005,5.3005
2007-10-26,5.2262,5.2262,5.2262,5.2262
2007-10-29,5.2634,5.2634,5.2634,5.2634
2007-10-30,5.2819,5.2819,5.2819,5.2819
2007-10-31,5.1891,5.1891,5.1891,5.1891
2007-11-02,5.0684,5.0684,5.0684,5.0684
2007-11-05,4.9292,4.9292,4.9292,4.9292
2007-11-06,4.9477,4.9477,4.9477,4.9477
2007-11-07,4.8643,4.8643,4.8643,4.8643
2007-11-08,4.7621,4.7621,4.7621,4.7621
2007-11-09,4.7436,4.7436,4.6414,4.6972
2007-11-12,4.6878,4.6972,4.6507,4.66
2007-11-13,4.632,4.7156,4.632,4.6972
2007-11-14,4.7807,4.855,4.632,4.6414
2007-11-15,4.6507,4.7156,4.6414,4.6414
2007-11-16,4.632,4.8085,4.632,4.6972
2007-11-19,4.7714,4.7714,4.6785,4.7249
2007-11-20,4.7621,4.7807,4.632,4.7249
2007-11-21,4.7065,4.8271,4.6507,4.7249
2007-11-22,4.7714,4.7714,4.6878,4.7249
2007-11-23,4.7528,4.7621,4.7156,4.7249
2007-11-26,4.7621,4.7621,4.632,4.632
2007-11-27,4.632,4.632,4.4836,4.5115
2007-11-28,4.4743,4.5486,4.3165,4.3165
2007-11-29,4.4651,4.4651,4.2422,4.2422
2007-11-30,4.2794,4.4465,4.2701,4.2794
2007-12-03,4.2794,4.2887,4.2515,4.2515
2007-12-04,4.2422,4.3165,4.2422,4.3165
2007-12-05,4.4558,4.4558,4.3722,4.3722
2007-12-06,4.4186,4.4651,4.3629,4.3816
2007-12-07,4.4558,4.4558,4.3351,4.3444
2007-12-10,4.3816,4.595,4.3816,4.4743
2007-12-11,4.5486,4.6136,4.4,4.4093
2007-12-12,4.3257,4.5671,4.3257,4.4836
2007-12-13,4.4836,4.5394,4.3722,4.3722
2007-12-14,4.3908,4.4093,4.2238,4.233
2007-12-17,4.233,4.233,4.0566,4.0566
2007-12-18,4.1216,4.233,4.0566,4.103
2007-12-19,4.103,4.1123,4.0101,4.0752
2007-12-20,4.0195,4.2238,4.0195,4.1959
2007-12-21,4.2701,4.2701,4.1679,4.2422
2007-12-27,4.1866,4.3537,4.1866,4.3257
2007-12-28,4.3165,4.3629,4.2422,4.3629
2008-01-02,4.3444,4.3537,4.3165,4.3165
2008-01-03,4.233,4.233,4.1587,4.1866
2008-01-04,4.1494,4.2515,4.0752,4.1123
2008-01-07,4.0937,4.1123,4.0566,4.0566
2008-01-08,4.0195,4.0195,3.9731,3.9731
2008-01-09,3.9731,3.9731,3.8431,3.871
2008-01-10,3.8059,3.8059,3.6575,3.6575
2008-01-11,3.6667,3.6667,3.546,3.6296
2008-01-14,3.676,3.676,3.676,3.676
2008-01-15,3.676,3.7688,3.4903,3.4903
2008-01-16,3.2768,3.4161,3.2768,3.3417
2008-01-17,3.3789,3.4346,3.314,3.3697
2008-01-18,3.3417,3.3789,3.2675,3.2861
2008-01-21,3.0355,3.2398,3.0355,3.1469
2008-01-22,3.0261,3.2768,3.0261,3.2398
2008-01-23,3.3697,3.3697,3.1004,3.1562
2008-01-24,3.3325,3.3604,3.2211,3.3604
2008-01-25,3.3882,3.3882,3.2491,3.2583
2008-01-28,3.1562,3.1933,3.1376,3.1376
2008-01-29,3.2026,3.3417,3.2026,3.2583
2008-01-30,3.3511,3.3604,3.2954,3.3233
2008-01-31,3.1933,3.2675,3.1562,3.1839
2008-02-01,3.2491,3.3604,3.2491,3.3604
2008-02-04,3.3789,3.4161,3.3697,3.3789
2008-02-05,3.3511,3.3511,3.2491,3.2491
2008-02-06,3.2026,3.314,3.2026,3.314
2008-02-07,3.314,3.3604,3.2675,3.3417
2008-02-08,3.3976,3.4161,3.2675,3.4161
2008-02-11,3.3789,3.4903,3.3697,3.4903
2008-02-12,3.4718,3.676,3.4718,3.5831
2008-02-13,3.546,3.8059,3.546,3.7225
2008-02-14,3.8338,3.8338,3.7225,3.7781
2008-02-15,3.8245,3.8245,3.7225,3.7317
2008-02-18,3.7596,3.8895,3.7596,3.871
2008-02-19,3.8803,3.908,3.7967,3.7967
2008-02-20,3.7225,3.9452,3.6853,3.7967
2008-02-21,3.8617,3.8895,3.7967,3.8431
2008-02-22,3.7967,3.8523,3.7596,3.7596
2008-02-25,3.7967,3.7967,3.676,3.7502
2008-02-26,3.7317,3.871,3.6018,3.611
2008-02-27,3.6389,3.6389,3.4625,3.6203
2008-02-28,3.6389,3.6389,3.4346,3.4346
2008-02-29,3.3789,3.4346,3.3417,3.4346
2008-03-03,3.3325,3.3604,3.314,3.3325
2008-03-04,3.3325,3.3325,3.0261,3.0355
2008-03-05,3.0448,3.0448,2.9612,3.0261
2008-03-06,3.0355,3.0355,2.9519,2.9519
2008-03-07,2.859,2.8963,2.8127,2.8963
2008-03-10,2.9148,2.9984,2.9148,2.9705
2008-03-11,2.9705,3.0448,2.9705,3.0261
2008-03-12,3.0633,3.0633,2.9984,3.0355
2008-03-13,3.0169,3.0355,2.887,2.9335
2008-03-14,2.9426,2.9426,2.8313,2.8406
2008-03-17,2.7198,2.7848,2.7012,2.7477
2008-03-18,2.7292,2.9612,2.7292,2.9612
2008-03-19,2.9612,2.9984,2.9612,2.9612
2008-03-20,2.9426,3.0261,2.9055,2.9891
2008-03-25,3.1376,3.1376,3.0448,3.0633
2008-03-26,3.1004,3.1004,3.0541,3.0633
2008-03-27,3.0913,3.119,3.0541,3.1004
2008-03-28,3.0448,3.0913,3.0077,3.0541
2008-03-31,2.9984,2.9984,2.9984,2.9984
2008-04-01,3.0077,3.1097,3.0077,3.0541
2008-04-02,3.1376,3.2583,3.119,3.1933
2008-04-03,3.1933,3.2119,3.1283,3.1283
2008-04-04,3.1469,3.2026,3.1469,3.1655
2008-04-07,3.2119,3.2583,3.1655,3.1933
2008-04-08,3.2211,3.2211,3.1747,3.1933
2008-04-09,3.1655,3.1747,3.1097,3.1747
2008-04-10,3.1747,3.1747,3.0819,3.0913
2008-04-11,3.119,3.1283,2.9241,2.9519
2008-04-14,2.9519,2.9519,2.8777,2.8963
2008-04-15,2.9241,2.9241,2.8499,2.9055
2008-04-16,2.9148,2.9148,2.8683,2.8963
2008-04-17,2.9055,2.9055,2.8406,2.8963
2008-04-18,2.8963,2.9984,2.8777,2.9519
2008-04-21,2.9705,2.9705,2.9148,2.9426
2008-04-22,2.9426,2.9426,2.8313,2.8963
2008-04-23,2.8963,2.8963,2.8313,2.859
2008-04-24,2.8963,2.9426,2.8219,2.9426
2008-04-25,2.9705,3.0541,2.9335,3.0169
2008-04-28,3.0819,3.1004,3.0169,3.0913
2008-04-29,3.0726,3.0726,3.0077,3.0169
2008-04-30,2.9797,2.9984,2.9426,2.9797
2008-05-05,3.1004,3.1004,3.0261,3.0633
2008-05-06,3.0913,3.0913,3.0726,3.0726
2008-05-07,3.0913,3.1933,3.0819,3.1839
2008-05-08,3.1469,3.1469,3.0913,3.1004
2008-05-09,3.1097,3.1097,2.9148,2.9148
2008-05-12,2.9335,2.9519,2.9241,2.9241
2008-05-13,2.9426,2.9426,2.9241,2.9335
2008-05-14,2.9335,2.9612,2.9335,2.9519
2008-05-15,2.8963,2.9519,2.8963,2.9519
2008-05-16,2.9705,3.0819,2.9705,3.0541
2008-05-19,3.0541,3.1562,3.0541,3.1097
2008-05-20,3.1283,3.1283,3.0448,3.0448
2008-05-21,3.0169,3.0633,2.9891,2.9984
2008-05-23,3.0355,3.0355,2.9426,2.9984
2008-05-26,3.0169,3.0633,3.0169,3.0355
2008-05-27,3.0726,3.1562,3.0448,3.1283
2008-05-28,3.1469,3.2119,3.1376,3.2026
2008-05-29,3.2398,3.2583,3.1376,3.2583
2008-05-30,3.2304,3.2304,3.1933,3.2026
2008-06-02,3.1933,3.2026,3.1655,3.2026
2008-06-03,3.1655,3.2304,3.1655,3.2304
2008-06-04,3.2304,3.2304,3.1469,3.1469
2008-06-05,3.1747,3.1747,3.1004,3.1747
2008-06-06,3.2211,3.2398,3.1283,3.1839
2008-06-09,3.1004,3.1839,3.0913,3.0913
2008-06-10,2.9797,3.0913,2.9519,2.9984
2008-06-11,2.9705,2.9984,2.8963,2.9055
2008-06-12,2.887,2.9797,2.859,2.9426
2008-06-13,2.8963,2.9335,2.8683,2.9335
2008-06-16,3.0077,3.0077,2.9055,2.9426
2008-06-17,2.9426,2.9891,2.9426,2.9797
2008-06-18,2.9891,2.9891,2.9055,2.9797
2008-06-19,2.887,3.0633,2.887,3.0261
2008-06-20,3.0261,3.0541,2.9705,2.9705
2008-06-23,2.9705,3.0169,2.9335,2.9705
2008-06-24,2.9705,2.9797,2.9148,2.9335
2008-06-25,2.9335,2.9335,2.859,2.8777
2008-06-26,2.9055,2.9426,2.8963,2.8963
2008-06-27,2.859,2.8777,2.7757,2.7757
2008-06-30,2.8034,2.8034,2.7105,2.7663
2008-07-01,2.7757,2.7757,2.7292,2.7385
2008-07-02,2.7385,2.7663,2.7012,2.7198
2008-07-03,2.7012,2.7385,2.6828,2.7012
2008-07-04,2.7385,2.7941,2.6921,2.7757
2008-07-07,2.7941,2.8777,2.7757,2.8406
2008-07-08,2.7941,2.9705,2.757,2.9705
2008-07-09,2.9612,3.0077,2.9241,2.9797
2008-07-10,2.8777,2.9612,2.859,2.859
2008-07-11,2.8683,2.8683,2.7198,2.7385
2008-07-14,2.7385,2.757,2.6549,2.7012
2008-07-15,2.6549,2.7012,2.6085,2.6549
2008-07-16,2.7477,2.7477,2.6641,2.6641
2008-07-17,2.7385,2.8313,2.7198,2.8313
2008-07-18,2.8219,2.9055,2.7757,2.9055
2008-07-21,2.887,3.1004,2.8499,3.0913
2008-07-22,3.0726,3.0726,3.0077,3.0448
2008-07-23,3.0913,3.119,3.0077,3.0541
2008-07-24,3.0077,3.0448,3.0077,3.0077
2008-07-25,2.9705,3.0819,2.9705,3.0541
2008-07-28,3.0355,3.0541,3.0077,3.0541
2008-07-29,2.9984,3.0355,2.9705,2.9984
2008-07-30,3.0633,3.1655,3.0633,3.1655
2008-07-31,3.1283,3.1283,3.0077,3.0355
2008-08-01,3.0355,3.0355,2.9705,3.0261
2008-08-04,2.9519,3.0541,2.9519,3.0541
2008-08-05,3.0541,3.1283,2.9984,2.9984
2008-08-06,3.0541,3.0633,2.9612,2.9612
2008-08-07,2.9705,3.0077,2.7198,2.7198
2008-08-08,2.6828,2.7848,2.6735,2.6828
2008-08-11,2.7477,2.7477,2.7012,2.7198
2008-08-12,2.6828,2.7105,2.6828,2.6921
2008-08-13,2.6828,2.7012,2.6549,2.7012
2008-08-14,2.7385,2.7941,2.6735,2.6828
2008-08-18,2.6641,2.7477,2.6641,2.6735
2008-08-19,2.7012,2.7012,2.5899,2.5992
2008-08-20,2.6456,2.6456,2.5899,2.6363
2008-08-21,2.6085,2.6549,2.5899,2.6549
2008-08-22,2.6549,2.6921,2.6549,2.6828
2008-08-25,2.6456,2.6828,2.6085,2.6085
2008-08-26,2.6085,2.6641,2.6085,2.6085
2008-08-27,2.6085,2.6549,2.5434,2.562
2008-08-28,2.5434,2.6085,2.5063,2.562
2008-08-29,2.5899,2.6456,2.5714,2.5714
2008-09-01,2.5527,2.6085,2.5527,2.5807
2008-09-02,2.562,2.757,2.562,2.7198
2008-09-03,2.7292,2.7292,2.6549,2.6549
2008-09-04,2.7385,2.7385,2.5992,2.5992
2008-09-05,2.5527,2.5807,2.4321,2.4321
2008-09-08,2.5434,2.5992,2.5434,2.5992
2008-09-09,2.5434,2.5992,2.5434,2.5807
2008-09-10,2.5807,2.5807,2.4785,2.5434
2008-09-11,2.5343,2.5343,2.4599,2.4599
2008-09-12,2.5157,2.5157,2.4507,2.4507
2008-09-15,2.4321,2.4321,2.2743,2.3485
2008-09-16,2.2651,2.3114,2.2464,2.2464
2008-09-17,2.3578,2.3578,2.1907,2.1907
2008-09-18,2.1073,2.2371,2.1073,2.1907
2008-09-19,2.2464,2.4136,2.1907,2.3578
2008-09-22,2.3856,2.4042,2.2929,2.3393
2008-09-23,2.2836,2.3856,2.2651,2.3207
2008-09-24,2.3393,2.3578,2.3207,2.3207
2008-09-25,2.3393,2.4136,2.3207,2.4042
2008-09-26,2.4136,2.4414,2.3764,2.3949
2008-09-29,2.4042,2.4042,2.2651,2.2651
2008-09-30,2.1722,2.2651,2.1722,2.2558
2008-10-01,2.2743,2.3764,2.2558,2.3393
2008-10-02,2.3764,2.3764,2.2464,2.2743
2008-10-03,2.2743,2.2743,2.1722,2.2
2008-10-06,2.1536,2.1536,1.9495,1.9495
2008-10-07,2.0237,2.0237,1.8751,1.8844
2008-10-08,1.7637,1.9587,1.7266,1.8287
2008-10-09,1.8473,1.8751,1.7823,1.7823
2008-10-10,1.6895,1.6895,1.4574,1.5966
2008-10-13,1.6245,1.6895,1.5966,1.6801
2008-10-14,1.8473,1.8473,1.7173,1.7452
2008-10-15,1.7452,1.7452,1.5131,1.541
2008-10-16,1.3832,1.4481,1.3645,1.3832
2008-10-17,1.476,1.476,1.2531,1.3367
2008-10-20,1.3832,1.4109,1.3275,1.3367
2008-10-21,1.3832,1.4109,1.3832,1.3925
2008-10-22,1.3553,1.3739,1.2439,1.2439
2008-10-23,1.2531,1.2531,1.0582,1.1046
2008-10-24,1.0397,1.0582,1.0118,1.0489
2008-10-27,1.0397,1.1604,1.0211,1.0861
2008-10-28,1.1418,1.1418,1.1046,1.1046
2008-10-29,1.1789,1.2347,1.1604,1.216
2008-10-30,1.3089,1.3089,1.2439,1.281
2008-10-31,1.281,1.3553,1.2718,1.3367
2008-11-03,1.3645,1.4017,1.3275,1.3367
2008-11-04,1.346,1.4202,1.346,1.4202
2008-11-05,1.4202,1.4202,1.4017,1.4202
2008-11-06,1.3553,1.4202,1.3275,1.4109
2008-11-07,1.4109,1.4388,1.4109,1.4202
2008-11-10,1.4481,1.476,1.4481,1.4667
2008-11-12,1.4481,1.4481,1.3553,1.4017
2008-11-13,1.281,1.3553,1.281,1.3367
2008-11-14,1.4017,1.4017,1.3553,1.3553
2008-11-17,1.346,1.3739,1.2996,1.346
2008-11-18,1.3553,1.3553,1.281,1.2903
2008-11-19,1.3182,1.3275,1.2624,1.3275
2008-11-20,1.2347,1.2439,1.216,1.216
2008-11-21,1.2254,1.2624,1.216,1.2531
2008-11-24,1.2718,1.4202,1.2718,1.4202
2008-11-25,1.4481,1.4667,1.4296,1.4574
2008-11-26,1.4574,1.4945,1.4574,1.4945
2008-11-27,1.5038,1.5874,1.5038,1.5874
2008-11-28,1.5874,1.5874,1.5223,1.5223
2008-12-01,1.4202,1.5223,1.4202,1.4853
2008-12-02,1.4296,1.541,1.4296,1.5317
2008-12-03,1.5503,1.5966,1.5317,1.5317
2008-12-04,1.5688,1.6709,1.5503,1.6616
2008-12-05,1.6245,1.6523,1.5966,1.6059
2008-12-08,1.6709,1.6801,1.6523,1.6709
2008-12-09,1.6709,1.6988,1.6431,1.6895
2008-12-10,1.6895,1.6895,1.6339,1.6523
2008-12-11,1.6523,1.6523,1.578,1.6059
2008-12-12,1.5317,1.6059,1.5317,1.5688
2008-12-15,1.5966,1.5966,1.578,1.5966
2008-12-16,1.6245,1.6245,1.5874,1.6245
2008-12-17,1.6152,1.6152,1.578,1.578
2008-12-18,1.5874,1.5874,1.5038,1.5223
2008-12-19,1.5223,1.541,1.4945,1.4945
2008-12-22,1.5503,1.5503,1.4481,1.4481
2008-12-23,1.4481,1.4481,1.4202,1.4202
2008-12-29,1.4574,1.4574,1.4296,1.4296
2008-12-30,1.4481,1.4574,1.4481,1.4574
2008-12-31,1.4574,1.4667,1.4202,1.4388
2009-01-05,1.4667,1.5223,1.4388,1.5131
2009-01-06,1.5317,1.5874,1.5317,1.5874
2009-01-07,1.5874,1.5874,1.5503,1.578
2009-01-08,1.541,1.5688,1.5223,1.5317
2009-01-09,1.5223,1.5317,1.476,1.476
2009-01-12,1.4853,1.4853,1.4574,1.4574
2009-01-13,1.4388,1.4388,1.4109,1.4109
2009-01-14,1.4388,1.4388,1.2996,1.2996
2009-01-15,1.281,1.3089,1.216,1.281
2009-01-16,1.3367,1.3367,1.2347,1.2439
2009-01-19,1.2624,1.2624,1.1696,1.1696
2009-01-20,1.1789,1.2067,1.1232,1.1232
2009-01-21,1.0118,1.0304,0.984,1.0304
2009-01-22,1.0489,1.0489,0.9004,0.9191
2009-01-23,0.9004,0.9561,0.8726,0.9561
2009-01-26,0.9191,0.9654,0.9191,0.9654
2009-01-27,0.9654,0.984,0.9282,0.9282
2009-01-28,0.9561,0.9654,0.9282,0.9561
2009-01-29,0.9561,0.9747,0.9375,0.9561
2009-01-30,0.9468,0.9654,0.9375,0.9375
2009-02-02,0.9282,0.9282,0.8633,0.8633
2009-02-03,0.8633,0.8819,0.789,0.789
2009-02-04,0.7983,0.8262,0.7613,0.8262
2009-02-05,0.8355,0.9098,0.8355,0.8448
2009-02-06,0.9004,0.9098,0.8726,0.9098
2009-02-09,0.9098,0.9654,0.8633,0.9654
2009-02-10,0.9654,0.984,0.9375,0.9468
2009-02-11,0.9191,0.9282,0.9098,0.9282
2009-02-12,0.9375,0.9375,0.8539,0.8911
2009-02-13,0.8911,0.9098,0.8633,0.8726
2009-02-16,0.8539,0.8633,0.8169,0.8169
2009-02-17,0.8076,0.8076,0.7055,0.7055
2009-02-18,0.7148,0.7148,0.6219,0.6869
2009-02-19,0.7055,0.789,0.7055,0.7613
2009-02-20,0.7241,0.752,0.7148,0.7426
2009-02-23,0.7704,0.7704,0.7148,0.7148
2009-02-24,0.6961,0.6961,0.6498,0.6591
2009-02-25,0.6869,0.7241,0.6684,0.6961
2009-02-26,0.6777,0.6961,0.6777,0.6869
2009-02-27,0.6684,0.7055,0.6684,0.6777
2009-03-02,0.6684,0.6684,0.6498,0.6591
2009-03-03,0.6591,0.6961,0.6591,0.6777
2009-03-04,0.6961,0.7333,0.6961,0.7333
2009-03-05,0.7333,0.7333,0.7241,0.7333
2009-03-06,0.7055,0.7797,0.7055,0.7704
2009-03-09,0.7797,0.7797,0.7333,0.7426
2009-03-10,0.7426,0.7704,0.7241,0.7241
2009-03-11,0.7426,0.752,0.7241,0.7426
2009-03-12,0.7333,0.752,0.7148,0.752
2009-03-13,0.7797,0.8448,0.7797,0.8169
2009-03-16,0.8355,0.8539,0.8262,0.8448
2009-03-17,0.8355,0.8355,0.8076,0.8169
2009-03-18,0.8169,0.8169,0.7704,0.7797
2009-03-19,0.789,0.8169,0.789,0.8076
2009-03-20,0.7983,0.8169,0.7983,0.8169
2009-03-23,0.8169,0.8539,0.8169,0.8539
2009-03-24,0.8819,0.8819,0.8448,0.8448
2009-03-25,0.8262,0.8726,0.8262,0.8726
2009-03-26,0.8726,0.8726,0.8539,0.8726
2009-03-27,0.8633,0.8633,0.8262,0.8262
2009-03-30,0.8076,0.8076,0.7426,0.7426
2009-03-31,0.752,0.7613,0.7148,0.7148
2009-04-01,0.7241,0.7241,0.6777,0.6961
2009-04-02,0.7241,0.789,0.6961,0.789
2009-04-03,0.7983,0.8911,0.7983,0.8448
2009-04-06,0.8633,0.8726,0.8169,0.8262
2009-04-07,0.8262,0.8262,0.8076,0.8076
2009-04-08,0.789,0.8726,0.789,0.8633
2009-04-09,0.8633,0.8911,0.8355,0.8819
2009-04-14,0.8911,0.9098,0.8819,0.9098
2009-04-15,0.9098,0.9282,0.8726,0.9004
2009-04-16,0.9191,0.9191,0.8726,0.8819
2009-04-17,0.8819,0.8819,0.8355,0.8355
2009-04-20,0.8448,0.8448,0.8076,0.8169
2009-04-21,0.8262,0.8448,0.8169,0.8448
2009-04-22,0.8448,0.9098,0.8448,0.9098
2009-04-23,0.9004,0.9098,0.8911,0.8911
2009-04-24,0.9004,0.9191,0.8911,0.9191
2009-04-27,0.9004,0.9098,0.8911,0.9004
2009-04-28,0.8819,0.8819,0.8539,0.8726
2009-04-29,0.9004,0.9747,0.9004,0.9561
2009-04-30,0.9654,1.0304,0.9654,1.0211
2009-05-04,1.0582,1.0953,1.0489,1.0953
2009-05-05,1.0861,1.1325,1.0861,1.1046
2009-05-06,1.0769,1.1232,1.0769,1.0953
2009-05-07,1.1139,1.1232,1.1046,1.1232
2009-05-08,1.0953,1.0953,1.0769,1.0769
2009-05-11,1.0953,1.0953,1.0489,1.0582
2009-05-12,1.0953,1.0953,1.0582,1.0582
2009-05-13,1.0861,1.0861,1.0304,1.0304
2009-05-14,1.0118,1.0304,0.9933,1.0026
2009-05-15,1.0118,1.0118,0.984,1.0118
2009-05-18,0.984,1.0489,0.984,1.0489
2009-05-19,1.0861,1.0953,1.0489,1.0582
2009-05-20,1.0769,1.0953,1.0676,1.0953
2009-05-21,1.0676,1.0676,1.0397,1.0397
2009-05-22,1.0397,1.0676,1.0211,1.0397
2009-05-25,1.0582,1.0582,1.0118,1.0118
2009-05-26,1.0118,1.0118,0.984,1.0026
2009-05-27,1.0211,1.0304,1.0026,1.0211
2009-05-28,1.0211,1.0211,0.984,0.9933
2009-05-29,1.0118,1.0118,0.9933,0.9933
2009-06-01,1.0118,1.0861,0.9933,1.0861
2009-06-02,1.0953,1.1232,1.0953,1.1139
2009-06-03,1.1139,1.1139,1.1046,1.1046
2009-06-04,1.0861,1.1418,1.0861,1.1325
2009-06-05,1.1511,1.1604,1.1139,1.1139
2009-06-08,1.1139,1.1139,1.0861,1.1046
2009-06-09,1.1046,1.2067,1.1046,1.2067
2009-06-10,1.2439,1.3182,1.2439,1.3182
2009-06-12,1.2996,1.3182,1.281,1.3182
2009-06-15,1.2903,1.2903,1.2624,1.2624
2009-06-16,1.2439,1.2903,1.2439,1.2903
2009-06-17,1.2903,1.2903,1.2067,1.2347
2009-06-18,1.2254,1.2347,1.2067,1.216
2009-06-19,1.216,1.2531,1.216,1.2531
2009-06-22,1.2531,1.2531,1.1789,1.1789
2009-06-23,1.1882,1.1882,1.1139,1.1139
2009-06-24,1.1511,1.1696,1.1418,1.1696
2009-06-25,1.1882,1.1882,1.1511,1.1511
2009-06-26,1.1789,1.1882,1.1511,1.1511
2009-06-29,1.1511,1.1789,1.1511,1.1604
2009-06-30,1.1789,1.1789,1.1511,1.1604
2009-07-01,1.1604,1.1696,1.1604,1.1696
2009-07-02,1.1789,1.1789,1.1604,1.1604
2009-07-03,1.1604,1.1604,1.1511,1.1511
2009-07-06,1.1696,1.1696,1.1139,1.1325
2009-07-07,1.1325,1.1604,1.1046,1.1046
2009-07-08,1.0861,1.0861,1.0582,1.0582
2009-07-09,1.0676,1.0676,0.984,0.984
2009-07-10,1.0211,1.0211,1.0118,1.0118
2009-07-13,1.0118,1.0397,0.9933,1.0397
2009-07-14,1.0676,1.1511,1.0676,1.1511
2009-07-15,1.1604,1.1789,1.1418,1.1418
2009-07-16,1.1604,1.1696,1.1418,1.1604
2009-07-17,1.1139,1.1139,1.0861,1.0861
2009-07-20,1.1046,1.1789,1.1046,1.1789
2009-07-21,1.1789,1.2067,1.1511,1.2067
2009-07-22,1.1975,1.2439,1.1696,1.1975
2009-07-23,1.216,1.2624,1.2067,1.2624
2009-07-24,1.2718,1.281,1.2347,1.2439
2009-07-27,1.281,1.281,1.2067,1.2067
2009-07-28,1.2067,1.2439,1.1975,1.1975
2009-07-29,1.2067,1.2254,1.2067,1.216
2009-07-30,1.2347,1.2996,1.2254,1.2996
2009-07-31,1.2996,1.3182,1.281,1.3089
2009-08-03,1.2996,1.346,1.2996,1.346
2009-08-04,1.3275,1.3553,1.3089,1.3182
2009-08-05,1.3367,1.3832,1.3182,1.3182
2009-08-06,1.3367,1.3553,1.3182,1.3182
2009-08-07,1.3275,1.346,1.281,1.346
2009-08-10,1.346,1.346,1.3182,1.3367
2009-08-11,1.346,1.3739,1.3367,1.346
2009-08-12,1.3367,1.346,1.2996,1.3182
2009-08-13,1.3739,1.4109,1.3645,1.4017
2009-08-14,1.4109,1.4574,1.4109,1.4202
2009-08-17,1.4202,1.4202,1.3553,1.3739
2009-08-18,1.3925,1.4109,1.3645,1.4109
2009-08-19,1.3925,1.4296,1.3739,1.4296
2009-08-20,1.4574,1.4945,1.4574,1.4945
2009-08-21,1.5131,1.6895,1.5131,1.6523
2009-08-24,1.6895,1.7544,1.6895,1.7544
2009-08-25,1.7266,1.903,1.7266,1.8844
2009-08-26,1.8844,1.8937,1.7266,1.7266
2009-08-27,1.7358,1.8009,1.6709,1.6801
2009-08-28,1.7637,1.7637,1.7266,1.7266
2009-08-31,1.7173,1.7173,1.6895,1.6895
2009-09-01,1.7173,1.7173,1.5966,1.6245
2009-09-02,1.578,1.6245,1.5223,1.5595
2009-09-03,1.5688,1.6431,1.5688,1.5874
2009-09-04,1.6431,1.6431,1.5874,1.5874
2009-09-07,1.6339,1.6616,1.6339,1.6523
2009-09-08,1.6895,1.7173,1.6709,1.6895
2009-09-09,1.6988,1.773,1.6709,1.7544
2009-09-10,1.7823,1.8009,1.7266,1.7637
2009-09-11,1.7823,1.7823,1.7266,1.7266
2009-09-14,1.7081,1.7081,1.6616,1.6895
2009-09-15,1.6988,1.7081,1.6709,1.6895
2009-09-16,1.7081,1.7452,1.6895,1.7358
2009-09-17,1.7917,1.7917,1.7358,1.7917
2009-09-18,1.7637,1.773,1.7544,1.773
2009-09-21,1.773,1.7823,1.7173,1.7173
2009-09-22,1.7452,1.8009,1.7452,1.7823
2009-09-23,1.8009,1.8287,1.773,1.773
2009-09-24,1.7823,1.8102,1.7452,1.7917
2009-09-25,1.7917,1.7917,1.7637,1.7637
2009-09-28,1.7637,1.7917,1.7452,1.773
2009-09-29,1.7917,1.7917,1.7266,1.7266
2009-09-30,1.7452,1.773,1.6245,1.6245
2009-10-01,1.6801,1.7544,1.6616,1.7544
2009-10-02,1.6988,1.7173,1.6616,1.6709
2009-10-05,1.6895,1.7173,1.6709,1.7173
2009-10-06,1.7358,1.7917,1.7358,1.7917
2009-10-07,1.8194,1.8194,1.7452,1.7544
2009-10-08,1.7917,1.8102,1.7637,1.8009
2009-10-09,1.8009,1.8009,1.773,1.773
2009-10-12,1.8009,1.8287,1.7823,1.8287
2009-10-13,1.8102,1.8287,1.8009,1.8287
2009-10-14,1.8287,1.8937,1.8102,1.8937
2009-10-15,1.8937,1.9122,1.8473,1.8566
2009-10-16,1.8659,1.8937,1.8102,1.8194
2009-10-19,1.8287,1.8566,1.8287,1.8287
2009-10-20,1.8659,1.8844,1.8473,1.8844
2009-10-21,1.8844,1.903,1.8473,1.903
2009-10-22,1.8937,1.9215,1.8659,1.9215
2009-10-23,1.9308,1.9865,1.9308,1.968
2009-10-26,1.9587,1.9587,1.9122,1.9215
2009-10-27,1.8937,1.8937,1.8659,1.8659
2009-10-28,1.8473,1.8751,1.8287,1.8287
2009-10-29,1.8287,1.8844,1.8194,1.8473
2009-10-30,1.8751,1.8751,1.8379,1.8473
2009-11-02,1.8379,1.8473,1.8379,1.8379
2009-11-03,1.8566,1.8566,1.7544,1.7544
2009-11-04,1.7823,1.7823,1.7266,1.7358
2009-11-05,1.7358,1.7358,1.6431,1.6431
2009-11-06,1.6801,1.6801,1.5688,1.578
2009-11-09,1.6059,1.6431,1.5966,1.6431
2009-11-10,1.6616,1.6616,1.6339,1.6339
2009-11-12,1.6431,1.6431,1.6152,1.6152
2009-11-13,1.6152,1.6431,1.6059,1.6059
2009-11-16,1.6523,1.6709,1.6523,1.6616
2009-11-17,1.6709,1.6709,1.6339,1.6339
2009-11-18,1.6339,1.6431,1.6339,1.6339
2009-11-19,1.6152,1.6152,1.5874,1.5874
2009-11-20,1.5874,1.6059,1.5595,1.5595
2009-11-23,1.5874,1.6059,1.5688,1.6059
2009-11-24,1.5966,1.6152,1.5874,1.5874
2009-11-25,1.6152,1.6245,1.578,1.578
2009-11-26,1.5966,1.5966,1.541,1.541
2009-11-27,1.4853,1.5317,1.4853,1.5131
2009-11-30,1.578,1.578,1.5131,1.5131
2009-12-01,1.5131,1.578,1.5131,1.5688
2009-12-02,1.5966,1.6059,1.578,1.5966
2009-12-03,1.6245,1.6339,1.6152,1.6152
2009-12-04,1.6059,1.6616,1.6059,1.6616
2009-12-07,1.6431,1.6616,1.6339,1.6616
2009-12-08,1.6431,1.6616,1.6152,1.6152
2009-12-09,1.6152,1.6431,1.6059,1.6059
2009-12-10,1.6059,1.6339,1.6059,1.6339
2009-12-11,1.6523,1.6523,1.6059,1.6523
2009-12-14,1.6616,1.6709,1.6616,1.6616
2009-12-15,1.6431,1.6616,1.6245,1.6431
2009-12-16,1.6616,1.6616,1.6431,1.6431
2009-12-17,1.6339,1.6431,1.6339,1.6431
2009-12-18,1.6339,1.6523,1.6245,1.6245
2009-12-21,1.6152,1.6431,1.6059,1.6245
2009-12-22,1.6245,1.6616,1.6245,1.6616
2009-12-23,1.6431,1.6616,1.6431,1.6431
2009-12-28,1.6616,1.6616,1.6431,1.6616
2009-12-29,1.6709,1.6801,1.6523,1.6801
2009-12-30,1.6801,1.7173,1.6801,1.7173
2009-12-31,1.7173,1.7173,1.7081,1.7081
2010-01-04,1.7081,1.7917,1.7081,1.7823
2010-01-05,1.8009,1.8379,1.8009,1.8287
2010-01-06,1.8287,1.8379,1.8102,1.8379
2010-01-07,1.7823,1.8287,1.7823,1.8009
2010-01-08,1.8379,1.8566,1.7823,1.8009
2010-01-11,1.8379,1.8566,1.8379,1.8379
2010-01-12,1.8194,1.8473,1.8194,1.8194
2010-01-13,1.8194,1.8566,1.8194,1.8566
2010-01-14,1.8751,1.8751,1.8473,1.8566
2010-01-15,1.8566,1.8659,1.8473,1.8566
2010-01-18,1.8751,1.8751,1.8566,1.8751
2010-01-19,1.8844,1.903,1.8659,1.903
2010-01-20,1.903,1.9401,1.8844,1.9122
2010-01-21,1.8937,1.8937,1.8287,1.8473
2010-01-22,1.8194,1.8194,1.7637,1.7637
2010-01-25,1.7637,1.7823,1.7544,1.7544
2010-01-26,1.7266,1.7544,1.6895,1.7544
2010-01-27,1.7637,1.7823,1.7358,1.7358
2010-01-28,1.7544,1.773,1.7081,1.7081
2010-01-29,1.7081,1.7173,1.6895,1.6988
2010-02-01,1.6988,1.6988,1.6709,1.6709
2010-02-02,1.6895,1.6895,1.6709,1.6709
2010-02-03,1.6895,1.7081,1.6801,1.6801
2010-02-04,1.6895,1.6895,1.5966,1.5966
2010-02-05,1.5688,1.5688,1.5223,1.5223
2010-02-08,1.5503,1.578,1.4945,1.5223
2010-02-09,1.541,1.5595,1.5317,1.5317
2010-02-10,1.5595,1.5595,1.5223,1.5223
2010-02-11,1.5223,1.5317,1.476,1.476
2010-02-12,1.5131,1.5223,1.4853,1.5223
2010-02-15,1.5223,1.5317,1.5038,1.5317
2010-02-16,1.5595,1.578,1.5503,1.5595
2010-02-17,1.5966,1.6059,1.5874,1.6059
2010-02-18,1.5966,1.5966,1.5595,1.5595
2010-02-19,1.541,1.5688,1.5317,1.5317
2010-02-22,1.5503,1.5503,1.5131,1.5131
2010-02-23,1.5131,1.5317,1.476,1.476
2010-02-24,1.476,1.4945,1.4667,1.4667
2010-02-25,1.4667,1.4853,1.4202,1.4202
2010-02-26,1.4388,1.4945,1.4296,1.4945
2010-03-01,1.476,1.476,1.4202,1.4388
2010-03-02,1.4574,1.4853,1.4481,1.476
2010-03-03,1.4945,1.5317,1.4853,1.5317
2010-03-04,1.5223,1.5223,1.5038,1.5131
2010-03-05,1.5131,1.5317,1.5038,1.5317
2010-03-08,1.541,1.541,1.5223,1.541
2010-03-09,1.5317,1.5317,1.5038,1.5131
2010-03-10,1.5223,1.5317,1.5131,1.5317
2010-03-11,1.5317,1.5317,1.5038,1.5131
2010-03-12,1.5131,1.5503,1.5131,1.5317
2010-03-15,1.5317,1.5317,1.5131,1.5223
2010-03-16,1.5317,1.541,1.5131,1.541
2010-03-17,1.5503,1.5966,1.5503,1.5874
2010-03-18,1.5688,1.5966,1.5688,1.5874
2010-03-19,1.5966,1.6245,1.5688,1.5874
2010-03-22,1.5874,1.6245,1.5874,1.6152
2010-03-23,1.6152,1.6339,1.6152,1.6339
2010-03-24,1.6339,1.6339,1.6152,1.6245
2010-03-25,1.6339,1.6801,1.6245,1.6801
2010-03-26,1.6801,1.6988,1.6801,1.6988
2010-03-29,1.7081,1.7266,1.6988,1.7266
2010-03-30,1.7173,1.7173,1.6988,1.7081
2010-03-31,1.7081,1.7081,1.6709,1.6801
2010-04-01,1.6801,1.7452,1.6801,1.7452
2010-04-06,1.7452,1.773,1.7452,1.773
2010-04-07,1.773,1.773,1.7544,1.7637
2010-04-08,1.7452,1.7452,1.7173,1.7173
2010-04-09,1.7266,1.8102,1.7266,1.8009
2010-04-12,1.7917,1.8379,1.7917,1.8379
2010-04-13,1.8287,1.8659,1.8194,1.8659
2010-04-14,1.8379,1.8937,1.8379,1.8937
2010-04-15,1.903,1.903,1.8751,1.8937
2010-04-16,1.8751,1.8751,1.8473,1.8566
2010-04-19,1.8287,1.8287,1.7637,1.773
2010-04-20,1.8009,1.8194,1.7917,1.8102
2010-04-21,1.8287,1.8473,1.773,1.7823
2010-04-22,1.773,1.7823,1.7081,1.7081
2010-04-23,1.7358,1.773,1.7266,1.773
2010-04-26,1.8009,1.8473,1.8009,1.8473
2010-04-27,1.8102,1.8379,1.7917,1.7917
2010-04-28,1.7358,1.7823,1.7358,1.7452
2010-04-29,1.7637,1.7917,1.7544,1.7917
2010-04-30,1.8287,1.8287,1.7173,1.7173
2010-05-04,1.7358,1.7358,1.6431,1.6523
2010-05-05,1.6339,1.6616,1.6152,1.6245
2010-05-06,1.6152,1.6616,1.6152,1.6431
2010-05-07,1.5874,1.6339,1.5874,1.6152
2010-05-10,1.6523,1.6895,1.6523,1.6801
2010-05-11,1.6801,1.6801,1.6431,1.6523
2010-05-12,1.6709,1.6801,1.6523,1.6709
2010-05-13,1.6988,1.6988,1.6152,1.6245
2010-05-14,1.4574,1.4574,1.4296,1.4574
2010-05-17,1.4574,1.4853,1.4481,1.4667
2010-05-18,1.4945,1.5038,1.4667,1.476
2010-05-19,1.4667,1.4667,1.4202,1.4296
2010-05-20,1.4296,1.4296,1.3553,1.3553
2010-05-21,1.3553,1.3739,1.3089,1.346
2010-05-24,1.3739,1.4017,1.3553,1.3925
2010-05-25,1.3739,1.3739,1.3553,1.3553
2010-05-26,1.4017,1.5131,1.3925,1.5131
2010-05-27,1.4945,1.5131,1.4667,1.5038
2010-05-28,1.5131,1.5503,1.5038,1.5503
2010-05-31,1.5503,1.5595,1.541,1.5595
2010-06-01,1.5595,1.5595,1.5038,1.5131
2010-06-02,1.5038,1.5131,1.4853,1.5131
2010-06-04,1.5131,1.5223,1.4574,1.4667
2010-06-07,1.4481,1.4667,1.4481,1.4481
2010-06-08,1.4574,1.4574,1.3925,1.4481
2010-06-09,1.476,1.476,1.4202,1.4481
2010-06-10,1.4574,1.4574,1.4296,1.4481
2010-06-11,1.4574,1.4667,1.4296,1.4574
2010-06-14,1.4667,1.4945,1.4667,1.476
2010-06-15,1.4853,1.4853,1.4481,1.4574
2010-06-16,1.476,1.476,1.4481,1.4574
2010-06-17,1.4574,1.4574,1.4388,1.4388
2010-06-18,1.4388,1.4388,1.4202,1.4296
2010-06-21,1.4388,1.4574,1.4388,1.4481
2010-06-22,1.4388,1.4481,1.4296,1.4296
2010-06-23,1.4296,1.4481,1.3925,1.4109
2010-06-24,1.4202,1.4296,1.3925,1.4109
2010-06-25,1.3925,1.4109,1.3925,1.4017
2010-06-28,1.4017,1.4109,1.3925,1.3925
2010-06-29,1.3925,1.3925,1.346,1.3553
2010-06-30,1.3553,1.3832,1.346,1.3832
2010-07-01,1.3553,1.4109,1.3553,1.3832
2010-07-02,1.4017,1.4109,1.3739,1.3739
2010-07-05,1.3925,1.3925,1.3739,1.3925
2010-07-06,1.4017,1.4574,1.4017,1.4574
2010-07-07,1.4574,1.476,1.4388,1.476
2010-07-08,1.4945,1.4945,1.4853,1.4853
2010-07-09,1.4853,1.4945,1.4667,1.4853
2010-07-12,1.4853,1.5131,1.4853,1.4853
2010-07-13,1.4945,1.5131,1.4945,1.4945
2010-07-14,1.5131,1.5131,1.5131,1.5131
2010-07-15,1.5131,1.5131,1.4853,1.5131
2010-07-16,1.5131,1.5131,1.4853,1.4853
2010-07-19,1.476,1.5131,1.476,1.4945
2010-07-20,1.5131,1.5131,1.4574,1.476
2010-07-21,1.4945,1.5131,1.4945,1.5131
2010-07-22,1.5038,1.5503,1.5038,1.5503
2010-07-23,1.5503,1.6059,1.5503,1.5966
2010-07-26,1.5966,1.6059,1.5874,1.6059
2010-07-27,1.6059,1.6059,1.5874,1.6059
2010-07-28,1.5874,1.6059,1.578,1.578
2010-07-29,1.578,1.5874,1.5688,1.5688
2010-07-30,1.5688,1.5688,1.5317,1.5688
2010-08-02,1.5874,1.6152,1.5688,1.5688
2010-08-03,1.6152,1.6339,1.5966,1.6059
2010-08-04,1.5966,1.6152,1.5966,1.6059
2010-08-05,1.6059,2.2094,1.5595,2.2094
2010-08-06,2.2371,2.2464,1.5223,1.5223
2010-08-09,1.5317,1.541,1.5131,1.5317
2010-08-10,1.5223,1.5223,1.476,1.4853
2010-08-11,1.4667,1.4667,1.4388,1.4388
2010-08-12,1.4296,1.4574,1.4296,1.4574
2010-08-13,1.4667,1.476,1.4202,1.4296
2010-08-16,1.4481,1.4481,1.4202,1.4296
2010-08-17,1.4481,1.4481,1.4202,1.4202
2010-08-18,1.4202,1.4388,1.4202,1.4388
2010-08-19,1.4481,1.4481,1.4109,1.4388
2010-08-20,1.4296,1.4296,1.4109,1.4202
2010-08-23,1.4296,1.4574,1.4296,1.4574
2010-08-24,1.4481,1.4481,1.4202,1.4296
2010-08-25,1.4202,1.4388,1.4109,1.4202
2010-08-26,1.4296,1.4481,1.4296,1.4481
2010-08-27,1.4296,1.4481,1.4296,1.4481
2010-08-30,1.4481,1.4574,1.4388,1.4481
2010-08-31,1.4202,1.4853,1.4202,1.4853
2010-09-01,1.4667,1.4853,1.4667,1.4853
2010-09-02,1.4945,1.5131,1.476,1.5038
2010-09-03,1.5038,1.5223,1.4853,1.5223
2010-09-06,1.5317,1.5317,1.5038,1.5131
2010-09-07,1.5131,1.5131,1.4945,1.5131
2010-09-08,1.5038,1.541,1.4945,1.541
2010-09-09,1.541,1.541,1.5223,1.541
2010-09-10,1.541,1.541,1.5223,1.5317
2010-09-13,1.5688,1.5688,1.541,1.541
2010-09-14,1.541,1.541,1.5131,1.5223
2010-09-15,1.5223,1.541,1.5223,1.5317
2010-09-16,1.5223,1.541,1.5223,1.5317
2010-09-17,1.541,1.541,1.4945,1.5317
2010-09-20,1.5223,1.5317,1.4945,1.5038
2010-09-21,1.5223,1.5223,1.5038,1.5223
2010-09-22,1.5223,1.5223,1.5038,1.5223
2010-09-23,1.5223,1.5223,1.4945,1.4945
2010-09-24,1.5038,1.5223,1.4945,1.5223
2010-09-27,1.5223,1.5317,1.5131,1.5131
2010-09-28,1.5131,1.5131,1.4667,1.476
2010-09-29,1.476,1.4945,1.476,1.4945
2010-09-30,1.4945,1.5131,1.4945,1.5131
2010-10-01,1.5131,1.5223,1.4945,1.5223
2010-10-04,1.5131,1.5317,1.5038,1.5317
2010-10-05,1.5317,1.5503,1.5317,1.541
2010-10-06,1.541,1.5688,1.541,1.5688
2010-10-07,1.5688,1.5688,1.5595,1.5595
2010-10-08,1.5688,1.5688,1.541,1.5595
2010-10-11,1.5688,1.578,1.5595,1.578
2010-10-12,1.578,1.578,1.5595,1.5595
2010-10-13,1.5688,1.6059,1.5688,1.6059
2010-10-14,1.6059,1.6059,1.5874,1.5966
2010-10-15,1.5874,1.5966,1.5688,1.5688
2010-10-18,1.5595,1.5966,1.5595,1.5966
2010-10-19,1.5874,1.6059,1.5595,1.5595
2010-10-20,1.5317,1.578,1.5317,1.5688
2010-10-21,1.5595,1.6339,1.5595,1.6339
2010-10-22,1.6152,1.6339,1.6152,1.6339
2010-10-25,1.6431,1.6431,1.6152,1.6245
2010-10-26,1.6059,1.6431,1.5874,1.6431
2010-10-27,1.6431,1.6616,1.6339,1.6523
2010-10-28,1.6431,1.6616,1.6431,1.6523
2010-10-29,1.6523,1.6801,1.6431,1.6801
2010-11-02,1.6709,1.7081,1.6709,1.7081
2010-11-03,1.6988,1.7081,1.6801,1.6895
2010-11-04,1.7081,1.7544,1.7081,1.7452
2010-11-05,1.7452,1.7452,1.6801,1.6801
2010-11-08,1.6801,1.6801,1.6616,1.6709
2010-11-09,1.6709,1.6709,1.6431,1.6709
2010-11-10,1.6709,1.6709,1.6523,1.6616
2010-11-12,1.6152,1.7544,1.6152,1.7358
2010-11-15,1.7266,1.773,1.7266,1.7358
2010-11-16,1.7358,1.7358,1.6523,1.6523
2010-11-17,1.6152,1.6709,1.6152,1.6616
2010-11-18,1.6801,1.6895,1.6523,1.6616
2010-11-19,1.6709,1.6801,1.5874,1.5966
2010-11-22,1.6059,1.6245,1.6059,1.6152
2010-11-23,1.6339,1.6339,1.6059,1.6059
2010-11-24,1.6059,1.6523,1.5966,1.6339
2010-11-25,1.6616,1.6616,1.6059,1.6152
2010-11-26,1.6152,1.6431,1.5688,1.6431
2010-11-29,1.6245,1.6431,1.6152,1.6339
2010-11-30,1.6245,1.6523,1.578,1.578
2010-12-01,1.6152,1.6616,1.5966,1.6616
2010-12-02,1.6616,1.6709,1.6431,1.6431
2010-12-03,1.6431,1.6709,1.6431,1.6709
2010-12-06,1.6709,1.6801,1.6616,1.6801
2010-12-07,1.6709,1.6895,1.6709,1.6895
2010-12-08,1.6801,1.6988,1.6801,1.6988
2010-12-09,1.6988,1.7173,1.6801,1.6988
2010-12-10,1.7081,1.7173,1.6801,1.7081
2010-12-13,1.7081,1.7173,1.6988,1.7081
2010-12-14,1.6895,1.7081,1.6895,1.7081
2010-12-15,1.7173,1.7173,1.6988,1.7173
2010-12-16,1.7173,1.7266,1.6895,1.7081
2010-12-17,1.6988,1.7637,1.6988,1.7637
2010-12-20,1.7173,1.7637,1.7173,1.7452
2010-12-21,1.7544,1.7544,1.7452,1.7544
2010-12-22,1.7637,1.7637,1.7173,1.7173
2010-12-23,1.7452,1.7452,1.7173,1.7266
2010-12-27,1.7452,1.7452,1.7173,1.7266
2010-12-28,1.7173,1.7452,1.7173,1.7173
2010-12-29,1.7452,1.7452,1.7173,1.7266
2010-12-30,1.7358,1.7358,1.7173,1.7266
2010-12-31,1.7173,1.7358,1.7081,1.7081
2011-01-03,1.7266,1.7358,1.6801,1.7358
2011-01-04,1.7358,1.7358,1.6801,1.6801
2011-01-05,1.6988,1.6988,1.5966,1.6523
2011-01-07,1.6616,1.6616,1.6152,1.6245
2011-01-10,1.6059,1.6059,1.5966,1.6059
2011-01-11,1.6059,1.6616,1.5966,1.6616
2011-01-12,1.6431,1.6523,1.6245,1.6523
2011-01-13,1.6431,1.6523,1.6339,1.6523
2011-01-14,1.6339,1.6616,1.6339,1.6523
2011-01-17,1.6616,1.6616,1.6339,1.6431
2011-01-18,1.6616,1.7081,1.6523,1.7081
2011-01-19,1.6895,1.7452,1.6801,1.6801
2011-01-20,1.6801,1.7173,1.6431,1.6431
2011-01-21,1.6709,1.6988,1.6431,1.6988
2011-01-24,1.6709,1.6801,1.6523,1.6709
2011-01-25,1.6709,1.6801,1.6523,1.6709
2011-01-26,1.6801,1.7266,1.6801,1.7266
2011-01-27,1.7266,1.7358,1.7081,1.7358
2011-01-28,1.7173,1.7173,1.7173,1.7173
2011-01-31,1.6988,1.7081,1.6709,1.7081
2011-02-01,1.7081,1.7452,1.7081,1.7452
2011-02-02,1.7452,1.7637,1.7358,1.7452
2011-02-03,1.7452,1.7637,1.7266,1.7637
2011-02-04,1.773,1.773,1.7544,1.7544
2011-02-07,1.7544,1.773,1.7544,1.773
2011-02-08,1.773,1.8287,1.773,1.7823
2011-02-09,1.8287,1.8937,1.8009,1.8287
2011-02-10,1.8287,1.8287,1.7544,1.7544
2011-02-11,1.7358,1.7823,1.7358,1.7823
2011-02-14,1.8009,1.8194,1.7917,1.8009
2011-02-15,1.8194,1.8194,1.8009,1.8009
2011-02-16,1.8009,1.8009,1.8009,1.8009
2011-02-17,1.8194,1.8194,1.7081,1.7081
2011-02-18,1.7266,1.7637,1.7173,1.7544
2011-02-21,1.7823,1.7823,1.7173,1.7452
2011-02-22,1.7081,1.7544,1.7081,1.7544
2011-02-23,1.7544,1.7637,1.7358,1.7358
2011-02-24,1.7266,1.7358,1.6988,1.6988
2011-02-25,1.7081,1.7266,1.6988,1.7266
2011-02-28,1.7266,1.7266,1.7081,1.7173
2011-03-01,1.7266,1.7266,1.7081,1.7081
2011-03-02,1.7081,1.7544,1.6895,1.7544
2011-03-03,1.7637,1.7637,1.7544,1.7637
2011-03-04,1.7637,1.7917,1.7637,1.7917
2011-03-07,1.7823,1.8102,1.7544,1.8102
2011-03-08,1.8102,1.8194,1.7917,1.8102
2011-03-09,1.8102,1.8287,1.7452,1.7637
2011-03-10,1.7823,1.8194,1.7637,1.8009
2011-03-11,1.773,1.8009,1.7637,1.7823
2011-03-14,1.7917,1.8009,1.7637,1.7917
2011-03-15,1.7637,1.7917,1.7544,1.7917
2011-03-16,1.773,1.8009,1.7544,1.7637
2011-03-17,1.7637,1.8102,1.7637,1.7917
2011-03-18,1.8102,1.8194,1.7823,1.8194
2011-03-21,1.8194,1.8473,1.8009,1.8379
2011-03-22,1.8473,1.8659,1.8194,1.8379
2011-03-23,1.8473,1.8473,1.7917,1.8102
2011-03-24,1.8194,1.8287,1.8194,1.8287
2011-03-25,1.8379,1.8379,1.8194,1.8379
2011-03-28,1.8473,1.8751,1.8379,1.8659
2011-03-29,1.8751,1.8937,1.8659,1.8937
2011-03-30,1.8937,1.9122,1.8844,1.8844
2011-03-31,1.8844,1.9122,1.8659,1.8937
2011-04-01,1.903,1.9122,1.8937,1.9122
2011-04-04,1.9122,1.9215,1.8844,1.903
2011-04-05,1.903,1.9215,1.8844,1.8844
2011-04-06,1.903,1.9772,1.8937,1.903
2011-04-07,1.9122,1.9215,1.8937,1.9122
2011-04-08,1.9122,1.9122,1.8937,1.8937
2011-04-11,1.8937,1.903,1.8751,1.903
2011-04-12,1.903,1.903,1.8844,1.8844
2011-04-13,1.8844,1.9122,1.8844,1.9122
2011-04-14,1.903,1.9215,1.8937,1.903
2011-04-15,1.9215,1.9215,1.8937,1.9122
2011-04-18,1.9215,1.9215,1.8473,1.8751
2011-04-19,1.8659,1.9215,1.8566,1.903
2011-04-20,1.903,1.9308,1.8844,1.903
2011-04-21,1.9122,1.9401,1.903,1.9122
2011-04-26,1.9122,1.9308,1.9122,1.9122
2011-04-27,1.9215,1.9308,1.903,1.9308
2011-04-28,1.9308,1.9308,1.903,1.9122
2011-04-29,1.9215,1.9308,1.9122,1.9122
2011-05-02,1.9215,1.9215,1.8659,1.8659
2011-05-04,1.8473,1.8937,1.8473,1.8473
2011-05-05,1.8566,1.8937,1.8473,1.8659
2011-05-06,1.8566,1.8751,1.8566,1.8566
2011-05-09,1.8659,1.8659,1.8379,1.8473
2011-05-10,1.8473,1.8844,1.8473,1.8844
2011-05-11,1.8844,1.8844,1.8566,1.8566
2011-05-12,1.8566,1.8751,1.8473,1.8566
2011-05-13,1.8659,1.8844,1.8473,1.8844
2011-05-16,1.8566,1.8844,1.8566,1.8566
2011-05-17,1.8566,1.8659,1.8194,1.8194
2011-05-18,1.8566,1.8566,1.8194,1.8379
2011-05-19,1.8287,1.8659,1.8287,1.8379
2011-05-20,1.8566,1.8659,1.8379,1.8379
2011-05-23,1.8379,1.8379,1.8102,1.8194
2011-05-24,1.8102,1.8473,1.8102,1.8473
2011-05-25,1.8287,1.8473,1.8287,1.8379
2011-05-26,1.8379,1.8473,1.8194,1.8194
2011-05-27,1.8379,1.8379,1.8194,1.8287
2011-05-30,1.8287,1.8659,1.8194,1.8287
2011-05-31,1.8473,1.8659,1.8473,1.8473
2011-06-01,1.8659,1.8937,1.8566,1.8566
2011-06-02,1.8659,1.8751,1.8566,1.8566
2011-06-03,1.8751,1.8751,1.8287,1.8379
2011-06-06,1.8379,1.8566,1.8287,1.8379
2011-06-07,1.8287,1.8659,1.8287,1.8659
2011-06-08,1.8566,1.8659,1.8287,1.8379
2011-06-09,1.8379,1.8473,1.8102,1.8102
2011-06-10,1.8194,1.8287,1.8102,1.8194
2011-06-13,1.8194,1.8287,1.8194,1.8287
2011-06-14,1.8287,1.8379,1.8194,1.8194
2011-06-15,1.8102,1.8194,1.7637,1.7917
2011-06-16,1.7917,1.8009,1.7917,1.8009
2011-06-17,1.8009,1.8287,1.7917,1.8287
2011-06-20,1.8102,1.8287,1.8102,1.8194
2011-06-21,1.8287,1.8287,1.7823,1.7917
2011-06-22,1.7917,1.8009,1.773,1.773
2011-06-24,1.7544,1.8379,1.7544,1.7917
2011-06-27,1.7917,1.8102,1.773,1.8102
2011-06-28,1.7917,1.8102,1.7544,1.7544
2011-06-29,1.7637,1.773,1.7544,1.7544
2011-06-30,1.7358,1.773,1.7358,1.7637
2011-07-01,1.7544,1.7917,1.7544,1.7917
2011-07-04,1.7917,1.8009,1.7823,1.7823
2011-07-05,1.7917,1.7917,1.773,1.773
2011-07-06,1.773,1.7917,1.773,1.773
2011-07-07,1.7823,1.8287,1.7823,1.8287
2011-07-08,1.8102,1.8194,1.7823,1.8009
2011-07-11,1.7823,1.7823,1.7637,1.7637
2011-07-12,1.7544,1.7544,1.7266,1.7452
2011-07-13,1.7358,1.7544,1.7358,1.7544
2011-07-14,1.7358,1.7452,1.7173,1.7173
2011-07-15,1.7081,1.7173,1.6895,1.7081
2011-07-18,1.6895,1.7081,1.6709,1.6709
2011-07-19,1.6431,1.6895,1.6431,1.6801
2011-07-20,1.6801,1.7266,1.6801,1.7266
2011-07-21,1.7358,1.7358,1.6988,1.7266
2011-07-22,1.7266,1.7266,1.6895,1.7081
2011-07-25,1.6895,1.7266,1.6895,1.7266
2011-07-26,1.7266,1.7266,1.6895,1.6988
2011-07-27,1.6895,1.7173,1.6616,1.6895
2011-07-28,1.6801,1.7266,1.6709,1.7266
2011-07-29,1.6895,1.7358,1.6895,1.7266
2011-08-01,1.7358,1.7452,1.7173,1.7266
2011-08-02,1.7081,1.7358,1.6895,1.6895
2011-08-03,1.6709,1.7266,1.6431,1.6801
2011-08-04,1.6616,1.6616,1.5223,1.5223
2011-08-05,1.3925,1.541,1.3925,1.4667
2011-08-08,1.4296,1.476,1.4202,1.4388
2011-08-09,1.4388,1.4667,1.3739,1.3832
2011-08-10,1.4017,1.4296,1.2067,1.216
2011-08-11,1.2439,1.3645,1.1604,1.3645
2011-08-12,1.3367,1.4388,1.2996,1.4388
2011-08-16,1.4667,1.4853,1.3832,1.4481
2011-08-17,1.4388,1.4481,1.4109,1.4109
2011-08-18,1.3925,1.3925,1.2624,1.3089
2011-08-19,1.2718,1.3089,1.2531,1.281
2011-08-22,1.281,1.3275,1.281,1.3275
2011-08-23,1.3089,1.3553,1.3089,1.3367
2011-08-24,1.346,1.346,1.3089,1.3182
2011-08-25,1.3367,1.3367,1.2903,1.3367
2011-08-26,1.3089,1.3367,1.2718,1.2996
2011-08-29,1.3089,1.3275,1.2996,1.3089
2011-08-30,1.3182,1.346,1.2996,1.3367
2011-08-31,1.3367,1.4296,1.3367,1.4109
2011-09-01,1.4109,1.4109,1.346,1.346
2011-09-02,1.3367,1.3739,1.2718,1.2718
2011-09-05,1.2347,1.2718,1.1975,1.2067
2011-09-06,1.2067,1.2624,1.1882,1.2254
2011-09-07,1.2439,1.2624,1.2254,1.2439
2011-09-08,1.2531,1.281,1.2254,1.2439
2011-09-09,1.2254,1.2254,1.1604,1.1604
2011-09-12,1.1046,1.1232,1.0489,1.0676
2011-09-13,1.0953,1.1046,1.0489,1.0676
2011-09-14,1.0676,1.0861,1.0676,1.0676
2011-09-15,1.0953,1.1232,1.0769,1.0861
2011-09-16,1.1046,1.1325,1.0769,1.0769
2011-09-19,1.0676,1.0861,1.0676,1.0861
2011-09-20,1.0769,1.1696,1.0676,1.1604
2011-09-21,1.1789,1.1789,1.1418,1.1511
2011-09-22,1.1046,1.1232,1.1046,1.1139
2011-09-23,1.1046,1.1139,1.0582,1.0769
2011-09-26,1.0769,1.1325,1.0582,1.1325
2011-09-27,1.2067,1.2067,1.1325,1.1882
2011-09-28,1.1696,1.216,1.1696,1.1975
2011-09-29,1.1975,1.2624,1.1975,1.216
2011-09-30,1.2254,1.2439,1.1789,1.2439
2011-10-03,1.1882,1.2439,1.1882,1.2254
2011-10-04,1.2067,1.2347,1.1418,1.2347
2011-10-05,1.2347,1.281,1.2254,1.2531
2011-10-06,1.2531,1.281,1.216,1.2254
2011-10-07,1.2347,1.2347,1.2067,1.2347
2011-10-10,1.2439,1.3182,1.2254,1.2903
2011-10-11,1.3182,1.3275,1.281,1.2903
2011-10-12,1.2996,1.3645,1.2996,1.3275
2011-10-13,1.3275,1.3553,1.2903,1.2903
2011-10-14,1.2903,1.3367,1.2903,1.3367
2011-10-17,1.346,1.3925,1.3275,1.346
2011-10-18,1.3275,1.3553,1.3182,1.3553
2011-10-19,1.3553,1.3645,1.3089,1.3553
2011-10-20,1.3275,1.3645,1.3275,1.3275
2011-10-21,1.346,1.3739,1.2996,1.3553
2011-10-24,1.3832,1.4388,1.3832,1.4388
2011-10-25,1.4388,1.4667,1.4109,1.4202
2011-10-26,1.4202,1.4481,1.4109,1.4296
2011-10-27,1.4667,1.4667,1.4109,1.4109
2011-10-28,1.4388,1.4574,1.4017,1.4109
2011-10-31,1.4017,1.4202,1.4017,1.4109
2011-11-02,1.3739,1.4017,1.3553,1.3645
2011-11-03,1.3367,1.4109,1.3367,1.3925
2011-11-04,1.4202,1.4202,1.346,1.3925
2011-11-07,1.3645,1.4109,1.346,1.3832
2011-11-08,1.3925,1.4017,1.3739,1.3739
2011-11-09,1.3925,1.3925,1.3182,1.3553
2011-11-10,1.3089,1.346,1.3089,1.3275
2011-11-14,1.3553,1.3645,1.3553,1.3645
2011-11-15,1.3553,1.3739,1.3182,1.3182
2011-11-16,1.281,1.3182,1.281,1.3182
2011-11-17,1.3182,1.3182,1.281,1.281
2011-11-18,1.281,1.3182,1.281,1.2996
2011-11-21,1.2996,1.3182,1.2531,1.2531
2011-11-22,1.2903,1.2903,1.2624,1.2624
2011-11-23,1.2254,1.2624,1.1882,1.1975
2011-11-24,1.1975,1.2347,1.1975,1.2254
2011-11-25,1.2067,1.2254,1.1975,1.1975
2011-11-28,1.2067,1.281,1.2067,1.2718
2011-11-29,1.2718,1.3182,1.2531,1.2624
2011-11-30,1.2624,1.3553,1.2624,1.3553
2011-12-01,1.346,1.3553,1.3182,1.3367
2011-12-02,1.3553,1.3739,1.3275,1.3367
2011-12-05,1.3367,1.3553,1.3367,1.3553
2011-12-06,1.3367,1.346,1.2996,1.3089
2011-12-07,1.3275,1.346,1.2996,1.3089
2011-12-08,1.3275,1.3275,1.2718,1.281
2011-12-09,1.2531,1.2996,1.2531,1.281
2011-12-12,1.2718,1.2718,1.2067,1.216
2011-12-13,1.2254,1.2439,1.216,1.2254
2011-12-14,1.2347,1.2347,1.2067,1.2067
2011-12-15,1.216,1.2254,1.1789,1.2067
2011-12-16,1.216,1.2254,1.1882,1.2067
2011-12-19,1.216,1.2254,1.1975,1.2067
2011-12-20,1.1975,1.1975,1.1789,1.1882
2011-12-21,1.1975,1.2067,1.1882,1.1975
2011-12-22,1.1975,1.2067,1.1882,1.1882
2011-12-23,1.2067,1.2067,1.1882,1.2067
2011-12-27,1.216,1.2254,1.2067,1.2254
2011-12-28,1.2067,1.2254,1.2067,1.216
2011-12-29,1.216,1.2624,1.2067,1.2624
2011-12-30,1.2531,1.2531,1.2254,1.2347
2012-01-02,1.2531,1.2531,1.2254,1.2347
2012-01-03,1.2439,1.2996,1.2347,1.2996
2012-01-04,1.281,1.2996,1.2347,1.2531
2012-01-05,1.2439,1.2531,1.1975,1.2439
2012-01-09,1.2624,1.2624,1.2254,1.2531
2012-01-10,1.2531,1.2531,1.2254,1.2254
2012-01-11,1.2347,1.2347,1.2067,1.216
2012-01-12,1.2067,1.2531,1.2067,1.2531
2012-01-13,1.2531,1.2531,1.2347,1.2531
2012-01-16,1.2347,1.2718,1.2347,1.2718
2012-01-17,1.2718,1.3275,1.2718,1.2996
2012-01-18,1.3182,1.3182,1.2996,1.2996
2012-01-19,1.2996,1.3182,1.2903,1.3182
2012-01-20,1.3089,1.3645,1.3089,1.3645
2012-01-23,1.3832,1.4109,1.3645,1.4109
2012-01-24,1.4109,1.4202,1.4017,1.4202
2012-01-25,1.4202,1.4296,1.3925,1.4109
2012-01-26,1.4017,1.4853,1.4017,1.4853
2012-01-27,1.476,1.5131,1.476,1.4853
2012-01-30,1.476,1.4853,1.4667,1.476
2012-01-31,1.4853,1.5223,1.476,1.476
2012-02-01,1.476,1.5038,1.476,1.5038
2012-02-02,1.5038,1.5038,1.4853,1.4853
2012-02-03,1.4853,1.5131,1.476,1.476
2012-02-06,1.4945,1.5223,1.476,1.5223
2012-02-07,1.5223,1.5503,1.4853,1.4853
2012-02-08,1.5131,1.5131,1.4853,1.5038
2012-02-09,1.4853,1.5131,1.4574,1.4574
2012-02-10,1.4574,1.476,1.4296,1.4481
2012-02-13,1.4574,1.476,1.4481,1.4574
2012-02-14,1.4667,1.4945,1.4574,1.4853
2012-02-15,1.4945,1.5131,1.4853,1.4945
2012-02-16,1.4853,1.5131,1.4296,1.4296
2012-02-17,1.4388,1.4667,1.4388,1.4574
2012-02-20,1.4574,1.4574,1.4202,1.4202
2012-02-21,1.4388,1.4574,1.4296,1.4481
2012-02-22,1.4574,1.4574,1.4296,1.4296
2012-02-23,1.4481,1.4574,1.4202,1.4202
2012-02-24,1.4296,1.4481,1.4296,1.4481
2012-02-27,1.4481,1.4481,1.4296,1.4481
2012-02-28,1.4481,1.4574,1.4388,1.4481
2012-02-29,1.4574,1.4667,1.4388,1.4574
2012-03-01,1.4388,1.4574,1.4296,1.4296
2012-03-02,1.4296,1.4481,1.4296,1.4481
2012-03-05,1.4481,1.4574,1.4388,1.4481
2012-03-06,1.4481,1.4481,1.3832,1.3832
2012-03-07,1.4017,1.4017,1.3832,1.3925
2012-03-08,1.3925,1.4388,1.3739,1.4296
2012-03-09,1.4202,1.4388,1.4202,1.4388
2012-03-12,1.4388,1.4388,1.4202,1.4388
2012-03-13,1.4296,1.4574,1.4296,1.4574
2012-03-14,1.4667,1.5038,1.4667,1.4945
2012-03-15,1.4853,1.4945,1.476,1.4945
2012-03-16,1.4945,1.5038,1.4853,1.4945
2012-03-19,1.4853,1.4945,1.4667,1.476
2012-03-20,1.476,1.5038,1.4667,1.4667
2012-03-21,1.476,1.4945,1.4296,1.4296
2012-03-22,1.4296,1.4481,1.3553,1.3739
2012-03-23,1.3925,1.4109,1.3645,1.4109
2012-03-26,1.4109,1.4296,1.3832,1.4017
2012-03-27,1.4388,1.4388,1.4017,1.4202
2012-03-28,1.4202,1.4202,1.3925,1.4017
2012-03-29,1.4017,1.4017,1.3645,1.3645
2012-03-30,1.3739,1.3925,1.3645,1.3832
2012-04-02,1.3832,1.4017,1.3832,1.3925
2012-04-03,1.4109,1.4296,1.3925,1.4296
2012-04-04,1.4017,1.4202,1.3832,1.3832
2012-04-05,1.3832,1.4017,1.3832,1.4017
2012-04-10,1.4017,1.4017,1.3739,1.3739
2012-04-11,1.3925,1.3925,1.3645,1.3832
2012-04-12,1.3832,1.4202,1.3832,1.3832
2012-04-13,1.4109,1.4202,1.3832,1.3832
2012-04-16,1.3925,1.4017,1.3832,1.3832
2012-04-17,1.3832,1.4017,1.3832,1.4017
2012-04-18,1.4017,1.4109,1.4017,1.4017
2012-04-19,1.4109,1.4202,1.4017,1.4109
2012-04-20,1.4017,1.4109,1.4017,1.4017
2012-04-23,1.3832,1.4017,1.3832,1.3832
2012-04-24,1.3832,1.4109,1.3832,1.4017
2012-04-25,1.4017,1.4296,1.4017,1.4202
2012-04-26,1.4202,1.4202,1.4017,1.4017
2012-04-27,1.4017,1.4109,1.3925,1.4017
2012-04-30,1.4109,1.4202,1.3832,1.4017
2012-05-02,1.3925,1.4109,1.3832,1.3832
2012-05-04,1.3832,1.3832,1.3645,1.3739
2012-05-07,1.3645,1.3925,1.3553,1.3925
2012-05-08,1.4017,1.4017,1.3645,1.3832
2012-05-09,1.3925,1.4017,1.3645,1.4017
2012-05-10,1.4017,1.4017,1.3182,1.3182
2012-05-11,1.2996,1.3182,1.2996,1.3089
2012-05-14,1.3089,1.3089,1.281,1.2996
2012-05-15,1.3089,1.3089,1.281,1.281
2012-05-16,1.2624,1.2718,1.2439,1.2718
2012-05-17,1.2718,1.2718,1.2531,1.2531
2012-05-18,1.2347,1.2903,1.2347,1.2531
2012-05-21,1.2718,1.2718,1.2439,1.2531
2012-05-22,1.2531,1.2624,1.2531,1.2531
2012-05-23,1.2531,1.2531,1.2067,1.2067
2012-05-24,1.2254,1.2439,1.216,1.216
2012-05-25,1.2439,1.2439,1.216,1.2347
2012-05-28,1.2439,1.2439,1.216,1.216
2012-05-29,1.216,1.2347,1.2067,1.2347
2012-05-30,1.216,1.2254,1.2067,1.2067
2012-05-31,1.1975,1.2439,1.1975,1.2439
2012-06-01,1.2439,1.2439,1.1975,1.2067
2012-06-04,1.1975,1.2347,1.1975,1.2067
2012-06-05,1.2067,1.2254,1.1789,1.1789
2012-06-06,1.1789,1.2067,1.1789,1.2067
2012-06-08,1.216,1.2439,1.1882,1.2439
2012-06-11,1.2439,1.281,1.2439,1.2718
2012-06-12,1.2718,1.3089,1.2531,1.2903
2012-06-13,1.3089,1.3182,1.281,1.3089
2012-06-14,1.3089,1.3275,1.2903,1.3089
2012-06-15,1.3275,1.346,1.3182,1.3367
2012-06-18,1.346,1.3553,1.3182,1.346
2012-06-19,1.346,1.3739,1.3367,1.346
2012-06-20,1.3553,1.3739,1.3367,1.346
2012-06-21,1.3553,1.3553,1.3367,1.346
2012-06-22,1.3367,1.346,1.3275,1.3367
2012-06-25,1.3367,1.3367,1.3089,1.3089
2012-06-26,1.3367,1.346,1.3275,1.3367
2012-06-27,1.3275,1.3367,1.3182,1.3275
2012-06-28,1.3275,1.346,1.3182,1.346
2012-06-29,1.3553,1.3739,1.3367,1.3645
2012-07-02,1.3553,1.3645,1.346,1.3645
2012-07-03,1.3645,1.3832,1.3553,1.3832
2012-07-04,1.3832,1.3925,1.3739,1.3739
2012-07-05,1.3739,1.3832,1.3645,1.3739
2012-07-06,1.3832,1.3832,1.346,1.3553
2012-07-09,1.346,1.3645,1.2903,1.2903
2012-07-10,1.3182,1.3367,1.2903,1.3182
2012-07-11,1.3275,1.346,1.2996,1.346
2012-07-12,1.3089,1.3367,1.3089,1.3182
2012-07-13,1.3367,1.3367,1.3275,1.3275
2012-07-16,1.3275,1.3275,1.3089,1.3275
2012-07-17,1.3275,1.3367,1.3089,1.3275
2012-07-18,1.3275,1.3367,1.3089,1.3275
2012-07-19,1.3275,1.3553,1.3275,1.346
2012-07-20,1.346,1.346,1.3367,1.3367
2012-07-23,1.3182,1.3275,1.3089,1.3089
2012-07-24,1.2903,1.2903,1.281,1.2903
2012-07-25,1.281,1.2903,1.281,1.2903
2012-07-26,1.2903,1.3182,1.2903,1.2903
2012-07-27,1.3182,1.3182,1.2996,1.3089
2012-07-30,1.3182,1.3182,1.2996,1.2996
2012-07-31,1.2996,1.3182,1.2996,1.3089
2012-08-01,1.2996,1.3182,1.2996,1.3089
2012-08-02,1.3089,1.3553,1.3089,1.3367
2012-08-03,1.3367,1.3832,1.3275,1.3275
2012-08-06,1.3275,1.3645,1.3275,1.3553
2012-08-07,1.3553,1.3645,1.346,1.3553
2012-08-08,1.346,1.3645,1.3367,1.3645
2012-08-09,1.3739,1.4109,1.3645,1.4109
2012-08-10,1.3739,1.4109,1.3739,1.4109
2012-08-13,1.3925,1.4202,1.3925,1.4109
2012-08-14,1.4202,1.4202,1.4017,1.4109
2012-08-16,1.4017,1.4202,1.4017,1.4017
2012-08-17,1.4109,1.4109,1.3925,1.3925
2012-08-20,1.3925,1.4017,1.3739,1.3739
2012-08-21,1.3925,1.4017,1.3739,1.4017
2012-08-22,1.4017,1.4017,1.3832,1.4017
2012-08-23,1.4017,1.4017,1.3925,1.4017
2012-08-24,1.4017,1.4017,1.3832,1.3925
2012-08-27,1.3925,1.3925,1.3832,1.3832
2012-08-28,1.3832,1.3925,1.3739,1.3925
2012-08-29,1.3925,1.3925,1.3739,1.3739
2012-08-30,1.3645,1.3832,1.3645,1.3645
2012-08-31,1.3739,1.3739,1.3553,1.3553
2012-09-03,1.3739,1.3739,1.3367,1.3367
2012-09-04,1.346,1.3553,1.3367,1.346
2012-09-05,1.3553,1.3645,1.346,1.346
2012-09-06,1.346,1.4109,1.346,1.4109
2012-09-07,1.3925,1.4109,1.3832,1.4109
2012-09-10,1.4109,1.4202,1.3925,1.4017
2012-09-11,1.3925,1.4017,1.3739,1.3925
2012-09-12,1.4017,1.4017,1.3832,1.3832
2012-09-13,1.3832,1.3832,1.3739,1.3832
2012-09-14,1.4109,1.4109,1.3925,1.4017
2012-09-17,1.3925,1.4109,1.3925,1.3925
2012-09-18,1.4017,1.4017,1.3925,1.4017
2012-09-19,1.4017,1.4202,1.3925,1.4017
2012-09-20,1.4017,1.4017,1.3925,1.4017
2012-09-21,1.4017,1.4109,1.3832,1.3925
2012-09-24,1.3925,1.3925,1.3739,1.3925
2012-09-25,1.3832,1.4202,1.3832,1.4202
2012-09-26,1.4109,1.4109,1.3832,1.3925
2012-09-27,1.4017,1.4017,1.3832,1.4017
2012-09-28,1.3925,1.4109,1.3925,1.4017
2012-10-01,1.3925,1.4017,1.3925,1.4017
2012-10-02,1.4017,1.4017,1.3925,1.3925
2012-10-03,1.3925,1.4017,1.3925,1.4017
2012-10-04,1.4017,1.4296,1.3925,1.4202
2012-10-05,1.4296,1.4481,1.4202,1.4481
2012-10-08,1.4388,1.4574,1.4388,1.4388
2012-10-09,1.4481,1.4481,1.4017,1.4017
2012-10-10,1.4017,1.4109,1.4017,1.4109
2012-10-11,1.4109,1.4109,1.4017,1.4017
2012-10-12,1.4017,1.4017,1.3832,1.4017
2012-10-15,1.4017,1.4109,1.3553,1.3553
2012-10-16,1.3832,1.4109,1.3553,1.3925
2012-10-17,1.4017,1.4296,1.4017,1.4296
2012-10-18,1.4296,1.4481,1.4109,1.4481
2012-10-19,1.4388,1.4481,1.4296,1.4481
2012-10-22,1.4388,1.4481,1.4017,1.4296
2012-10-23,1.4109,1.4296,1.4017,1.4296
2012-10-24,1.4017,1.4017,1.3739,1.3832
2012-10-25,1.3925,1.3925,1.3645,1.3645
2012-10-26,1.3645,1.3832,1.3553,1.3832
2012-10-29,1.3832,1.3925,1.3645,1.3645
2012-10-30,1.3645,1.3832,1.3645,1.3832
2012-10-31,1.3832,1.3832,1.281,1.281
2012-11-02,1.2903,1.2903,1.2439,1.2718
2012-11-05,1.2718,1.2718,1.2531,1.2624
2012-11-06,1.2624,1.2718,1.2531,1.2624
2012-11-07,1.2624,1.2718,1.2531,1.2718
2012-11-08,1.2718,1.2718,1.2531,1.2531
2012-11-09,1.2531,1.2624,1.2439,1.2531
2012-11-12,1.2439,1.2718,1.2439,1.2531
2012-11-13,1.2531,1.2718,1.2439,1.2718
2012-11-14,1.2718,1.2903,1.2531,1.281
2012-11-15,1.281,1.3182,1.281,1.3089
2012-11-16,1.3182,1.3182,1.281,1.2903
2012-11-19,1.3089,1.3182,1.2903,1.3089
2012-11-20,1.3089,1.3089,1.2903,1.3089
2012-11-21,1.3089,1.3182,1.2996,1.2996
2012-11-22,1.3089,1.3089,1.2996,1.3089
2012-11-23,1.3089,1.3182,1.3089,1.3182
2012-11-26,1.3275,1.3275,1.3089,1.3275
2012-11-27,1.3275,1.3367,1.3182,1.3367
2012-11-28,1.3275,1.3367,1.3182,1.3275
2012-11-29,1.3367,1.346,1.3275,1.346
2012-11-30,1.346,1.3553,1.3275,1.346
2012-12-03,1.346,1.3645,1.346,1.3645
2012-12-04,1.3645,1.3645,1.3553,1.3553
2012-12-05,1.3553,1.3645,1.346,1.3553
2012-12-06,1.3553,1.3739,1.346,1.3645
2012-12-07,1.3832,1.3832,1.3553,1.3645
2012-12-10,1.3553,1.3925,1.3553,1.3925
2012-12-11,1.3925,1.4017,1.3739,1.3925
2012-12-12,1.3925,1.4017,1.3739,1.4017
2012-12-13,1.4017,1.4017,1.3832,1.3925
2012-12-14,1.4017,1.4017,1.3925,1.4017
2012-12-17,1.4109,1.4109,1.3925,1.4017
2012-12-18,1.4017,1.4017,1.3925,1.4017
2012-12-19,1.4017,1.4388,1.3925,1.4202
2012-12-20,1.4109,1.4109,1.4017,1.4017
2012-12-21,1.4017,1.4017,1.3832,1.4017
2012-12-27,1.3925,1.4017,1.3925,1.3925
2012-12-28,1.3925,1.3925,1.3832,1.3925
2013-01-02,1.3925,1.4109,1.3925,1.4017
2013-01-03,1.4017,1.4017,1.3832,1.3925
2013-01-04,1.3739,1.3925,1.3739,1.3832
2013-01-07,1.3832,1.3925,1.3275,1.3553
2013-01-08,1.3553,1.3739,1.3275,1.3553
2013-01-09,1.3553,1.3553,1.3367,1.346
2013-01-10,1.346,1.3645,1.3367,1.346
2013-01-11,1.346,1.346,1.3367,1.346
2013-01-14,1.346,1.3553,1.3182,1.3367
2013-01-15,1.3275,1.3367,1.3182,1.3275
2013-01-16,1.3182,1.346,1.3182,1.346
2013-01-17,1.3367,1.3645,1.3367,1.3553
2013-01-18,1.3553,1.3739,1.3553,1.3645
2013-01-21,1.3645,1.3739,1.3553,1.3645
2013-01-22,1.3739,1.3739,1.3553,1.3645
2013-01-23,1.3739,1.4017,1.3645,1.4017
2013-01-24,1.3832,1.4296,1.3832,1.4296
2013-01-25,1.4296,1.4296,1.4017,1.4017
2013-01-28,1.4109,1.4202,1.3832,1.4017
2013-01-29,1.4017,1.4109,1.3925,1.4017
2013-01-30,1.4296,1.4388,1.3925,1.4017
2013-01-31,1.3925,1.4017,1.3645,1.3739
2013-02-01,1.3739,1.3739,1.3645,1.3739
2013-02-04,1.3832,1.3832,1.346,1.346
2013-02-05,1.346,1.3925,1.3367,1.3925
2013-02-06,1.3925,1.4017,1.3832,1.3832
2013-02-07,1.3739,1.3925,1.3739,1.3925
2013-02-08,1.3925,1.4202,1.3739,1.3925
2013-02-11,1.4109,1.4296,1.3925,1.4109
2013-02-12,1.4017,1.4388,1.3367,1.3367
2013-02-13,1.3367,1.346,1.3182,1.3367
2013-02-14,1.3275,1.346,1.2996,1.3275
2013-02-15,1.3367,1.3367,1.3275,1.3367
2013-02-18,1.3367,1.346,1.3275,1.3367
2013-02-19,1.3367,1.346,1.3367,1.3367
2013-02-20,1.3275,1.3367,1.3275,1.3275
2013-02-21,1.3275,1.3367,1.3182,1.3367
2013-02-22,1.3367,1.3367,1.3275,1.3367
2013-02-25,1.3367,1.3645,1.3367,1.3645
2013-02-26,1.3645,1.3645,1.3367,1.3367
2013-02-27,1.3553,1.3553,1.346,1.346
2013-02-28,1.3469,1.366,1.3469,1.3564
2013-03-01,1.3553,1.3832,1.346,1.3832
2013-03-04,1.3832,1.3925,1.3739,1.3832
2013-03-05,1.3832,1.4017,1.3739,1.3739
2013-03-06,1.3832,1.4017,1.3739,1.4017
2013-03-07,1.4017,1.4109,1.3832,1.4017
2013-03-08,1.4109,1.4202,1.3925,1.4202
2013-03-11,1.4202,1.4202,1.4017,1.4202
2013-03-12,1.4202,1.4202,1.4017,1.4109
2013-03-13,1.4109,1.4109,1.4017,1.4109
2013-03-14,1.4202,1.4296,1.3925,1.4202
2013-03-15,1.4202,1.4296,1.4109,1.4109
2013-03-18,1.4017,1.4109,1.3832,1.3925
2013-03-19,1.3925,1.4017,1.3925,1.3925
2013-03-20,1.3925,1.4202,1.3925,1.4017
2013-03-21,1.4017,1.4109,1.3739,1.4017
2013-03-22,1.3925,1.4017,1.3832,1.3925
2013-03-25,1.3925,1.4109,1.346,1.346
2013-03-26,1.346,1.3553,1.3367,1.3553
2013-03-27,1.3275,1.4017,1.3182,1.3553
2013-03-28,1.3645,1.3832,1.3645,1.3739
2013-04-02,1.366,1.4233,1.366,1.4137
2013-04-03,1.4202,1.4202,1.3645,1.3645
2013-04-04,1.366,1.3851,1.366,1.3851
2013-04-05,1.3925,1.3925,1.3739,1.3832
2013-04-08,1.3925,1.4017,1.3739,1.3832
2013-04-09,1.3925,1.4017,1.3832,1.3832
2013-04-10,1.3851,1.4042,1.366,1.3946
2013-04-11,1.3925,1.4017,1.3739,1.4017
2013-04-12,1.3925,1.4017,1.3925,1.4017
2013-04-15,1.3925,1.4109,1.3925,1.3925
2013-04-17,1.4137,1.4233,1.3756,1.3756
2013-04-18,1.3645,1.3925,1.3645,1.3739
2013-04-19,1.3756,1.4233,1.3756,1.3851
2013-04-22,1.4017,1.4109,1.3739,1.3925
2013-04-23,1.4017,1.4017,1.3645,1.3925
2013-04-24,1.4017,1.4017,1.3645,1.3739
2013-04-25,1.3832,1.3832,1.3645,1.3645
2013-04-26,1.366,1.3851,1.366,1.366
2013-04-29,1.3832,1.4017,1.3739,1.4017
2013-04-30,1.4233,1.4233,1.3469,1.4042
2013-05-02,1.3946,1.3946,1.3277,1.3277
2013-05-06,1.3373,1.3564,1.3277,1.3564
2013-05-07,1.3277,1.3564,1.3277,1.3564
2013-05-08,1.366,1.3756,1.3564,1.366
2013-05-09,1.3564,1.4137,1.3564,1.4042
2013-05-10,1.4042,1.4042,1.3851,1.3946
2013-05-13,1.4042,1.4233,1.3946,1.4137
2013-05-14,1.4233,1.471,1.4042,1.4615
2013-05-15,1.471,1.4806,1.4424,1.471
2013-05-16,1.471,1.471,1.4329,1.452
2013-05-17,1.471,1.5283,1.4329,1.4902
2013-05-20,1.5093,1.5283,1.4902,1.4997
2013-05-21,1.4997,1.5093,1.4424,1.4424
2013-05-22,1.452,1.4806,1.4424,1.452
2013-05-23,1.4137,1.452,1.4137,1.452
2013-05-24,1.452,1.471,1.4424,1.471
2013-05-27,1.4806,1.5475,1.471,1.5283
2013-05-28,1.557,1.5952,1.557,1.5856
2013-05-29,1.5762,1.5856,1.5283,1.5283
2013-05-31,1.5283,1.5856,1.5283,1.5856
2013-06-03,1.5283,1.557,1.5283,1.5379
2013-06-04,1.557,1.5856,1.5379,1.5856
2013-06-05,1.557,1.5856,1.5379,1.5666
2013-06-06,1.5379,1.5666,1.5379,1.557
2013-06-07,1.5666,1.5762,1.5475,1.5666
2013-06-10,1.5762,1.5762,1.5666,1.5762
2013-06-11,1.5762,1.5762,1.5762,1.5762
2013-06-12,1.5762,1.5856,1.5379,1.5666
2013-06-13,1.5283,1.5666,1.5283,1.5475
2013-06-14,1.5666,1.5666,1.5475,1.557
2013-06-17,1.557,1.5762,1.557,1.5666
2013-06-18,1.5666,1.5952,1.557,1.5856
2013-06-19,1.5856,1.5856,1.5666,1.5762
2013-06-20,1.5666,1.5856,1.5379,1.5379
2013-06-21,1.5093,1.557,1.4424,1.5379
2013-06-24,1.4806,1.5475,1.4806,1.5093
2013-06-25,1.5093,1.5283,1.5093,1.5189
2013-06-26,1.4615,1.557,1.4615,1.557
2013-06-27,1.5379,1.557,1.4806,1.5093
2013-06-28,1.5093,1.5475,1.4902,1.5475
2013-07-01,1.557,1.557,1.5189,1.5283
2013-07-02,1.5475,1.5762,1.5189,1.5762
2013-07-03,1.5666,1.6048,1.5475,1.5666
2013-07-04,1.5666,1.5666,1.5379,1.5475
2013-07-05,1.5666,1.5666,1.5475,1.5475
2013-07-08,1.557,1.557,1.5379,1.5379
2013-07-09,1.557,1.557,1.5189,1.5283
2013-07-10,1.5093,1.5666,1.5093,1.5666
2013-07-11,1.5762,1.5762,1.5475,1.5666
2013-07-12,1.5475,1.5666,1.5475,1.557
2013-07-15,1.5475,1.557,1.5379,1.5475
2013-07-16,1.5666,1.5666,1.5475,1.557
2013-07-17,1.5475,1.6335,1.5475,1.6239
2013-07-18,1.6048,1.6143,1.5856,1.5952
2013-07-19,1.5952,1.6143,1.5856,1.5952
2013-07-22,1.6239,1.6239,1.5762,1.5952
2013-07-23,1.6143,1.6143,1.5952,1.5952
2013-07-24,1.6048,1.6143,1.5952,1.6143
2013-07-25,1.6048,1.6621,1.5952,1.6621
2013-07-26,1.6335,1.6621,1.6335,1.6525
2013-07-29,1.6621,1.6812,1.6621,1.6716
2013-07-30,1.6908,1.7099,1.6716,1.7099
2013-07-31,1.7099,1.7768,1.7003,1.7385
2013-08-01,1.7576,1.8436,1.7576,1.7768
2013-08-02,1.7768,1.8627,1.7768,1.7958
2013-08-05,1.7768,1.8722,1.7768,1.8531
2013-08-06,1.8722,1.8722,1.7958,1.7958
2013-08-07,1.8149,1.8149,1.7576,1.8149
2013-08-08,1.8245,1.8914,1.8245,1.8341
2013-08-09,1.8341,1.8436,1.8149,1.8245
2013-08-12,1.7768,1.8436,1.7768,1.8245
2013-08-13,1.8245,1.8627,1.8245,1.8531
2013-08-14,1.8531,1.9582,1.8531,1.9295
2013-08-16,1.9009,1.9391,1.9009,1.9295
2013-08-19,1.9295,1.9295,1.8914,1.9295
2013-08-20,1.8914,1.9104,1.8627,1.8722
2013-08-21,1.8722,1.9009,1.8627,1.8818
2013-08-22,1.8818,1.9104,1.8818,1.9104
2013-08-23,1.8914,1.92,1.8818,1.92
2013-08-26,1.9295,1.9295,1.92,1.9295
2013-08-27,1.92,1.92,1.8531,1.8627
2013-08-28,1.8531,1.8627,1.8054,1.8341
2013-08-29,1.8436,1.8531,1.8341,1.8436
2013-08-30,1.8531,1.8531,1.8341,1.8341
2013-09-02,1.8722,1.8722,1.8531,1.8722
2013-09-03,1.8722,1.9104,1.8722,1.8818
2013-09-04,1.8914,1.9104,1.7768,1.7768
2013-09-05,1.7481,1.7481,1.643,1.6908
2013-09-06,1.6908,1.7576,1.6908,1.7385
2013-09-09,1.7576,1.8914,1.7576,1.8341
2013-09-10,1.8531,1.8914,1.8436,1.8914
2013-09-11,1.8914,1.8914,1.8627,1.8914
2013-09-12,1.8818,1.9104,1.8531,1.8722
2013-09-13,1.8627,1.8722,1.7958,1.7958
2013-09-16,1.8245,1.8245,1.7385,1.7385
2013-09-17,1.7768,1.7768,1.7003,1.7768
2013-09-18,1.7768,1.8149,1.7672,1.7672
2013-09-19,1.8245,1.8436,1.7672,1.7958
2013-09-20,1.7862,1.8054,1.7672,1.8054
2013-09-23,1.8054,1.8722,1.7862,1.8627
2013-09-24,1.8436,1.8722,1.8436,1.8722
2013-09-25,1.8722,1.9391,1.8531,1.9391
2013-09-26,1.9295,2.0537,1.9295,2.0251
2013-09-27,2.0347,2.0729,1.9487,1.9487
2013-09-30,1.9487,1.9678,1.8722,1.8722
2013-10-01,1.8914,2.0537,1.8914,2.0537
2013-10-02,2.006,2.0537,1.9678,2.0537
2013-10-03,2.0347,2.0537,1.9964,2.0155
2013-10-04,1.9964,1.9964,1.9582,1.9582
2013-10-07,1.9487,1.9487,1.9104,1.92
2013-10-08,1.92,1.9487,1.9009,1.9391
2013-10-09,1.9391,1.9487,1.9104,1.92
2013-10-10,1.9487,2.0537,1.9487,2.0442
2013-10-11,2.0537,2.1493,2.0251,2.1397
2013-10-14,2.1302,2.1683,2.111,2.1397
2013-10-15,2.1397,2.2543,2.0824,2.0824
2013-10-16,2.092,2.2066,2.0824,2.1779
2013-10-17,2.1779,2.2066,2.1589,2.1589
2013-10-18,2.1589,2.1589,2.0537,2.1302
2013-10-21,2.1589,2.2162,2.1397,2.2162
2013-10-22,2.2543,2.283,2.1589,2.1875
2013-10-23,2.1589,2.197,2.1589,2.1779
2013-10-24,2.197,2.2162,2.1493,2.1493
2013-10-25,2.1493,2.2162,2.1493,2.1683
2013-10-28,2.1589,2.197,2.1302,2.1302
2013-10-29,2.1302,2.1683,2.1016,2.111
2013-10-30,2.111,2.1206,2.092,2.111
2013-10-31,2.1302,2.1493,2.092,2.1206
2013-11-04,2.1589,2.1589,2.1302,2.1302
2013-11-05,2.1493,2.1493,2.1016,2.1016
2013-11-06,2.1016,2.1206,2.1016,2.111
2013-11-07,2.111,2.1302,2.1016,2.1016
2013-11-08,2.092,2.1206,2.0347,2.0347
2013-11-12,2.0633,2.0824,2.0442,2.0537
2013-11-13,2.0442,2.0729,2.0442,2.0442
2013-11-14,2.0729,2.111,2.0729,2.0824
2013-11-15,2.111,2.1397,2.092,2.111
2013-11-18,2.111,2.2352,2.111,2.2352
2013-11-19,2.1875,2.3021,2.1875,2.2543
2013-11-20,2.2543,2.2543,2.197,2.2543
2013-11-21,2.2448,2.2448,2.197,2.197
2013-11-22,2.2162,2.2639,2.2162,2.2448
2013-11-25,2.2448,2.2926,2.2352,2.2926
2013-11-26,2.283,2.283,2.283,2.283
2013-11-27,2.2639,2.2926,2.2543,2.2639
2013-11-28,2.2639,2.283,2.2543,2.2735
2013-11-29,2.2639,2.2735,2.2066,2.2543
2013-12-02,2.2448,2.2543,2.1875,2.1875
2013-12-03,2.1589,2.1779,2.1206,2.1589
2013-12-04,2.1683,2.1683,2.0633,2.0824
2013-12-05,2.1016,2.111,2.0633,2.0824
2013-12-06,2.1302,2.1302,2.0729,2.0729
2013-12-09,2.1016,2.111,2.0537,2.0729
2013-12-10,2.0633,2.0824,2.0251,2.0537
2013-12-11,2.0251,2.0824,2.0251,2.0251
2013-12-12,2.0251,2.0442,1.9868,2.0347
2013-12-13,2.0347,2.0442,2.006,2.0442
2013-12-16,2.0251,2.0633,2.0155,2.0347
2013-12-17,2.0347,2.0537,2.0347,2.0442
2013-12-18,2.0347,2.0633,2.0347,2.0537
2013-12-19,2.0633,2.1016,1.9582,1.9964
2013-12-20,1.9678,2.0347,1.9678,1.9964
2013-12-23,2.0537,2.0537,1.9868,2.0251
2013-12-27,2.0251,2.0251,1.9773,1.9773
2013-12-30,1.9582,2.0251,1.9582,2.0251
2014-01-02,1.9964,2.0251,1.9964,2.0155
2014-01-03,2.006,2.0155,1.9773,1.9773
2014-01-07,1.9487,1.9487,1.9104,1.92
2014-01-08,1.9295,1.9678,1.92,1.9678
2014-01-09,1.9678,1.9678,1.9009,1.9009
2014-01-10,1.9009,1.9391,1.8627,1.9009
2014-01-13,1.9391,1.9964,1.9391,1.9773
2014-01-14,1.9773,2.0347,1.9773,2.0347
2014-01-15,2.0442,2.0633,2.0347,2.0347
2014-01-16,2.0729,2.0729,2.0155,2.0347
2014-01-17,2.0442,2.0442,1.9868,2.006
2014-01-20,1.9964,2.0537,1.9868,2.0251
2014-01-21,2.0537,2.0537,2.006,2.0442
2014-01-22,2.0537,2.092,2.0442,2.0729
2014-01-23,2.0824,2.1016,2.0633,2.1016
2014-01-24,2.1016,2.1016,1.9964,1.9964
2014-01-27,1.9868,2.006,1.9391,1.9964
2014-01-28,2.006,2.006,1.9773,1.9964
2014-01-29,2.006,2.0155,1.9582,1.9964
2014-01-30,1.9773,2.0347,1.9582,2.0251
2014-01-31,2.0442,2.0633,1.9964,2.0633
2014-02-03,2.0537,2.1016,2.0442,2.0442
2014-02-04,2.0155,2.0824,1.9964,2.0633
2014-02-05,2.0537,2.1016,2.0442,2.1016
2014-02-06,2.111,2.1589,2.111,2.1493
2014-02-07,2.1493,2.1493,2.0633,2.0633
2014-02-10,2.0442,2.0729,2.0251,2.0729
2014-02-11,2.0729,2.092,2.0442,2.092
2014-02-12,2.1016,2.111,2.0824,2.111
2014-02-13,2.0824,2.111,2.0824,2.111
2014-02-14,2.111,2.1206,2.092,2.1016
2014-02-17,2.0824,2.092,2.0729,2.0729
2014-02-18,2.0729,2.0824,2.0537,2.0537
2014-02-19,2.0442,2.092,2.0442,2.0633
2014-02-20,2.0442,2.0824,2.0442,2.0537
2014-02-21,2.092,2.111,2.0729,2.092
2014-02-24,2.092,2.1206,2.092,2.1206
2014-02-25,2.1206,2.1397,2.092,2.092
2014-02-26,2.092,2.092,2.0251,2.0442
2014-02-27,2.0537,2.0633,2.006,2.0537
2014-02-28,2.0729,2.1397,2.0633,2.1397
2014-03-03,2.0633,2.092,2.0251,2.0251
2014-03-04,2.0347,2.0729,2.0251,2.0442
2014-03-05,2.0537,2.0824,2.0347,2.0347
2014-03-06,2.0347,2.0633,2.0347,2.0347
2014-03-07,2.0442,2.0537,2.0347,2.0537
2014-03-10,2.0442,2.0633,2.0347,2.0537
2014-03-11,2.0537,2.0729,2.0251,2.0442
2014-03-12,2.0633,2.0824,2.0155,2.0251
2014-03-13,2.0251,2.0251,1.9582,1.9582
2014-03-14,1.92,2.006,1.8914,1.9009
2014-03-17,1.9487,2.0347,1.9295,2.006
2014-03-18,2.006,2.0442,1.9964,2.0251
2014-03-19,2.0442,2.0442,1.9868,1.9868
2014-03-20,1.9678,2.006,1.9678,1.9964
2014-03-21,2.0251,2.0442,2.0251,2.0251
2014-03-24,2.0537,2.0537,2.0155,2.0155
2014-03-25,2.0155,2.0537,2.006,2.0347
2014-03-26,2.0537,2.1206,2.0537,2.0824
2014-03-27,2.1206,2.1397,2.0824,2.0824
2014-03-28,2.1206,2.1302,2.092,2.111
2014-03-31,2.1206,2.1302,2.0824,2.1206
2014-04-01,2.1206,2.1206,2.0729,2.0824
2014-04-02,2.1016,2.1016,2.0633,2.0633
2014-04-03,2.0824,2.1016,2.0633,2.0633
2014-04-04,2.0824,2.1206,2.0729,2.111
2014-04-07,2.1016,2.1302,2.1016,2.1206
2014-04-08,2.1206,2.1206,2.0729,2.0729
2014-04-09,2.1016,2.111,2.0729,2.0729
2014-04-10,2.0824,2.0824,2.0347,2.0347
2014-04-11,2.0251,2.0633,2.0251,2.0347
2014-04-14,2.0442,2.0442,1.9773,1.9964
2014-04-15,1.9964,2.0347,1.9773,2.006
2014-04-16,2.006,2.0251,1.9868,2.006
2014-04-17,1.9964,2.0442,1.9964,2.0442
2014-04-22,2.0442,2.0824,2.0155,2.0824
2014-04-23,2.0537,2.0729,2.0442,2.0633
2014-04-24,2.0633,2.0633,2.0251,2.0251
2014-04-25,2.0155,2.0442,1.9964,2.0251
2014-04-28,2.0347,2.0347,2.006,2.0155
2014-04-29,2.0347,2.0442,2.006,2.006
2014-04-30,2.0257,2.0948,2.0158,2.0948
2014-05-02,2.1146,2.1245,2.0948,2.1146
2014-05-05,2.1245,2.1344,2.0849,2.0948
2014-05-06,2.0948,2.1146,2.0257,2.0355
2014-05-07,2.0355,2.0948,2.0158,2.0751
2014-05-08,2.0948,2.1047,2.0849,2.0948
2014-05-09,2.1047,2.1047,2.0553,2.0652
2014-05-12,2.0849,2.1442,2.0652,2.1442
2014-05-13,2.1541,2.164,2.1541,2.1541
2014-05-14,2.164,2.164,2.1146,2.1344
2014-05-15,2.1541,2.164,2.1344,2.1344
2014-05-16,2.1442,2.1442,2.0948,2.1047
2014-05-19,2.0948,2.1344,2.0849,2.0849
2014-05-20,2.0849,2.1245,2.0849,2.0849
2014-05-21,2.0948,2.1047,2.0849,2.1047
2014-05-22,2.1245,2.164,2.1047,2.164
2014-05-23,2.1739,2.1739,2.1442,2.1739
2014-05-26,2.1739,2.2134,2.1739,2.2134
2014-05-27,2.2134,2.2134,2.1739,2.2035
2014-05-28,2.1838,2.1936,2.1541,2.164
2014-05-29,2.1541,2.1936,2.1442,2.1936
2014-05-30,2.1936,2.1936,2.0948,2.0948
2014-06-02,2.1146,2.1442,2.0948,2.0948
2014-06-03,2.1245,2.1739,2.1047,2.1739
2014-06-04,2.1541,2.1739,2.1344,2.1541
2014-06-05,2.1739,2.2233,2.1541,2.2233
2014-06-06,2.2233,2.2826,2.2134,2.2826
2014-06-09,2.2826,2.3221,2.2529,2.2727
2014-06-10,2.3023,2.3023,2.3023,2.3023
2014-06-11,2.2826,2.3023,2.2233,2.2332
2014-06-12,2.2727,2.2727,2.1541,2.164
2014-06-13,2.1442,2.164,2.1146,2.1146
2014-06-16,2.1146,2.1442,2.1047,2.1344
2014-06-17,2.1541,2.1541,2.1344,2.1442
2014-06-18,2.164,2.1936,2.1442,2.1541
2014-06-20,2.164,2.2035,2.164,2.2035
2014-06-23,2.1936,2.2035,2.1739,2.2035
2014-06-24,2.1936,2.2134,2.1739,2.1739
2014-06-25,2.1739,2.1838,2.1245,2.1344
2014-06-26,2.1442,2.164,2.1146,2.1146
2014-06-27,2.1245,2.1442,2.0849,2.1047
2014-06-30,2.1344,2.1442,2.0948,2.1344
2014-07-01,2.1442,2.1442,2.1047,2.1344
2014-07-02,2.1344,2.1541,2.1146,2.1344
2014-07-03,2.1442,2.1442,2.1146,2.1146
2014-07-04,2.1146,2.1344,2.0948,2.0948
2014-07-07,2.1047,2.1245,2.1047,2.1146
2014-07-08,2.1344,2.1344,2.0751,2.0751
2014-07-09,2.0553,2.0652,2.0553,2.0553
2014-07-10,2.1047,2.1047,2.0652,2.0652
2014-07-11,2.0652,2.0948,2.0355,2.0652
2014-07-14,2.0751,2.0948,2.0454,2.0553
2014-07-15,2.0553,2.0553,2.0454,2.0454
2014-07-16,2.0454,2.0652,2.0355,2.0454
2014-07-17,2.0355,2.0553,2.0158,2.0454
2014-07-18,2.0355,2.0553,2.0257,2.0553
2014-07-21,2.0553,2.0652,2.0257,2.0454
2014-07-22,2.0454,2.0553,2.0257,2.0355
2014-07-23,2.0454,2.0454,2.0059,2.0257
2014-07-24,2.0059,2.0454,2.0059,2.0454
2014-07-25,2.0355,2.0751,2.0355,2.0751
2014-07-28,2.0751,2.0849,2.0553,2.0751
2014-07-29,2.0849,2.0849,2.0553,2.0652
2014-07-30,2.0553,2.0652,1.917,1.917
2014-07-31,1.917,1.917,1.8873,1.8972
2014-08-01,1.8873,1.8873,1.8182,1.8774
2014-08-04,1.9071,1.9071,1.8577,1.8873
2014-08-05,1.8873,1.8873,1.8478,1.8478
2014-08-06,1.8577,1.8676,1.7885,1.8676
2014-08-07,1.8676,1.8676,1.8083,1.828
2014-08-08,1.7984,1.8182,1.7885,1.8083
2014-08-11,1.8379,1.8379,1.8083,1.8182
2014-08-12,1.8083,1.8182,1.7885,1.7885
2014-08-13,1.8083,1.8478,1.7984,1.8478
2014-08-14,1.828,1.9367,1.8182,1.9367
2014-08-18,1.9268,1.9367,1.8972,1.9367
2014-08-19,1.9268,1.9466,1.917,1.9466
2014-08-20,1.917,1.9466,1.917,1.9367
2014-08-21,1.9367,1.9565,1.8676,1.8676
2014-08-22,1.8774,1.8873,1.828,1.828
2014-08-25,1.8577,1.8873,1.8577,1.8873
2014-08-26,1.8972,1.9466,1.8972,1.9466
2014-08-27,1.9466,1.9565,1.917,1.9466
2014-08-28,1.9367,1.9565,1.8676,1.9071
2014-08-29,1.9071,1.9071,1.8774,1.8774
2014-09-01,1.917,1.917,1.8873,1.9071
2014-09-02,1.917,1.9268,1.8972,1.917
2014-09-03,1.917,2.0158,1.9071,1.9861
2014-09-04,1.9861,2.0454,1.9861,2.0257
2014-09-05,2.0355,2.0652,2.0355,2.0553
2014-09-08,2.0553,2.0553,2.0257,2.0454
2014-09-09,2.0355,2.0948,2.0355,2.0652
2014-09-10,2.0355,2.0553,2.0257,2.0257
2014-09-11,2.0257,2.0355,1.9763,1.9763
2014-09-12,1.9763,2.0257,1.9763,1.996
2014-09-15,1.996,2.0257,1.9861,1.996
2014-09-16,2.0158,2.0158,1.9861,1.9861
2014-09-17,1.996,2.0257,1.996,2.0158
2014-09-18,2.0158,2.0849,2.0158,2.0652
2014-09-19,2.0849,2.1442,2.0751,2.0751
2014-09-22,2.0751,2.1344,2.0652,2.1047
2014-09-23,2.1047,2.1047,2.0257,2.0257
2014-09-24,2.0355,2.0355,1.996,2.0059
2014-09-25,2.0158,2.0355,2.0059,2.0059
2014-09-26,2.0059,2.0059,1.9861,1.9861
2014-09-29,1.996,2.0257,1.9861,2.0158
2014-09-30,2.0158,2.0355,1.9861,1.996
2014-10-01,1.996,1.996,1.9565,1.9565
2014-10-02,1.9565,1.9565,1.9367,1.9466
2014-10-03,1.9565,1.9565,1.9466,1.9466
2014-10-06,1.9763,1.996,1.9565,1.9763
2014-10-07,1.9565,1.996,1.9565,1.9763
2014-10-08,1.9466,1.9664,1.9466,1.9565
2014-10-09,1.9664,1.9664,1.9466,1.9466
2014-10-10,1.9367,1.9466,1.9268,1.9268
2014-10-13,1.9268,1.9565,1.917,1.9268
2014-10-14,1.9268,1.9466,1.9268,1.9367
2014-10-15,1.9565,1.9565,1.9268,1.9466
2014-10-16,1.9466,1.9664,1.917,1.9664
2014-10-17,1.9664,1.9664,1.917,1.9466
2014-10-20,1.9466,1.9565,1.917,1.9268
2014-10-21,1.917,1.9664,1.917,1.9664
2014-10-22,1.9763,2.0059,1.9763,1.9861
2014-10-23,1.9861,2.0059,1.9664,1.9763
2014-10-24,1.9763,1.996,1.9466,1.9861
2014-10-27,1.9861,2.0059,1.9664,2.0059
2014-10-28,2.0059,2.0059,1.9861,1.9861
2014-10-29,1.9861,2.0059,1.9763,1.996
2014-10-30,1.996,1.996,1.8873,1.8873
2014-10-31,1.9071,1.9367,1.9071,1.9367
2014-11-03,1.9367,1.9367,1.8873,1.8873
2014-11-04,1.8873,1.9071,1.8873,1.8873
2014-11-05,1.8873,1.9268,1.8873,1.8972
2014-11-06,1.8873,1.9071,1.8676,1.8774
2014-11-07,1.8774,1.8873,1.8577,1.8676
2014-11-10,1.8577,1.8873,1.8577,1.8577
2014-11-12,1.8774,1.8774,1.8577,1.8577
2014-11-13,1.8774,1.8972,1.8676,1.8972
2014-11-14,1.9071,1.917,1.8972,1.917
2014-11-17,1.9268,1.9565,1.9268,1.9565
2014-11-18,1.9565,1.9565,1.9466,1.9466
2014-11-19,1.9565,1.9565,1.9367,1.9466
2014-11-20,1.9367,1.9367,1.917,1.917
2014-11-21,1.9367,1.9466,1.917,1.9367
2014-11-24,1.9367,1.9565,1.917,1.9367
2014-11-25,1.917,1.9466,1.9071,1.917
2014-11-26,1.9367,1.9565,1.917,1.9466
2014-11-27,1.9565,1.9763,1.9466,1.9664
2014-11-28,1.9763,1.9763,1.9565,1.9565
2014-12-01,1.9565,1.9664,1.9367,1.9565
2014-12-02,1.9565,1.9763,1.9565,1.9664
2014-12-03,1.9763,1.9861,1.9664,1.9763
2014-12-04,1.9763,1.9861,1.9268,1.9268
2014-12-05,1.9367,1.9664,1.9268,1.9565
2014-12-08,1.9664,1.9664,1.9466,1.9565
2014-12-09,1.9565,1.9565,1.9367,1.9565
2014-12-10,1.9466,1.9565,1.9367,1.9565
2014-12-11,1.9367,1.9565,1.9268,1.9268
2014-12-12,1.9367,1.9367,1.8774,1.8774
2014-12-15,1.8774,1.9268,1.8676,1.8676
2014-12-16,1.8676,1.8972,1.8577,1.8676
2014-12-17,1.8676,1.9071,1.8676,1.8774
2014-12-18,1.917,1.9367,1.8873,1.917
2014-12-19,1.917,1.9268,1.9071,1.9071
2014-12-22,1.9071,1.9466,1.9071,1.9367
2014-12-23,1.9367,1.9664,1.9268,1.9466
2014-12-29,1.9367,1.9664,1.9367,1.9466
2014-12-30,1.9367,1.9565,1.9367,1.9367
2015-01-02,1.9268,1.9466,1.9071,1.9367
2015-01-05,1.917,1.9367,1.8676,1.8676
2015-01-07,1.8774,1.9268,1.8774,1.917
2015-01-08,1.917,1.9763,1.917,1.9565
2015-01-09,1.9565,1.9664,1.9466,1.9565
2015-01-12,1.9565,1.9664,1.9466,1.9565
2015-01-13,1.9565,1.9763,1.9466,1.9565
2015-01-14,1.9466,1.9565,1.9268,1.9466
2015-01-15,1.9466,1.9565,1.7885,1.7984
2015-01-16,1.8083,1.8182,1.749,1.749
2015-01-19,1.749,1.7589,1.7095,1.7193
2015-01-20,1.7292,1.7391,1.7193,1.7193
2015-01-21,1.7193,1.7589,1.6897,1.7589
2015-01-22,1.7391,1.7589,1.7391,1.749
2015-01-23,1.7589,1.8083,1.7589,1.8083
2015-01-26,1.8083,1.8083,1.7193,1.749
2015-01-27,1.749,1.7687,1.7391,1.749
2015-01-28,1.7687,1.828,1.7391,1.828
2015-01-29,1.8083,1.828,1.8083,1.828
2015-01-30,1.828,1.828,1.8083,1.8182
2015-02-02,1.8379,1.8379,1.8083,1.828
2015-02-03,1.828,1.828,1.7193,1.749
2015-02-04,1.7687,1.7687,1.6897,1.749
2015-02-05,1.749,1.7589,1.6897,1.6897
2015-02-06,1.6897,1.6996,1.6798,1.6798
2015-02-09,1.6897,1.6897,1.6106,1.6304
2015-02-10,1.6403,1.6502,1.6205,1.6403
2015-02-11,1.6403,1.6502,1.6304,1.6304
2015-02-12,1.6502,1.6601,1.6106,1.6205
2015-02-13,1.6304,1.6403,1.6205,1.6403
2015-02-16,1.6403,1.6502,1.6205,1.6502
2015-02-17,1.6502,1.6502,1.6403,1.6403
2015-02-18,1.6502,1.6502,1.6304,1.6304
2015-02-19,1.6205,1.6502,1.6205,1.6403
2015-02-20,1.6403,1.6502,1.6403,1.6502
2015-02-23,1.6601,1.6601,1.6403,1.6502
2015-02-24,1.6601,1.6601,1.6403,1.6601
2015-02-25,1.6601,1.6798,1.6502,1.6798
2015-02-26,1.6798,1.7193,1.6798,1.7193
2015-02-27,1.7193,1.749,1.7193,1.7292
2015-03-02,1.749,1.749,1.6798,1.6798
2015-03-03,1.6897,1.7193,1.6502,1.6502
2015-03-04,1.6699,1.6996,1.6699,1.6996
2015-03-05,1.7193,1.7391,1.7193,1.7193
2015-03-06,1.7193,1.7193,1.6699,1.6699
2015-03-09,1.6601,1.6798,1.6502,1.6502
2015-03-10,1.6502,1.6601,1.6403,1.6502
2015-03-11,1.6502,1.6601,1.6403,1.6403
2015-03-12,1.6601,1.6601,1.6304,1.6304
2015-03-13,1.6304,1.6601,1.6304,1.6601
2015-03-16,1.6601,1.6601,1.6403,1.6502
2015-03-17,1.6502,1.6699,1.6502,1.6502
2015-03-18,1.6699,1.6798,1.6502,1.6699
2015-03-19,1.6798,1.7193,1.6798,1.7095
2015-03-20,1.7095,1.7391,1.6996,1.7391
2015-03-23,1.7391,1.7391,1.7095,1.7095
2015-03-24,1.7095,1.7193,1.6897,1.6897
2015-03-25,1.6897,1.6996,1.6798,1.6798
2015-03-26,1.6798,1.6897,1.6601,1.6601
2015-03-27,1.6699,1.6798,1.6502,1.6502
2015-03-30,1.6699,1.6897,1.6502,1.6502
2015-03-31,1.6699,1.6699,1.6403,1.6601
2015-04-01,1.6699,1.6996,1.6601,1.6996
2015-04-02,1.6996,1.6996,1.6601,1.6601
2015-04-07,1.6798,1.6897,1.6601,1.6601
2015-04-08,1.6601,1.6798,1.6601,1.6798
2015-04-09,1.6897,1.7292,1.6897,1.7292
2015-04-10,1.7292,1.749,1.7193,1.7292
2015-04-13,1.7292,1.7292,1.7193,1.7292
2015-04-14,1.7292,1.7292,1.6897,1.7095
2015-04-15,1.7193,1.8083,1.7095,1.7984
2015-04-16,1.7984,1.8083,1.7885,1.8083
2015-04-17,1.8083,1.8182,1.7687,1.7687
2015-04-20,1.7687,1.8083,1.7687,1.8083
2015-04-21,1.8083,1.828,1.7984,1.8083
2015-04-22,1.7885,1.828,1.7885,1.828
2015-04-23,1.828,1.8478,1.8083,1.8478
2015-04-24,1.8478,1.8478,1.8083,1.8182
2015-04-27,1.8478,1.8478,1.7984,1.7984
2015-04-28,1.7984,1.8083,1.7885,1.7984
2015-04-29,1.7984,1.8182,1.7095,1.7095
2015-04-30,1.7095,1.7193,1.6897,1.6897
2015-05-04,1.6996,1.6996,1.6601,1.6699
2015-05-05,1.6699,1.7095,1.6699,1.7095
2015-05-06,1.6996,1.7687,1.6996,1.7589
2015-05-07,1.7687,1.7687,1.7292,1.7589
2015-05-08,1.7589,1.7687,1.7391,1.7589
2015-05-11,1.749,1.7589,1.7391,1.7391
2015-05-12,1.7292,1.7589,1.7292,1.749
2015-05-13,1.749,1.7589,1.7391,1.7391
2015-05-14,1.749,1.7589,1.7391,1.7391
2015-05-15,1.749,1.749,1.7193,1.7193
2015-05-18,1.7391,1.7391,1.7095,1.7095
2015-05-19,1.7095,1.7391,1.7095,1.7193
2015-05-20,1.7193,1.7193,1.7095,1.7095
2015-05-21,1.7095,1.7095,1.6996,1.6996
2015-05-22,1.6996,1.7095,1.6601,1.6601
2015-05-25,1.6502,1.6502,1.6205,1.6205
2015-05-26,1.6205,1.6601,1.6205,1.6205
2015-05-27,1.6304,1.6699,1.6205,1.6601
2015-05-28,1.6601,1.6601,1.6304,1.6403
2015-05-29,1.6403,1.6502,1.6403,1.6502
2015-06-01,1.6403,1.6502,1.6304,1.6403
2015-06-02,1.6304,1.6601,1.6304,1.6502
2015-06-03,1.6403,1.6601,1.6403,1.6403
2015-06-05,1.6304,1.6304,1.5612,1.581
2015-06-08,1.581,1.6008,1.581,1.6008
2015-06-09,1.6008,1.6205,1.6008,1.6106
2015-06-10,1.6304,1.6304,1.5711,1.6008
2015-06-11,1.6106,1.6106,1.5909,1.6106
2015-06-12,1.6106,1.6106,1.5909,1.5909
2015-06-15,1.5909,1.6106,1.5711,1.5909
2015-06-16,1.5909,1.6304,1.5711,1.6304
2015-06-17,1.6304,1.6304,1.581,1.5909
2015-06-18,1.5711,1.5711,1.5118,1.5514
2015-06-19,1.5316,1.5415,1.5118,1.5118
2015-06-22,1.5118,1.5909,1.5118,1.5909
2015-06-23,1.5909,1.5909,1.5514,1.5514
2015-06-24,1.5612,1.5612,1.5316,1.5316
2015-06-25,1.5415,1.5612,1.4921,1.502
2015-06-26,1.5118,1.5217,1.4921,1.4921
2015-06-29,1.413,1.4921,1.413,1.4822
2015-06-30,1.4822,1.5118,1.4822,1.4921
2015-07-01,1.4921,1.5415,1.4822,1.4822
2015-07-02,1.4822,1.502,1.4525,1.4525
2015-07-03,1.4624,1.4723,1.4328,1.4427
2015-07-06,1.4328,1.4427,1.4229,1.4427
2015-07-07,1.4427,1.4624,1.3834,1.3834
2015-07-08,1.3834,1.4031,1.3439,1.3537
2015-07-09,1.334,1.3636,1.3142,1.3636
2015-07-10,1.3735,1.4229,1.3636,1.4229
2015-07-13,1.4031,1.4328,1.3933,1.3933
2015-07-14,1.4031,1.413,1.3735,1.3834
2015-07-15,1.3933,1.3933,1.3636,1.3636
2015-07-16,1.3834,1.413,1.3834,1.4031
2015-07-17,1.4031,1.413,1.3933,1.413
2015-07-20,1.4031,1.4031,1.3636,1.3636
2015-07-21,1.3636,1.3636,1.3241,1.334
2015-07-22,1.334,1.334,1.2846,1.3142
2015-07-23,1.3043,1.3241,1.3043,1.3241
2015-07-24,1.3241,1.3241,1.3043,1.3043
2015-07-27,1.2944,1.334,1.2944,1.3241
2015-07-28,1.334,1.334,1.2944,1.2944
2015-07-29,1.3043,1.4031,1.3043,1.334
2015-07-30,1.334,1.3439,1.3241,1.3439
2015-07-31,1.3537,1.3735,1.334,1.3735
2015-08-03,1.3735,1.3735,1.3439,1.3537
2015-08-04,1.3636,1.3636,1.3439,1.3537
2015-08-05,1.3537,1.3636,1.3439,1.3537
2015-08-06,1.3241,1.3241,1.1858,1.245
2015-08-07,1.2549,1.2549,1.2253,1.2253
2015-08-10,1.2352,1.2648,1.2253,1.2648
2015-08-11,1.2648,1.2747,1.2549,1.2747
2015-08-12,1.2648,1.2747,1.2549,1.2747
2015-08-13,1.2846,1.3142,1.2747,1.3142
2015-08-14,1.3142,1.334,1.2846,1.2944
2015-08-17,1.2944,1.2944,1.245,1.2549
2015-08-18,1.2549,1.2648,1.2352,1.245
2015-08-19,1.2747,1.2846,1.245,1.2549
2015-08-20,1.2549,1.2648,1.245,1.2549
2015-08-21,1.2549,1.2549,1.2253,1.245
2015-08-24,1.2154,1.2352,1.1858,1.2055
2015-08-25,1.1956,1.2154,1.1956,1.2055
2015-08-26,1.2055,1.2253,1.1858,1.2055
2015-08-27,1.2352,1.2846,1.2253,1.2648
2015-08-28,1.2747,1.3241,1.2648,1.3241
2015-08-31,1.3241,1.3241,1.3241,1.3241
2015-09-01,1.3043,1.3142,1.2944,1.3142
2015-09-02,1.3142,1.3142,1.2944,1.2944
2015-09-03,1.3043,1.3241,1.3043,1.3142
2015-09-04,1.3142,1.334,1.3142,1.334
2015-09-07,1.3439,1.3439,1.334,1.3439
2015-09-08,1.3439,1.3439,1.3142,1.3142
2015-09-09,1.334,1.3439,1.3142,1.3142
2015-09-10,1.3241,1.3636,1.3142,1.3537
2015-09-11,1.3537,1.3735,1.3537,1.3735
2015-09-14,1.3735,1.3834,1.3142,1.3834
2015-09-15,1.3834,1.3933,1.3537,1.3834
2015-09-16,1.3834,1.3834,1.3537,1.3735
2015-09-17,1.3735,1.3834,1.3636,1.3636
2015-09-18,1.3735,1.3735,1.3241,1.334
2015-09-21,1.3636,1.3636,1.334,1.3537
2015-09-22,1.3537,1.3636,1.3241,1.3241
2015-09-23,1.3241,1.3241,1.2747,1.2846
2015-09-24,1.2846,1.3043,1.2747,1.2747
2015-09-25,1.2747,1.2944,1.2747,1.2846
2015-09-28,1.2846,1.2846,1.245,1.245
2015-09-29,1.245,1.245,1.2253,1.2352
2015-09-30,1.245,1.2648,1.2352,1.2549
2015-10-01,1.2549,1.2846,1.2549,1.2747
2015-10-02,1.2747,1.2846,1.2648,1.2846
2015-10-05,1.3043,1.334,1.2846,1.334
2015-10-06,1.334,1.3735,1.3241,1.3636
2015-10-07,1.3636,1.3834,1.3636,1.3834
2015-10-08,1.3636,1.3933,1.3537,1.3834
2015-10-09,1.3933,1.4031,1.3636,1.4031
2015-10-12,1.3933,1.4328,1.3933,1.4229
2015-10-13,1.4229,1.4229,1.3933,1.413
2015-10-14,1.413,1.413,1.4031,1.4031
2015-10-15,1.413,1.413,1.4031,1.4031
2015-10-16,1.4229,1.4229,1.4031,1.4031
2015-10-19,1.3933,1.413,1.3834,1.4031
2015-10-20,1.4031,1.413,1.3933,1.4031
2015-10-21,1.413,1.413,1.3933,1.4031
2015-10-22,1.413,1.413,1.3933,1.4031
2015-10-23,1.4031,1.4031,1.3834,1.3933
2015-10-26,1.3735,1.3735,1.334,1.3439
2015-10-27,1.3241,1.3439,1.3241,1.334
2015-10-28,1.3439,1.3439,1.3142,1.3241
2015-10-29,1.4031,1.4031,1.2747,1.2747
2015-10-30,1.2747,1.2846,1.2648,1.2747
2015-11-02,1.2747,1.2944,1.2747,1.2846
2015-11-03,1.3142,1.3142,1.2747,1.2846
2015-11-04,1.2846,1.2944,1.2747,1.2846
2015-11-05,1.2747,1.2846,1.245,1.2747
2015-11-06,1.2747,1.2747,1.2154,1.2253
2015-11-09,1.2352,1.2352,1.1561,1.1858
2015-11-10,1.1858,1.1858,1.1561,1.1759
2015-11-12,1.1858,1.1858,1.1561,1.1561
2015-11-13,1.1561,1.1858,1.1561,1.1561
2015-11-16,1.1561,1.1561,1.1265,1.1363
2015-11-17,1.1462,1.1858,1.1363,1.1759
2015-11-18,1.1858,1.2055,1.1759,1.1858
2015-11-19,1.1759,1.1858,1.166,1.1858
2015-11-20,1.1858,1.1858,1.166,1.1759
2015-11-23,1.1759,1.1759,1.0869,1.1067
2015-11-24,1.1166,1.1166,1.0771,1.0771
2015-11-25,1.0771,1.1067,1.0771,1.0968
2015-11-26,1.1166,1.1166,1.0771,1.1166
2015-11-27,1.1166,1.1166,1.0672,1.0672
2015-11-30,1.0672,1.0672,1.0474,1.0573
2015-12-01,1.0672,1.0672,1.0573,1.0573
2015-12-02,1.0573,1.0672,1.0178,1.0375
2015-12-03,1.0277,1.0672,1.0277,1.0375
2015-12-04,1.0474,1.0672,1.0277,1.0672
2015-12-07,1.0771,1.0968,1.0771,1.0968
2015-12-08,1.0968,1.0968,1.0375,1.0573
2015-12-09,1.0672,1.0672,0.998,1.0375
2015-12-10,1.0573,1.1166,1.0573,1.0968
2015-12-11,1.1166,1.1462,1.0573,1.0672
2015-12-14,1.0573,1.0968,1.0573,1.0968
2015-12-15,1.0968,1.1166,1.0672,1.0968
2015-12-16,1.0968,1.1462,1.0968,1.1363
2015-12-17,1.1462,1.1561,1.1067,1.1067
2015-12-18,1.1067,1.1265,1.0968,1.1265
2015-12-21,1.1265,1.166,1.1265,1.1561
2015-12-22,1.1462,1.1561,1.1265,1.1363
2015-12-23,1.1561,1.1561,1.1265,1.1462
2015-12-28,1.1462,1.1561,1.1363,1.1462
2015-12-29,1.1462,1.1462,1.1265,1.1265
2015-12-30,1.1265,1.1462,1.1067,1.1067
2016-01-04,1.0771,1.1067,1.0771,1.0771
2016-01-05,1.0869,1.0869,1.0573,1.0672
2016-01-07,1.0672,1.0672,1.0375,1.0375
2016-01-08,1.0474,1.0474,0.9881,1.0277
2016-01-11,1.0178,1.0474,1.0178,1.0375
2016-01-12,1.0869,1.0869,1.0672,1.0672
2016-01-13,1.0869,1.0869,1.0672,1.0869
2016-01-14,1.0573,1.0771,1.0573,1.0771
2016-01-15,1.0573,1.0771,1.0079,1.0079
2016-01-18,0.9881,0.998,0.9684,0.9684
2016-01-19,0.9782,0.9881,0.9684,0.9684
2016-01-20,0.9684,0.9881,0.9486,0.9684
2016-01-21,0.9585,0.9684,0.9288,0.9387
2016-01-22,0.9486,1.0079,0.9486,1.0079
2016-01-25,0.998,1.0277,0.9881,1.0079
2016-01-26,0.9881,1.0178,0.9782,1.0079
2016-01-27,1.0277,1.0375,1.0079,1.0375
2016-01-28,1.0474,1.0968,1.0474,1.0968
2016-01-29,1.1067,1.1067,1.0672,1.1067
2016-02-01,1.1166,1.1166,1.0771,1.0968
2016-02-02,1.0968,1.0968,1.0771,1.0771
2016-02-03,1.0771,1.1067,1.0771,1.0968
2016-02-04,1.1166,1.166,1.1166,1.1166
2016-02-05,1.1166,1.1166,1.0968,1.1067
2016-02-08,1.1067,1.1067,1.0573,1.0672
2016-02-09,1.0573,1.0869,1.0573,1.0869
2016-02-10,1.0869,1.1067,1.0672,1.0672
2016-02-11,1.0573,1.0869,1.0573,1.0672
2016-02-12,1.0672,1.1067,1.0672,1.1067
2016-02-15,1.1166,1.1363,1.1067,1.1265
2016-02-16,1.1363,1.1363,1.1067,1.1363
2016-02-17,1.1462,1.2253,1.1462,1.2055
2016-02-18,1.2055,1.2055,1.1759,1.1956
2016-02-19,1.1956,1.1956,1.1561,1.1561
2016-02-22,1.1858,1.1956,1.1759,1.1858
2016-02-23,1.166,1.1956,1.166,1.1858
2016-02-24,1.1956,1.1956,1.166,1.166
2016-02-25,1.1858,1.1858,1.1759,1.1759
2016-02-26,1.166,1.166,1.1265,1.1363
2016-02-29,1.1363,1.1363,1.0968,1.0968
2016-03-01,1.1067,1.1363,1.0771,1.0869
2016-03-02,1.1067,1.1265,1.0968,1.1166
2016-03-03,1.1166,1.1265,1.1067,1.1265
2016-03-04,1.1265,1.1561,1.1265,1.1462
2016-03-07,1.1363,1.166,1.1363,1.1561
2016-03-08,1.166,1.1759,1.1462,1.1462
2016-03-09,1.1462,1.166,1.1462,1.166
2016-03-10,1.166,1.1858,1.166,1.166
2016-03-11,1.1759,1.1956,1.1759,1.1956
2016-03-14,1.1956,1.1956,1.1759,1.1956
2016-03-15,1.1956,1.1956,1.166,1.1858
2016-03-16,1.1858,1.2055,1.166,1.2055
2016-03-17,1.1956,1.2253,1.1858,1.2154
2016-03-18,1.2154,1.2154,1.166,1.166
2016-03-21,1.1858,1.1858,1.1462,1.166
2016-03-22,1.1462,1.1759,1.1462,1.1759
2016-03-23,1.1759,1.1759,1.1363,1.1462
2016-03-24,1.1462,1.1759,1.1363,1.1759
2016-03-29,1.1759,1.1759,1.1462,1.166
2016-03-30,1.1759,1.1759,1.1561,1.1759
2016-03-31,1.1759,1.1759,1.1561,1.1561
2016-04-01,1.1561,1.1561,1.1363,1.1561
2016-04-04,1.1561,1.1956,1.1561,1.1956
2016-04-05,1.1858,1.1956,1.1561,1.1858
2016-04-06,1.1858,1.1858,1.166,1.1858
2016-04-07,1.1858,1.1956,1.1363,1.1462
2016-04-08,1.1462,1.1462,1.1265,1.1462
2016-04-11,1.1462,1.1759,1.1363,1.1363
2016-04-12,1.1363,1.1561,1.1265,1.1462
2016-04-13,1.1561,1.1561,1.1462,1.1561
2016-04-14,1.1561,1.166,1.1462,1.1561
2016-04-15,1.166,1.166,1.1363,1.1462
2016-04-18,1.1462,1.1561,1.1363,1.1363
2016-04-19,1.1561,1.1561,1.1265,1.1265
2016-04-20,1.1363,1.1363,1.0869,1.0869
2016-04-21,1.0968,1.1166,1.0869,1.0968
2016-04-22,1.0968,1.1067,1.0968,1.1067
2016-04-25,1.1067,1.1363,1.1067,1.1363
2016-04-26,1.1462,1.1561,1.1166,1.1265
2016-04-27,1.1265,1.1462,1.1166,1.1265
2016-04-28,1.1166,1.1265,1.0672,1.0672
2016-04-29,1.0771,1.0771,1.0573,1.0672
2016-05-02,1.0573,1.0869,1.0573,1.0771
2016-05-04,1.0771,1.0869,1.0573,1.0573
2016-05-05,1.0573,1.0573,1.0474,1.0573
2016-05-06,1.0573,1.0771,1.0573,1.0672
2016-05-09,1.0672,1.0672,1.0375,1.0375
2016-05-10,1.0375,1.0474,1.0079,1.0178
2016-05-11,1.0178,1.0375,1.0178,1.0178
2016-05-12,1.0178,1.0474,1.0178,1.0375
2016-05-13,1.0474,1.0573,1.0277,1.0277
2016-05-16,1.0573,1.0573,1.0474,1.0474
2016-05-17,1.0573,1.0573,1.0375,1.0474
2016-05-18,1.0474,1.0474,1.0178,1.0277
2016-05-19,1.0277,1.0277,0.9782,0.9881
2016-05-20,0.998,1.0178,0.998,1.0079
2016-05-23,1.0178,1.0474,0.998,1.0375
2016-05-24,1.0474,1.0573,1.0178,1.0573
2016-05-25,1.0573,1.0771,1.0474,1.0672
2016-05-27,1.0771,1.0771,1.0474,1.0672
2016-05-30,1.0672,1.0672,1.0573,1.0672
2016-05-31,1.0573,1.0672,0.9881,1.0079
2016-06-01,1.0178,1.0178,0.9881,0.998
2016-06-02,0.998,1.0178,0.9881,1.0178
2016-06-03,0.998,1.0573,0.998,1.0573
2016-06-06,1.0474,1.0474,1.0178,1.0375
2016-06-07,1.0375,1.0672,1.0375,1.0672
2016-06-08,1.0672,1.0672,1.0277,1.0375
2016-06-09,1.0375,1.0375,1.0178,1.0178
2016-06-10,1.0277,1.0277,0.9881,0.998
2016-06-13,0.998,1.0277,0.9881,1.0277
2016-06-14,1.0178,1.0178,0.9881,0.9881
2016-06-15,1.0079,1.0079,0.9881,1.0079
2016-06-16,0.9881,0.998,0.9881,0.9881
2016-06-17,0.998,1.0079,0.9881,1.0079
2016-06-20,1.0277,1.0474,1.0178,1.0375
2016-06-21,1.0178,1.0375,1.0079,1.0277
2016-06-22,1.0277,1.0869,1.0178,1.0869
2016-06-23,1.0869,1.1067,1.0771,1.1067
2016-06-24,0.9091,1.0277,0.9091,1.0079
2016-06-27,1.0178,1.0178,0.9881,1.0079
2016-06-28,1.0079,1.0375,0.998,1.0277
2016-06-29,1.0375,1.0375,1.0079,1.0277
2016-06-30,1.0178,1.0375,1.0178,1.0277
2016-07-01,1.0277,1.0375,0.998,1.0079
2016-07-04,0.998,1.0178,0.9782,1.0079
2016-07-05,1.0178,1.0178,1.0079,1.0079
2016-07-06,0.998,1.0079,0.9881,0.998
2016-07-07,0.998,1.0178,0.998,0.998
2016-07-08,0.998,1.0277,0.998,1.0178
2016-07-11,1.0375,1.0375,1.0178,1.0375
2016-07-12,1.0375,1.0375,1.0079,1.0277
2016-07-13,1.0375,1.0375,0.998,0.998
2016-07-14,0.998,1.0178,0.998,1.0178
2016-07-15,1.0178,1.0178,1.0079,1.0178
2016-07-18,1.0079,1.0277,1.0079,1.0277
2016-07-19,1.0277,1.0375,1.0178,1.0375
2016-07-20,1.0375,1.0474,1.0277,1.0474
2016-07-21,1.0375,1.0375,1.0277,1.0277
2016-07-22,1.0277,1.0375,1.0178,1.0277
2016-07-25,1.0375,1.0573,1.0375,1.0375
2016-07-26,1.0375,1.0474,1.0277,1.0474
2016-07-27,1.0277,1.0474,1.0277,1.0375
2016-07-28,1.0375,1.0375,1.0178,1.0178
2016-07-29,1.0178,1.0178,0.998,0.998
2016-08-01,1.0079,1.0178,0.998,1.0178
2016-08-02,1.0474,1.1561,1.0474,1.1363
2016-08-03,1.1363,1.1462,1.1265,1.1462
2016-08-04,1.1462,1.1561,1.1265,1.1561
2016-08-05,1.1462,1.166,1.1462,1.1561
2016-08-08,1.1561,1.1759,1.1561,1.1759
2016-08-09,1.1759,1.1759,1.1462,1.1759
2016-08-10,1.1759,1.1858,1.1759,1.1858
2016-08-11,1.1858,1.2055,1.1858,1.2055
2016-08-12,1.2055,1.2154,1.2055,1.2154
2016-08-16,1.2154,1.2253,1.1858,1.2154
2016-08-17,1.2154,1.2154,1.1858,1.1956
2016-08-18,1.1956,1.2055,1.1759,1.2055
2016-08-19,1.2055,1.2055,1.1858,1.1956
2016-08-22,1.1956,1.1956,1.1858,1.1956
2016-08-23,1.1956,1.2154,1.1956,1.2154
2016-08-24,1.2055,1.2154,1.1956,1.2055
2016-08-25,1.2154,1.2154,1.1956,1.1956
2016-08-26,1.2055,1.2055,1.1858,1.2055
2016-08-29,1.2055,1.2154,1.1858,1.2154
2016-08-30,1.2154,1.2846,1.2055,1.2846
2016-08-31,1.2747,1.2846,1.2648,1.2747
2016-09-01,1.2747,1.2846,1.2648,1.2648
2016-09-02,1.2648,1.2747,1.245,1.2549
2016-09-05,1.2549,1.2747,1.2549,1.2747
2016-09-06,1.2747,1.2747,1.2549,1.2648
2016-09-07,1.2648,1.2747,1.2549,1.2648
2016-09-08,1.2648,1.2648,1.2154,1.2352
2016-09-09,1.2154,1.2352,1.1759,1.1759
2016-09-12,1.166,1.166,1.1166,1.1166
2016-09-13,1.1265,1.1363,1.1067,1.1166
2016-09-14,1.1166,1.1363,1.1067,1.1166
2016-09-15,1.1265,1.1265,1.1067,1.1265
2016-09-16,1.1265,1.1363,1.1166,1.1363
2016-09-19,1.1363,1.1462,1.1166,1.1363
2016-09-20,1.1166,1.1363,1.1166,1.1363
2016-09-21,1.1363,1.1462,1.1363,1.1462
2016-09-22,1.1462,1.166,1.1462,1.166
2016-09-23,1.166,1.166,1.1265,1.1462
2016-09-26,1.1363,1.1363,1.1067,1.1166
2016-09-27,1.1166,1.1462,1.1067,1.1462
2016-09-28,1.1363,1.1561,1.1363,1.1462
2016-09-29,1.1462,1.1462,1.1067,1.1363
2016-09-30,1.1067,1.1462,1.1067,1.1166
2016-10-03,1.1265,1.1363,1.1166,1.1363
2016-10-04,1.1265,1.1363,1.1166,1.1363
2016-10-05,1.1363,1.1462,1.1265,1.1462
2016-10-06,1.1265,1.1462,1.1265,1.1363
2016-10-07,1.1363,1.1363,1.1166,1.1363
2016-10-10,1.1363,1.1363,1.1166,1.1363
2016-10-11,1.1265,1.1265,1.1166,1.1166
2016-10-12,1.1166,1.1363,1.1067,1.1265
2016-10-13,1.1067,1.1363,1.1067,1.1363
2016-10-14,1.1166,1.1363,1.1166,1.1265
2016-10-17,1.1265,1.1265,1.0869,1.0869
2016-10-18,1.0869,1.0968,1.0869,1.0869
2016-10-19,1.0869,1.1067,1.0869,1.0968
2016-10-20,1.0869,1.1067,1.0869,1.0968
2016-10-21,1.0968,1.1067,1.0968,1.0968
2016-10-24,1.0968,1.1265,1.0968,1.1265
2016-10-25,1.1166,1.166,1.1166,1.1561
2016-10-26,1.1561,1.1561,1.0968,1.0968
2016-10-27,1.0968,1.1265,1.0968,1.1265
2016-10-28,1.1166,1.1265,1.1067,1.1265
2016-10-31,1.1166,1.1462,1.1166,1.1462
2016-11-02,1.1363,1.1363,1.0869,1.0968
2016-11-03,1.0968,1.0968,1.0869,1.0869
2016-11-04,1.0968,1.0968,1.0771,1.0869
2016-11-07,1.1166,1.1166,1.0869,1.0968
2016-11-08,1.0968,1.1265,1.0968,1.1265
2016-11-09,1.0968,1.1265,1.0968,1.1265
2016-11-10,1.1363,1.1759,1.1265,1.1265
2016-11-14,1.1759,1.1759,1.0869,1.0869
2016-11-15,1.0968,1.1067,1.0968,1.0968
2016-11-16,1.0968,1.1067,1.0869,1.0968
2016-11-17,1.1067,1.1067,1.0869,1.0869
2016-11-18,1.0869,1.0869,1.0573,1.0771
2016-11-21,1.0672,1.0968,1.0672,1.0771
2016-11-22,1.0869,1.0968,1.0672,1.0672
2016-11-23,1.0573,1.0771,1.0573,1.0672
2016-11-24,1.0672,1.0771,1.0573,1.0672
2016-11-25,1.0771,1.0771,1.0375,1.0375
2016-11-28,1.0375,1.0474,1.0178,1.0178
2016-11-29,1.0375,1.0474,1.0178,1.0375
2016-11-30,1.0277,1.0573,1.0277,1.0474
2016-12-01,1.0375,1.0474,1.0277,1.0375
2016-12-02,1.0375,1.0474,1.0277,1.0375
2016-12-05,1.0573,1.0771,1.0375,1.0672
2016-12-06,1.0771,1.1462,1.0771,1.1363
2016-12-07,1.1363,1.1363,1.1067,1.1067
2016-12-08,1.1166,1.1363,1.1067,1.1265
2016-12-09,1.1265,1.1265,1.0968,1.1067
2016-12-12,1.1166,1.1166,1.0968,1.1166
2016-12-13,1.1265,1.1462,1.1067,1.1166
2016-12-14,1.1166,1.1265,1.1067,1.1265
2016-12-15,1.1067,1.1265,1.1067,1.1067
2016-12-16,1.1166,1.1363,1.1166,1.1166
2016-12-19,1.1166,1.1166,1.0869,1.0869
2016-12-20,1.0968,1.1166,1.0968,1.1166
2016-12-21,1.1067,1.1166,1.1067,1.1067
2016-12-22,1.0968,1.0968,1.0672,1.0771
2016-12-23,1.0771,1.0771,1.0672,1.0672
2016-12-27,1.0771,1.0771,1.0573,1.0573
2016-12-28,1.0672,1.0771,1.0573,1.0672
2016-12-29,1.0771,1.0771,1.0672,1.0771
2016-12-30,1.0771,1.0869,1.0672,1.0869
2017-01-02,1.0869,1.0869,1.0672,1.0869
2017-01-03,1.0968,1.1067,1.0869,1.1067
2017-01-04,1.1067,1.1265,1.0968,1.1265
2017-01-05,1.1166,1.1265,1.0869,1.0968
2017-01-09,1.1067,1.1166,1.0869,1.1166
2017-01-10,1.1067,1.1265,1.1067,1.1265
2017-01-11,1.1265,1.1462,1.1265,1.1363
2017-01-12,1.1265,1.1759,1.1265,1.1759
2017-01-13,1.1759,1.1858,1.1363,1.1561
2017-01-16,1.1462,1.1462,1.0968,1.1166
2017-01-17,1.1166,1.1265,1.1067,1.1166
2017-01-18,1.1265,1.1462,1.1067,1.1166
2017-01-19,1.1166,1.1363,1.1166,1.1363
2017-01-20,1.1363,1.1561,1.1265,1.1363
2017-01-23,1.1166,1.1363,1.1067,1.1067
2017-01-24,1.1067,1.1462,1.1067,1.1462
2017-01-25,1.1462,1.2352,1.1462,1.2352
2017-01-26,1.2352,1.2549,1.2055,1.2154
2017-01-27,1.2154,1.2549,1.2055,1.2549
2017-01-30,1.2154,1.2352,1.2154,1.2253
2017-01-31,1.2253,1.2352,1.2154,1.2253
2017-02-01,1.2352,1.2747,1.2352,1.2648
2017-02-02,1.2549,1.2747,1.2549,1.2747
2017-02-03,1.2747,1.2747,1.2549,1.2648
2017-02-06,1.2549,1.2549,1.1956,1.1956
2017-02-07,1.2055,1.2154,1.2055,1.2154
2017-02-08,1.2352,1.2747,1.2352,1.2747
2017-02-09,1.2747,1.334,1.2747,1.334
2017-02-10,1.334,1.413,1.334,1.3735
2017-02-13,1.3735,1.3735,1.3142,1.334
2017-02-14,1.334,1.334,1.3043,1.3142
2017-02-15,1.3241,1.334,1.2944,1.2944
2017-02-16,1.3043,1.3142,1.2944,1.3043
2017-02-17,1.3043,1.3043,1.2747,1.3043
2017-02-20,1.3142,1.3142,1.2944,1.3142
2017-02-21,1.3142,1.3439,1.3043,1.3439
2017-02-22,1.3439,1.3735,1.334,1.3735
2017-02-23,1.3735,1.3834,1.3439,1.3636
2017-02-24,1.3636,1.3735,1.2944,1.3043
2017-02-27,1.3043,1.3142,1.2944,1.3043
2017-02-28,1.2944,1.3043,1.2747,1.2747
2017-03-01,1.2846,1.3537,1.2846,1.3537
2017-03-02,1.3439,1.3537,1.2846,1.2846
2017-03-03,1.2846,1.2944,1.2846,1.2846
2017-03-06,1.2747,1.2944,1.2747,1.2747
2017-03-07,1.2846,1.2846,1.2549,1.2648
2017-03-08,1.2549,1.3043,1.2549,1.3043
2017-03-09,1.2944,1.2944,1.245,1.2549
2017-03-10,1.2648,1.2747,1.2352,1.2352
2017-03-13,1.245,1.2846,1.245,1.2846
2017-03-14,1.2846,1.2846,1.2549,1.2747
2017-03-15,1.2846,1.2846,1.2648,1.2648
2017-03-16,1.2944,1.3043,1.2846,1.2944
2017-03-17,1.3043,1.3043,1.2846,1.2846
2017-03-20,1.2846,1.2846,1.2648,1.2648
2017-03-21,1.2648,1.2944,1.245,1.2549
2017-03-22,1.245,1.2648,1.2352,1.2352
2017-03-23,1.2352,1.2747,1.2352,1.2648
2017-03-24,1.2648,1.2846,1.2648,1.2846
2017-03-27,1.245,1.2648,1.245,1.245
2017-03-28,1.2549,1.2846,1.245,1.2846
2017-03-29,1.2747,1.2846,1.245,1.2549
2017-03-30,1.2549,1.2549,1.2253,1.2352
2017-03-31,1.2352,1.2352,1.1956,1.1956
2017-04-03,1.2055,1.2154,1.1956,1.2154
2017-04-04,1.2154,1.2352,1.2055,1.2352
2017-04-05,1.2352,1.2549,1.2154,1.2549
2017-04-06,1.2253,1.245,1.2253,1.245
2017-04-07,1.2352,1.245,1.2253,1.2253
2017-04-10,1.2352,1.2352,1.2055,1.2055
2017-04-11,1.2154,1.2253,1.1858,1.1858
2017-04-12,1.1858,1.2253,1.1858,1.2154
2017-04-13,1.2055,1.2154,1.2055,1.2154
2017-04-18,1.2154,1.2352,1.1956,1.2055
2017-04-19,1.2154,1.245,1.2055,1.245
2017-04-20,1.2549,1.2648,1.2352,1.2648
2017-04-21,1.2648,1.2648,1.2549,1.2549
2017-04-24,1.2648,1.2846,1.2648,1.2747
2017-04-25,1.2846,1.3537,1.2747,1.3439
2017-04-26,1.3439,1.3537,1.3142,1.3537
2017-04-27,1.3537,1.3735,1.334,1.3439
2017-04-28,1.3439,1.3636,1.3241,1.3636
2017-05-02,1.3636,1.3834,1.334,1.3735
2017-05-04,1.3537,1.413,1.3537,1.4031
2017-05-05,1.3834,1.3933,1.3537,1.3933
2017-05-08,1.4031,1.4031,1.3834,1.3933
2017-05-09,1.3933,1.4427,1.3933,1.4427
2017-05-10,1.4328,1.4328,1.3834,1.3834
2017-05-11,1.3933,1.4031,1.3636,1.3636
2017-05-12,1.3636,1.3834,1.3636,1.3735
2017-05-15,1.3933,1.3933,1.3834,1.3834
2017-05-16,1.3834,1.3933,1.3537,1.3834
2017-05-17,1.3537,1.3636,1.3439,1.3537
2017-05-18,1.3537,1.3735,1.3142,1.334
2017-05-19,1.3241,1.3537,1.3142,1.3439
2017-05-22,1.334,1.334,1.2944,1.3241
2017-05-23,1.3043,1.3537,1.3043,1.3142
2017-05-24,1.3043,1.3142,1.2944,1.3142
2017-05-25,1.3142,1.3636,1.3142,1.3636
2017-05-26,1.3537,1.3537,1.334,1.3439
2017-05-29,1.3439,1.3735,1.3439,1.3735
2017-05-30,1.3735,1.3735,1.334,1.3439
2017-05-31,1.3537,1.3537,1.3142,1.3241
2017-06-01,1.3241,1.334,1.3241,1.334
2017-06-02,1.3537,1.3933,1.3439,1.3933
2017-06-05,1.4031,1.4031,1.3636,1.3636
2017-06-06,1.3735,1.3735,1.3241,1.3439
2017-06-07,1.3439,1.3735,1.334,1.3636
2017-06-08,1.3636,1.4031,1.3636,1.4031
2017-06-09,1.3933,1.413,1.3735,1.4031
2017-06-12,1.3636,1.3933,1.3439,1.3537
2017-06-13,1.3537,1.3933,1.3537,1.3933
2017-06-14,1.3735,1.4031,1.3735,1.3834
2017-06-16,1.3834,1.413,1.3834,1.4031
2017-06-19,1.4229,1.4229,1.4031,1.413
2017-06-20,1.3834,1.4328,1.3834,1.4328
2017-06-21,1.4328,1.4525,1.413,1.4525
2017-06-22,1.4427,1.4525,1.4229,1.4427
2017-06-23,1.4427,1.4525,1.4031,1.4031
2017-06-26,1.413,1.4624,1.413,1.4624
2017-06-27,1.4624,1.502,1.4525,1.502
2017-06-28,1.4822,1.502,1.4624,1.4624
2017-06-29,1.4921,1.4921,1.4723,1.4723
2017-06-30,1.4822,1.4822,1.4328,1.4525
2017-07-03,1.4525,1.4921,1.4328,1.4921
2017-07-04,1.4624,1.4624,1.4328,1.4328
2017-07-05,1.4427,1.4427,1.4229,1.4328
2017-07-06,1.4328,1.4624,1.4229,1.4328
2017-07-07,1.4328,1.4427,1.4328,1.4328
2017-07-10,1.4427,1.4427,1.4328,1.4427
2017-07-11,1.4328,1.4525,1.4328,1.4427
2017-07-12,1.4525,1.4921,1.4525,1.4822
2017-07-13,1.4822,1.5118,1.4822,1.5118
2017-07-14,1.4921,1.5118,1.4822,1.4921
2017-07-17,1.5118,1.5217,1.502,1.502
2017-07-18,1.5118,1.5118,1.4624,1.4624
2017-07-19,1.502,1.502,1.4624,1.4723
2017-07-20,1.502,1.502,1.4624,1.4624
2017-07-21,1.4822,1.4822,1.4427,1.4427
2017-07-24,1.4427,1.4624,1.4328,1.4525
2017-07-25,1.4723,1.4723,1.4427,1.4525
2017-07-26,1.4525,1.4525,1.4328,1.4427
2017-07-27,1.4328,1.4328,1.3636,1.3636
2017-07-28,1.3636,1.3636,1.334,1.3537
2017-07-31,1.334,1.3933,1.334,1.3933
2017-08-01,1.3933,1.4031,1.3735,1.3933
2017-08-02,1.3933,1.3933,1.334,1.334
2017-08-03,1.3241,1.3241,1.3043,1.3043
2017-08-04,1.3142,1.3439,1.3043,1.3439
2017-08-07,1.3439,1.3439,1.3142,1.3241
2017-08-08,1.3142,1.3537,1.3142,1.3537
2017-08-09,1.3241,1.3439,1.3142,1.3142
2017-08-10,1.3142,1.3241,1.3043,1.3142
2017-08-11,1.3043,1.3241,1.2944,1.3241
2017-08-14,1.3241,1.3241,1.3043,1.3142
2017-08-16,1.3142,1.3241,1.2944,1.2944
2017-08-17,1.2944,1.2944,1.2747,1.2747
2017-08-18,1.2648,1.2846,1.2648,1.2747
2017-08-21,1.2747,1.2846,1.2648,1.2747
2017-08-22,1.2747,1.2944,1.2747,1.2846
2017-08-23,1.2747,1.3043,1.2747,1.2846
2017-08-24,1.2846,1.3241,1.2846,1.3241
2017-08-25,1.334,1.3439,1.3142,1.334
2017-08-28,1.334,1.3537,1.3142,1.3537
2017-08-29,1.3439,1.3636,1.3241,1.3439
2017-08-30,1.3537,1.3636,1.3241,1.3439
2017-08-31,1.3439,1.3439,1.334,1.3439
2017-09-01,1.3241,1.3439,1.3142,1.3142
2017-09-04,1.3043,1.334,1.3043,1.334
2017-09-05,1.334,1.3537,1.3043,1.3043
2017-09-06,1.3043,1.3142,1.2846,1.2846
2017-09-07,1.2747,1.3043,1.2747,1.2846
2017-09-08,1.2846,1.3043,1.2846,1.2944
2017-09-11,1.2747,1.3043,1.2747,1.2846
2017-09-12,1.2846,1.3241,1.2846,1.2944
2017-09-13,1.2944,1.3043,1.2747,1.2846
2017-09-14,1.2846,1.3142,1.2846,1.2944
2017-09-15,1.3043,1.3142,1.2944,1.3142
2017-09-18,1.3142,1.3241,1.2944,1.2944
2017-09-19,1.3043,1.3241,1.2944,1.3043
2017-09-20,1.3241,1.3241,1.2944,1.3142
2017-09-21,1.3241,1.334,1.3043,1.3241
2017-09-22,1.334,1.3439,1.3241,1.3439
2017-09-25,1.3241,1.3439,1.3241,1.3241
2017-09-26,1.3142,1.3241,1.2944,1.3142
2017-09-27,1.3043,1.3241,1.2944,1.2944
2017-09-28,1.2944,1.2944,1.2944,1.2944
2017-09-29,1.2846,1.2846,1.2846,1.2846
2017-10-02,1.2944,1.2944,1.2747,1.2747
2017-10-03,1.2747,1.2846,1.2648,1.2648
2017-10-04,1.2846,1.2846,1.2648,1.2648
2017-10-05,1.2648,1.2846,1.2549,1.2747
2017-10-06,1.2846,1.2846,1.2648,1.2846
2017-10-09,1.2846,1.2944,1.2846,1.2944
2017-10-10,1.3043,1.3439,1.3043,1.3439
2017-10-11,1.3439,1.3735,1.3439,1.3735
2017-10-12,1.3735,1.4031,1.3735,1.4031
2017-10-13,1.3933,1.4031,1.3834,1.3933
2017-10-16,1.3735,1.4229,1.3735,1.4229
2017-10-17,1.4229,1.4229,1.3834,1.3834
2017-10-18,1.3735,1.3933,1.3439,1.3439
2017-10-19,1.3636,1.4031,1.3636,1.3735
2017-10-20,1.3735,1.3834,1.3636,1.3735
2017-10-23,1.3735,1.4031,1.3636,1.3834
2017-10-24,1.3735,1.3933,1.3735,1.3933
2017-10-25,1.3735,1.3933,1.3537,1.3537
2017-10-26,1.3636,1.3834,1.3142,1.3142
2017-10-27,1.3043,1.334,1.3043,1.3241
2017-10-30,1.3241,1.3636,1.3241,1.3537
2017-10-31,1.3439,1.3834,1.3439,1.3834
2017-11-02,1.3834,1.3834,1.3636,1.3735
2017-11-03,1.3636,1.3735,1.3439,1.3439
2017-11-06,1.3439,1.3834,1.3439,1.3735
2017-11-07,1.3735,1.4328,1.3735,1.4328
2017-11-08,1.4328,1.4328,1.3834,1.3933
2017-11-09,1.3933,1.3933,1.3537,1.3636
2017-11-10,1.3735,1.4031,1.3537,1.3636
2017-11-13,1.3636,1.4229,1.3636,1.3933
2017-11-14,1.3834,1.4031,1.3735,1.3933
2017-11-15,1.3834,1.3933,1.3537,1.3537
2017-11-16,1.3636,1.3834,1.334,1.3735
2017-11-17,1.3735,1.413,1.3735,1.3834
2017-11-20,1.413,1.4427,1.3834,1.4427
2017-11-21,1.4328,1.4427,1.413,1.4229
2017-11-22,1.4229,1.4229,1.3933,1.4229
2017-11-23,1.413,1.4427,1.413,1.413
2017-11-24,1.413,1.4229,1.4031,1.4031
2017-11-27,1.3933,1.4328,1.3933,1.4328
2017-11-28,1.413,1.4624,1.413,1.4624
2017-11-29,1.4624,1.4624,1.413,1.413
2017-11-30,1.413,1.4624,1.4031,1.4031
2017-12-01,1.4031,1.4328,1.3834,1.3933
2017-12-04,1.3933,1.4427,1.3933,1.4328
2017-12-05,1.4229,1.4328,1.4031,1.4031
2017-12-06,1.3933,1.413,1.3735,1.3735
2017-12-07,1.3735,1.3933,1.334,1.3439
2017-12-08,1.3735,1.3933,1.3439,1.3834
2017-12-11,1.3933,1.3933,1.3636,1.3834
2017-12-12,1.3834,1.413,1.3636,1.413
2017-12-13,1.4031,1.413,1.3933,1.413
2017-12-14,1.4229,1.4624,1.4031,1.4624
2017-12-15,1.4624,1.4624,1.4031,1.4031
2017-12-18,1.4031,1.4525,1.4031,1.4427
2017-12-19,1.4525,1.4525,1.4427,1.4525
2017-12-20,1.4525,1.4624,1.4525,1.4525
2017-12-21,1.4525,1.4525,1.4229,1.4328
2017-12-22,1.4525,1.4525,1.4229,1.4328
2017-12-27,1.4229,1.4624,1.4229,1.4525
2017-12-28,1.4525,1.4525,1.4229,1.4229
2017-12-29,1.4229,1.4229,1.3933,1.3933
2018-01-03,1.413,1.4427,1.3735,1.4328
2018-01-04,1.4525,1.4822,1.4525,1.4822
2018-01-05,1.4822,1.4822,1.4723,1.4822
2018-01-08,1.4822,1.502,1.4822,1.502
2018-01-09,1.502,1.502,1.4624,1.4624
2018-01-10,1.4624,1.4723,1.4427,1.4525
2018-01-11,1.4525,1.4723,1.4525,1.4624
2018-01-12,1.4723,1.4723,1.4427,1.4525
2018-01-15,1.4624,1.4723,1.4525,1.4723
2018-01-16,1.4723,1.5415,1.4624,1.5316
2018-01-17,1.5217,1.5612,1.5217,1.5612
2018-01-18,1.5612,1.5612,1.5514,1.5514
2018-01-19,1.5514,1.5711,1.5514,1.5711
2018-01-22,1.5612,1.5711,1.5415,1.5711
2018-01-23,1.5711,1.6106,1.5711,1.6008
2018-01-24,1.6008,1.6008,1.5612,1.581
2018-01-25,1.5909,1.5909,1.5612,1.5612
2018-01-26,1.5612,1.5909,1.5514,1.5909
2018-01-29,1.5711,1.581,1.5514,1.581
2018-01-30,1.581,1.581,1.5217,1.5415
2018-01-31,1.5415,1.5711,1.5316,1.5316
2018-02-01,1.5514,1.581,1.5415,1.5612
2018-02-02,1.5514,1.5514,1.502,1.502
2018-02-05,1.4822,1.5514,1.4822,1.5316
2018-02-06,1.4921,1.5217,1.4427,1.4427
2018-02-07,1.4822,1.4921,1.4427,1.4723
2018-02-08,1.5316,1.5316,1.4525,1.4525
2018-02-09,1.4328,1.4525,1.4031,1.4031
2018-02-12,1.4031,1.4328,1.4031,1.4229
2018-02-13,1.4229,1.4229,1.4031,1.413
2018-02-14,1.4427,1.4427,1.4031,1.413
2018-02-15,1.4229,1.4229,1.4031,1.4031
2018-02-16,1.4328,1.4328,1.3834,1.3933
2018-02-19,1.3933,1.413,1.3933,1.3933
2018-02-20,1.3834,1.4031,1.3834,1.4031
2018-02-21,1.3933,1.4031,1.3933,1.4031
2018-02-22,1.3834,1.4427,1.3834,1.4427
2018-02-23,1.4328,1.4427,1.3933,1.3933
2018-02-26,1.413,1.413,1.3636,1.3735
2018-02-27,1.3636,1.3735,1.334,1.3439
2018-02-28,1.334,1.3834,1.334,1.3439
2018-03-01,1.3636,1.3636,1.3142,1.3241
2018-03-02,1.3043,1.3043,1.2846,1.3043
2018-03-05,1.3043,1.334,1.3043,1.3241
2018-03-06,1.3241,1.3241,1.3142,1.3241
2018-03-07,1.3043,1.3439,1.3043,1.334
2018-03-08,1.3241,1.3439,1.3142,1.3142
2018-03-09,1.3142,1.3241,1.2944,1.3241
2018-03-12,1.334,1.334,1.3241,1.334
2018-03-13,1.334,1.3735,1.334,1.3439
2018-03-14,1.3142,1.3439,1.3142,1.3142
2018-03-15,1.3142,1.3241,1.3043,1.3142
2018-03-16,1.3043,1.334,1.2846,1.3043
2018-03-19,1.2944,1.2944,1.2549,1.2549
2018-03-20,1.2549,1.2648,1.245,1.245
2018-03-21,1.2549,1.2846,1.2549,1.2846
2018-03-22,1.2747,1.2944,1.245,1.245
2018-03-23,1.2352,1.2648,1.2352,1.2352
2018-03-26,1.245,1.2747,1.245,1.2549
2018-03-27,1.2846,1.2944,1.2549,1.2549
2018-03-28,1.2549,1.2747,1.2352,1.2352
2018-03-29,1.2648,1.2648,1.2253,1.2253
2018-04-03,1.2253,1.2846,1.2253,1.2747
2018-04-04,1.2549,1.2747,1.2352,1.2648
2018-04-05,1.2549,1.2747,1.2549,1.2747
2018-04-06,1.2747,1.2747,1.245,1.2648
2018-04-09,1.2648,1.2648,1.245,1.2648
2018-04-10,1.2747,1.2846,1.2549,1.2747
2018-04-11,1.2747,1.3142,1.2747,1.3043
2018-04-12,1.2944,1.3043,1.2648,1.2846
2018-04-13,1.2846,1.2944,1.2648,1.2648
2018-04-16,1.2747,1.2747,1.2648,1.2648
2018-04-17,1.2747,1.2846,1.2648,1.2846
2018-04-18,1.2846,1.2944,1.2846,1.2944
2018-04-19,1.3043,1.3142,1.2846,1.3142
2018-04-20,1.2944,1.3142,1.2846,1.2944
2018-04-23,1.2648,1.3043,1.2648,1.2944
2018-04-24,1.3142,1.3142,1.2846,1.2944
2018-04-25,1.2747,1.3043,1.2747,1.2944
2018-04-26,1.2944,1.3142,1.2944,1.3142
2018-04-27,1.3043,1.3142,1.2846,1.3043
2018-04-30,1.2846,1.3142,1.2549,1.2549
2018-05-02,1.2846,1.3142,1.2846,1.3142
2018-05-04,1.2944,1.3043,1.2549,1.2549
2018-05-07,1.2549,1.2747,1.2549,1.2747
2018-05-08,1.2648,1.3043,1.2648,1.2944
2018-05-09,1.2944,1.3043,1.2846,1.3043
2018-05-10,1.3241,1.334,1.2944,1.2944
2018-05-11,1.3142,1.3241,1.3043,1.3241
2018-05-14,1.334,1.334,1.3043,1.3142
2018-05-15,1.3241,1.3241,1.2648,1.2747
2018-05-16,1.2747,1.2944,1.2747,1.2944
2018-05-17,1.2944,1.2944,1.2747,1.2747
2018-05-18,1.2648,1.2747,1.2352,1.245
2018-05-21,1.245,1.2549,1.245,1.2549
2018-05-22,1.245,1.2648,1.245,1.2648
2018-05-23,1.26,1.27,1.26,1.26
2018-05-24,1.26,1.29,1.26,1.28
2018-05-25,1.26,1.29,1.26,1.27
2018-05-28,1.29,1.29,1.25,1.27
2018-05-29,1.25,1.27,1.23,1.27
2018-05-30,1.26,1.26,1.23,1.23
2018-06-01,1.24,1.25,1.22,1.25
2018-06-04,1.25,1.26,1.25,1.25
2018-06-05,1.25,1.27,1.24,1.27
2018-06-06,1.26,1.26,1.24,1.25
2018-06-07,1.24,1.26,1.24,1.26
2018-06-08,1.26,1.27,1.25,1.26
2018-06-11,1.26,1.27,1.25,1.27
2018-06-12,1.27,1.28,1.27,1.28
2018-06-13,1.27,1.29,1.27,1.29
2018-06-14,1.28,1.28,1.25,1.25
2018-06-15,1.26,1.26,1.21,1.21
2018-06-18,1.21,1.22,1.19,1.21
2018-06-19,1.19,1.2,1.16,1.17
2018-06-20,1.17,1.19,1.17,1.18
2018-06-21,1.18,1.19,1.16,1.17
2018-06-22,1.18,1.19,1.17,1.17
2018-06-25,1.17,1.18,1.16,1.17
2018-06-26,1.2,1.2,1.17,1.17
2018-06-27,1.17,1.18,1.16,1.17
2018-06-28,1.16,1.17,1.15,1.15
2018-06-29,1.16,1.17,1.15,1.17
2018-07-02,1.16,1.17,1.15,1.16
2018-07-03,1.17,1.18,1.16,1.17
2018-07-04,1.17,1.19,1.17,1.19
2018-07-05,1.19,1.2,1.18,1.18
2018-07-06,1.18,1.18,1.16,1.17
2018-07-09,1.17,1.18,1.17,1.17
2018-07-10,1.16,1.19,1.16,1.17
2018-07-11,1.17,1.18,1.17,1.17
2018-07-12,1.17,1.18,1.17,1.17
2018-07-13,1.18,1.18,1.16,1.17
2018-07-16,1.16,1.18,1.15,1.15
2018-07-17,1.16,1.17,1.15,1.17
2018-07-18,1.17,1.18,1.15,1.16
2018-07-19,1.15,1.16,1.14,1.16
2018-07-20,1.16,1.17,1.15,1.17
2018-07-23,1.18,1.18,1.15,1.15
2018-07-24,1.16,1.18,1.16,1.18
2018-07-25,1.19,1.19,1.18,1.19
2018-07-26,1.2,1.22,1.2,1.22
2018-07-27,1.22,1.23,1.2,1.2
2018-07-30,1.19,1.24,1.19,1.24
2018-07-31,1.22,1.26,1.22,1.25
2018-08-01,1.25,1.26,1.24,1.25
2018-08-02,1.25,1.25,1.21,1.21
2018-08-03,1.22,1.22,1.22,1.22
2018-08-06,1.23,1.23,1.2,1.2
2018-08-07,1.2,1.23,1.2,1.23
2018-08-08,1.22,1.23,1.18,1.18
2018-08-09,1.19,1.19,1.16,1.18
2018-08-10,1.17,1.18,1.15,1.15
2018-08-13,1.15,1.17,1.14,1.17
2018-08-14,1.17,1.17,1.15,1.16
2018-08-16,1.15,1.17,1.14,1.16
2018-08-17,1.16,1.16,1.13,1.13
2018-08-20,1.13,1.13,1.09,1.12
2018-08-21,1.12,1.15,1.12,1.13
2018-08-22,1.13,1.17,1.13,1.14
2018-08-23,1.14,1.18,1.14,1.18
2018-08-24,1.17,1.17,1.15,1.17
2018-08-27,1.18,1.2,1.18,1.2
2018-08-28,1.19,1.22,1.19,1.2
2018-08-29,1.2,1.21,1.19,1.21
2018-08-30,1.21,1.21,1.2,1.2
2018-08-31,1.21,1.22,1.19,1.19
2018-09-03,1.19,1.22,1.19,1.21
2018-09-04,1.2,1.22,1.2,1.21
2018-09-05,1.2,1.22,1.18,1.19
2018-09-06,1.19,1.22,1.19,1.22
2018-09-07,1.22,1.22,1.14,1.15
2018-09-10,1.16,1.18,1.14,1.18
2018-09-11,1.19,1.19,1.15,1.15
2018-09-12,1.15,1.17,1.14,1.16
2018-09-13,1.15,1.19,1.15,1.18
2018-09-14,1.2,1.2,1.16,1.18
2018-09-17,1.18,1.18,1.16,1.17
2018-09-18,1.16,1.19,1.15,1.16
2018-09-19,1.16,1.18,1.13,1.16
2018-09-20,1.18,1.2,1.17,1.2
2018-09-21,1.21,1.25,1.18,1.23
2018-09-24,1.21,1.25,1.21,1.25
2018-09-25,1.25,1.3,1.25,1.3
2018-09-26,1.3,1.31,1.29,1.31
2018-09-27,1.3,1.33,1.28,1.33
2018-09-28,1.33,1.33,1.28,1.31
2018-10-01,1.3,1.32,1.28,1.3
2018-10-02,1.28,1.3,1.27,1.3
2018-10-03,1.31,1.31,1.29,1.3
2018-10-04,1.3,1.3,1.27,1.27
2018-10-05,1.27,1.28,1.25,1.25
2018-10-08,1.24,1.25,1.23,1.23
2018-10-09,1.23,1.23,1.21,1.21
2018-10-10,1.22,1.22,1.18,1.18
2018-10-11,1.18,1.18,1.16,1.17
2018-10-12,1.17,1.19,1.17,1.18
2018-10-15,1.18,1.2,1.17,1.19
2018-10-16,1.19,1.21,1.18,1.21
2018-10-17,1.2,1.21,1.17,1.18
2018-10-18,1.18,1.19,1.16,1.16
2018-10-19,1.16,1.18,1.15,1.17
2018-10-22,1.17,1.18,1.16,1.18
2018-10-23,1.16,1.16,1.15,1.15
2018-10-24,1.15,1.16,1.13,1.14
2018-10-25,1.14,1.15,1.13,1.15
2018-10-26,1.14,1.14,1.12,1.12
2018-10-29,1.13,1.16,1.12,1.14
2018-10-30,1.14,1.16,1.1,1.1
2018-10-31,1.13,1.13,1.06,1.07
2018-11-02,1.09,1.09,1.07,1.08
2018-11-05,1.09,1.12,1.09,1.12
2018-11-06,1.12,1.17,1.12,1.17
2018-11-07,1.16,1.2,1.16,1.19
2018-11-08,1.17,1.21,1.17,1.2
2018-11-09,1.19,1.2,1.18,1.19
2018-11-13,1.18,1.2,1.18,1.18
2018-11-14,1.15,1.2,1.15,1.18
2018-11-15,1.17,1.19,1.14,1.14
2018-11-16,1.14,1.15,1.12,1.14
2018-11-19,1.13,1.14,1.12,1.13
2018-11-20,1.13,1.14,1.12,1.13
2018-11-21,1.13,1.14,1.12,1.12
2018-11-22,1.14,1.15,1.13,1.14
2018-11-23,1.14,1.16,1.14,1.15
2018-11-26,1.16,1.17,1.14,1.14
2018-11-27,1.15,1.15,1.13,1.13
2018-11-28,1.14,1.18,1.13,1.17
2018-11-29,1.19,1.21,1.17,1.21
2018-11-30,1.17,1.19,1.17,1.17
2018-12-03,1.2,1.2,1.17,1.19
2018-12-04,1.19,1.22,1.17,1.22
2018-12-05,1.22,1.27,1.2,1.27
2018-12-06,1.23,1.26,1.23,1.23
2018-12-07,1.22,1.24,1.19,1.19
2018-12-10,1.18,1.18,1.15,1.15
2018-12-11,1.15,1.17,1.14,1.14
2018-12-12,1.14,1.17,1.14,1.17
2018-12-13,1.18,1.19,1.16,1.19
2018-12-14,1.17,1.22,1.16,1.22
2018-12-17,1.21,1.22,1.21,1.22
2018-12-18,1.21,1.25,1.21,1.25
2018-12-19,1.26,1.26,1.23,1.25
2018-12-20,1.24,1.24,1.19,1.21
2018-12-21,1.22,1.22,1.19,1.21
2018-12-27,1.2,1.22,1.16,1.16
2018-12-28,1.17,1.21,1.17,1.21
2019-01-02,1.19,1.21,1.18,1.21
2019-01-03,1.2,1.23,1.19,1.2
2019-01-04,1.19,1.21,1.19,1.21
2019-01-07,1.21,1.22,1.2,1.22
2019-01-08,1.21,1.22,1.21,1.22
2019-01-09,1.21,1.23,1.21,1.23
2019-01-10,1.23,1.23,1.21,1.23
2019-01-11,1.23,1.24,1.22,1.24
2019-01-14,1.22,1.25,1.22,1.24
2019-01-15,1.25,1.25,1.24,1.25
2019-01-16,1.25,1.26,1.24,1.26
2019-01-17,1.26,1.3,1.26,1.29
2019-01-18,1.29,1.3,1.29,1.3
2019-01-21,1.31,1.31,1.27,1.28
2019-01-22,1.28,1.3,1.28,1.29
2019-01-23,1.3,1.31,1.28,1.31
2019-01-24,1.31,1.34,1.31,1.34
2019-01-25,1.35,1.35,1.29,1.29
2019-01-28,1.28,1.29,1.28,1.28
2019-01-29,1.28,1.29,1.26,1.26
2019-01-30,1.27,1.28,1.26,1.26
2019-01-31,1.26,1.29,1.26,1.28
2019-02-01,1.28,1.3,1.28,1.3
2019-02-04,1.31,1.31,1.26,1.27
2019-02-05,1.27,1.29,1.27,1.27
2019-02-06,1.29,1.29,1.28,1.29
2019-02-07,1.28,1.3,1.27,1.27
2019-02-08,1.27,1.27,1.21,1.21
2019-02-11,1.21,1.23,1.2,1.23
2019-02-12,1.24,1.25,1.23,1.24
2019-02-13,1.26,1.26,1.21,1.21
2019-02-14,1.23,1.23,1.2,1.2
2019-02-15,1.2,1.23,1.2,1.23
2019-02-18,1.23,1.25,1.22,1.22
2019-02-19,1.22,1.24,1.21,1.21
2019-02-20,1.22,1.22,1.2,1.21
2019-02-21,1.21,1.21,1.19,1.2
2019-02-22,1.2,1.22,1.2,1.22
2019-02-25,1.22,1.24,1.21,1.23
2019-02-26,1.22,1.24,1.22,1.23
2019-02-27,1.22,1.23,1.2,1.2
2019-02-28,1.19,1.22,1.19,1.2
2019-03-01,1.21,1.21,1.19,1.2
2019-03-04,1.21,1.21,1.19,1.2
2019-03-05,1.22,1.24,1.2,1.21
2019-03-06,1.22,1.22,1.21,1.22
2019-03-07,1.22,1.23,1.2,1.21
2019-03-08,1.21,1.21,1.19,1.2
2019-03-11,1.22,1.22,1.2,1.2
2019-03-12,1.22,1.22,1.21,1.22
2019-03-13,1.2,1.22,1.2,1.22
2019-03-14,1.22,1.24,1.21,1.23
2019-03-15,1.24,1.26,1.24,1.25
2019-03-18,1.22,1.26,1.22,1.23
2019-03-19,1.23,1.26,1.23,1.25
2019-03-20,1.23,1.25,1.23,1.24
2019-03-21,1.24,1.25,1.24,1.25
2019-03-22,1.26,1.26,1.23,1.23
2019-03-25,1.22,1.24,1.21,1.22
2019-03-26,1.22,1.23,1.21,1.22
2019-03-27,1.22,1.22,1.19,1.2
2019-03-28,1.2,1.21,1.19,1.19
2019-03-29,1.2,1.2,1.18,1.18
2019-04-01,1.21,1.21,1.19,1.19
2019-04-02,1.19,1.21,1.19,1.19
2019-04-03,1.19,1.21,1.19,1.21
2019-04-04,1.19,1.22,1.19,1.22
2019-04-05,1.22,1.22,1.19,1.2
2019-04-08,1.2,1.2,1.19,1.2
2019-04-09,1.21,1.23,1.19,1.2
2019-04-10,1.21,1.24,1.21,1.24
2019-04-11,1.24,1.24,1.22,1.22
2019-04-12,1.22,1.22,1.21,1.21
2019-04-15,1.21,1.23,1.21,1.23
2019-04-16,1.23,1.25,1.23,1.24
2019-04-17,1.24,1.27,1.22,1.23
2019-04-18,1.23,1.24,1.22,1.23
2019-04-23,1.24,1.24,1.23,1.23
2019-04-24,1.23,1.23,1.22,1.23
2019-04-25,1.23,1.23,1.2,1.21
2019-04-26,1.22,1.23,1.21,1.23
2019-04-29,1.24,1.25,1.24,1.25
2019-04-30,1.25,1.25,1.21,1.22
2019-05-02,1.21,1.24,1.21,1.23
2019-05-06,1.2,1.24,1.2,1.23
2019-05-07,1.24,1.24,1.18,1.18
2019-05-08,1.18,1.2,1.15,1.15
2019-05-09,1.15,1.16,1.13,1.13
2019-05-10,1.13,1.16,1.13,1.13
2019-05-13,1.13,1.13,1.08,1.09
2019-05-14,1.11,1.11,1.08,1.08
2019-05-15,1.08,1.09,1.06,1.08
2019-05-16,1.1,1.1,1.06,1.06
2019-05-17,1.06,1.07,1.04,1.07
2019-05-20,1.07,1.07,1.03,1.06
2019-05-21,1.05,1.09,1.05,1.09
2019-05-22,1.07,1.13,1.07,1.12
2019-05-23,1.12,1.12,1.06,1.06
2019-05-24,1.07,1.08,1.05,1.08
2019-05-27,1.08,1.09,1.07,1.09
2019-05-28,1.09,1.11,1.07,1.11
2019-05-29,1.08,1.1,1.07,1.1
2019-05-30,1.1,1.13,1.1,1.12
2019-05-31,1.1,1.13,1.1,1.11
2019-06-03,1.13,1.13,1.1,1.11
2019-06-04,1.12,1.13,1.1,1.11
2019-06-05,1.1,1.12,1.08,1.11
2019-06-06,1.12,1.17,1.11,1.16
2019-06-07,1.16,1.18,1.15,1.18
2019-06-10,1.17,1.19,1.16,1.17
2019-06-11,1.19,1.19,1.15,1.17
2019-06-12,1.18,1.18,1.15,1.18
2019-06-13,1.19,1.22,1.19,1.21
2019-06-14,1.2,1.22,1.19,1.2
2019-06-17,1.19,1.19,1.15,1.16
2019-06-18,1.17,1.18,1.16,1.18
2019-06-19,1.17,1.18,1.17,1.18
2019-06-21,1.2,1.21,1.17,1.18
2019-06-24,1.17,1.2,1.17,1.19
2019-06-25,1.19,1.19,1.16,1.17
2019-06-26,1.18,1.19,1.17,1.18
2019-06-27,1.18,1.2,1.18,1.2
2019-06-28,1.19,1.2,1.19,1.19
2019-07-01,1.2,1.2,1.17,1.18
2019-07-02,1.19,1.19,1.16,1.19
2019-07-03,1.16,1.18,1.16,1.18
2019-07-04,1.17,1.17,1.15,1.15
2019-07-05,1.15,1.15,1.13,1.14
2019-07-08,1.13,1.14,1.13,1.13
2019-07-09,1.13,1.13,1.13,1.13
2019-07-10,1.13,1.13,1.12,1.12
2019-07-11,1.13,1.13,1.11,1.12
2019-07-12,1.11,1.11,1.09,1.11
2019-07-15,1.11,1.12,1.1,1.11
2019-07-16,1.12,1.12,1.1,1.1
2019-07-17,1.1,1.1,1.08,1.09
2019-07-18,1.08,1.08,1.04,1.05
2019-07-19,1.06,1.06,1.04,1.05
2019-07-22,1.06,1.06,1.03,1.04
2019-07-23,1.05,1.05,1.03,1.04
2019-07-24,1.04,1.04,1.03,1.03
2019-07-25,1.04,1.05,1.01,1.01
2019-07-26,1.01,1.02,0.99,1.01
2019-07-29,1.02,1.02,1,1
2019-07-30,1,1,0.99,1
2019-07-31,0.99,0.99,0.97,0.97
2019-08-01,0.98,0.98,0.94,0.94
2019-08-02,0.93,0.93,0.91,0.91
2019-08-05,0.91,0.92,0.87,0.87
2019-08-06,0.88,0.88,0.84,0.88
2019-08-07,0.88,0.9,0.87,0.89
2019-08-08,0.89,0.9,0.87,0.88
2019-08-09,0.88,0.88,0.86,0.86
2019-08-12,0.86,0.86,0.84,0.84
2019-08-13,0.84,0.88,0.83,0.87
2019-08-14,0.87,0.89,0.84,0.84
2019-08-16,0.85,0.85,0.81,0.82
2019-08-19,0.82,0.86,0.82,0.86
2019-08-20,0.85,0.9,0.85,0.89
2019-08-21,0.89,0.91,0.88,0.88
2019-08-22,0.88,0.89,0.87,0.89
2019-08-23,0.91,0.91,0.88,0.88
2019-08-26,0.86,0.89,0.86,0.89
2019-08-27,0.87,0.9,0.87,0.89
2019-08-28,0.89,0.9,0.83,0.84
2019-08-29,0.84,0.87,0.84,0.86
2019-08-30,0.85,0.87,0.85,0.87
2019-09-02,0.88,0.88,0.87,0.88
2019-09-03,0.87,0.88,0.87,0.87
2019-09-04,0.86,0.87,0.85,0.85
2019-09-05,0.86,0.86,0.84,0.86
2019-09-06,0.85,0.85,0.84,0.84
2019-09-09,0.85,0.88,0.84,0.88
2019-09-10,0.89,0.89,0.87,0.88
2019-09-11,0.88,0.89,0.86,0.87
2019-09-12,0.87,0.9,0.87,0.89
2019-09-13,0.89,0.91,0.88,0.88
2019-09-16,0.88,0.89,0.88,0.89
2019-09-17,0.88,0.88,0.87,0.88
2019-09-18,0.89,0.89,0.86,0.87
2019-09-19,0.86,0.87,0.86,0.86
2019-09-20,0.85,0.87,0.83,0.86
2019-09-23,0.86,0.89,0.84,0.89
2019-09-24,0.89,0.94,0.89,0.93
2019-09-25,0.93,0.93,0.91,0.92
2019-09-26,0.92,0.93,0.91,0.92
2019-09-27,0.92,1,0.9,0.98
2019-09-30,0.98,0.98,0.93,0.94
2019-10-01,0.95,0.95,0.92,0.93
2019-10-02,0.93,0.93,0.92,0.92
2019-10-03,0.92,0.98,0.89,0.94
2019-10-04,0.94,0.95,0.92,0.94
2019-10-07,0.94,0.94,0.92,0.93
2019-10-08,0.92,0.95,0.91,0.95
2019-10-09,0.95,0.96,0.95,0.95
2019-10-10,0.94,0.97,0.94,0.96
2019-10-11,0.96,0.99,0.95,0.98
2019-10-14,0.97,1,0.97,0.98
2019-10-15,0.99,1.02,0.98,1.02
2019-10-16,1.02,1.05,1.02,1.04
2019-10-17,1.05,1.06,1.03,1.04
2019-10-18,1.04,1.04,1.01,1.02
2019-10-21,1.02,1.04,1.01,1.01
2019-10-22,1.02,1.03,1.01,1.03
2019-10-23,1.03,1.03,1.02,1.03
2019-10-24,1.03,1.03,1.01,1.02
2019-10-25,1.01,1.01,0.99,0.99
2019-10-28,1,1.02,0.99,1.02
2019-10-29,1.03,1.03,1,1
2019-10-30,1.01,1.02,1,1.02
2019-10-31,1.04,1.04,1,1
2019-11-04,1.01,1.05,1.01,1.04
2019-11-05,1.04,1.05,1.03,1.05
2019-11-06,1.05,1.05,1.03,1.03
2019-11-07,1.04,1.04,1.02,1.03
2019-11-08,1.03,1.03,1,1.01
2019-11-12,1,1.03,1,1.02
2019-11-13,1.04,1.04,1.02,1.02
2019-11-14,1.04,1.04,1.01,1.01
2019-11-15,1,1.02,1,1.02
2019-11-18,1.02,1.03,1.02,1.03
2019-11-19,1.02,1.03,1,1
2019-11-20,1,1.02,1,1.02
2019-11-21,1,1.02,1,1.01
2019-11-22,1,1.02,1,1.02
2019-11-25,1.03,1.03,1.01,1.02
2019-11-26,1.01,1.02,1,1
2019-11-27,1,1.01,0.98,0.99
2019-11-28,0.98,0.99,0.98,0.98
2019-11-29,0.97,0.99,0.97,0.98
2019-12-02,1,1,0.95,0.95
2019-12-03,0.95,0.97,0.94,0.94
2019-12-04,0.94,0.97,0.94,0.94
2019-12-05,0.94,0.95,0.93,0.93
2019-12-06,0.94,0.96,0.93,0.93
2019-12-09,0.92,0.94,0.92,0.93
2019-12-10,0.95,0.97,0.93,0.97
2019-12-11,0.96,0.98,0.95,0.95
2019-12-12,0.94,0.98,0.94,0.98
2019-12-13,0.99,1,0.99,1
2019-12-16,1.01,1.01,0.96,0.97
2019-12-17,0.98,0.98,0.96,0.97
2019-12-18,0.97,0.98,0.96,0.98
2019-12-19,0.98,0.99,0.98,0.99
2019-12-20,0.97,1,0.97,0.99
2019-12-23,0.98,1.03,0.98,1.03
2019-12-27,1.03,1.03,1.01,1.02
2019-12-30,1.02,1.03,1.02,1.03
2020-01-02,1.01,1.05,1.01,1.04
2020-01-03,1.01,1.04,1.01,1.04
2020-01-07,1.04,1.05,1.03,1.03
2020-01-08,1.04,1.04,1.02,1.03
2020-01-09,1.05,1.07,1.04,1.05
2020-01-10,1.06,1.06,1.01,1.01
2020-01-13,1.01,1.02,0.99,0.99
2020-01-14,0.99,1.01,0.98,1.01
2020-01-15,1.01,1.03,1.01,1.03
2020-01-16,1.03,1.03,1,1.03
2020-01-17,1.01,1.03,1.01,1.01
2020-01-20,1,1.02,1,1.01
2020-01-21,1,1.03,0.99,1.02
2020-01-22,1.03,1.03,0.99,1
2020-01-23,1.01,1.01,0.99,1
2020-01-24,1,1.01,0.99,1
2020-01-27,0.95,0.99,0.95,0.95
2020-01-28,0.96,0.96,0.94,0.95
2020-01-29,0.94,0.96,0.94,0.96
2020-01-30,0.96,0.97,0.95,0.97
2020-01-31,0.97,0.98,0.96,0.98
2020-02-03,0.98,0.98,0.96,0.98
2020-02-04,0.98,0.98,0.96,0.97
2020-02-05,0.96,1.01,0.96,1
2020-02-06,1.02,1.05,1.01,1.02
2020-02-07,1.02,1.04,1.01,1.02
2020-02-10,1.02,1.03,1.01,1.03
2020-02-11,1.03,1.04,1.02,1.03
2020-02-12,1.02,1.02,0.97,0.98
2020-02-13,0.98,0.99,0.97,0.99
2020-02-14,1,1,0.97,0.98
2020-02-17,0.98,0.99,0.98,0.98
2020-02-18,0.97,0.98,0.96,0.96
2020-02-19,0.96,0.96,0.93,0.95
2020-02-20,0.97,0.98,0.96,0.97
2020-02-21,0.97,0.99,0.97,0.98
2020-02-24,0.96,0.98,0.95,0.95
2020-02-25,0.97,0.97,0.88,0.89
2020-02-26,0.9,0.9,0.87,0.87
2020-02-27,0.86,0.88,0.85,0.85
2020-02-28,0.84,0.85,0.78,0.78
2020-03-02,0.8,0.8,0.76,0.78
2020-03-03,0.8,0.88,0.79,0.87
2020-03-04,0.87,0.87,0.82,0.83
2020-03-05,0.85,0.85,0.8,0.81
2020-03-06,0.79,0.81,0.77,0.79
2020-03-09,0.78,0.78,0.69,0.69
2020-03-10,0.69,0.7,0.64,0.64
2020-03-11,0.67,0.67,0.59,0.6
2020-03-12,0.56,0.56,0.5,0.5
2020-03-13,0.55,0.55,0.49,0.55
2020-03-16,0.55,0.57,0.5,0.52
2020-03-17,0.55,0.62,0.53,0.61
2020-03-18,0.62,0.63,0.58,0.63
2020-03-19,0.64,0.68,0.63,0.63
2020-03-20,0.67,0.67,0.63,0.65
2020-03-23,0.65,0.65,0.59,0.59
2020-03-24,0.62,0.62,0.57,0.59
2020-03-25,0.61,0.61,0.56,0.58
2020-03-26,0.58,0.6,0.58,0.59
2020-03-27,0.61,0.61,0.57,0.58
2020-03-30,0.59,0.59,0.57,0.59
2020-03-31,0.58,0.6,0.58,0.58
2020-04-01,0.57,0.58,0.56,0.56
2020-04-02,0.56,0.56,0.54,0.56
2020-04-03,0.55,0.57,0.54,0.57
2020-04-06,0.58,0.6,0.58,0.6
2020-04-07,0.6,0.63,0.6,0.6
2020-04-08,0.61,0.61,0.58,0.59
2020-04-09,0.59,0.6,0.59,0.6
2020-04-14,0.61,0.62,0.61,0.62
2020-04-15,0.64,0.64,0.58,0.58
2020-04-16,0.6,0.6,0.57,0.58
2020-04-17,0.6,0.6,0.57,0.57
2020-04-20,0.58,0.58,0.55,0.57
2020-04-21,0.57,0.57,0.55,0.55
2020-04-22,0.55,0.58,0.55,0.57
2020-04-23,0.57,0.58,0.57,0.57
2020-04-24,0.58,0.58,0.56,0.56
2020-04-27,0.57,0.57,0.53,0.53
2020-04-28,0.53,0.55,0.52,0.53
2020-04-29,0.53,0.56,0.53,0.56
2020-04-30,0.57,0.58,0.56,0.56
2020-05-04,0.56,0.56,0.52,0.52
2020-05-05,0.53,0.53,0.51,0.51
2020-05-06,0.51,0.51,0.49,0.49
2020-05-07,0.5,0.5,0.48,0.48
2020-05-08,0.49,0.49,0.48,0.48
2020-05-11,0.49,0.49,0.46,0.47
2020-05-12,0.47,0.48,0.46,0.47
2020-05-13,0.47,0.5,0.47,0.49
2020-05-14,0.48,0.48,0.46,0.47
2020-05-15,0.48,0.48,0.47,0.47
2020-05-18,0.47,0.47,0.46,0.47
2020-05-19,0.48,0.48,0.47,0.48
2020-05-20,0.48,0.48,0.47,0.48
2020-05-21,0.48,0.48,0.47,0.47
2020-05-22,0.47,0.47,0.46,0.47
2020-05-25,0.48,0.48,0.47,0.47
2020-05-26,0.48,0.48,0.47,0.48
2020-05-27,0.48,0.55,0.48,0.53
2020-05-28,0.54,0.57,0.52,0.54
2020-05-29,0.54,0.55,0.52,0.55
2020-06-01,0.56,0.56,0.54,0.55
2020-06-02,0.55,0.55,0.54,0.55
2020-06-03,0.56,0.57,0.56,0.57
2020-06-04,0.57,0.58,0.56,0.58
2020-06-05,0.6,0.63,0.6,0.63
2020-06-08,0.64,0.68,0.64,0.66
2020-06-09,0.67,0.67,0.64,0.65
2020-06-10,0.64,0.65,0.63,0.64
2020-06-12,0.6,0.63,0.6,0.61
2020-06-15,0.61,0.61,0.59,0.61
2020-06-16,0.63,0.63,0.61,0.62
2020-06-17,0.62,0.63,0.62,0.62
2020-06-18,0.62,0.63,0.61,0.63
2020-06-19,0.63,0.63,0.62,0.62
2020-06-22,0.62,0.62,0.6,0.6
2020-06-23,0.62,0.63,0.61,0.62
2020-06-24,0.63,0.63,0.61,0.62
2020-06-25,0.62,0.62,0.61,0.61
2020-06-26,0.62,0.62,0.61,0.61
2020-06-29,0.6,0.62,0.6,0.61
2020-06-30,0.61,0.61,0.59,0.59
2020-07-01,0.59,0.6,0.57,0.6
2020-07-02,0.61,0.62,0.6,0.6
2020-07-03,0.6,0.6,0.59,0.6
2020-07-06,0.61,0.62,0.6,0.61
2020-07-07,0.61,0.61,0.59,0.6
2020-07-08,0.59,0.6,0.58,0.59
2020-07-09,0.59,0.59,0.58,0.58
2020-07-10,0.58,0.59,0.57,0.59
2020-07-13,0.59,0.6,0.57,0.59
2020-07-14,0.58,0.58,0.57,0.57
2020-07-15,0.57,0.58,0.56,0.57
2020-07-16,0.57,0.57,0.54,0.55
2020-07-17,0.55,0.55,0.54,0.54
2020-07-20,0.54,0.55,0.53,0.54
2020-07-21,0.55,0.57,0.54,0.55
2020-07-22,0.56,0.56,0.55,0.55
2020-07-23,0.56,0.56,0.53,0.53
2020-07-24,0.53,0.53,0.52,0.53
2020-07-27,0.52,0.52,0.51,0.51
2020-07-28,0.51,0.51,0.5,0.51
2020-07-29,0.52,0.52,0.5,0.5
2020-07-30,0.51,0.51,0.48,0.48
2020-07-31,0.48,0.48,0.47,0.47
2020-08-03,0.48,0.48,0.45,0.48
2020-08-04,0.48,0.49,0.47,0.48
2020-08-05,0.48,0.49,0.47,0.48
2020-08-06,0.48,0.49,0.46,0.47
2020-08-07,0.47,0.47,0.46,0.47
2020-08-10,0.47,0.48,0.47,0.48
2020-08-11,0.48,0.51,0.48,0.51
2020-08-12,0.51,0.52,0.5,0.5
2020-08-13,0.5,0.52,0.5,0.52
2020-08-14,0.52,0.52,0.5,0.52
2020-08-17,0.52,0.52,0.5,0.5
2020-08-18,0.5,0.51,0.5,0.5
2020-08-19,0.5,0.5,0.49,0.5
2020-08-20,0.49,0.49,0.48,0.49
2020-08-21,0.49,0.49,0.48,0.48
2020-08-24,0.48,0.48,0.47,0.48
2020-08-25,0.48,0.49,0.47,0.47
2020-08-26,0.47,0.48,0.47,0.48
2020-08-27,0.48,0.48,0.47,0.48
2020-08-28,0.47,0.47,0.46,0.46
2020-08-31,0.47,0.47,0.46,0.47
2020-09-01,0.47,0.47,0.45,0.45
2020-09-02,0.46,0.47,0.45,0.46
2020-09-03,0.46,0.47,0.46,0.46
2020-09-04,0.46,0.46,0.45,0.45
2020-09-07,0.45,0.45,0.45,0.45
2020-09-08,0.45,0.45,0.42,0.42
2020-09-09,0.42,0.45,0.42,0.45
2020-09-10,0.45,0.46,0.45,0.46
2020-09-11,0.46,0.47,0.46,0.47
2020-09-14,0.47,0.47,0.46,0.46
2020-09-15,0.45,0.47,0.45,0.46
2020-09-16,0.46,0.46,0.45,0.45
2020-09-17,0.45,0.45,0.44,0.45
2020-09-18,0.45,0.46,0.44,0.46
2020-09-21,0.45,0.45,0.44,0.44
2020-09-22,0.45,0.46,0.44,0.44
2020-09-23,0.45,0.45,0.44,0.44
2020-09-24,0.43,0.43,0.42,0.43
2020-09-25,0.43,0.43,0.41,0.41
2020-09-28,0.42,0.44,0.42,0.44
2020-09-29,0.44,0.44,0.42,0.42
2020-09-30,0.42,0.42,0.41,0.42
2020-10-01,0.42,0.43,0.42,0.43
2020-10-02,0.42,0.43,0.42,0.42
2020-10-05,0.42,0.44,0.42,0.43
2020-10-06,0.43,0.45,0.43,0.44
2020-10-07,0.44,0.44,0.43,0.44
2020-10-08,0.44,0.45,0.43,0.43
2020-10-09,0.44,0.44,0.42,0.42
2020-10-12,0.42,0.43,0.42,0.42
2020-10-13,0.42,0.42,0.4,0.4
2020-10-14,0.4,0.4,0.38,0.39
2020-10-15,0.39,0.39,0.37,0.38
2020-10-16,0.38,0.39,0.37,0.37
2020-10-19,0.38,0.38,0.37,0.38
2020-10-20,0.38,0.4,0.37,0.38
2020-10-21,0.38,0.39,0.37,0.37
2020-10-22,0.37,0.38,0.37,0.37
2020-10-23,0.37,0.39,0.37,0.37
2020-10-26,0.37,0.38,0.37,0.38
2020-10-27,0.38,0.38,0.35,0.35
2020-10-28,0.35,0.35,0.32,0.32
2020-10-29,0.32,0.32,0.3,0.3
2020-10-30,0.3,0.3,0.29,0.29
2020-11-02,0.29,0.3,0.29,0.29
2020-11-03,0.3,0.34,0.3,0.33
2020-11-04,0.33,0.34,0.31,0.31
2020-11-05,0.32,0.32,0.31,0.31
2020-11-06,0.31,0.31,0.3,0.31
2020-11-09,0.3,0.38,0.3,0.38
2020-11-10,0.4,0.44,0.36,0.42
2020-11-12,0.42,0.43,0.41,0.42
2020-11-13,0.42,0.42,0.4,0.4
2020-11-16,0.4,0.43,0.4,0.43
2020-11-17,0.43,0.43,0.41,0.42
2020-11-18,0.42,0.43,0.42,0.42
2020-11-19,0.41,0.42,0.41,0.42
2020-11-20,0.42,0.42,0.41,0.41
2020-11-23,0.41,0.43,0.41,0.42
2020-11-24,0.42,0.43,0.41,0.42
2020-11-25,0.43,0.43,0.42,0.42
2020-11-26,0.42,0.42,0.41,0.41
2020-11-27,0.41,0.41,0.39,0.39
2020-11-30,0.39,0.39,0.37,0.38
2020-12-01,0.38,0.39,0.38,0.38
2020-12-02,0.39,0.39,0.38,0.39
2020-12-03,0.39,0.4,0.39,0.39
2020-12-04,0.39,0.42,0.39,0.42
2020-12-07,0.43,0.45,0.43,0.44
2020-12-08,0.44,0.45,0.43,0.44
2020-12-09,0.44,0.49,0.44,0.47
2020-12-10,0.48,0.48,0.46,0.46
2020-12-11,0.46,0.46,0.44,0.45
2020-12-14,0.45,0.46,0.44,0.44
2020-12-15,0.43,0.45,0.43,0.44
2020-12-16,0.45,0.46,0.45,0.45
2020-12-17,0.46,0.46,0.44,0.44
2020-12-18,0.44,0.45,0.44,0.45
2020-12-21,0.44,0.44,0.41,0.43
2020-12-22,0.43,0.44,0.43,0.43
2020-12-23,0.43,0.44,0.43,0.44
2020-12-28,0.45,0.47,0.45,0.47
2020-12-29,0.47,0.47,0.46,0.47
2020-12-30,0.47,0.47,0.45,0.45
2021-01-04,0.45,0.47,0.45,0.47
2021-01-05,0.47,0.47,0.46,0.46
2021-01-07,0.47,0.5,0.47,0.5
2021-01-08,0.5,0.54,0.5,0.53
2021-01-11,0.53,0.57,0.53,0.55
2021-01-12,0.55,0.55,0.51,0.52
2021-01-13,0.53,0.53,0.5,0.51
2021-01-14,0.51,0.53,0.51,0.53
2021-01-15,0.53,0.54,0.51,0.51
2021-01-18,0.51,0.53,0.51,0.53
2021-01-19,0.53,0.53,0.52,0.53
2021-01-20,0.52,0.53,0.52,0.52
2021-01-21,0.52,0.52,0.51,0.52
2021-01-22,0.52,0.52,0.51,0.52
2021-01-25,0.52,0.52,0.5,0.5
2021-01-26,0.5,0.51,0.49,0.51
2021-01-27,0.5,0.51,0.48,0.48
2021-01-28,0.48,0.49,0.46,0.48
2021-01-29,0.48,0.5,0.48,0.49
2021-02-01,0.5,0.5,0.49,0.49
2021-02-02,0.49,0.5,0.49,0.5
2021-02-03,0.5,0.5,0.49,0.49
2021-02-04,0.49,0.49,0.48,0.49
2021-02-05,0.49,0.5,0.49,0.49
2021-02-08,0.49,0.49,0.48,0.49
2021-02-09,0.49,0.49,0.48,0.49
2021-02-10,0.49,0.49,0.47,0.48
2021-02-11,0.48,0.48,0.47,0.48
2021-02-12,0.48,0.48,0.47,0.47
2021-02-15,0.48,0.51,0.48,0.51
2021-02-16,0.5,0.57,0.5,0.57
2021-02-17,0.57,0.59,0.55,0.57
2021-02-18,0.57,0.59,0.56,0.57
2021-02-19,0.56,0.57,0.55,0.56
2021-02-22,0.56,0.56,0.55,0.55
2021-02-23,0.54,0.56,0.54,0.55
2021-02-24,0.54,0.57,0.54,0.57
2021-02-25,0.57,0.57,0.56,0.57
2021-02-26,0.56,0.57,0.56,0.56
2021-03-01,0.57,0.6,0.57,0.6
2021-03-02,0.59,0.61,0.59,0.6
2021-03-03,0.6,0.61,0.6,0.6
2021-03-04,0.6,0.61,0.59,0.61
2021-03-05,0.6,0.61,0.6,0.6
2021-03-08,0.6,0.61,0.6,0.61
2021-03-09,0.6,0.62,0.6,0.62
2021-03-10,0.62,0.62,0.6,0.61
2021-03-11,0.6,0.61,0.58,0.59
2021-03-12,0.59,0.6,0.58,0.6
2021-03-15,0.6,0.6,0.59,0.6
2021-03-16,0.6,0.6,0.57,0.57
2021-03-17,0.57,0.58,0.55,0.58
2021-03-18,0.58,0.59,0.57,0.57
2021-03-19,0.57,0.58,0.56,0.58
2021-03-22,0.57,0.58,0.56,0.56
2021-03-23,0.56,0.59,0.56,0.59
2021-03-24,0.56,0.58,0.55,0.56
2021-03-25,0.55,0.56,0.54,0.54
2021-03-26,0.54,0.54,0.53,0.54
2021-03-29,0.55,0.56,0.55,0.55
2021-03-30,0.56,0.57,0.56,0.56
2021-03-31,0.56,0.56,0.54,0.54
2021-04-01,0.55,0.55,0.54,0.54
2021-04-06,0.55,0.55,0.55,0.55
2021-04-07,0.56,0.57,0.55,0.55
2021-04-08,0.56,0.56,0.54,0.55
2021-04-09,0.56,0.56,0.55,0.55
2021-04-12,0.55,0.55,0.54,0.54
2021-04-13,0.54,0.54,0.53,0.53
2021-04-14,0.53,0.53,0.52,0.53
2021-04-15,0.53,0.53,0.52,0.53
2021-04-16,0.53,0.53,0.53,0.53
2021-04-19,0.53,0.54,0.53,0.54
2021-04-20,0.54,0.54,0.53,0.54
2021-04-21,0.53,0.54,0.52,0.52
2021-04-22,0.52,0.53,0.52,0.53
2021-04-23,0.53,0.54,0.53,0.54
2021-04-26,0.54,0.56,0.53,0.56
2021-04-27,0.56,0.56,0.54,0.54
2021-04-28,0.54,0.56,0.54,0.56
2021-04-29,0.58,0.6,0.56,0.59
2021-04-30,0.59,0.6,0.58,0.6
2021-05-04,0.6,0.61,0.59,0.59
2021-05-05,0.59,0.61,0.59,0.61
2021-05-06,0.61,0.64,0.61,0.62
2021-05-07,0.62,0.65,0.62,0.64
2021-05-10,0.64,0.71,0.64,0.67
2021-05-11,0.67,0.69,0.66,0.68
2021-05-12,0.69,0.73,0.69,0.73
2021-05-13,0.72,0.72,0.68,0.69
2021-05-14,0.69,0.7,0.68,0.7
2021-05-17,0.71,0.71,0.7,0.7
2021-05-18,0.71,0.72,0.71,0.72
2021-05-19,0.72,0.72,0.7,0.72
2021-05-20,0.72,0.76,0.69,0.75
2021-05-21,0.75,0.78,0.75,0.78
2021-05-24,0.77,0.77,0.73,0.74
2021-05-25,0.74,0.74,0.72,0.72
2021-05-26,0.72,0.74,0.72,0.74
2021-05-27,0.74,0.76,0.74,0.75
2021-05-28,0.76,0.77,0.75,0.76
2021-05-31,0.76,0.77,0.76,0.77
2021-06-01,0.77,0.78,0.76,0.78
2021-06-02,0.78,0.78,0.76,0.76
2021-06-04,0.76,0.77,0.76,0.76
2021-06-07,0.77,0.78,0.77,0.77
2021-06-08,0.76,0.77,0.74,0.74
2021-06-09,0.75,0.76,0.75,0.76
2021-06-10,0.75,0.75,0.74,0.75
2021-06-11,0.75,0.75,0.74,0.74
2021-06-14,0.74,0.78,0.74,0.78
2021-06-15,0.77,0.78,0.75,0.75
2021-06-16,0.74,0.76,0.74,0.76
2021-06-17,0.76,0.76,0.75,0.76
2021-06-18,0.76,0.78,0.76,0.78
2021-06-21,0.78,0.8,0.78,0.8
2021-06-22,0.8,0.83,0.8,0.83
2021-06-23,0.82,0.86,0.82,0.85
2021-06-24,0.86,0.9,0.84,0.88
2021-06-25,0.89,0.9,0.87,0.88
2021-06-28,0.87,0.88,0.87,0.87
2021-06-29,0.87,0.88,0.85,0.86
2021-06-30,0.85,0.86,0.8,0.82
2021-07-01,0.83,0.83,0.81,0.83
2021-07-02,0.82,0.83,0.82,0.82
2021-07-05,0.81,0.84,0.81,0.83
2021-07-06,0.83,0.84,0.8,0.8
2021-07-07,0.8,0.82,0.8,0.81
2021-07-08,0.8,0.82,0.79,0.79
2021-07-09,0.79,0.82,0.79,0.82
2021-07-12,0.81,0.81,0.76,0.77
2021-07-13,0.77,0.79,0.77,0.77
2021-07-14,0.77,0.8,0.77,0.78
2021-07-15,0.78,0.78,0.76,0.77
2021-07-16,0.77,0.78,0.76,0.76
2021-07-19,0.76,0.76,0.72,0.73
2021-07-20,0.72,0.75,0.72,0.75
2021-07-21,0.75,0.8,0.75,0.79
2021-07-22,0.8,0.8,0.77,0.77
2021-07-23,0.77,0.78,0.76,0.78
2021-07-26,0.79,0.79,0.76,0.77
2021-07-27,0.78,0.8,0.77,0.78
2021-07-28,0.79,0.8,0.79,0.8
2021-07-29,0.8,0.81,0.8,0.81
2021-07-30,0.79,0.82,0.79,0.81
2021-08-02,0.82,0.83,0.81,0.82
2021-08-03,0.83,0.83,0.77,0.77
2021-08-04,0.79,0.81,0.78,0.81
2021-08-05,0.8,0.81,0.8,0.81
2021-08-06,0.81,0.81,0.81,0.81
2021-08-09,0.81,0.82,0.81,0.81
2021-08-10,0.81,0.81,0.8,0.8
2021-08-11,0.8,0.82,0.79,0.82
2021-08-12,0.82,0.82,0.8,0.82
2021-08-13,0.82,0.83,0.81,0.83
2021-08-16,0.83,0.84,0.82,0.84
2021-08-17,0.84,0.84,0.82,0.84
2021-08-18,0.83,0.84,0.82,0.84
2021-08-19,0.83,0.83,0.82,0.82
2021-08-20,0.82,0.84,0.82,0.84
2021-08-23,0.84,0.85,0.84,0.85
2021-08-24,0.85,0.85,0.85,0.85
2021-08-25,0.85,0.89,0.85,0.89
2021-08-26,0.89,0.91,0.89,0.9
2021-08-27,0.9,0.91,0.89,0.91
2021-08-30,0.91,0.93,0.9,0.91
2021-08-31,0.91,0.94,0.9,0.94
2021-09-01,0.95,0.97,0.95,0.96
2021-09-02,0.95,0.97,0.93,0.97
2021-09-03,0.96,0.98,0.96,0.98
2021-09-06,0.97,0.98,0.97,0.97
2021-09-07,0.97,0.98,0.96,0.98
2021-09-08,0.98,0.98,0.95,0.96
2021-09-09,0.95,0.97,0.94,0.97
2021-09-10,0.97,0.98,0.96,0.96
2021-09-13,0.97,0.97,0.95,0.97
2021-09-14,0.97,1.01,0.96,1.01
2021-09-15,0.99,1.01,0.99,1
2021-09-16,1,1.01,0.99,1.01
2021-09-17,1.01,1.01,1,1.01
2021-09-20,1,1,0.94,0.95
2021-09-21,0.95,0.99,0.95,0.97
2021-09-22,0.97,1,0.97,0.99
2021-09-23,1,1.02,1,1.01
2021-09-24,1.01,1.02,0.99,1.02
2021-09-27,1.02,1.06,1.01,1.04
2021-09-28,1.04,1.04,1,1
2021-09-29,1,1.04,1,1.04
2021-09-30,1.04,1.05,1.02,1.04
2021-10-01,1.03,1.08,1.02,1.07
2021-10-04,1.07,1.1,1.06,1.07
2021-10-05,1.07,1.09,1.07,1.08
2021-10-06,1.07,1.18,1.07,1.18
2021-10-07,1.17,1.19,1.16,1.18
2021-10-08,1.18,1.19,1.14,1.18
2021-10-11,1.18,1.2,1.18,1.18
2021-10-12,1.18,1.25,1.18,1.25
2021-10-13,1.23,1.25,1.22,1.23
2021-10-14,1.21,1.26,1.21,1.26
2021-10-15,1.25,1.3,1.25,1.3
2021-10-18,1.29,1.33,1.29,1.32
2021-10-19,1.32,1.33,1.32,1.32
2021-10-20,1.32,1.33,1.31,1.33
2021-10-21,1.32,1.34,1.32,1.34
2021-10-22,1.34,1.37,1.32,1.32
2021-10-25,1.32,1.35,1.32,1.35
2021-10-26,1.35,1.36,1.33,1.36
2021-10-27,1.36,1.41,1.36,1.4
2021-10-28,1.41,1.41,1.38,1.4
2021-10-29,1.4,1.49,1.39,1.43
2021-11-02,1.44,1.48,1.41,1.41
2021-11-03,1.46,1.46,1.34,1.35
2021-11-04,1.35,1.47,1.35,1.46
2021-11-05,1.47,1.49,1.46,1.46
2021-11-08,1.46,1.5,1.45,1.47
2021-11-09,1.46,1.48,1.42,1.42
2021-11-10,1.4,1.44,1.38,1.42
2021-11-12,1.44,1.47,1.42,1.44
2021-11-15,1.43,1.49,1.43,1.44
2021-11-16,1.47,1.49,1.43,1.46
2021-11-17,1.46,1.47,1.41,1.42
2021-11-18,1.41,1.42,1.28,1.28
2021-11-19,1.3,1.33,1.27,1.32
2021-11-22,1.31,1.38,1.31,1.36
2021-11-23,1.36,1.36,1.3,1.3
2021-11-24,1.3,1.33,1.3,1.32
2021-11-25,1.31,1.33,1.3,1.31
2021-11-26,1.27,1.29,1.25,1.27
2021-11-29,1.27,1.3,1.22,1.27
2021-11-30,1.24,1.28,1.21,1.24
2021-12-01,1.26,1.3,1.16,1.19
2021-12-02,1.19,1.26,1.19,1.25
2021-12-03,1.26,1.26,1.22,1.23
2021-12-06,1.24,1.25,1.22,1.25
2021-12-07,1.26,1.26,1.21,1.22
2021-12-08,1.22,1.22,1.2,1.21
2021-12-09,1.2,1.2,1.14,1.15
2021-12-10,1.13,1.18,1.13,1.15
2021-12-13,1.16,1.17,1.13,1.14
2021-12-14,1.13,1.13,1.07,1.08
2021-12-15,1.08,1.08,1.04,1.05
2021-12-16,1.06,1.08,1.06,1.07
2021-12-17,1.06,1.06,1,1.02
2021-12-20,0.99,1.04,0.98,1.03
2021-12-21,1.05,1.05,1.02,1.03
2021-12-22,1.03,1.05,1.01,1.01
2021-12-23,1.01,1.06,1.01,1.04
2021-12-27,1.04,1.06,1.03,1.05
2021-12-28,1.05,1.08,1.05,1.06
2021-12-29,1.05,1.08,1.05,1.07
2021-12-30,1.07,1.11,1.06,1.11
2022-01-03,1.12,1.17,1.12,1.17
2022-01-04,1.19,1.19,1.15,1.15
2022-01-05,1.16,1.16,1.14,1.14
2022-01-07,1.14,1.24,1.14,1.24
2022-01-10,1.24,1.26,1.23,1.24
2022-01-11,1.24,1.27,1.22,1.27
2022-01-12,1.28,1.29,1.26,1.28
2022-01-13,1.28,1.28,1.25,1.28
2022-01-14,1.28,1.28,1.22,1.22
2022-01-17,1.23,1.24,1.21,1.22
2022-01-18,1.23,1.23,1.17,1.17
2022-01-19,1.16,1.2,1.16,1.19
2022-01-20,1.18,1.18,1.14,1.16
2022-01-21,1.15,1.15,1.12,1.14
2022-01-24,1.11,1.14,1.07,1.09
2022-01-25,1.08,1.13,1.08,1.13
2022-01-26,1.15,1.18,1.13,1.18
2022-01-27,1.18,1.19,1.16,1.17
2022-01-28,1.18,1.18,1.14,1.17
2022-01-31,1.16,1.19,1.16,1.19
2022-02-01,1.2,1.26,1.2,1.26
2022-02-02,1.26,1.26,1.22,1.25
2022-02-03,1.25,1.27,1.24,1.27
2022-02-04,1.27,1.27,1.23,1.24
2022-02-07,1.26,1.26,1.21,1.24
2022-02-08,1.24,1.53,1.24,1.53
2022-02-09,1.53,1.53,1.48,1.5
2022-02-10,1.51,1.52,1.47,1.48
2022-02-11,1.48,1.48,1.44,1.47
2022-02-14,1.43,1.43,1.38,1.42
2022-02-15,1.42,1.5,1.42,1.5
2022-02-16,1.51,1.52,1.48,1.5
2022-02-17,1.51,1.51,1.45,1.45
2022-02-18,1.43,1.47,1.4,1.4
2022-02-21,1.4,1.4,1.31,1.32
2022-02-22,1.3,1.36,1.29,1.34
2022-02-23,1.33,1.35,1.24,1.25
2022-02-24,1.11,1.15,1.03,1.07
2022-02-25,1.12,1.22,1.12,1.2
2022-02-28,1.17,1.28,1.13,1.28
2022-03-01,1.27,1.31,1.22,1.23
2022-03-02,1.22,1.23,1.11,1.13
2022-03-03,1.15,1.15,1.06,1.12
2022-03-04,1.11,1.11,1.02,1.04
2022-03-07,1.04,1.06,0.94,1.04
2022-03-08,1.05,1.09,1,1.01
2022-03-09,1.05,1.1,1.03,1.1
2022-03-10,1.15,1.15,1.03,1.05
2022-03-11,1.06,1.07,1.03,1.05
2022-03-14,1.05,1.06,1,1.01
2022-03-15,1.01,1.02,1,1
2022-03-16,1.01,1.13,1.01,1.13
2022-03-17,1.13,1.17,1.12,1.15
2022-03-18,1.15,1.15,1.06,1.06
2022-03-21,1.09,1.09,1.03,1.04
2022-03-22,1.05,1.06,1.03,1.04
2022-03-23,1.05,1.07,1.05,1.05
2022-03-24,1.05,1.06,1.03,1.05
2022-03-25,1.06,1.06,1.01,1.02
2022-03-28,1.03,1.05,1.02,1.02
2022-03-29,1.04,1.09,1.01,1.09
2022-03-30,1.09,1.12,1.08,1.12
2022-03-31,1.12,1.14,1.09,1.09
2022-04-01,1.1,1.15,1.1,1.14
2022-04-04,1.16,1.16,1.13,1.16
2022-04-05,1.16,1.17,1.13,1.13
2022-04-06,1.14,1.14,1.09,1.11
2022-04-07,1.13,1.15,1.12,1.13
2022-04-08,1.15,1.15,1.09,1.09
2022-04-11,1.09,1.1,1.05,1.1
2022-04-12,1.1,1.1,1.07,1.07
2022-04-13,1.07,1.08,1.05,1.06
2022-04-14,1.07,1.07,1.06,1.07
2022-04-19,1.07,1.07,1.03,1.04
2022-04-20,1.05,1.06,1.03,1.03
2022-04-21,1.05,1.07,1.02,1.04
2022-04-22,1.04,1.06,1.03,1.05
2022-04-25,1.04,1.05,0.99,0.99
2022-04-26,1.01,1.01,0.98,0.99
2022-04-27,0.98,0.99,0.89,0.91
2022-04-28,0.92,0.94,0.91,0.91
2022-04-29,0.93,0.96,0.91,0.92
2022-05-02,0.93,0.93,0.88,0.92
2022-05-04,0.92,0.92,0.88,0.88
2022-05-05,0.91,0.91,0.86,0.86
2022-05-06,0.86,0.86,0.82,0.84
2022-05-09,0.84,0.84,0.8,0.8
2022-05-10,0.81,0.81,0.77,0.79
2022-05-11,0.82,0.84,0.8,0.81
2022-05-12,0.78,0.81,0.76,0.81
2022-05-13,0.84,0.86,0.83,0.85
2022-05-16,0.86,0.87,0.82,0.82
2022-05-17,0.83,0.88,0.83,0.86
2022-05-18,0.88,0.9,0.84,0.84
2022-05-19,0.82,0.84,0.81,0.83
2022-05-20,0.84,0.84,0.82,0.82
2022-05-23,0.83,0.86,0.83,0.86
2022-05-24,0.86,0.87,0.82,0.82
2022-05-25,0.84,0.84,0.82,0.83
2022-05-26,0.84,0.85,0.83,0.85
2022-05-27,0.86,0.86,0.84,0.85
2022-05-30,0.86,0.9,0.86,0.89
2022-05-31,0.89,0.89,0.87,0.87
2022-06-01,0.87,0.88,0.85,0.87
2022-06-02,0.87,0.88,0.87,0.87
2022-06-03,0.88,0.88,0.85,0.86
2022-06-06,0.86,0.87,0.86,0.87
2022-06-07,0.86,0.87,0.84,0.84
2022-06-08,0.84,0.84,0.81,0.81
2022-06-09,0.8,0.84,0.8,0.8
2022-06-10,0.8,0.8,0.78,0.78
2022-06-13,0.76,0.76,0.72,0.73
2022-06-14,0.75,0.75,0.73,0.73
2022-06-15,0.74,0.75,0.73,0.75
2022-06-17,0.73,0.76,0.73,0.74
2022-06-20,0.76,0.77,0.76,0.77
2022-06-21,0.78,0.79,0.76,0.77
2022-06-22,0.77,0.77,0.75,0.76
2022-06-23,0.76,0.77,0.74,0.75
2022-06-24,0.77,0.77,0.74,0.75
2022-06-27,0.75,0.76,0.74,0.75
2022-06-28,0.75,0.76,0.74,0.75
2022-06-29,0.75,0.75,0.73,0.73
2022-06-30,0.72,0.73,0.7,0.7
2022-07-01,0.7,0.74,0.7,0.73
2022-07-04,0.74,0.74,0.68,0.7
2022-07-05,0.71,0.71,0.66,0.67
2022-07-06,0.68,0.69,0.67,0.68
2022-07-07,0.69,0.72,0.69,0.72
2022-07-08,0.72,0.74,0.71,0.73
2022-07-11,0.72,0.73,0.71,0.71
2022-07-12,0.7,0.71,0.68,0.68
2022-07-13,0.68,0.68,0.65,0.65
2022-07-14,0.66,0.66,0.6,0.6
2022-07-15,0.6,0.61,0.6,0.6
2022-07-18,0.61,0.63,0.61,0.62
2022-07-19,0.62,0.65,0.61,0.65
2022-07-20,0.65,0.66,0.64,0.65
2022-07-21,0.66,0.68,0.64,0.67
2022-07-22,0.69,0.69,0.66,0.66
2022-07-25,0.66,0.67,0.65,0.66
2022-07-26,0.66,0.66,0.63,0.64
2022-07-27,0.64,0.65,0.63,0.64
2022-07-28,0.65,0.67,0.65,0.66
2022-07-29,0.68,0.69,0.66,0.69
2022-08-01,0.7,0.71,0.68,0.7
2022-08-02,0.7,0.7,0.68,0.69
2022-08-03,0.67,0.69,0.66,0.69
2022-08-04,0.68,0.7,0.67,0.68
2022-08-05,0.68,0.7,0.68,0.69
2022-08-08,0.69,0.74,0.68,0.74
2022-08-09,0.74,0.77,0.74,0.74
2022-08-10,0.73,0.76,0.72,0.75
2022-08-11,0.76,0.78,0.75,0.78
2022-08-12,0.78,0.8,0.78,0.8
2022-08-16,0.8,0.84,0.8,0.82
2022-08-17,0.82,0.82,0.78,0.78
2022-08-18,0.78,0.81,0.78,0.8
2022-08-19,0.79,0.8,0.77,0.77
2022-08-22,0.76,0.76,0.73,0.74
2022-08-23,0.74,0.75,0.73,0.74
2022-08-24,0.75,0.75,0.72,0.72
2022-08-25,0.74,0.75,0.73,0.74
2022-08-26,0.74,0.74,0.71,0.72
2022-08-29,0.71,0.71,0.69,0.69
2022-08-30,0.7,0.71,0.68,0.68
2022-08-31,0.67,0.7,0.67,0.69
2022-09-01,0.68,0.68,0.65,0.65
2022-09-02,0.67,0.69,0.65,0.68
2022-09-05,0.68,0.7,0.67,0.69
2022-09-06,0.7,0.7,0.67,0.68
2022-09-07,0.68,0.68,0.66,0.67
2022-09-08,0.68,0.73,0.68,0.72
2022-09-09,0.74,0.78,0.74,0.78
2022-09-12,0.79,0.82,0.76,0.81
2022-09-13,0.82,0.83,0.79,0.81
2022-09-14,0.8,0.84,0.8,0.84
2022-09-15,0.84,0.84,0.81,0.82
2022-09-16,0.81,0.82,0.78,0.8
2022-09-19,0.79,0.81,0.78,0.79
2022-09-20,0.81,0.82,0.78,0.79
2022-09-21,0.79,0.79,0.77,0.77
2022-09-22,0.77,0.78,0.76,0.77
2022-09-23,0.79,0.79,0.71,0.72
2022-09-26,0.72,0.73,0.7,0.71
2022-09-27,0.71,0.73,0.7,0.71
2022-09-28,0.69,0.7,0.66,0.68
2022-09-29,0.68,0.68,0.64,0.64
2022-09-30,0.64,0.65,0.63,0.64
2022-10-03,0.63,0.63,0.59,0.62
2022-10-04,0.63,0.67,0.63,0.67
2022-10-05,0.66,0.66,0.64,0.65
2022-10-06,0.65,0.67,0.63,0.63
2022-10-07,0.63,0.65,0.61,0.62
2022-10-10,0.62,0.62,0.59,0.59
2022-10-11,0.59,0.6,0.57,0.58
2022-10-12,0.59,0.59,0.58,0.58
2022-10-13,0.58,0.59,0.56,0.57
2022-10-14,0.59,0.6,0.59,0.6
2022-10-17,0.6,0.6,0.58,0.59
2022-10-18,0.6,0.65,0.6,0.64
2022-10-19,0.64,0.65,0.63,0.65
2022-10-20,0.65,0.69,0.64,0.69
2022-10-21,0.69,0.74,0.69,0.73
2022-10-24,0.74,0.74,0.71,0.74
2022-10-25,0.74,0.77,0.74,0.76
2022-10-26,0.76,0.78,0.76,0.78
2022-10-27,0.78,0.81,0.77,0.81
2022-10-28,0.81,0.82,0.8,0.81
2022-10-31,0.81,0.85,0.81,0.85
2022-11-02,0.86,0.87,0.84,0.86
2022-11-03,0.82,0.84,0.82,0.83
2022-11-04,0.83,0.85,0.83,0.84
2022-11-07,0.84,0.88,0.84,0.87
2022-11-08,0.88,1.07,0.86,1.07
2022-11-09,1.08,1.17,1.08,1.15
2022-11-10,1.15,1.18,1.11,1.18
2022-11-14,1.18,1.27,1.18,1.26
2022-11-15,1.26,1.26,1.2,1.24
2022-11-16,1.23,1.24,1.2,1.22
2022-11-17,1.23,1.23,1.18,1.21
2022-11-18,1.19,1.23,1.18,1.18
2022-11-21,1.18,1.19,1.16,1.16
2022-11-22,1.15,1.18,1.15,1.15
2022-11-23,1.17,1.19,1.15,1.16
2022-11-24,1.18,1.19,1.17,1.18
2022-11-25,1.2,1.2,1.17,1.19
2022-11-28,1.19,1.2,1.16,1.16
2022-11-29,1.16,1.18,1.15,1.17
2022-11-30,1.19,1.19,1.16,1.17
2022-12-01,1.19,1.19,1.17,1.18
2022-12-02,1.17,1.17,1.15,1.15
2022-12-05,1.15,1.16,1.13,1.14
2022-12-06,1.14,1.14,1.09,1.1
2022-12-07,1.09,1.11,1.08,1.09
2022-12-08,1.09,1.09,1.04,1.06
2022-12-09,1.07,1.07,1.04,1.04
2022-12-12,1.07,1.07,1.03,1.07
2022-12-13,1.07,1.1,1.06,1.07
2022-12-14,1.08,1.1,1.07,1.09
2022-12-15,1.09,1.09,1.04,1.05
2022-12-16,1.03,1.06,1.03,1.04
2022-12-19,1.04,1.05,1.03,1.03
2022-12-20,1.03,1.05,1.02,1.04
2022-12-21,1.05,1.09,1.04,1.08
2022-12-22,1.09,1.13,1.09,1.11
2022-12-23,1.12,1.12,1.09,1.11
2022-12-27,1.11,1.11,1.06,1.06
2022-12-28,1.06,1.09,1.04,1.08
2022-12-29,1.09,1.1,1.07,1.1
2022-12-30,1.1,1.1,1.08,1.09
2023-01-02,1.09,1.12,1.09,1.1
2023-01-03,1.1,1.21,1.1,1.19
2023-01-04,1.2,1.25,1.17,1.23
2023-01-05,1.23,1.27,1.22,1.24
2023-01-09,1.26,1.28,1.26,1.28
2023-01-10,1.28,1.33,1.28,1.32
2023-01-11,1.32,1.33,1.26,1.26
2023-01-12,1.25,1.29,1.25,1.27
2023-01-13,1.28,1.29,1.26,1.27
2023-01-16,1.27,1.3,1.23,1.3
2023-01-17,1.3,1.3,1.23,1.24
2023-01-18,1.24,1.27,1.22,1.23
2023-01-19,1.22,1.24,1.2,1.22
2023-01-20,1.24,1.25,1.22,1.22
2023-01-23,1.24,1.24,1.2,1.21
2023-01-24,1.23,1.23,1.2,1.22
2023-01-25,1.19,1.22,1.14,1.16
2023-01-26,1.17,1.2,1.15,1.19
2023-01-27,1.2,1.2,1.17,1.17
2023-01-30,1.15,1.16,1.13,1.14
2023-01-31,1.14,1.19,1.14,1.17
2023-02-01,1.18,1.19,1.16,1.16
2023-02-02,1.18,1.18,1.16,1.18
2023-02-03,1.18,1.19,1.17,1.18
2023-02-06,1.18,1.18,1.15,1.16
2023-02-07,1.16,1.17,1.15,1.16
2023-02-08,1.16,1.18,1.16,1.18
2023-02-09,1.19,1.21,1.18,1.18
2023-02-10,1.19,1.19,1.13,1.14
2023-02-13,1.15,1.16,1.13,1.16
2023-02-14,1.16,1.18,1.16,1.18
2023-02-15,1.18,1.2,1.17,1.19
2023-02-16,1.19,1.21,1.12,1.21
2023-02-17,1.2,1.2,1.17,1.19
2023-02-20,1.19,1.19,1.16,1.18
2023-02-21,1.19,1.19,1.15,1.16
2023-02-22,1.18,1.18,1.15,1.15
2023-02-23,1.15,1.16,1.15,1.16
2023-02-24,1.16,1.18,1.16,1.17
2023-02-27,1.19,1.19,1.17,1.17
2023-02-28,1.17,1.21,1.17,1.21
2023-03-01,1.21,1.21,1.18,1.2
2023-03-02,1.2,1.2,1.15,1.15
2023-03-03,1.16,1.17,1.06,1.06
2023-03-06,1.07,1.1,1.06,1.09
2023-03-07,1.09,1.1,1.07,1.07
2023-03-08,1.07,1.08,1.06,1.07
2023-03-09,1.08,1.08,1.06,1.06
2023-03-10,1.05,1.05,1.01,1.02
2023-03-13,1.03,1.03,0.96,0.99
2023-03-14,0.98,1,0.97,0.98
2023-03-15,0.98,0.99,0.94,0.95
2023-03-16,0.97,0.97,0.92,0.94
2023-03-17,0.95,0.97,0.9,0.91
2023-03-20,0.92,0.92,0.86,0.91
2023-03-21,0.92,0.96,0.92,0.96
2023-03-22,0.96,0.97,0.94,0.94
2023-03-23,0.94,0.95,0.92,0.94
2023-03-24,0.93,0.93,0.91,0.92
2023-03-27,0.92,0.93,0.91,0.92
2023-03-28,0.92,0.98,0.92,0.96
2023-03-29,0.98,1,0.96,1
2023-03-30,1,1.02,1,1.02
2023-03-31,1.02,1.03,1.01,1.02
2023-04-03,1.03,1.07,1.03,1.06
2023-04-04,1.06,1.09,1.06,1.08
2023-04-05,1.06,1.08,1.06,1.07
2023-04-06,1.07,1.09,1.07,1.08
2023-04-11,1.08,1.1,1.08,1.1
2023-04-12,1.1,1.15,1.09,1.14
2023-04-13,1.13,1.19,1.13,1.17
2023-04-14,1.17,1.2,1.16,1.19
2023-04-17,1.16,1.21,1.16,1.19
2023-04-18,1.18,1.22,1.18,1.2
2023-04-19,1.2,1.22,1.18,1.22
2023-04-20,1.22,1.25,1.22,1.22
2023-04-21,1.21,1.23,1.19,1.22
2023-04-24,1.22,1.22,1.16,1.18
2023-04-25,1.17,1.18,1.13,1.17
2023-04-26,1.16,1.16,1.12,1.13
2023-04-27,1.13,1.19,1.13,1.18
2023-04-28,1.18,1.18,1.11,1.11
2023-05-02,1.11,1.14,1.09,1.09
2023-05-04,1.09,1.12,1.06,1.07
2023-05-05,1.08,1.1,1.07,1.1
2023-05-08,1.11,1.15,1.11,1.13
2023-05-09,1.13,1.13,1.1,1.11
2023-05-10,1.12,1.15,1.1,1.14
2023-05-11,1.14,1.14,1.11,1.12
2023-05-12,1.1,1.14,1.1,1.12
2023-05-15,1.13,1.13,1.08,1.09
2023-05-16,1.09,1.12,1.09,1.11
2023-05-17,1.12,1.12,1.09,1.09
2023-05-18,1.11,1.11,1.09,1.1
2023-05-19,1.11,1.17,1.11,1.17
2023-05-22,1.16,1.18,1.16,1.17
2023-05-23,1.17,1.2,1.17,1.18
2023-05-24,1.17,1.18,1.14,1.15
2023-05-25,1.16,1.19,1.14,1.18
2023-05-26,1.18,1.21,1.18,1.21
2023-05-29,1.22,1.23,1.21,1.21
2023-05-30,1.21,1.21,1.17,1.17
2023-05-31,1.16,1.17,1.13,1.13
2023-06-01,1.12,1.15,1.12,1.14
2023-06-02,1.15,1.23,1.15,1.23
2023-06-05,1.23,1.26,1.23,1.24
2023-06-06,1.25,1.27,1.23,1.27
2023-06-07,1.26,1.26,1.21,1.22
2023-06-09,1.23,1.28,1.23,1.27
2023-06-12,1.26,1.26,1.21,1.21
2023-06-13,1.21,1.23,1.19,1.2
2023-06-14,1.21,1.27,1.21,1.26
2023-06-15,1.25,1.27,1.21,1.27
2023-06-16,1.26,1.31,1.26,1.29
2023-06-19,1.29,1.31,1.27,1.27
2023-06-20,1.27,1.3,1.25,1.26
2023-06-21,1.26,1.29,1.26,1.27
2023-06-22,1.27,1.29,1.26,1.27
2023-06-23,1.26,1.27,1.23,1.24
2023-06-26,1.24,1.31,1.23,1.31
2023-06-27,1.31,1.34,1.3,1.3
2023-06-28,1.34,1.34,1.29,1.29
2023-06-29,1.29,1.31,1.29,1.3
2023-06-30,1.3,1.3,1.27,1.3
2023-07-03,1.3,1.34,1.3,1.33
2023-07-04,1.33,1.33,1.3,1.32
2023-07-05,1.31,1.32,1.27,1.27
2023-07-06,1.26,1.32,1.26,1.31
2023-07-07,1.3,1.34,1.3,1.34
2023-07-10,1.34,1.34,1.3,1.3
2023-07-11,1.31,1.34,1.31,1.33
2023-07-12,1.33,1.39,1.33,1.39
2023-07-13,1.39,1.42,1.39,1.4
2023-07-14,1.39,1.45,1.39,1.44
2023-07-17,1.44,1.47,1.43,1.45
2023-07-18,1.46,1.5,1.46,1.49
2023-07-19,1.5,1.5,1.48,1.49
2023-07-20,1.49,1.5,1.47,1.48
2023-07-21,1.48,1.48,1.44,1.46
2023-07-24,1.46,1.5,1.46,1.48
2023-07-25,1.47,1.49,1.47,1.49
2023-07-26,1.49,1.5,1.48,1.5
2023-07-27,1.51,1.53,1.51,1.53
2023-07-28,1.52,1.54,1.52,1.53
2023-07-31,1.53,1.54,1.52,1.53
2023-08-01,1.54,1.54,1.49,1.51
2023-08-02,1.5,1.5,1.45,1.45
2023-08-03,1.45,1.46,1.43,1.45
2023-08-04,1.46,1.48,1.456,1.472
2023-08-07,1.472,1.472,1.438,1.454
2023-08-08,1.438,1.447,1.397,1.413
2023-08-09,1.428,1.435,1.402,1.414
2023-08-10,1.416,1.434,1.414,1.426
2023-08-11,1.416,1.422,1.39,1.415
2023-08-14,1.415,1.433,1.4,1.413
2023-08-16,1.387,1.389,1.338,1.349
2023-08-17,1.349,1.349,1.297,1.312
2023-08-18,1.318,1.329,1.305,1.323
2023-08-21,1.332,1.341,1.314,1.325
2023-08-22,1.325,1.332,1.301,1.311
2023-08-23,1.315,1.315,1.269,1.29
2023-08-24,1.305,1.315,1.299,1.299
2023-08-25,1.28,1.317,1.28,1.305
2023-08-28,1.324,1.348,1.296,1.346
2023-08-29,1.351,1.372,1.351,1.362
2023-08-30,1.372,1.401,1.37,1.382
2023-08-31,1.387,1.392,1.337,1.353
2023-09-01,1.353,1.355,1.335,1.35
2023-09-04,1.35,1.365,1.319,1.319
2023-09-05,1.319,1.348,1.319,1.333
2023-09-06,1.333,1.333,1.258,1.288
2023-09-07,1.283,1.305,1.252,1.266
2023-09-08,1.277,1.278,1.237,1.257
2023-09-11,1.261,1.279,1.246,1.26
2023-09-12,1.274,1.276,1.253,1.264
2023-09-13,1.276,1.286,1.25,1.284
2023-09-14,1.286,1.296,1.267,1.276
2023-09-15,1.266,1.3,1.266,1.286
2023-09-18,1.271,1.28,1.254,1.254
2023-09-19,1.274,1.274,1.237,1.243
2023-09-20,1.243,1.267,1.225,1.263
2023-09-21,1.257,1.257,1.232,1.25
2023-09-22,1.236,1.258,1.23,1.23
2023-09-25,1.23,1.231,1.198,1.202
2023-09-26,1.199,1.23,1.194,1.225
2023-09-27,1.221,1.231,1.203,1.203
2023-09-28,1.204,1.216,1.191,1.206
2023-09-29,1.206,1.25,1.206,1.246
2023-10-02,1.242,1.246,1.214,1.214
2023-10-03,1.214,1.214,1.192,1.192
2023-10-04,1.189,1.248,1.187,1.248
2023-10-05,1.246,1.259,1.243,1.25
2023-10-06,1.256,1.319,1.256,1.318
2023-10-09,1.318,1.373,1.301,1.37
2023-10-10,1.369,1.387,1.354,1.387
2023-10-11,1.38,1.425,1.38,1.41
2023-10-12,1.413,1.429,1.4,1.405
2023-10-13,1.391,1.434,1.381,1.423
2023-10-16,1.466,1.572,1.466,1.545
2023-10-17,1.545,1.597,1.545,1.592
2023-10-18,1.565,1.596,1.549,1.578
2023-10-19,1.554,1.561,1.532,1.549
2023-10-20,1.527,1.541,1.498,1.512
2023-10-23,1.511,1.526,1.501,1.514
2023-10-24,1.514,1.595,1.514,1.577
2023-10-25,1.577,1.639,1.571,1.639
2023-10-26,1.598,1.636,1.573,1.636
2023-10-27,1.64,1.651,1.593,1.593
2023-10-30,1.578,1.645,1.578,1.645
2023-10-31,1.633,1.659,1.613,1.613
2023-11-02,1.638,1.638,1.6,1.624
2023-11-03,1.613,1.642,1.607,1.639
2023-11-06,1.651,1.667,1.621,1.637
2023-11-07,1.618,1.654,1.618,1.65
2023-11-08,1.65,1.65,1.608,1.622
2023-11-09,1.623,1.659,1.612,1.659
2023-11-10,1.625,1.652,1.621,1.624
2023-11-13,1.615,1.672,1.615,1.641
2023-11-14,1.644,1.726,1.644,1.716
2023-11-15,1.722,1.75,1.66,1.67
2023-11-16,1.669,1.729,1.669,1.713
2023-11-17,1.718,1.734,1.693,1.734
2023-11-20,1.734,1.759,1.709,1.759
2023-11-21,1.762,1.776,1.74,1.75
2023-11-22,1.75,1.765,1.721,1.765
2023-11-23,1.751,1.774,1.73,1.753
2023-11-24,1.74,1.74,1.709,1.722
2023-11-27,1.711,1.711,1.665,1.683
2023-11-28,1.686,1.739,1.678,1.739
2023-11-29,1.737,1.761,1.737,1.747
2023-11-30,1.747,1.76,1.729,1.75
2023-12-01,1.755,1.794,1.743,1.78
2023-12-04,1.748,1.783,1.748,1.772
2023-12-05,1.768,1.802,1.757,1.768
2023-12-06,1.768,1.775,1.734,1.738
2023-12-07,1.72,1.726,1.679,1.724
2023-12-08,1.724,1.742,1.724,1.737
2023-12-11,1.737,1.744,1.707,1.719
2023-12-12,1.707,1.714,1.678,1.688
2023-12-13,1.691,1.691,1.665,1.682
2023-12-14,1.709,1.709,1.656,1.669
2023-12-15,1.671,1.679,1.626,1.646
2023-12-18,1.644,1.69,1.644,1.671
2023-12-19,1.689,1.744,1.669,1.709
2023-12-20,1.746,1.746,1.681,1.694
2023-12-21,1.691,1.722,1.688,1.704
2023-12-22,1.704,1.704,1.689,1.7
2023-12-27,1.703,1.725,1.701,1.719
2023-12-28,1.725,1.725,1.682,1.694
2023-12-29,1.694,1.699,1.636,1.66
2024-01-02,1.654,1.66,1.607,1.629
2024-01-03,1.619,1.642,1.61,1.637
2024-01-04,1.608,1.637,1.602,1.635
2024-01-05,1.61,1.631,1.589,1.631
2024-01-08,1.639,1.668,1.595,1.666
2024-01-09,1.67,1.678,1.648,1.648
2024-01-10,1.654,1.685,1.648,1.648
2024-01-11,1.655,1.664,1.596,1.596
2024-01-12,1.599,1.637,1.596,1.634
2024-01-15,1.635,1.64,1.576,1.591
2024-01-16,1.565,1.588,1.562,1.583
2024-01-17,1.582,1.582,1.522,1.53
2024-01-18,1.52,1.542,1.52,1.532
2024-01-19,1.543,1.553,1.529,1.549
2024-01-22,1.568,1.58,1.555,1.557
2024-01-23,1.574,1.574,1.518,1.534
2024-01-24,1.546,1.573,1.534,1.545
2024-01-25,1.545,1.548,1.525,1.546
2024-01-26,1.537,1.574,1.533,1.572
2024-01-29,1.573,1.574,1.537,1.562
2024-01-30,1.573,1.937,1.559,1.937
2024-01-31,1.928,1.987,1.925,1.977
2024-02-01,1.976,2.048,1.685,1.685
2024-02-02,1.706,1.739,1.685,1.735
2024-02-05,1.734,1.773,1.722,1.722
2024-02-06,1.732,1.759,1.702,1.721
2024-02-07,1.721,1.762,1.721,1.747
2024-02-08,1.737,1.757,1.644,1.711
2024-02-09,1.719,1.719,1.675,1.695
2024-02-12,1.719,1.764,1.696,1.752
2024-02-13,1.744,1.793,1.744,1.77
2024-02-14,1.753,1.848,1.753,1.848
2024-02-15,1.85,1.922,1.848,1.908
2024-02-16,1.908,1.967,1.908,1.953
2024-02-19,1.955,1.99,1.939,1.986
2024-02-20,1.985,2.041,1.974,2.025
2024-02-21,2.025,2.08,2.023,2.044
2024-02-22,2.078,2.084,2.053,2.063
2024-02-23,2.054,2.141,2.054,2.119
2024-02-26,2.125,2.16,2.092,2.092
2024-02-27,2.102,2.144,2.054,2.076
2024-02-28,2.076,2.084,2.051,2.063
2024-02-29,2.064,2.156,2.064,2.156
2024-03-01,2.171,2.192,2.113,2.124
2024-03-04,2.133,2.133,2.084,2.102
2024-03-05,2.101,2.123,2.076,2.079
2024-03-06,2.079,2.102,2.057,2.076
2024-03-07,2.049,2.08,2.049,2.063
2024-03-08,2.063,2.132,2.062,2.127
2024-03-11,2.118,2.146,2.115,2.141
2024-03-12,2.159,2.253,2.159,2.238
2024-03-13,2.244,2.257,2.21,2.211
2024-03-14,2.22,2.223,2.175,2.21
2024-03-15,2.209,2.303,2.2,2.238
2024-03-18,2.25,2.274,2.205,2.241
2024-03-19,2.24,2.24,2.133,2.198
2024-03-20,2.198,2.198,2.143,2.192
2024-03-21,2.203,2.28,2.203,2.275
2024-03-22,2.275,2.306,2.269,2.279
2024-03-25,2.272,2.277,2.233,2.245
2024-03-26,2.241,2.339,2.236,2.319
2024-03-27,2.334,2.334,2.284,2.297
2024-03-28,2.303,2.313,2.25,2.289
2024-04-02,2.3,2.318,2.245,2.269
2024-04-03,2.285,2.285,2.226,2.261
2024-04-04,2.267,2.279,2.242,2.262
2024-04-05,2.226,2.291,2.211,2.291
2024-04-08,2.294,2.331,2.28,2.288
2024-04-09,2.288,2.288,2.167,2.186
2024-04-10,2.195,2.224,2.171,2.201
2024-04-11,2.2,2.2,2.145,2.15
2024-04-12,2.15,2.185,2.118,2.125
2024-04-15,2.133,2.145,2.104,2.114
2024-04-16,2.096,2.115,2.065,2.073
2024-04-17,2.064,2.112,2.031,2.112
2024-04-18,2.109,2.126,2.054,2.11
2024-04-19,2.085,2.1,2.062,2.1
2024-04-22,2.097,2.146,2.097,2.136
2024-04-23,2.136,2.187,2.127,2.136
2024-04-24,2.162,2.162,2.073,2.075
2024-04-25,2.086,2.089,2.06,2.077
2024-04-26,2.084,2.108,2.078,2.096
2024-04-29,2.109,2.116,2.076,2.116
2024-04-30,2.112,2.136,2.098,2.12
2024-05-02,2.111,2.161,2.111,2.122
2024-05-06,2.13,2.18,2.111,2.18
2024-05-07,2.18,2.195,2.149,2.159
2024-05-08,2.198,2.198,2.129,2.152
2024-05-09,2.166,2.173,2.14,2.15
2024-05-10,2.133,2.133,1.978,1.992
2024-05-13,1.992,2.004,1.95,1.973
2024-05-14,1.977,1.992,1.945,1.988
2024-05-15,1.975,2.002,1.944,1.983
2024-05-16,1.983,2.011,1.954,1.954
2024-05-17,1.954,1.96,1.911,1.96
2024-05-20,1.96,1.977,1.935,1.942
2024-05-21,1.945,1.945,1.909,1.914
2024-05-22,1.908,1.908,1.873,1.901
2024-05-23,1.914,1.958,1.89,1.927
2024-05-24,1.926,1.926,1.887,1.904
2024-05-27,1.925,1.936,1.908,1.919
2024-05-28,1.943,1.943,1.893,1.911
2024-05-29,1.91,1.91,1.863,1.869
2024-05-31,1.857,1.9,1.857,1.89
2024-06-03,1.902,1.934,1.902,1.92
2024-06-04,1.921,1.921,1.829,1.84
2024-06-05,1.844,1.867,1.844,1.867
2024-06-06,1.875,1.875,1.831,1.864
2024-06-07,1.855,1.855,1.814,1.816
2024-06-10,1.817,1.82,1.784,1.819
2024-06-11,1.823,1.832,1.784,1.784
2024-06-12,1.806,1.823,1.783,1.813
2024-06-13,1.813,1.813,1.754,1.758
2024-06-14,1.758,1.767,1.726,1.767
2024-06-17,1.769,1.82,1.769,1.799
2024-06-18,1.82,1.829,1.793,1.794
2024-06-19,1.812,1.88,1.812,1.876
2024-06-20,1.885,1.906,1.828,1.851
2024-06-21,1.859,1.859,1.815,1.829
2024-06-24,1.829,1.895,1.813,1.88
2024-06-25,1.871,1.893,1.871,1.883
2024-06-26,1.884,1.901,1.839,1.84
2024-06-27,1.867,1.878,1.836,1.858
2024-06-28,1.858,1.951,1.858,1.924
2024-07-01,1.936,1.936,1.885,1.89
2024-07-02,1.891,1.901,1.861,1.894
2024-07-03,1.906,1.922,1.888,1.91
2024-07-04,1.91,1.927,1.883,1.895
2024-07-05,1.904,1.93,1.866,1.881
2024-07-08,1.881,1.907,1.867,1.902
2024-07-09,1.903,1.915,1.889,1.912
2024-07-10,1.915,1.92,1.884,1.906
2024-07-11,1.906,1.93,1.862,1.928
2024-07-12,1.927,1.963,1.919,1.943
2024-07-15,1.943,1.963,1.926,1.963
2024-07-16,1.949,1.963,1.876,1.886
2024-07-17,1.882,1.921,1.848,1.861
2024-07-18,1.856,1.918,1.855,1.918
2024-07-19,1.911,1.948,1.874,1.937
2024-07-22,1.918,1.952,1.915,1.932
2024-07-23,1.93,1.93,1.877,1.882
2024-07-24,1.875,1.899,1.86,1.882
2024-07-25,1.858,1.88,1.838,1.861
2024-07-26,1.861,1.885,1.853,1.86
2024-07-29,1.86,1.891,1.844,1.885
2024-07-30,1.875,1.908,1.847,1.847
2024-07-31,1.856,1.89,1.848,1.882
2024-08-01,1.891,1.918,1.765,1.765
2024-08-02,1.755,1.755,1.683,1.693
2024-08-05,1.593,1.654,1.593,1.649
2024-08-06,1.658,1.658,1.573,1.606
2024-08-07,1.638,1.638,1.575,1.59
2024-08-08,1.594,1.626,1.558,1.62
2024-08-09,1.639,1.661,1.618,1.632
2024-08-12,1.647,1.682,1.633,1.671
2024-08-13,1.679,1.726,1.678,1.711
2024-08-14,1.711,1.754,1.711,1.75
2024-08-16,1.772,1.815,1.772,1.815
2024-08-19,1.81,1.842,1.81,1.829
2024-08-20,1.828,1.839,1.791,1.791
2024-08-21,1.79,1.799,1.789,1.796
2024-08-22,1.806,1.807,1.791,1.794
2024-08-23,1.804,1.836,1.804,1.822
2024-08-26,1.818,1.844,1.811,1.837
2024-08-27,1.837,1.853,1.785,1.803
2024-08-28,1.804,1.836,1.804,1.826
2024-08-29,1.821,1.863,1.821,1.844
2024-08-30,1.862,1.871,1.849,1.862
2024-09-02,1.847,1.934,1.833,1.914
2024-09-03,1.92,1.92,1.85,1.856
2024-09-04,1.843,1.867,1.827,1.849
2024-09-05,1.849,1.884,1.825,1.839
2024-09-06,1.843,1.843,1.76,1.76
2024-09-09,1.807,1.833,1.807,1.815
2024-09-10,1.839,1.846,1.783,1.783
2024-09-11,1.789,1.789,1.722,1.729
2024-09-12,1.778,1.814,1.778,1.809
2024-09-13,1.822,1.868,1.819,1.858
2024-09-16,1.862,1.874,1.828,1.846
2024-09-17,1.876,1.932,1.876,1.911
2024-09-18,1.927,1.97,1.927,1.947
2024-09-19,1.97,1.97,1.915,1.929
2024-09-20,1.97,1.97,1.909,1.911
2024-09-23,1.911,1.911,1.808,1.821
2024-09-24,1.827,1.846,1.82,1.846
2024-09-25,1.846,1.846,1.813,1.815
2024-09-26,1.816,1.865,1.815,1.854
2024-09-27,1.853,1.855,1.814,1.838
2024-09-30,1.836,1.836,1.796,1.796
2024-10-01,1.796,1.796,1.75,1.762
2024-10-02,1.763,1.799,1.754,1.757
2024-10-03,1.751,1.751,1.705,1.716
2024-10-04,1.716,1.716,1.689,1.698
2024-10-07,1.708,1.708,1.667,1.686
2024-10-08,1.66,1.728,1.655,1.713
2024-10-09,1.715,1.76,1.693,1.749
2024-10-10,1.746,1.761,1.724,1.75
2024-10-11,1.75,1.794,1.747,1.778
2024-10-14,1.79,1.801,1.779,1.781
2024-10-15,1.79,1.803,1.783,1.785
2024-10-16,1.769,1.797,1.755,1.797
2024-10-17,1.797,1.809,1.728,1.728
2024-10-18,1.746,1.793,1.746,1.787
2024-10-21,1.788,1.789,1.746,1.746
2024-10-22,1.736,1.751,1.704,1.722
2024-10-23,1.734,1.734,1.689,1.716
2024-10-24,1.732,1.732,1.673,1.681
2024-10-25,1.68,1.686,1.663,1.682
2024-10-28,1.688,1.711,1.665,1.678
2024-10-29,1.694,1.74,1.675,1.735
2024-10-30,1.735,1.735,1.65,1.65
2024-10-31,1.633,1.647,1.558,1.558
2024-11-04,1.6,1.6,1.578,1.597
2024-11-05,1.603,1.603,1.569,1.588
2024-11-06,1.587,1.636,1.58,1.582
2024-11-07,1.582,1.671,1.582,1.657
2024-11-08,1.661,1.661,1.607,1.619
2024-11-12,1.622,1.645,1.592,1.605
2024-11-13,1.605,1.605,1.544,1.556
2024-11-14,1.592,1.595,1.567,1.577
2024-11-15,1.594,1.594,1.539,1.548
2024-11-18,1.565,1.59,1.519,1.527
2024-11-19,1.556,1.556,1.456,1.481
2024-11-20,1.504,1.504,1.471,1.487
2024-11-21,1.502,1.526,1.463,1.512
2024-11-22,1.512,1.556,1.475,1.554
2024-11-25,1.574,1.574,1.523,1.523
2024-11-26,1.512,1.535,1.492,1.505
2024-11-27,1.505,1.505,1.471,1.478
2024-11-28,1.478,1.486,1.465,1.47
2024-11-29,1.463,1.477,1.454,1.47
2024-12-02,1.467,1.511,1.467,1.511
2024-12-03,1.522,1.522,1.473,1.497
2024-12-04,1.502,1.523,1.485,1.488
2024-12-05,1.492,1.568,1.486,1.56
2024-12-06,1.575,1.583,1.542,1.542
2024-12-09,1.575,1.575,1.534,1.556
2024-12-10,1.531,1.569,1.529,1.557
2024-12-11,1.542,1.552,1.531,1.537
2024-12-12,1.537,1.575,1.536,1.57
2024-12-13,1.58,1.58,1.549,1.564
2024-12-16,1.564,1.581,1.559,1.574
2024-12-17,1.574,1.574,1.476,1.477
2024-12-18,1.481,1.51,1.481,1.503
2024-12-19,1.492,1.533,1.484,1.532
2024-12-20,1.524,1.524,1.487,1.516
2024-12-23,1.518,1.546,1.518,1.535
2024-12-27,1.539,1.539,1.509,1.522
2024-12-30,1.522,1.537,1.508,1.517
2025-01-02,1.531,1.536,1.491,1.513
2025-01-03,1.522,1.542,1.518,1.531
2025-01-07,1.537,1.563,1.533,1.545
2025-01-08,1.547,1.563,1.527,1.537
2025-01-09,1.552,1.568,1.526,1.568
2025-01-10,1.567,1.582,1.539,1.565
2025-01-13,1.565,1.565,1.498,1.519
2025-01-14,1.519,1.563,1.516,1.561
2025-01-15,1.561,1.589,1.549,1.589
2025-01-16,1.597,1.597,1.553,1.553
2025-01-17,1.567,1.582,1.559,1.57
2025-01-20,1.572,1.617,1.55,1.611
2025-01-21,1.611,1.613,1.592,1.608
2025-01-22,1.608,1.661,1.608,1.632
2025-01-23,1.636,1.641,1.627,1.634
2025-01-24,1.641,1.659,1.641,1.659
2025-01-27,1.631,1.658,1.624,1.658
2025-01-28,1.658,1.676,1.656,1.675
2025-01-29,1.669,1.717,1.669,1.704
2025-01-30,1.713,1.777,1.713,1.751
2025-01-31,1.747,1.758,1.735,1.746
2025-02-03,1.73,1.745,1.72,1.736
2025-02-04,1.736,1.752,1.733,1.733
2025-02-05,1.733,1.741,1.692,1.7
2025-02-06,1.747,1.814,1.72,1.814
2025-02-07,1.824,1.865,1.797,1.853
2025-02-10,1.851,1.88,1.851,1.868
2025-02-11,1.859,1.944,1.859,1.941
2025-02-12,1.947,1.978,1.938,1.969
2025-02-13,1.988,2.02,1.968,1.988
2025-02-14,1.963,1.977,1.945,1.964
2025-02-17,1.965,2.011,1.964,1.996
2025-02-18,1.996,2.08,1.996,2.075
2025-02-19,2.075,2.098,2.035,2.066
2025-02-20,2.038,2.058,2.033,2.046
2025-02-21,2.037,2.069,2.037,2.052
2025-02-24,2.024,2.052,2.002,2.002
2025-02-25,1.965,2.04,1.965,2.027
2025-02-26,2.027,2.107,2.027,2.101
2025-02-27,2.1,2.123,2.053,2.055
2025-02-28,2.025,2.065,2.023,2.052
2025-03-03,2.001,2.09,1.779,1.779
2025-03-04,1.751,1.751,1.693,1.693
2025-03-05,1.703,1.765,1.703,1.76
2025-03-06,1.76,1.809,1.76,1.799
2025-03-07,1.794,1.836,1.788,1.831
2025-03-10,1.83,1.83,1.752,1.773
2025-03-11,1.773,1.829,1.77,1.77
2025-03-12,1.782,1.816,1.782,1.81
2025-03-13,1.804,1.855,1.787,1.83
2025-03-14,1.854,1.915,1.854,1.902
2025-03-17,1.902,1.95,1.891,1.936
2025-03-18,1.937,2.013,1.937,1.985
2025-03-19,1.988,2.001,1.958,1.975
2025-03-20,2.009,2.009,1.945,1.968
2025-03-21,1.96,1.973,1.922,1.959
2025-03-24,1.967,2.009,1.967,2.008
2025-03-25,2.015,2.082,2.011,2.067
2025-03-26,2.071,2.075,2.023,2.038
2025-03-27,2.033,2.072,2.003,2.048
2025-03-28,2.048,2.048,1.989,1.998
2025-03-31,1.985,1.985,1.921,1.94
2025-04-01,1.959,1.998,1.959,1.991
2025-04-02,1.954,2.004,1.954,2.003
2025-04-03,1.97,1.987,1.903,1.903
2025-04-04,1.902,1.902,1.691,1.705
2025-04-07,1.56,1.715,1.56,1.686
2025-04-08,1.724,1.758,1.664,1.735
2025-04-09,1.722,1.73,1.662,1.677
2025-04-10,1.887,1.887,1.735,1.773
2025-04-11,1.811,1.814,1.742,1.762
2025-04-14,1.775,1.844,1.775,1.841
2025-04-15,1.861,1.896,1.851,1.872
2025-04-16,1.815,1.892,1.815,1.86
2025-04-17,1.878,1.928,1.878,1.9
2025-04-22,1.9,1.98,1.9,1.974
2025-04-23,1.988,2.073,1.988,2.059
2025-04-24,2.057,2.083,2.037,2.078
2025-04-25,2.088,2.088,2.047,2.068
2025-04-28,2.057,2.1,2.057,2.076
2025-04-29,2.074,2.113,2.07,2.07
2025-04-30,2.07,2.083,1.962,2.051
2025-05-02,2.11,2.11,2.038,2.068
2025-05-05,2.066,2.066,1.985,2.004
2025-05-06,2.009,2.009,1.921,1.949
2025-05-07,1.949,1.974,1.932,1.966
2025-05-08,1.985,2.003,1.934,1.98
2025-05-09,1.981,2.053,1.981,2.039
2025-05-12,2.057,2.112,2.05,2.064
2025-05-13,2.064,2.064,2.012,2.044
2025-05-14,2.04,2.055,2.001,2.047
2025-05-15,2.056,2.056,1.978,2.025
2025-05-16,2.039,2.055,2.005,2.025
2025-05-19,1.987,2.017,1.932,2.011
2025-05-20,1.969,2.022,1.969,2.003
2025-05-21,1.997,1.998,1.971,1.994
2025-05-22,1.969,2.001,1.947,2.001
2025-05-23,1.999,2.033,1.92,1.973
2025-05-26,2.016,2.069,2.012,2.06
2025-05-27,2.059,2.103,2.059,2.099
2025-05-28,2.099,2.157,2.093,2.135
2025-05-29,2.136,2.156,2.108,2.113
2025-05-30,2.113,2.113,1.999,2.044
2025-06-02,1.958,2.022,1.928,2.002
2025-06-03,1.97,2.008,1.942,1.959
2025-06-04,1.953,1.991,1.943,1.98
2025-06-05,1.989,1.991,1.946,1.946
2025-06-06,1.946,1.946,1.875,1.931
2025-06-09,1.931,1.981,1.93,1.971
2025-06-10,1.988,2.043,1.984,2.01
2025-06-11,2.01,2.017,1.94,1.95
2025-06-12,1.946,1.969,1.91,1.953
2025-06-13,1.933,1.946,1.901,1.913
2025-06-16,1.926,1.959,1.909,1.909
2025-06-17,1.911,1.911,1.856,1.873
2025-06-18,1.873,1.873,1.839,1.859
2025-06-20,1.859,1.878,1.858,1.878
2025-06-23,1.871,1.871,1.809,1.809
2025-06-24,1.826,1.914,1.826,1.913
2025-06-25,1.913,1.913,1.879,1.887
2025-06-26,1.878,1.948,1.878,1.924
2025-06-27,1.94,1.94,1.911,1.931
2025-06-30,1.926,2.017,1.926,1.991
2025-07-01,1.947,2.04,1.947,1.979
2025-07-02,1.983,1.993,1.963,1.963
2025-07-03,1.958,2.011,1.958,2.011
2025-07-04,1.971,1.983,1.947,1.963
2025-07-07,1.966,1.979,1.953,1.956
2025-07-08,1.948,1.992,1.948,1.983
2025-07-09,1.971,1.985,1.953,1.975
2025-07-10,1.975,1.975,1.903,1.913
2025-07-11,1.921,1.923,1.892,1.923
2025-07-14,1.923,1.923,1.899,1.921
2025-07-15,1.921,1.954,1.883,1.922
2025-07-16,1.921,1.943,1.906,1.942
2025-07-17,1.943,2.05,1.943,2.047
2025-07-18,2.047,2.159,2.047,2.13
2025-07-21,2.13,2.13,2.072,2.109
2025-07-22,2.096,2.096,2.059,2.088
2025-07-23,2.119,2.132,2.104,2.117
2025-07-24,2.117,2.158,2.117,2.145
2025-07-25,2.133,2.189,2.126,2.188
2025-07-28,2.188,2.203,2.155,2.156
2025-07-29,2.136,2.197,2.136,2.19
2025-07-30,2.19,2.223,2.177,2.211
2025-07-31,2.211,2.22,1.937,1.937
2025-08-01,1.918,1.918,1.868,1.887
2025-08-04,1.887,1.94,1.869,1.94
2025-08-05,1.957,1.958,1.886,1.894
2025-08-06,1.894,1.968,1.894,1.968
2025-08-07,1.967,2.077,1.951,2.056
2025-08-08,2.055,2.096,2.038,2.096
2025-08-11,2.096,2.158,2.096,2.141
2025-08-12,2.141,2.175,2.124,2.141
2025-08-13,2.158,2.172,2.128,2.168
2025-08-14,2.121,2.167,2.121,2.161
2025-08-18,2.147,2.173,2.134,2.165
2025-08-19,2.165,2.184,2.145,2.179
2025-08-20,2.175,2.175,2.129,2.147
2025-08-21,2.136,2.179,2.126,2.174
2025-08-22,2.07,2.103,1.983,2.005
2025-08-25,2.016,2.084,2.016,2.045
2025-08-26,2.049,2.068,2.001,2.053
2025-08-27,2.076,2.076,1.979,1.979
2025-08-28,1.975,2.021,1.966,1.966
2025-08-29,1.966,1.981,1.907,1.914
2025-09-01,1.915,1.943,1.888,1.905
2025-09-02,1.94,1.94,1.851,1.882
2025-09-03,1.888,1.903,1.862,1.876
2025-09-04,1.89,1.93,1.847,1.924
2025-09-05,1.938,1.947,1.911,1.912
2025-09-08,1.914,1.981,1.914,1.978
2025-09-09,1.968,1.973,1.93,1.943
2025-09-10,1.94,1.94,1.896,1.914
2025-09-11,1.914,1.967,1.891,1.952
2025-09-12,1.969,1.969,1.935,1.941
2025-09-15,1.959,2.014,1.959,2.014
2025-09-16,2.023,2.023,1.966,1.966
2025-09-17,1.966,1.988,1.96,1.967
2025-09-18,1.968,2.01,1.962,2.005
2025-09-19,2.013,2.014,1.975,1.994
2025-09-22,2.014,2.014,1.927,1.935
2025-09-23,1.954,1.987,1.954,1.961
2025-09-24,1.961,1.961,1.908,1.948
2025-09-25,1.948,1.948,1.893,1.893
2025-09-26,1.887,1.971,1.887,1.968
2025-09-29,1.961,1.987,1.961,1.961
2025-09-30,1.961,1.981,1.948,1.961
2025-10-01,1.943,1.988,1.943,1.981
2025-10-02,1.979,2.078,1.973,2.026
2025-10-03,2.046,2.07,2.014,2.027
2025-10-06,2.046,2.046,1.979,1.985
2025-10-07,1.986,2.025,1.973,2.025
2025-10-08,2.025,2.029,1.977,2.003
2025-10-09,2.003,2.047,2.003,2.044
2025-10-10,2.044,2.063,2.014,2.037
2025-10-13,2.024,2.024,1.995,2.016
2025-10-14,2.007,2.01,1.953,1.997
2025-10-15,1.997,2.056,1.997,2.047
2025-10-16,2.068,2.068,2.017,2.025
2025-10-17,1.988,2.005,1.951,1.991
2025-10-20,2.007,2.064,2.007,2.064
2025-10-21,2.063,2.087,2.048,2.074
2025-10-22,2.082,2.118,2.068,2.114
2025-10-23,2.114,2.143,2.103,2.133
2025-10-24,2.153,2.165,2.128,2.142
2025-10-27,2.149,2.192,2.149,2.17
2025-10-28,2.19,2.283,2.187,2.277
2025-10-29,2.23,2.323,2.23,2.275
2025-10-30,2.179,2.26,2.118,2.118
2025-10-31,2.117,2.117,2.038,2.042
2025-11-03,2.057,2.13,2.057,2.112
2025-11-04,2.109,2.109,2.075,2.099
2025-11-05,2.099,2.105,2.069,2.069
2025-11-06,2.102,2.122,2.079,2.082
2025-11-07,2.086,2.133,2.086,2.133
2025-11-10,2.147,2.192,2.147,2.186
2025-11-12,2.196,2.213,2.152,2.185
2025-11-13,2.204,2.243,2.191,2.21
2025-11-14,2.218,2.218,2.159,2.199
2025-11-17,2.199,2.211,2.161,2.178
2025-11-18,2.172,2.172,2.113,2.137
2025-11-19,2.119,2.175,2.119,2.166
2025-11-20,2.175,2.196,2.135,2.147
2025-11-21,2.144,2.144,2.098,2.119
2025-11-24,2.125,2.142,2.074,2.142
2025-11-25,2.142,2.142,2.074,2.098
2025-11-26,2.107,2.177,2.103,2.171
2025-11-27,2.17,2.17,2.147,2.152
2025-11-28,2.133,2.151,2.122,2.136
2025-12-01,2.141,2.145,2.117,2.123
2025-12-02,2.139,2.139,2.09,2.107
2025-12-03,2.116,2.116,2.073,2.082
2025-12-04,2.101,2.102,2.087,2.096
2025-12-05,2.107,2.107,2.08,2.087
2025-12-08,2.084,2.119,2.081,2.084
2025-12-09,2.101,2.102,2.073,2.102
2025-12-10,2.105,2.108,2.087,2.102
2025-12-11,2.104,2.117,2.091,2.112
2025-12-12,2.118,2.122,2.091,2.113
2025-12-15,2.112,2.134,2.069,2.134
2025-12-16,2.134,2.134,2.105,2.123
2025-12-17,2.136,2.136,2.097,2.105
2025-12-18,2.101,2.13,2.084,2.13
2025-12-19,2.123,2.208,2.123,2.199
2025-12-22,2.2,2.216,2.196,2.202
2025-12-23,2.202,2.233,2.178,2.206
2025-12-29,2.235,2.235,2.166,2.193
2025-12-30,2.193,2.237,2.193,2.21
2026-01-02,2.232,2.289,2.209,2.288
2026-01-05,2.287,2.287,2.213,2.219
2026-01-07,2.255,2.29,2.236,2.29
2026-01-08,2.29,2.29,2.187,2.198
2026-01-09,2.199,2.204,2.162,2.182
2026-01-12,2.208,2.215,2.176,2.204
2026-01-13,2.212,2.212,2.148,2.174
2026-01-14,2.174,2.174,2.09,2.122
2026-01-15,2.122,2.141,2.092,2.113
2026-01-16,2.123,2.139,2.093,2.109
2026-01-19,2.102,2.11,2.078,2.095
2026-01-20,2.107,2.112,2.059,2.091
2026-01-21,2.09,2.09,2.052,2.061
2026-01-22,2.092,2.133,2.092,2.133
2026-01-23,2.136,2.136,2.084,2.087
2026-01-26,2.077,2.12,2.076,2.108
2026-01-27,2.104,2.181,2.092,2.147
2026-01-28,2.148,2.148,2.102,2.117
2026-01-29,2.127,2.142,2.09,2.09
2026-01-30,2.111,2.169,2.095,2.161
2026-02-02,2.161,2.196,2.143,2.196
2026-02-03,2.227,2.264,2.197,2.254
2026-02-04,2.254,2.254,2.217,2.238
2026-02-05,2.247,2.274,2.192,2.193
2026-02-06,2.186,2.229,2.186,2.215
2026-02-09,2.242,2.262,2.232,2.257
2026-02-10,2.257,2.277,2.227,2.227
2026-02-11,2.227,2.227,2.17,2.186
2026-02-12,2.172,2.226,2.172,2.212
2026-02-13,2.187,2.187,2.105,2.107
2026-02-16,2.155,2.155,2.127,2.128
2026-02-17,2.14,2.142,2.113,2.141
2026-02-18,2.142,2.186,2.142,2.178
2026-02-19,2.186,2.202,2.161,2.174
2026-02-20,2.181,2.191,2.16,2.19
2026-02-23,2.191,2.241,2.185,2.216
2026-02-24,2.247,2.247,2.145,2.167
2026-02-25,2.169,2.206,2.169,2.206
2026-02-26,2.197,2.223,2.17,2.186
2026-02-27,2.189,2.193,2.053,2.053
2026-03-02,2.014,2.014,1.967,1.985
2026-03-03,1.986,1.986,1.876,1.876
2026-03-04,1.887,1.949,1.887,1.939
2026-03-05,1.947,1.947,1.904,1.922
2026-03-06,1.925,1.925,1.849,1.861
2026-03-09,1.8,1.885,1.8,1.873
2026-03-10,1.914,1.973,1.914,1.935
2026-03-11,1.936,1.957,1.934,1.937
2026-03-12,1.937,1.937,1.907,1.928
2026-03-13,1.937,1.946,1.914,1.921
2026-03-16,1.927,2.046,1.927,2.039
2026-03-17,2.031,2.106,2.014,2.092
2026-03-18,2.096,2.143,2.091,2.091
2026-03-19,2.091,2.104,2.076,2.092
2026-03-20,2.092,2.121,2.052,2.069
2026-03-23,2.057,2.129,1.993,2.1
2026-03-24,2.125,2.125,2.068,2.082
2026-03-25,2.082,2.147,2.082,2.131
2026-03-26,2.09,2.15,2.09,2.132
2026-03-27,2.141,2.157,2.097,2.149
2026-03-30,2.155,2.155,2.117,2.117
2026-03-31,2.118,2.166,2.118,2.144
2026-04-01,2.175,2.288,2.175,2.282
2026-04-02,2.218,2.32,2.218,2.302
2026-04-07,2.304,2.373,2.267,2.28
2026-04-08,2.372,2.517,2.372,2.495
2026-04-09,2.463,2.499,2.453,2.453
2026-04-10,2.508,2.543,2.443,2.543
2026-04-13,2.495,2.523,2.495,2.502
2026-04-14,2.523,2.546,2.487,2.526
2026-04-15,2.526,2.539,2.501,2.537
2026-04-16,2.547,2.547,2.483,2.483
2026-04-17,2.483,2.553,2.453,2.552
2026-04-20,2.489,2.498,2.472,2.489
2026-04-21,2.502,2.502,2.402,2.416
2026-04-22,2.414,2.414,2.369,2.387
2026-04-23,2.388,2.388,2.319,2.339
2026-04-24,2.342,2.344,2.285,2.3
2026-04-27,2.289,2.294,2.255,2.266
2026-04-28,2.27,2.301,2.251,2.251
2026-04-29,2.283,2.304,2.241,2.255
2026-04-30,2.312,2.312,2.235,2.267
2026-05-04,2.268,2.315,2.149,2.149
2026-05-05,2.181,2.181,2.106,2.143
2026-05-06,2.164,2.299,2.164,2.276
2026-05-07,2.276,2.304,2.232,2.234
2026-05-08,2.282,2.282,2.176,2.187
2026-05-11,2.175,2.259,2.175,2.236
2026-05-12,2.26,2.26,2.199,2.227
2026-05-13,2.228,2.28,2.228,2.27
2026-05-14,2.285,2.406,2.285,2.381
2026-05-15,2.365,2.365,2.312,2.325
2026-05-18,2.318,2.383,2.312,2.342
2026-05-19,2.388,2.388,2.261,2.261
2026-05-20,2.286,2.324,2.233,2.297
2026-05-21,2.248,2.313,2.248,2.288
2026-05-22,2.283,2.321,2.268,2.304
2026-05-25,2.323,2.393,2.323,2.379
2026-05-26,2.379,2.39,2.339,2.347
2026-05-27,2.365,2.402,2.359,2.362
2026-05-28,2.362,2.371,2.324,2.371
2026-05-29,2.378,2.438,2.374,2.438
2026-06-01,2.438,2.463,2.384,2.396
2026-06-02,2.418,2.468,2.407,2.448
2026-06-03,2.447,2.459,2.43,2.448
2026-06-05,2.463,2.463,2.394,2.423
2026-06-08,2.392,2.468,2.392,2.468
2026-06-09,2.471,2.515,2.46,2.466
2026-06-10,2.457,2.476,2.431,2.459
2026-06-11,2.459,2.537,2.459,2.537
2026-06-12,2.534,2.709,2.534,2.695
2026-06-15,2.705,2.777,2.689,2.697
2026-06-16,2.697,2.802,2.697,2.776
2026-06-17,2.776,2.79,2.716,2.767
2026-06-18,2.792,2.792,2.718,2.734
2026-06-19,2.734,2.734,2.695,2.733
2026-06-22,2.753,2.758,2.653,2.687
2026-06-23,2.702,2.702,2.628,2.691
2026-06-24,2.702,2.702,2.625,2.648
2026-06-25,2.653,2.681,2.629,2.633
2026-06-26,2.648,2.648,2.587,2.615
2026-06-29,2.646,2.646,2.584,2.589
2026-06-30,2.601,2.616,2.541,2.599
2026-07-01,2.591,2.607,2.56,2.607
2026-07-02,2.62,2.647,2.612,2.647
2026-07-03,2.653,2.683,2.643,2.675
2026-07-06,2.676,2.731,2.676,2.706
2026-07-07,2.729,2.729,2.643,2.682
2026-07-08,2.682,2.716,2.635,2.675
2026-07-09,2.679,2.733,2.644,2.658
2026-07-10,2.657,2.752,2.657,2.725
2026-07-13,2.74,2.754,2.708,2.737
2026-07-14,2.737,2.757,2.664,2.757
2026-07-15,2.74,2.755,2.686,2.696
2026-07-16,2.704,2.707,2.653,2.653
2026-07-17,2.674,2.674,2.551,2.605
2026-07-20,2.601,2.655,2.597,2.631
2026-07-21,2.647,2.675,2.643,2.668
2026-07-22,2.668,2.668,2.591,2.591
2026-07-23,2.572,2.572,2.469,2.493
2026-07-24,2.494,2.536,2.471,2.484
2026-07-27,2.507,2.566,2.507,2.523
2026-07-28,2.534,2.563,2.488,2.509
2026-07-29,2.511,2.582,2.448,2.448
2026-07-30,2.449,2.476,2.435,2.468
2026-07-31,2.477,2.482,2.433,2.462
2026-08-03,2.462,2.495,2.452,2.495
2026-08-04,2.493,2.638,2.493,2.638
2026-08-05,2.641,2.646,2.555,2.585
2026-08-06,2.595,2.647,2.59,2.616
2026-08-07,2.616,2.616,2.577,2.577
2026-08-10,2.577,2.588,2.552,2.582
2026-08-11,2.569,2.616,2.569,2.577
2026-08-12,2.576,2.584,2.558,2.583
2026-08-13,2.583,2.586,2.54,2.56
2026-08-14,2.591,2.606,2.535,2.606
2026-08-17,2.605,2.605,2.571,2.586
2026-08-18,2.573,2.589,2.548,2.55
2026-08-19,2.546,2.589,2.511,2.559
2026-08-20,2.579,2.579,2.519,2.524
2026-08-21,2.521,2.565,2.521,2.524
2026-08-24,2.527,2.527,2.466,2.51
2026-08-25,2.503,2.519,2.49,2.496
2026-08-26,2.523,2.551,2.521,2.535
2026-08-27,2.546,2.546,2.45,2.463
2026-08-28,2.478,2.495,2.452,2.466
2026-08-31,2.46,2.507,2.453,2.483
2026-09-01,2.483,2.491,2.43,2.451
2026-09-02,2.451,2.562,2.451,2.558
2026-09-03,2.565,2.576,2.514,2.555
2026-09-04,2.548,2.585,2.548,2.565
2026-09-07,2.565,2.588,2.556,2.57
2026-09-08,2.577,2.597,2.521,2.597
2026-09-09,2.597,2.612,2.555,2.602
2026-09-10,2.602,2.668,2.602,2.627
2026-09-11,2.666,2.698,2.653,2.666
2026-09-14,2.647,2.684,2.647,2.658
2026-09-15,2.658,2.658,2.555,2.634
2026-09-16,2.641,2.641,2.58,2.588
