Data,Otwarcie,Najwyzszy,Najnizszy,Zamkniecie
2007-08-13,2.8461,2.8461,2.8461,2.8461
2007-08-14,2.78877,2.78877,2.78877,2.78877
2007-08-16,2.59943,2.59943,2.59943,2.59943
2007-08-17,2.6969,2.6969,2.6969,2.6969
2007-08-20,2.70269,2.70269,2.70269,2.70269
2007-08-21,2.63951,2.63951,2.63951,2.63951
2007-08-22,2.81742,2.81742,2.81742,2.81742
2007-08-23,2.81742,2.81742,2.81742,2.81742
2007-08-24,2.84033,2.84033,2.84033,2.84033
2007-08-27,2.8461,2.8461,2.8461,2.8461
2007-08-28,2.84033,2.84033,2.84033,2.84033
2007-08-29,2.89187,2.89187,2.89187,2.89187
2007-08-30,2.81181,2.81181,2.81181,2.81181
2007-08-31,2.92062,2.92062,2.92062,2.92062
2007-09-03,2.88047,2.88047,2.88047,2.88047
2007-09-04,2.90914,2.90914,2.90914,2.90914
2007-09-05,2.84033,2.84033,2.84033,2.84033
2007-09-06,2.80032,2.80032,2.80032,2.80032
2007-09-07,2.75423,2.75423,2.75423,2.75423
2007-09-10,2.69128,2.69128,2.69128,2.69128
2007-09-11,2.72559,2.72559,2.72559,2.72559
2007-09-12,2.82321,2.82321,2.82321,2.82321
2007-09-13,2.87476,2.87476,2.87476,2.87476
2007-09-14,2.84033,2.84033,2.84033,2.84033
2007-09-17,2.89187,2.89187,2.89187,2.89187
2007-09-18,2.90914,2.90914,2.90914,2.90914
2007-09-19,3.05262,3.05262,3.05262,3.05262
2007-09-20,3.05832,3.05832,3.05832,3.05832
2007-09-21,3.00684,3.00684,3.00684,3.00684
2007-09-24,2.9781,2.9781,2.9781,2.9781
2007-09-25,2.92062,2.92062,2.92062,2.92062
2007-09-26,2.94936,2.94936,2.94936,2.94936
2007-09-27,2.96084,2.96084,2.96084,2.96084
2007-09-28,2.98379,2.98379,2.98379,2.98379
2007-10-01,2.9781,2.9781,2.9781,2.9781
2007-10-02,3.04114,3.04114,3.04114,3.04114
2007-10-03,3.01825,3.01825,3.01825,3.01825
2007-10-04,2.9781,2.9781,2.9781,2.9781
2007-10-05,2.9781,2.9781,2.9781,2.9781
2007-10-08,2.9781,2.9781,2.9781,2.9781
2007-10-09,3.01825,3.01825,3.01825,3.01825
2007-10-10,3.0355,3.0355,3.0355,3.0355
2007-10-11,3.05262,3.05262,3.05262,3.05262
2007-10-12,3.02395,3.02395,3.02395,3.02395
2007-10-15,3.02966,3.02966,3.02966,3.02966
2007-10-16,2.93209,2.93209,2.93209,2.93209
2007-10-17,2.9781,2.9781,2.9781,2.9781
2007-10-18,2.89765,2.89765,2.89765,2.89765
2007-10-19,2.95514,2.95514,2.95514,2.95514
2007-10-22,2.96663,2.96663,2.96663,2.96663
2007-10-23,3.05262,3.05262,3.05262,3.05262
2007-10-24,3.00107,3.00107,3.00107,3.00107
2007-10-25,3.0355,3.0355,3.0355,3.0355
2007-10-26,3.00684,3.00684,3.00684,3.00684
2007-10-29,3.02966,3.02966,3.02966,3.02966
2007-10-30,3.04114,3.04114,3.04114,3.04114
2007-10-31,3.00107,3.00107,3.00107,3.00107
2007-11-02,2.94936,2.94936,2.94936,2.94936
2007-11-05,2.95514,2.95514,2.95514,2.95514
2007-11-06,2.9781,2.9781,2.9781,2.9781
2007-11-07,2.91483,2.91483,2.91483,2.91483
2007-11-08,2.8518,2.8518,2.8518,2.8518
2007-11-09,2.93788,2.93788,2.81181,2.89765
2007-11-12,2.84033,2.89765,2.82891,2.82891
2007-11-13,2.82891,2.93209,2.82891,2.90914
2007-11-14,2.93788,2.93788,2.81181,2.81181
2007-11-15,2.82321,2.86914,2.76572,2.81181
2007-11-16,2.80595,2.81181,2.76003,2.78298
2007-11-19,2.80032,2.81742,2.77151,2.78877
2007-11-20,2.77721,2.82321,2.75423,2.82321
2007-11-21,2.77151,2.81181,2.77151,2.77721
2007-11-22,2.78877,2.82321,2.76003,2.81181
2007-11-23,2.81181,2.81742,2.79446,2.80032
2007-11-26,2.81181,2.81181,2.76003,2.78298
2007-11-27,2.75423,2.75423,2.70839,2.71987
2007-11-28,2.7141,2.76572,2.59365,2.59365
2007-11-29,2.6224,2.6224,2.5821,2.59365
2007-11-30,2.60513,2.63387,2.53625,2.53625
2007-12-03,2.59943,2.59943,2.53055,2.5821
2007-12-04,2.57061,2.59943,2.5535,2.59943
2007-12-05,2.61092,2.70269,2.61092,2.67395
2007-12-06,2.66825,2.74284,2.66825,2.66825
2007-12-07,2.71987,2.76572,2.6969,2.73135
2007-12-10,2.73135,2.80595,2.73135,2.76003
2007-12-11,2.76572,2.77721,2.75423,2.77151
2007-12-12,2.73135,2.78298,2.71987,2.77721
2007-12-13,2.73135,2.74284,2.66825,2.6969
2007-12-14,2.6969,2.6969,2.61654,2.63387
2007-12-17,2.60513,2.60513,2.53625,2.53625
2007-12-18,2.57061,2.6224,2.52484,2.5535
2007-12-19,2.57061,2.59943,2.5535,2.5535
2007-12-20,2.5535,2.59365,2.5535,2.59365
2007-12-21,2.62803,2.69128,2.61654,2.64535
2007-12-27,2.65677,2.73135,2.65677,2.73135
2007-12-28,2.68542,2.70839,2.63387,2.66246
2008-01-02,2.63951,2.66825,2.57647,2.57647
2008-01-03,2.5821,2.5821,2.53625,2.5535
2008-01-04,2.55914,2.56499,2.49032,2.52484
2008-01-07,2.51328,2.51328,2.45018,2.46165
2008-01-08,2.47892,2.48454,2.46165,2.47892
2008-01-09,2.44447,2.44447,2.37556,2.43299
2008-01-10,2.39267,2.39855,2.35261,2.37556
2008-01-11,2.32973,2.40416,2.32973,2.34121
2008-01-14,2.30669,2.30669,2.30669,2.30669
2008-01-15,2.26076,2.33543,2.26076,2.26076
2008-01-16,2.12876,2.28379,2.12876,2.18047
2008-01-17,2.23209,2.24356,2.13454,2.24356
2008-01-18,2.20343,2.30099,2.20343,2.30099
2008-01-21,2.26076,2.27231,2.08297,2.08297
2008-01-22,1.97957,2.20343,1.97957,2.14025
2008-01-23,2.18624,2.20343,2.10587,2.14025
2008-01-24,2.21483,2.26654,2.20343,2.26076
2008-01-25,2.27801,2.30669,2.25505,2.30099
2008-01-28,2.24927,2.2895,2.24927,2.26654
2008-01-29,2.27801,2.35839,2.27801,2.35839
2008-01-30,2.35261,2.35261,2.30669,2.32973
2008-01-31,2.30099,2.30099,2.23772,2.26076
2008-02-01,2.27801,2.2952,2.26654,2.28379
2008-02-04,2.30669,2.32394,2.26076,2.27801
2008-02-05,2.26076,2.27801,2.16899,2.18624
2008-02-06,2.1575,2.1575,2.11727,2.14601
2008-02-07,2.12876,2.13454,2.06572,2.12305
2008-02-08,2.12876,2.12876,2.08297,2.12876
2008-02-11,2.13454,2.20921,2.13454,2.18047
2008-02-12,2.21483,2.27231,2.20343,2.24927
2008-02-13,2.23772,2.26654,2.22061,2.24927
2008-02-14,2.32973,2.32973,2.2895,2.31824
2008-02-15,2.31824,2.31824,2.23772,2.27801
2008-02-18,2.27231,2.3698,2.27231,2.35261
2008-02-19,2.33543,2.38705,2.31824,2.3698
2008-02-20,2.32973,2.37556,2.2895,2.37556
2008-02-21,2.37556,2.37556,2.30669,2.31247
2008-02-22,2.2952,2.2952,2.08862,2.08862
2008-02-25,2.11727,2.11727,2.03705,2.05432
2008-02-26,2.06572,2.09438,2.01979,2.01979
2008-02-27,2.02558,2.03127,1.98535,2.01409
2008-02-28,2.02558,2.02558,1.99105,2.02558
2008-02-29,2.02558,2.04853,1.97379,1.97379
2008-03-03,1.93942,1.96232,1.91653,1.95083
2008-03-04,1.95083,1.95661,1.93364,1.93942
2008-03-05,1.93942,2.02558,1.93942,2.02558
2008-03-06,1.97379,2.02558,1.97379,1.98535
2008-03-07,1.94513,1.94513,1.92223,1.93942
2008-03-10,1.93942,1.99684,1.93942,1.98535
2008-03-11,1.98535,2.07143,1.98535,2.05432
2008-03-12,2.05432,2.05432,2.01409,2.04853
2008-03-13,2.00831,2.04853,1.94513,1.94513
2008-03-14,1.95083,1.97957,1.93364,1.93364
2008-03-17,1.91076,1.91076,1.83038,1.84186
2008-03-18,1.84771,1.97379,1.84771,1.97379
2008-03-19,1.96809,2.00254,1.92794,2.00254
2008-03-20,1.95661,2.01979,1.95661,1.95661
2008-03-25,2.01979,2.06572,2.01979,2.06572
2008-03-26,2.03127,2.08297,2.03127,2.07143
2008-03-27,2.09438,2.14601,2.07143,2.12305
2008-03-28,2.07143,2.11727,2.07143,2.11727
2008-03-31,2.11727,2.11727,2.11727,2.11727
2008-04-01,2.07143,2.19202,2.07143,2.18624
2008-04-02,2.21483,2.22061,2.15179,2.17475
2008-04-03,2.1575,2.19202,2.1115,2.1115
2008-04-04,2.1115,2.1575,2.10009,2.14601
2008-04-07,2.15179,2.20343,2.15179,2.19202
2008-04-08,2.18047,2.18047,2.12876,2.13454
2008-04-09,2.11727,2.18047,2.11727,2.18047
2008-04-10,2.14601,2.18047,2.11727,2.12305
2008-04-11,2.1575,2.16899,2.07143,2.07143
2008-04-14,2.07143,2.10009,2.02558,2.06572
2008-04-15,2.07143,2.09438,2.06572,2.09438
2008-04-16,2.07721,2.12305,2.07721,2.11727
2008-04-17,2.11727,2.12305,2.08862,2.08862
2008-04-18,2.07721,2.15179,2.07721,2.15179
2008-04-21,2.1115,2.16899,2.1115,2.12876
2008-04-22,2.11727,2.12305,2.07143,2.10587
2008-04-23,2.10587,2.10587,2.05432,2.07143
2008-04-24,2.07143,2.14025,2.07143,2.14025
2008-04-25,2.14025,2.16899,2.12876,2.16899
2008-04-28,2.16327,2.19202,2.16327,2.18624
2008-04-29,2.17475,2.17475,2.12876,2.14025
2008-04-30,2.12305,2.16899,2.10587,2.16899
2008-05-05,2.19202,2.22061,2.19202,2.22061
2008-05-06,2.22624,2.22624,2.20343,2.22624
2008-05-07,2.24356,2.30669,2.24356,2.2895
2008-05-08,2.28379,2.28379,2.26076,2.26076
2008-05-09,2.26076,2.27231,2.10587,2.10587
2008-05-12,2.10587,2.13454,2.10009,2.1115
2008-05-13,2.11727,2.12876,2.11727,2.12876
2008-05-14,2.13454,2.18047,2.13454,2.18047
2008-05-15,2.15179,2.19202,2.15179,2.1575
2008-05-16,2.17475,2.18047,2.1575,2.16327
2008-05-19,2.14025,2.15179,2.11727,2.12305
2008-05-20,2.11727,2.13454,2.1115,2.1115
2008-05-21,2.10587,2.16327,2.10587,2.16327
2008-05-23,2.12305,2.16327,2.12305,2.15179
2008-05-26,2.14025,2.15179,2.14025,2.14025
2008-05-27,2.14601,2.16899,2.14025,2.14025
2008-05-28,2.14601,2.22624,2.14601,2.22624
2008-05-29,2.22624,2.25505,2.19202,2.20343
2008-05-30,2.20921,2.21483,2.19773,2.20343
2008-06-02,2.20343,2.23209,2.20343,2.22624
2008-06-03,2.19773,2.21483,2.19773,2.21483
2008-06-04,2.20921,2.20921,2.12305,2.12305
2008-06-05,2.1575,2.16327,2.12305,2.12876
2008-06-06,2.16327,2.16899,2.10009,2.10009
2008-06-09,2.07721,2.10009,2.04275,2.04853
2008-06-10,2.03127,2.04853,2.00254,2.01979
2008-06-11,2.03705,2.04275,1.96809,1.96809
2008-06-12,1.96809,2.00831,1.96809,2.00831
2008-06-13,1.99684,2.00254,1.96232,2.00254
2008-06-16,2.01409,2.03705,2.01409,2.01979
2008-06-17,2.05432,2.1115,2.01979,2.10009
2008-06-18,2.10009,2.10009,2.06572,2.07721
2008-06-19,2.01979,2.12305,2.01979,2.11727
2008-06-20,2.10009,2.12305,2.03127,2.03127
2008-06-23,2.03705,2.07721,1.96809,1.96809
2008-06-24,2.00831,2.01409,1.95083,1.98535
2008-06-25,2.00831,2.00831,1.95083,2.00254
2008-06-26,2.00254,2.00831,1.95661,1.98535
2008-06-27,1.93942,1.99105,1.93942,1.96232
2008-06-30,2.03127,2.03127,1.96809,2.00254
2008-07-01,1.98535,1.99684,1.95083,1.98535
2008-07-02,1.96809,1.97957,1.92794,1.93364
2008-07-03,1.92223,1.93942,1.87631,1.89928
2008-07-04,1.89928,1.89928,1.8706,1.8706
2008-07-07,1.87631,1.95661,1.87631,1.93942
2008-07-08,1.90498,2.01979,1.90498,2.01979
2008-07-09,2.00831,2.04275,2.00831,2.04275
2008-07-10,1.98535,2.03127,1.98535,1.98535
2008-07-11,2.00831,2.00831,1.93364,1.94513
2008-07-14,1.97957,1.99684,1.96232,1.96232
2008-07-15,1.93364,1.95661,1.89928,1.90498
2008-07-16,1.92223,1.92223,1.88209,1.88788
2008-07-17,1.92794,1.96232,1.90498,1.96232
2008-07-18,1.97379,2.01409,1.96809,1.99684
2008-07-21,1.96809,2.04275,1.96809,2.04275
2008-07-22,2.01409,2.01979,1.99105,2.01979
2008-07-23,2.03127,2.09438,2.01979,2.09438
2008-07-24,2.08297,2.1575,2.08297,2.13454
2008-07-25,2.10009,2.18624,2.10009,2.18047
2008-07-28,2.15179,2.18624,2.15179,2.1575
2008-07-29,2.11727,2.18624,2.11727,2.18624
2008-07-30,2.18624,2.27801,2.18624,2.27801
2008-07-31,2.25505,2.2952,2.22624,2.2952
2008-08-01,2.25505,2.27801,2.20343,2.27231
2008-08-04,2.24927,2.24927,2.19202,2.19202
2008-08-05,2.18624,2.24927,2.18624,2.24356
2008-08-06,2.27801,2.27801,2.20343,2.21483
2008-08-07,2.21483,2.25505,2.18047,2.18047
2008-08-08,2.18047,2.18047,2.1115,2.14601
2008-08-11,2.18624,2.18624,2.15179,2.16327
2008-08-12,2.1575,2.22624,2.1575,2.20343
2008-08-13,2.20343,2.20343,2.13454,2.16899
2008-08-14,2.18047,2.21483,2.1575,2.18624
2008-08-18,2.19202,2.24927,2.19202,2.23772
2008-08-19,2.20343,2.24927,2.20343,2.22624
2008-08-20,2.21483,2.24356,2.19202,2.21483
2008-08-21,2.18624,2.18624,2.1575,2.1575
2008-08-22,2.19773,2.20343,2.16327,2.20343
2008-08-25,2.19202,2.22624,2.19202,2.22061
2008-08-26,2.18047,2.19202,2.16899,2.18047
2008-08-27,2.18047,2.18624,2.11727,2.12876
2008-08-28,2.12876,2.20921,2.12876,2.20921
2008-08-29,2.20921,2.26076,2.20921,2.22624
2008-09-01,2.18047,2.21483,2.18047,2.19773
2008-09-02,2.19202,2.2895,2.19202,2.27801
2008-09-03,2.23772,2.27801,2.22624,2.22624
2008-09-04,2.23772,2.23772,2.16327,2.16327
2008-09-05,2.13454,2.13454,2.05432,2.08862
2008-09-08,2.15179,2.19202,2.15179,2.16899
2008-09-09,2.16899,2.18624,2.11727,2.12305
2008-09-10,2.12305,2.12305,2.07143,2.08297
2008-09-11,2.06572,2.08297,2.04275,2.04275
2008-09-12,2.07721,2.07721,2.03705,2.03705
2008-09-15,2.00831,2.00831,1.94513,1.95661
2008-09-16,1.93942,1.95083,1.8706,1.88788
2008-09-17,1.91076,1.93942,1.8706,1.92223
2008-09-18,1.86483,1.95083,1.86483,1.91076
2008-09-19,1.99684,2.06572,1.91076,2.03705
2008-09-22,2.05432,2.08862,2.03127,2.08862
2008-09-23,2.03127,2.03127,1.97957,1.97957
2008-09-24,1.98535,1.98535,1.96232,1.96232
2008-09-25,1.96232,2.04275,1.96232,2.04275
2008-09-26,1.99684,2.04853,1.99684,2.03705
2008-09-30,1.8189,1.99105,1.8189,1.97379
2008-10-01,1.98535,2.05432,1.97379,1.97379
2008-10-02,2.01979,2.02558,1.96232,1.99684
2008-10-03,1.96232,2.03127,1.96232,2.01979
2008-10-06,1.93364,1.94513,1.86483,1.86483
2008-10-07,1.91076,1.91076,1.79594,1.79594
2008-10-08,1.69276,1.8189,1.66408,1.73854
2008-10-09,1.7443,1.77298,1.70416,1.70416
2008-10-10,1.54927,1.6066,1.42868,1.58942
2008-10-13,1.66986,1.66986,1.53216,1.59512
2008-10-14,1.70416,1.70416,1.61246,1.62394
2008-10-15,1.61246,1.61246,1.45163,1.49193
2008-10-16,1.38282,1.45163,1.38282,1.40572
2008-10-17,1.46312,1.46312,1.24513,1.29675
2008-10-20,1.34275,1.35423,1.27386,1.27386
2008-10-21,1.29675,1.34854,1.27957,1.29675
2008-10-22,1.27386,1.29675,1.21075,1.21075
2008-10-23,1.19343,1.21075,1.10171,1.19343
2008-10-24,1.11898,1.13616,1.07304,1.12467
2008-10-27,1.07304,1.12467,1.04438,1.11898
2008-10-28,1.17631,1.21075,1.15912,1.21075
2008-10-29,1.30253,1.35993,1.28526,1.34275
2008-10-30,1.40572,1.40572,1.35993,1.3943
2008-10-31,1.37142,1.42868,1.35993,1.40572
2008-11-03,1.40572,1.45163,1.40009,1.42297
2008-11-04,1.42868,1.53216,1.42868,1.53216
2008-11-05,1.52062,1.53216,1.4746,1.49193
2008-11-06,1.42297,1.49193,1.38867,1.40572
2008-11-07,1.41149,1.42868,1.37142,1.40009
2008-11-10,1.42868,1.45163,1.42868,1.44016
2008-11-12,1.38867,1.38867,1.26809,1.26809
2008-11-13,1.17631,1.25082,1.17631,1.23364
2008-11-14,1.27957,1.28526,1.26238,1.27386
2008-11-17,1.26809,1.26809,1.21638,1.24513
2008-11-18,1.23364,1.23364,1.19343,1.19919
2008-11-19,1.22223,1.23934,1.1878,1.23934
2008-11-20,1.17631,1.19343,1.1706,1.18208
2008-11-21,1.21075,1.22787,1.17631,1.2049
2008-11-24,1.22787,1.32549,1.22223,1.32549
2008-11-25,1.3198,1.36572,1.314,1.36572
2008-11-26,1.33697,1.40009,1.33128,1.35993
2008-11-27,1.38282,1.40009,1.37713,1.38867
2008-11-28,1.37713,1.40009,1.33128,1.35423
2008-12-01,1.33697,1.35423,1.30823,1.30823
2008-12-02,1.26809,1.36572,1.26809,1.33697
2008-12-03,1.34275,1.34275,1.30823,1.314
2008-12-04,1.32549,1.40009,1.32549,1.3943
2008-12-05,1.37142,1.40009,1.35423,1.36572
2008-12-08,1.42297,1.48046,1.42297,1.4746
2008-12-09,1.46898,1.52062,1.46898,1.52062
2008-12-10,1.53216,1.55505,1.49764,1.52638
2008-12-11,1.52062,1.53216,1.50913,1.53216
2008-12-12,1.48046,1.48046,1.45749,1.46898
2008-12-15,1.49764,1.52638,1.46312,1.52638
2008-12-16,1.52638,1.6009,1.52062,1.6009
2008-12-17,1.6066,1.6066,1.49764,1.49764
2008-12-18,1.48046,1.52638,1.48046,1.49764
2008-12-19,1.46898,1.50342,1.46898,1.48046
2008-12-22,1.49764,1.49764,1.45163,1.45749
2008-12-23,1.45749,1.45749,1.44601,1.45163
2008-12-29,1.45749,1.49193,1.45749,1.48046
2008-12-30,1.48046,1.52062,1.48046,1.49764
2008-12-31,1.49764,1.50913,1.49193,1.49764
2009-01-05,1.56067,1.56067,1.49764,1.54357
2009-01-06,1.54357,1.57794,1.54357,1.57794
2009-01-07,1.57794,1.57794,1.54927,1.56067
2009-01-08,1.52062,1.56067,1.50913,1.51497
2009-01-09,1.52638,1.52638,1.44601,1.45163
2009-01-12,1.45749,1.45749,1.3943,1.3943
2009-01-13,1.38282,1.38282,1.32549,1.35423
2009-01-14,1.37142,1.37142,1.26809,1.26809
2009-01-15,1.26809,1.30253,1.23364,1.24513
2009-01-16,1.30823,1.30823,1.27957,1.29105
2009-01-19,1.314,1.314,1.24513,1.25082
2009-01-20,1.23934,1.23934,1.21075,1.21638
2009-01-21,1.18208,1.26809,1.15912,1.26809
2009-01-22,1.29105,1.29675,1.21075,1.25661
2009-01-23,1.23934,1.23934,1.18208,1.19919
2009-01-26,1.1878,1.26238,1.1878,1.26238
2009-01-27,1.26238,1.26238,1.2049,1.2049
2009-01-28,1.23364,1.26238,1.2049,1.24513
2009-01-29,1.25082,1.25082,1.21075,1.22223
2009-01-30,1.2049,1.22223,1.1706,1.17631
2009-02-02,1.17631,1.17631,1.1075,1.11319
2009-02-03,1.11898,1.11898,1.03283,1.03283
2009-02-04,1.04438,1.04438,0.998517,1.03283
2009-02-05,1.01563,1.07304,1.01563,1.0386
2009-02-06,1.07304,1.10171,1.06734,1.07876
2009-02-09,1.09602,1.14194,1.07304,1.14194
2009-02-10,1.12467,1.14763,1.12467,1.13046
2009-02-11,1.09023,1.12467,1.09023,1.10171
2009-02-12,1.1075,1.1075,1.04438,1.05586
2009-02-13,1.06156,1.07304,1.05008,1.06156
2009-02-16,1.05008,1.05008,0.975562,0.975562
2009-02-17,0.958299,0.958299,0.866456,0.866456
2009-02-18,0.889414,0.889414,0.803416,0.837783
2009-02-19,0.872157,0.918075,0.872157,0.889414
2009-02-20,0.85497,0.872157,0.826307,0.843492
2009-02-23,0.889414,0.889414,0.814898,0.814898
2009-02-24,0.803416,0.803416,0.78608,0.797562
2009-02-25,0.843492,0.843492,0.797562,0.797562
2009-02-26,0.791935,0.832007,0.791935,0.832007
2009-02-27,0.809119,0.85497,0.780453,0.780453
2009-03-02,0.768895,0.780453,0.763116,0.768895
2009-03-03,0.774598,0.791935,0.774598,0.78608
2009-03-04,0.797562,0.843492,0.791935,0.837783
2009-03-05,0.849268,0.849268,0.820597,0.820597
2009-03-06,0.809119,0.85497,0.809119,0.849268
2009-03-09,0.860755,0.860755,0.837783,0.837783
2009-03-10,0.837783,0.883631,0.837783,0.877933
2009-03-11,0.889414,0.906597,0.883631,0.883631
2009-03-12,0.877933,0.900893,0.860755,0.900893
2009-03-13,0.929563,0.929563,0.906597,0.906597
2009-03-16,0.918075,0.929563,0.918075,0.929563
2009-03-17,0.918075,0.918075,0.895119,0.900893
2009-03-18,0.900893,0.900893,0.866456,0.872157
2009-03-19,0.883631,0.900893,0.877933,0.895119
2009-03-20,0.889414,0.91231,0.883631,0.91231
2009-03-23,0.92378,0.952532,0.92378,0.952532
2009-03-24,0.981263,0.981263,0.94105,0.946821
2009-03-25,0.94105,0.99275,0.94105,0.99275
2009-03-26,0.987049,0.99275,0.975562,0.975562
2009-03-27,0.975562,0.975562,0.929563,0.929563
2009-03-30,0.91231,0.91231,0.860755,0.860755
2009-03-31,0.872157,0.883631,0.866456,0.866456
2009-04-01,0.877933,0.877933,0.849268,0.866456
2009-04-02,0.889414,0.935266,0.866456,0.935266
2009-04-03,0.929563,0.987049,0.929563,0.94105
2009-04-06,0.952532,0.99275,0.952532,0.981263
2009-04-07,0.969786,0.99275,0.969786,0.981263
2009-04-08,0.964009,1.05008,0.964009,1.05008
2009-04-09,1.06734,1.07876,1.02134,1.07304
2009-04-14,1.05008,1.1075,1.05008,1.09602
2009-04-15,1.09023,1.1075,1.09023,1.1075
2009-04-16,1.1075,1.11319,1.09023,1.11319
2009-04-17,1.1075,1.1075,1.05008,1.05008
2009-04-20,1.05586,1.05586,0.99275,0.99275
2009-04-21,0.99275,1.02134,0.99275,0.99275
2009-04-22,0.998517,1.0386,0.998517,1.01563
2009-04-23,1.02712,1.03283,1.01563,1.02134
2009-04-24,1.02134,1.04438,1.02134,1.0386
2009-04-27,1.02134,1.0386,1.02134,1.0386
2009-04-28,1.01563,1.02712,1.01563,1.02134
2009-04-29,1.03283,1.06734,1.03283,1.06734
2009-04-30,1.07876,1.11319,1.07876,1.10171
2009-05-04,1.12467,1.15912,1.12467,1.15912
2009-05-05,1.14763,1.18208,1.14194,1.16483
2009-05-06,1.14763,1.18208,1.14763,1.15912
2009-05-07,1.18208,1.18208,1.15912,1.16483
2009-05-08,1.16483,1.16483,1.13616,1.14763
2009-05-11,1.14763,1.15334,1.13616,1.14194
2009-05-12,1.15334,1.1878,1.15334,1.1706
2009-05-13,1.1706,1.1706,1.14194,1.14763
2009-05-14,1.10171,1.14763,1.10171,1.11319
2009-05-15,1.11898,1.11898,1.05586,1.05586
2009-05-18,1.05586,1.06734,1.04438,1.06734
2009-05-19,1.09602,1.09602,1.07304,1.07876
2009-05-20,1.07876,1.1075,1.06734,1.06734
2009-05-21,1.0386,1.07304,1.0386,1.04438
2009-05-22,1.04438,1.05008,1.02134,1.03283
2009-05-25,1.04438,1.04438,1.01563,1.02712
2009-05-26,1.02134,1.03283,1.01563,1.03283
2009-05-27,1.0386,1.05586,1.03283,1.03283
2009-05-28,1.0386,1.0386,1.00986,1.00986
2009-05-29,1.01783,1.02369,0.976479,0.988269
2009-06-01,1.00424,1.06156,0.987049,1.06156
2009-06-02,1.05586,1.08453,1.05586,1.06156
2009-06-03,1.08453,1.08453,1.03283,1.03283
2009-06-04,1.0386,1.06156,1.03283,1.05586
2009-06-05,1.07304,1.08453,1.05586,1.05586
2009-06-08,0.998517,1.02134,0.99275,0.998517
2009-06-09,0.99275,0.99275,0.952532,0.969786
2009-06-10,0.981263,1.00986,0.981263,1.00986
2009-06-12,1.01563,1.0386,1.00986,1.03283
2009-06-15,1.03283,1.04438,1.02134,1.04438
2009-06-16,1.03283,1.05586,1.02712,1.04438
2009-06-17,1.0386,1.05008,1.02712,1.02712
2009-06-18,1.02712,1.03283,1.01563,1.02712
2009-06-19,1.00986,1.05586,1.00986,1.05008
2009-06-22,1.0386,1.0386,1.01563,1.01563
2009-06-23,0.998517,1.02712,0.998517,1.01563
2009-06-24,1.01563,1.02134,0.998517,1.00424
2009-06-25,1.00986,1.01563,0.987049,0.987049
2009-06-26,1.00424,1.00424,0.987049,0.998517
2009-06-29,0.987049,1.0386,0.987049,1.0386
2009-06-30,1.05008,1.07304,1.00424,1.00424
2009-07-01,1.00424,1.03283,1.00424,1.03283
2009-07-02,1.03283,1.04438,1.00986,1.00986
2009-07-03,1.00986,1.01563,0.99275,0.99275
2009-07-06,0.987049,0.998517,0.981263,0.99275
2009-07-07,0.998517,1.00424,0.987049,0.987049
2009-07-08,0.969786,0.99275,0.969786,0.99275
2009-07-09,0.998517,1.00424,0.99275,0.998517
2009-07-10,0.998517,0.998517,0.99275,0.998517
2009-07-13,0.987049,0.998517,0.987049,0.99275
2009-07-14,1.00424,1.07304,1.00424,1.07304
2009-07-15,1.07876,1.10171,1.05586,1.10171
2009-07-16,1.09023,1.11898,1.09023,1.11898
2009-07-17,1.1075,1.13046,1.1075,1.13046
2009-07-20,1.13046,1.19919,1.13046,1.19343
2009-07-21,1.19343,1.21638,1.1878,1.21638
2009-07-22,1.19919,1.19919,1.16483,1.17631
2009-07-23,1.18208,1.1878,1.17631,1.1878
2009-07-24,1.2049,1.25661,1.2049,1.24513
2009-07-27,1.25661,1.29675,1.25661,1.26238
2009-07-28,1.27386,1.27386,1.2049,1.2049
2009-07-29,1.2049,1.23364,1.19343,1.21075
2009-07-30,1.23364,1.30253,1.21075,1.30253
2009-07-31,1.30253,1.34854,1.30253,1.314
2009-08-03,1.314,1.34854,1.30823,1.314
2009-08-04,1.30253,1.314,1.28526,1.28526
2009-08-05,1.27957,1.30823,1.24513,1.24513
2009-08-06,1.26238,1.29105,1.23934,1.26238
2009-08-07,1.2604,1.30184,1.24268,1.30184
2009-08-10,1.30184,1.30784,1.27235,1.30784
2009-08-11,1.29105,1.30823,1.24513,1.24513
2009-08-12,1.23364,1.24513,1.2049,1.22223
2009-08-13,1.28526,1.29105,1.24513,1.27957
2009-08-14,1.28526,1.3198,1.25661,1.27386
2009-08-17,1.23934,1.23934,1.21075,1.21075
2009-08-18,1.22223,1.23364,1.2049,1.23364
2009-08-19,1.22223,1.25661,1.21075,1.25661
2009-08-20,1.26809,1.29675,1.26238,1.29675
2009-08-21,1.29105,1.38282,1.29105,1.38282
2009-08-24,1.38282,1.42297,1.38282,1.42297
2009-08-25,1.3943,1.43445,1.3943,1.42297
2009-08-26,1.4143,1.42031,1.38466,1.38466
2009-08-27,1.40572,1.46312,1.3943,1.40009
2009-08-28,1.43445,1.45749,1.40009,1.42297
2009-08-31,1.4143,1.43796,1.4143,1.4143
2009-09-01,1.42617,1.43202,1.39659,1.42617
2009-09-02,1.40245,1.42617,1.33158,1.33158
2009-09-03,1.35423,1.35423,1.29675,1.29675
2009-09-04,1.30823,1.3198,1.28526,1.29105
2009-09-07,1.30823,1.314,1.29675,1.30253
2009-09-08,1.314,1.3198,1.29105,1.29675
2009-09-09,1.29105,1.314,1.28526,1.30253
2009-09-10,1.33158,1.33158,1.2604,1.2604
2009-09-11,1.2782,1.28413,1.24268,1.24268
2009-09-14,1.2309,1.2309,1.20124,1.22496
2009-09-15,1.23683,1.23683,1.21912,1.2309
2009-09-16,1.24268,1.2604,1.24268,1.2604
2009-09-17,1.29006,1.29006,1.2604,1.29006
2009-09-18,1.30184,1.30784,1.29006,1.29592
2009-09-21,1.3137,1.34328,1.29592,1.31963
2009-09-22,1.33744,1.42031,1.33744,1.39659
2009-09-23,1.4143,1.44981,1.4143,1.43796
2009-09-24,1.43796,1.48532,1.43796,1.44389
2009-09-25,1.43202,1.44389,1.42617,1.43202
2009-09-28,1.43796,1.43796,1.42031,1.42031
2009-09-29,1.42617,1.43796,1.37287,1.37287
2009-09-30,1.38466,1.42617,1.37879,1.38466
2009-10-01,1.42031,1.44389,1.37879,1.37879
2009-10-02,1.29592,1.3137,1.29592,1.30784
2009-10-05,1.30184,1.30784,1.28413,1.29592
2009-10-06,1.29592,1.36108,1.29592,1.34922
2009-10-07,1.34328,1.34328,1.30784,1.30784
2009-10-08,1.31963,1.31963,1.30184,1.31963
2009-10-09,1.31963,1.33744,1.3137,1.31963
2009-10-12,1.31963,1.33158,1.3137,1.32557
2009-10-13,1.32557,1.32557,1.30784,1.31963
2009-10-14,1.31963,1.37287,1.31963,1.37287
2009-10-15,1.37287,1.38466,1.34922,1.36108
2009-10-16,1.35515,1.37879,1.35515,1.37287
2009-10-19,1.37287,1.43796,1.37287,1.43796
2009-10-20,1.44981,1.4616,1.44389,1.44389
2009-10-21,1.44389,1.45582,1.40846,1.44981
2009-10-22,1.44389,1.47346,1.44389,1.46761
2009-10-23,1.48532,1.48532,1.47939,1.48532
2009-10-26,1.47346,1.48532,1.44981,1.44981
2009-10-27,1.43796,1.43796,1.4143,1.42617
2009-10-28,1.42031,1.42031,1.39659,1.40245
2009-10-29,1.38466,1.45582,1.36108,1.45582
2009-10-30,1.45582,1.49719,1.43202,1.43202
2009-11-02,1.43202,1.44981,1.43202,1.44389
2009-11-03,1.43796,1.43796,1.37879,1.38466
2009-11-04,1.40846,1.43796,1.40846,1.43796
2009-11-05,1.42617,1.48532,1.42617,1.48532
2009-11-06,1.48532,1.48532,1.44389,1.46761
2009-11-09,1.48532,1.52676,1.47939,1.52676
2009-11-10,1.50319,1.54456,1.50319,1.52676
2009-11-12,1.52676,1.54456,1.49719,1.54456
2009-11-13,1.52676,1.5504,1.52676,1.5504
2009-11-16,1.57406,1.62143,1.57406,1.62143
2009-11-17,1.60957,1.60957,1.54456,1.54456
2009-11-18,1.55634,1.55634,1.49719,1.50905
2009-11-19,1.49719,1.49719,1.45582,1.45582
2009-11-20,1.4616,1.49719,1.45582,1.47939
2009-11-23,1.50319,1.53855,1.49125,1.53855
2009-11-24,1.53855,1.53855,1.49719,1.51497
2009-11-25,1.52076,1.52076,1.48532,1.48532
2009-11-26,1.48532,1.48532,1.4616,1.4616
2009-11-27,1.42031,1.47939,1.42031,1.47939
2009-11-30,1.50319,1.50905,1.49719,1.50319
2009-12-01,1.50905,1.53269,1.50319,1.51497
2009-12-02,1.52076,1.53269,1.50905,1.52076
2009-12-03,1.53855,1.53855,1.51497,1.52076
2009-12-04,1.52076,1.55634,1.50319,1.55634
2009-12-07,1.54456,1.55634,1.52676,1.55634
2009-12-08,1.5504,1.5622,1.51497,1.51497
2009-12-09,1.50905,1.50905,1.45582,1.45582
2009-12-10,1.47346,1.48532,1.47346,1.47346
2009-12-11,1.49125,1.49719,1.47346,1.48532
2009-12-14,1.50319,1.50905,1.49719,1.50905
2009-12-15,1.50319,1.50319,1.48532,1.49719
2009-12-16,1.49719,1.51497,1.49125,1.49125
2009-12-17,1.48532,1.48532,1.47346,1.47939
2009-12-18,1.47346,1.89364,1.47346,1.89364
2009-12-21,1.89364,1.9233,1.89364,1.91144
2009-12-22,1.9233,1.92908,1.91144,1.9233
2009-12-23,1.9233,1.9233,1.89966,1.91144
2009-12-28,1.94688,1.94688,1.91144,1.94094
2009-12-29,1.94094,1.94094,1.89966,1.90551
2009-12-30,1.90551,1.90551,1.87007,1.87007
2009-12-31,1.88772,1.89966,1.87586,1.89966
2010-01-04,1.89364,1.93501,1.89364,1.92908
2010-01-05,1.94094,1.95874,1.9233,1.9233
2010-01-06,1.92908,1.93501,1.91729,1.93501
2010-01-07,1.9233,1.92908,1.90551,1.9233
2010-01-08,1.94094,1.94094,1.91729,1.92908
2010-01-11,1.92908,1.95287,1.92908,1.94094
2010-01-12,1.93501,1.94094,1.92908,1.92908
2010-01-13,1.91144,1.94094,1.91144,1.93501
2010-01-14,1.94094,1.94094,1.9233,1.93501
2010-01-15,1.92908,1.93501,1.9233,1.92908
2010-01-18,1.92908,1.94094,1.9233,1.94094
2010-01-19,1.94094,2.00018,1.94094,2.00018
2010-01-20,2.00018,2.02969,2.00018,2.01196
2010-01-21,2.01196,2.02374,1.98839,2.01797
2010-01-22,1.97645,1.99425,1.97645,1.98238
2010-01-25,1.98839,2.01196,1.98839,2.01196
2010-01-26,1.99425,1.99425,1.95874,1.96474
2010-01-27,1.96474,1.98839,1.96474,1.96474
2010-01-28,2.00018,2.00018,1.96474,1.97052
2010-01-29,1.96292,1.96899,1.94444,1.95668
2010-02-01,1.94688,1.95874,1.94094,1.94688
2010-02-02,1.95874,1.95874,1.93501,1.94688
2010-02-03,1.95874,1.97052,1.94688,1.96474
2010-02-04,1.96474,1.96474,1.86415,1.86415
2010-02-05,1.82262,1.82856,1.7516,1.7516
2010-02-08,1.77541,1.80492,1.75746,1.75746
2010-02-09,1.7872,1.80492,1.7872,1.7872
2010-02-10,1.79898,1.82856,1.79898,1.80492
2010-02-11,1.81669,1.81669,1.75746,1.75746
2010-02-12,1.79898,1.81669,1.79297,1.81084
2010-02-15,1.82856,1.90551,1.82856,1.90551
2010-02-16,1.91144,1.91144,1.87007,1.87586
2010-02-17,1.91729,1.91729,1.89364,1.90551
2010-02-18,1.87586,1.87586,1.84035,1.85221
2010-02-19,1.8344,1.87007,1.8344,1.84035
2010-02-22,1.87586,1.87586,1.8462,1.85221
2010-02-23,1.8462,1.8462,1.81669,1.81669
2010-02-24,1.81084,1.82856,1.80492,1.80492
2010-02-25,1.81084,1.81084,1.7516,1.7694
2010-02-26,1.77541,1.8344,1.77541,1.8344
2010-03-01,1.8462,1.85814,1.82262,1.85814
2010-03-02,1.85221,1.91144,1.8344,1.88186
2010-03-03,1.89364,1.89966,1.86415,1.88186
2010-03-04,1.88186,1.90551,1.87007,1.89966
2010-03-05,1.89966,1.91144,1.88772,1.89966
2010-03-08,1.91144,1.91144,1.89364,1.91144
2010-03-09,1.90551,1.90551,1.88186,1.90551
2010-03-10,1.88772,1.9233,1.88772,1.90551
2010-03-11,1.89966,1.91144,1.88186,1.88772
2010-03-12,1.89364,1.9233,1.89364,1.90551
2010-03-15,1.89364,1.91144,1.89364,1.90551
2010-03-16,1.90551,1.95287,1.4143,1.4143
2010-03-17,1.43202,1.44389,1.42617,1.43202
2010-03-18,1.43202,1.44981,1.42617,1.43796
2010-03-19,1.43796,1.44981,1.4143,1.43796
2010-03-22,1.43796,1.43796,1.39659,1.40846
2010-03-23,1.40846,1.42617,1.40846,1.42617
2010-03-24,1.43202,1.43796,1.40846,1.40846
2010-03-25,1.42617,1.45582,1.42031,1.45582
2010-03-26,1.43202,1.44981,1.43202,1.44981
2010-03-29,1.44389,1.44981,1.43202,1.43202
2010-03-30,1.43796,1.44981,1.43796,1.44981
2010-03-31,1.43202,1.45058,1.43202,1.44434
2010-04-01,1.44981,1.51497,1.44981,1.51497
2010-04-06,1.51497,1.53855,1.51497,1.53855
2010-04-07,1.52076,1.53855,1.52076,1.53855
2010-04-08,1.51497,1.51497,1.50905,1.51497
2010-04-09,1.51497,1.53855,1.51497,1.52076
2010-04-12,1.53855,1.53855,1.51497,1.53269
2010-04-13,1.53269,1.54456,1.52076,1.54456
2010-04-14,1.53855,1.58,1.53855,1.57406
2010-04-15,1.59779,1.59779,1.56812,1.58592
2010-04-16,1.58592,1.58592,1.57406,1.58
2010-04-19,1.53269,1.5504,1.52676,1.53855
2010-04-20,1.53855,1.56812,1.53855,1.56812
2010-04-21,1.57406,1.57406,1.52676,1.52676
2010-04-22,1.52676,1.54456,1.47939,1.47939
2010-04-23,1.48769,1.49376,1.47529,1.48145
2010-04-26,1.49719,1.50905,1.49719,1.50905
2010-04-27,1.50319,1.51497,1.48532,1.48532
2010-04-28,1.47346,1.48532,1.45582,1.45582
2010-04-29,1.4616,1.52676,1.4616,1.52676
2010-04-30,1.55634,1.58592,1.54456,1.54456
2010-05-04,1.57406,1.57406,1.47346,1.47346
2010-05-05,1.47346,1.47939,1.44389,1.44981
2010-05-06,1.44981,1.46761,1.44981,1.45582
2010-05-07,1.4143,1.43202,1.39058,1.39058
2010-05-10,1.46761,1.50319,1.46761,1.50319
2010-05-11,1.48532,1.48532,1.47939,1.47939
2010-05-12,1.47939,1.49125,1.44981,1.48532
2010-05-13,1.49125,1.50905,1.47939,1.47939
2010-05-14,1.46761,1.47346,1.44981,1.44981
2010-05-17,1.44389,1.48532,1.44389,1.48532
2010-05-18,1.49125,1.50905,1.44981,1.44981
2010-05-19,1.42617,1.43796,1.39659,1.40245
2010-05-20,1.4143,1.42031,1.34922,1.34922
2010-05-21,1.35515,1.37879,1.34328,1.36108
2010-05-24,1.37879,1.37879,1.33744,1.35515
2010-05-25,1.32557,1.32557,1.30784,1.30784
2010-05-26,1.33158,1.39659,1.33158,1.39659
2010-05-27,1.37879,1.40245,1.37879,1.39659
2010-05-28,1.40846,1.43202,1.39058,1.43202
2010-05-31,1.41969,1.43819,1.41969,1.43819
2010-06-01,1.40846,1.4143,1.40245,1.40846
2010-06-02,1.40846,1.40846,1.38466,1.39659
2010-06-04,1.40846,1.40846,1.31963,1.32557
2010-06-07,1.32557,1.32557,1.29592,1.30784
2010-06-08,1.32557,1.32557,1.30184,1.3137
2010-06-09,1.31963,1.33744,1.31963,1.32557
2010-06-10,1.33158,1.36108,1.31963,1.36108
2010-06-11,1.37287,1.37287,1.32557,1.34328
2010-06-14,1.35515,1.36108,1.33744,1.33744
2010-06-15,1.33744,1.35515,1.33744,1.34328
2010-06-16,1.36701,1.36701,1.34328,1.34922
2010-06-17,1.34328,1.34328,1.30784,1.30784
2010-06-18,1.30784,1.3137,1.28413,1.29006
2010-06-21,1.30784,1.32557,1.30784,1.31963
2010-06-22,1.3137,1.33158,1.30784,1.33158
2010-06-23,1.31963,1.32557,1.30784,1.31963
2010-06-24,1.31963,1.31963,1.30184,1.31963
2010-06-25,1.31963,1.34922,1.31963,1.33744
2010-06-28,1.33158,1.34328,1.32557,1.32557
2010-06-29,1.3137,1.3137,1.29006,1.29006
2010-06-30,1.29006,1.30245,1.26535,1.27158
2010-07-01,1.2604,1.28413,1.25447,1.2604
2010-07-02,1.27235,1.28413,1.25447,1.28413
2010-07-05,1.28413,1.28413,1.2782,1.2782
2010-07-06,1.28413,1.31963,1.28413,1.31963
2010-07-07,1.30184,1.30784,1.28413,1.30784
2010-07-08,1.31963,1.32557,1.30184,1.30784
2010-07-09,1.30784,1.30784,1.29006,1.30784
2010-07-12,1.30184,1.31963,1.30184,1.31963
2010-07-13,1.31963,1.35515,1.31963,1.34328
2010-07-14,1.36108,1.36701,1.36108,1.36701
2010-07-15,1.36108,1.37287,1.36108,1.36701
2010-07-16,1.36108,1.36701,1.34922,1.34922
2010-07-19,1.34328,1.35515,1.33744,1.34328
2010-07-20,1.34328,1.34922,1.31963,1.32557
2010-07-21,1.33158,1.34922,1.33158,1.34328
2010-07-22,1.33744,1.36701,1.33744,1.36108
2010-07-23,1.37287,1.39659,1.36701,1.38466
2010-07-26,1.40245,1.43202,1.39659,1.43202
2010-07-27,1.43202,1.43796,1.42617,1.43202
2010-07-28,1.43202,1.43202,1.39659,1.40245
2010-07-29,1.40245,1.40245,1.39058,1.39058
2010-07-30,1.38883,1.38883,1.35803,1.36405
2010-08-02,1.37879,1.43202,1.36701,1.36701
2010-08-03,1.43202,1.44389,1.42031,1.43202
2010-08-04,1.42617,1.43796,1.42031,1.43202
2010-08-05,1.42031,1.43796,1.4143,1.42617
2010-08-06,1.43202,1.44389,1.4143,1.42617
2010-08-09,1.42617,1.43202,1.42031,1.42031
2010-08-10,1.4143,1.4143,1.38466,1.38466
2010-08-11,1.37879,1.37879,1.36701,1.36701
2010-08-12,1.36701,1.37879,1.35515,1.37287
2010-08-13,1.37879,1.37879,1.34328,1.34328
2010-08-16,1.36108,1.36108,1.34328,1.36108
2010-08-17,1.36108,1.40245,1.36108,1.38466
2010-08-18,1.39659,1.40846,1.37879,1.40245
2010-08-19,1.40846,1.4143,1.36108,1.37287
2010-08-20,1.37287,1.37287,1.30184,1.30184
2010-08-23,1.30784,1.3137,1.30184,1.30784
2010-08-24,1.30184,1.30184,1.26634,1.26634
2010-08-25,1.27235,1.27235,1.25447,1.25447
2010-08-26,1.25447,1.26634,1.25447,1.2604
2010-08-27,1.26634,1.28413,1.2604,1.28413
2010-08-30,1.28413,1.29006,1.26634,1.27235
2010-08-31,1.26535,1.27158,1.24078,1.27158
2010-09-01,1.27235,1.27235,1.25447,1.27235
2010-09-02,1.29006,1.30184,1.29006,1.29592
2010-09-03,1.30184,1.30184,1.29006,1.29592
2010-09-06,1.30245,1.30853,1.2963,1.30853
2010-09-07,1.29592,1.33158,1.29592,1.32557
2010-09-08,1.321,1.35803,1.321,1.35803
2010-09-09,1.34922,1.36108,1.34328,1.35515
2010-09-10,1.34922,1.35515,1.33158,1.35515
2010-09-13,1.37879,1.38466,1.37879,1.37879
2010-09-14,1.37879,1.37879,1.36108,1.36701
2010-09-15,1.36701,1.37287,1.36108,1.36701
2010-09-16,1.36405,1.36405,1.35803,1.35803
2010-09-17,1.36108,1.38466,1.36108,1.38466
2010-09-20,1.38466,1.39659,1.37287,1.39659
2010-09-21,1.40245,1.44389,1.40245,1.44389
2010-09-22,1.43796,1.44981,1.43202,1.44981
2010-09-23,1.44981,1.4616,1.43796,1.44981
2010-09-24,1.43796,1.52076,1.43796,1.52076
2010-09-27,1.50319,1.52676,1.49125,1.49125
2010-09-28,1.47346,1.49125,1.44981,1.45582
2010-09-29,1.46913,1.48769,1.4629,1.4629
2010-09-30,1.4629,1.47529,1.45673,1.47529
2010-10-01,1.46913,1.49376,1.46913,1.49376
2010-10-04,1.48532,1.50319,1.47939,1.50319
2010-10-05,1.48769,1.5308,1.48769,1.5308
2010-10-06,1.52676,1.52676,1.49719,1.50319
2010-10-07,1.50608,1.5308,1.49376,1.51224
2010-10-08,1.50608,1.51224,1.49376,1.49376
2010-10-11,1.49719,1.49719,1.48532,1.49125
2010-10-12,1.49376,1.50608,1.47529,1.49986
2010-10-13,1.50608,1.5308,1.49986,1.52464
2010-10-14,1.5308,1.55544,1.5308,1.54326
2010-10-15,1.54326,1.54326,1.5308,1.5308
2010-10-18,1.53695,1.56782,1.53695,1.55544
2010-10-19,1.56174,1.58022,1.5308,1.53695
2010-10-20,1.54326,1.60493,1.5308,1.53695
2010-10-21,1.56174,1.60493,1.54927,1.60493
2010-10-22,1.58638,1.59246,1.57399,1.59246
2010-10-25,1.58638,1.59246,1.56782,1.56782
2010-10-26,1.55544,1.55544,1.5308,1.54927
2010-10-27,1.54927,1.58022,1.54326,1.57399
2010-10-28,1.57399,1.58022,1.55544,1.55544
2010-10-29,1.55992,1.57292,1.53377,1.56638
2010-11-02,1.57399,1.60493,1.57399,1.59878
2010-11-03,1.60493,1.60493,1.59246,1.59246
2010-11-04,1.60493,1.63581,1.60493,1.62949
2010-11-05,1.62949,1.62949,1.56174,1.56174
2010-11-08,1.56782,1.58022,1.54927,1.56174
2010-11-09,1.55544,1.55544,1.54927,1.54927
2010-11-10,1.55544,1.55544,1.5308,1.5308
2010-11-12,1.48769,1.54927,1.48769,1.54927
2010-11-15,1.54927,1.54927,1.52464,1.53695
2010-11-16,1.5308,1.5308,1.49376,1.51847
2010-11-17,1.49986,1.51224,1.48145,1.50608
2010-11-18,1.51847,1.51847,1.48769,1.49376
2010-11-19,1.49986,1.49986,1.44434,1.45058
2010-11-22,1.4629,1.4629,1.41969,1.43202
2010-11-23,1.42594,1.43202,1.40123,1.42594
2010-11-24,1.43202,1.46913,1.43202,1.46913
2010-11-25,1.47529,1.48145,1.4629,1.47529
2010-11-26,1.46913,1.46913,1.43202,1.4629
2010-11-29,1.45673,1.46913,1.43202,1.43202
2010-11-30,1.42594,1.46913,1.41969,1.45058
2010-12-01,1.46913,1.49376,1.4629,1.48145
2010-12-02,1.49376,1.51224,1.49376,1.49986
2010-12-03,1.51224,1.51847,1.50608,1.51224
2010-12-06,1.51847,1.5308,1.49986,1.5308
2010-12-07,1.52464,1.5308,1.50608,1.50608
2010-12-08,1.50608,1.51224,1.49986,1.50608
2010-12-09,1.50608,1.51224,1.48769,1.50608
2010-12-10,1.50608,1.51224,1.50608,1.50608
2010-12-13,1.50608,1.51847,1.50608,1.50608
2010-12-14,1.50608,1.51224,1.49986,1.50608
2010-12-15,1.51224,1.51847,1.49986,1.51847
2010-12-16,1.50608,1.50608,1.49376,1.49986
2010-12-17,1.49986,1.51224,1.48769,1.51224
2010-12-20,1.50608,1.51224,1.46913,1.46913
2010-12-21,1.48769,1.48769,1.46913,1.48145
2010-12-22,1.48145,1.48769,1.48145,1.48145
2010-12-23,1.47529,1.48145,1.47529,1.48145
2010-12-27,1.47529,1.48145,1.4629,1.4629
2010-12-28,1.4629,1.4629,1.44434,1.44434
2010-12-29,1.4629,1.48145,1.44434,1.48145
2010-12-30,1.48145,1.49986,1.48145,1.49986
2010-12-31,1.50114,1.50114,1.46198,1.46198
2011-01-03,1.46913,1.48769,1.4629,1.46913
2011-01-04,1.47529,1.47529,1.43819,1.43819
2011-01-05,1.43819,1.43819,1.39499,1.40738
2011-01-07,1.40123,1.40123,1.35803,1.35803
2011-01-10,1.36405,1.36405,1.35187,1.36405
2011-01-11,1.38259,1.38259,1.35803,1.37044
2011-01-12,1.37044,1.39499,1.37044,1.38259
2011-01-13,1.39499,1.39499,1.38259,1.39499
2011-01-14,1.39499,1.39499,1.38883,1.39499
2011-01-17,1.39499,1.39499,1.38259,1.39499
2011-01-18,1.40738,1.45058,1.40738,1.45058
2011-01-19,1.45673,1.48145,1.45058,1.45058
2011-01-20,1.43819,1.4629,1.43819,1.43819
2011-01-21,1.45058,1.45673,1.43819,1.44434
2011-01-24,1.44434,1.44434,1.41355,1.43202
2011-01-25,1.44434,1.44434,1.41355,1.41355
2011-01-26,1.41355,1.43202,1.41355,1.43202
2011-01-27,1.42594,1.43819,1.41355,1.42594
2011-01-28,1.40738,1.40738,1.40738,1.40738
2011-01-31,1.39674,1.39674,1.38366,1.39013
2011-02-01,1.40738,1.41969,1.40738,1.41355
2011-02-02,1.43202,1.45058,1.43202,1.43202
2011-02-03,1.43819,1.45058,1.43202,1.43819
2011-02-04,1.43819,1.43819,1.41355,1.42594
2011-02-07,1.42594,1.43819,1.41355,1.43202
2011-02-08,1.43819,1.43819,1.42594,1.43202
2011-02-09,1.43202,1.43819,1.42594,1.43819
2011-02-10,1.43202,1.43819,1.41355,1.41969
2011-02-11,1.41969,1.43202,1.41969,1.42594
2011-02-14,1.43202,1.43202,1.40738,1.40738
2011-02-15,1.40738,1.42594,1.40123,1.41969
2011-02-16,1.41969,1.42594,1.40738,1.41355
2011-02-17,1.41969,1.42594,1.38259,1.38259
2011-02-18,1.38883,1.41969,1.37652,1.41355
2011-02-21,1.41969,1.41969,1.40123,1.40123
2011-02-22,1.38883,1.40123,1.38259,1.38259
2011-02-23,1.38259,1.40123,1.38259,1.38883
2011-02-24,1.38259,1.38883,1.37652,1.38259
2011-02-25,1.39499,1.40738,1.38259,1.39499
2011-02-28,1.39499,1.41969,1.38259,1.41969
2011-03-01,1.42594,1.42594,1.38883,1.38883
2011-03-02,1.38883,1.41355,1.37652,1.40738
2011-03-03,1.41355,1.46913,1.41355,1.4629
2011-03-04,1.45673,1.48769,1.45058,1.46913
2011-03-07,1.47529,1.49986,1.4629,1.4629
2011-03-08,1.49376,1.58638,1.4629,1.58638
2011-03-09,1.58638,1.60493,1.57399,1.58638
2011-03-10,1.57399,1.59246,1.57399,1.58022
2011-03-11,1.56174,1.58022,1.5308,1.5308
2011-03-14,1.52464,1.54927,1.51847,1.51847
2011-03-15,1.51224,1.53695,1.49986,1.53695
2011-03-16,1.53695,1.54326,1.51847,1.52464
2011-03-17,1.52464,1.54326,1.51224,1.51847
2011-03-18,1.5308,1.54326,1.51847,1.54326
2011-03-21,1.55544,1.56174,1.54326,1.54927
2011-03-22,1.54927,1.55544,1.5308,1.54326
2011-03-23,1.5308,1.54927,1.51847,1.5308
2011-03-24,1.53695,1.55544,1.51847,1.55544
2011-03-25,1.55544,1.58638,1.54927,1.58638
2011-03-28,1.57399,1.59878,1.57399,1.59878
2011-03-29,1.58638,1.59878,1.56174,1.56782
2011-03-30,1.58022,1.59246,1.55544,1.57399
2011-03-31,1.57292,1.59246,1.55992,1.57938
2011-04-01,1.58638,1.61724,1.58022,1.61724
2011-04-04,1.61094,1.63581,1.61094,1.6234
2011-04-05,1.6234,1.62949,1.61724,1.62949
2011-04-06,1.62949,1.66051,1.62949,1.64805
2011-04-07,1.66051,1.66051,1.64805,1.65435
2011-04-08,1.66051,1.66051,1.6234,1.64805
2011-04-11,1.63581,1.64196,1.6234,1.64196
2011-04-12,1.63581,1.66051,1.63581,1.66051
2011-04-13,1.65435,1.67284,1.64805,1.67284
2011-04-14,1.66646,1.67892,1.66051,1.66646
2011-04-15,1.66646,1.68515,1.66646,1.67284
2011-04-18,1.67284,1.67284,1.61094,1.61094
2011-04-19,1.61724,1.64805,1.61094,1.64805
2011-04-20,1.66646,1.67284,1.65435,1.66051
2011-04-21,1.66051,1.66646,1.63581,1.63581
2011-04-26,1.62949,1.64805,1.61724,1.64196
2011-04-27,1.65435,1.65435,1.63581,1.64196
2011-04-28,1.64805,1.66051,1.63581,1.66051
2011-04-29,1.65116,1.65116,1.6447,1.65116
2011-05-02,1.65435,1.65435,1.62949,1.64196
2011-05-04,1.64196,1.64805,1.63581,1.63581
2011-05-05,1.64196,1.64805,1.63581,1.64805
2011-05-06,1.64805,1.65435,1.64805,1.64805
2011-05-09,1.64805,1.65435,1.61094,1.61094
2011-05-10,1.59878,1.60493,1.53695,1.53695
2011-05-11,1.53695,1.53695,1.50608,1.50608
2011-05-12,1.50608,1.51847,1.49376,1.51847
2011-05-13,1.51847,1.51847,1.51224,1.51224
2011-05-16,1.51224,1.56174,1.51224,1.56174
2011-05-17,1.55544,1.55544,1.52464,1.5308
2011-05-18,1.5308,1.54927,1.52464,1.54326
2011-05-19,1.53695,1.56174,1.53695,1.53695
2011-05-20,1.54326,1.54927,1.51847,1.51847
2011-05-23,1.50608,1.51847,1.49376,1.51847
2011-05-24,1.51847,1.51847,1.49986,1.50608
2011-05-25,1.50608,1.51224,1.49986,1.50608
2011-05-26,1.51847,1.51847,1.49986,1.50608
2011-05-27,1.50608,1.51224,1.49986,1.51224
2011-05-30,1.51847,1.52464,1.51224,1.52464
2011-05-31,1.53377,1.5533,1.53377,1.53377
2011-06-01,1.54927,1.56174,1.53695,1.54326
2011-06-02,1.5308,1.55544,1.5308,1.53695
2011-06-03,1.53695,1.53695,1.51847,1.5308
2011-06-06,1.52464,1.53695,1.51224,1.51224
2011-06-07,1.51847,1.54326,1.51847,1.53695
2011-06-08,1.52464,1.53695,1.52464,1.53695
2011-06-09,1.5308,1.5308,1.51224,1.51847
2011-06-10,1.51847,1.51847,1.49986,1.50608
2011-06-13,1.49986,1.51847,1.49986,1.51847
2011-06-14,1.51224,1.5308,1.51224,1.5308
2011-06-15,1.51224,1.5308,1.50608,1.51224
2011-06-16,1.5076,1.51423,1.4946,1.4946
2011-06-17,1.49986,1.49986,1.48769,1.49986
2011-06-20,1.49376,1.49986,1.46913,1.46913
2011-06-21,1.49376,1.49376,1.46913,1.48769
2011-06-22,1.48769,1.48769,1.4629,1.4629
2011-06-24,1.4629,1.46913,1.43202,1.44434
2011-06-27,1.44434,1.44434,1.42594,1.43819
2011-06-28,1.43819,1.45673,1.43202,1.44434
2011-06-29,1.45673,1.46913,1.45058,1.4629
2011-06-30,1.46198,1.48152,1.46198,1.46852
2011-07-01,1.46913,1.47529,1.45058,1.46913
2011-07-04,1.47529,1.48145,1.45673,1.45673
2011-07-05,1.46913,1.48145,1.45673,1.45673
2011-07-06,1.46198,1.46198,1.44243,1.45544
2011-07-07,1.4629,1.47529,1.4629,1.47529
2011-07-08,1.47529,1.47529,1.43819,1.44434
2011-07-11,1.44434,1.44434,1.42594,1.42594
2011-07-12,1.40738,1.45058,1.40738,1.44434
2011-07-13,1.45058,1.45058,1.43819,1.45058
2011-07-14,1.45058,1.45058,1.43202,1.43819
2011-07-15,1.44434,1.44434,1.42594,1.43202
2011-07-18,1.43202,1.43202,1.39499,1.39499
2011-07-19,1.41629,1.42928,1.41629,1.42282
2011-07-20,1.44434,1.45058,1.43819,1.45058
2011-07-21,1.45058,1.46913,1.43202,1.46913
2011-07-22,1.46913,1.46913,1.45058,1.46913
2011-07-25,1.45673,1.47529,1.45673,1.46913
2011-07-26,1.46198,1.46852,1.44898,1.44898
2011-07-27,1.45058,1.45058,1.43202,1.43819
2011-07-28,1.42282,1.42928,1.41629,1.42282
2011-07-29,1.41629,1.43582,1.40981,1.43582
2011-08-01,1.45673,1.45673,1.43202,1.43202
2011-08-02,1.42928,1.42928,1.4032,1.4032
2011-08-03,1.38259,1.40123,1.321,1.33333
2011-08-04,1.35104,1.35104,1.28573,1.29889
2011-08-05,1.20087,1.34449,1.20087,1.28573
2011-08-08,1.27158,1.31485,1.25926,1.25926
2011-08-09,1.29006,1.29006,1.216,1.216
2011-08-10,1.22824,1.24679,1.12955,1.16041
2011-08-11,1.17897,1.22216,1.12955,1.22216
2011-08-12,1.22056,1.34449,1.20087,1.34449
2011-08-16,1.34549,1.40738,1.321,1.40738
2011-08-17,1.37713,1.41629,1.37065,1.39674
2011-08-18,1.38366,1.38366,1.26619,1.31827
2011-08-19,1.27926,1.35104,1.25319,1.32495
2011-08-22,1.3118,1.34449,1.3118,1.33149
2011-08-23,1.33149,1.3575,1.32495,1.34449
2011-08-24,1.31827,1.3575,1.31827,1.33804
2011-08-25,1.3575,1.3575,1.3118,1.33804
2011-08-26,1.34449,1.36405,1.32495,1.36405
2011-08-29,1.4032,1.4032,1.37713,1.37713
2011-08-30,1.38366,1.4032,1.37713,1.39674
2011-08-31,1.4032,1.43582,1.39674,1.43582
2011-09-01,1.40981,1.43582,1.37713,1.39674
2011-09-02,1.39013,1.39013,1.33149,1.36405
2011-09-05,1.34449,1.36405,1.27272,1.29889
2011-09-06,1.30527,1.31827,1.27272,1.27272
2011-09-07,1.29234,1.31827,1.27272,1.31827
2011-09-08,1.31827,1.33804,1.29889,1.31827
2011-09-09,1.30527,1.30527,1.22056,1.22056
2011-09-12,1.16824,1.18141,1.13561,1.15524
2011-09-13,1.18786,1.20087,1.14216,1.18141
2011-09-14,1.16179,1.22056,1.16179,1.20087
2011-09-15,1.21394,1.25964,1.20087,1.24003
2011-09-16,1.24649,1.26619,1.24003,1.25964
2011-09-19,1.25964,1.25964,1.18786,1.23356
2011-09-20,1.20741,1.28573,1.20741,1.26619
2011-09-21,1.28573,1.28573,1.26619,1.27272
2011-09-22,1.21394,1.23356,1.16824,1.16824
2011-09-23,1.17479,1.18141,1.10962,1.18141
2011-09-26,1.11609,1.24003,1.11609,1.18786
2011-09-27,1.25319,1.28573,1.18786,1.28573
2011-09-28,1.27272,1.31827,1.27272,1.27272
2011-09-29,1.26619,1.32495,1.26619,1.31827
2011-09-30,1.30527,1.31827,1.25319,1.29889
2011-10-03,1.25319,1.27272,1.25319,1.25964
2011-10-04,1.23356,1.24003,1.20087,1.23356
2011-10-05,1.25319,1.27926,1.25319,1.27926
2011-10-06,1.27926,1.30527,1.27272,1.29889
2011-10-07,1.29889,1.32495,1.27926,1.3118
2011-10-10,1.32495,1.35104,1.30527,1.34449
2011-10-11,1.35104,1.3575,1.33149,1.33149
2011-10-12,1.33149,1.36405,1.31827,1.3575
2011-10-13,1.35104,1.37065,1.34449,1.34449
2011-10-14,1.34449,1.4032,1.33804,1.39674
2011-10-17,1.41629,1.42928,1.3575,1.38366
2011-10-18,1.37065,1.39674,1.34449,1.39013
2011-10-19,1.39674,1.41629,1.38366,1.39013
2011-10-20,1.37713,1.39013,1.33149,1.33149
2011-10-21,1.35104,1.40981,1.34449,1.40981
2011-10-24,1.42282,1.43582,1.4032,1.42282
2011-10-25,1.40981,1.42928,1.38366,1.38366
2011-10-26,1.38366,1.41629,1.37713,1.40981
2011-10-27,1.44243,1.47498,1.44243,1.45544
2011-10-28,1.45544,1.46852,1.43582,1.43582
2011-10-31,1.42928,1.44243,1.41629,1.43582
2011-11-02,1.4032,1.42928,1.39013,1.41629
2011-11-03,1.39674,1.44898,1.39674,1.42282
2011-11-04,1.44243,1.44243,1.37713,1.37713
2011-11-07,1.37065,1.42282,1.3575,1.4032
2011-11-08,1.40981,1.43582,1.39013,1.39674
2011-11-09,1.41629,1.41629,1.33149,1.33804
2011-11-10,1.32495,1.33804,1.3118,1.32495
2011-11-14,1.37065,1.37065,1.31827,1.31827
2011-11-15,1.32495,1.32495,1.22702,1.22702
2011-11-16,1.20741,1.25319,1.20741,1.24649
2011-11-17,1.24003,1.24649,1.22056,1.22702
2011-11-18,1.23356,1.24003,1.20741,1.20741
2011-11-21,1.20741,1.22056,1.18786,1.19432
2011-11-22,1.20741,1.23356,1.19432,1.19432
2011-11-23,1.18141,1.19432,1.15524,1.17479
2011-11-24,1.17479,1.18141,1.13561,1.16824
2011-11-25,1.15524,1.20087,1.14216,1.17479
2011-11-28,1.19432,1.22702,1.19432,1.20741
2011-11-29,1.21394,1.21394,1.17479,1.17479
2011-11-30,1.17479,1.24262,1.16787,1.24262
2011-12-01,1.24003,1.25319,1.22056,1.22702
2011-12-02,1.24003,1.25319,1.22056,1.22056
2011-12-05,1.24003,1.28573,1.23356,1.28573
2011-12-06,1.25964,1.28573,1.24649,1.24649
2011-12-07,1.26619,1.27272,1.24649,1.27272
2011-12-08,1.26619,1.29234,1.22702,1.23356
2011-12-09,1.22056,1.25964,1.22056,1.23356
2011-12-12,1.22702,1.23356,1.18786,1.20087
2011-12-13,1.20087,1.22702,1.19432,1.21394
2011-12-14,1.21394,1.22056,1.20087,1.20087
2011-12-15,1.20741,1.23356,1.20087,1.22702
2011-12-16,1.23356,1.24003,1.19432,1.19432
2011-12-19,1.19432,1.21394,1.17479,1.18141
2011-12-20,1.18141,1.22702,1.18141,1.20741
2011-12-21,1.22056,1.23356,1.19432,1.20741
2011-12-22,1.20741,1.21394,1.18786,1.20741
2011-12-23,1.20741,1.21394,1.20087,1.21394
2011-12-27,1.21394,1.23356,1.20741,1.23356
2011-12-28,1.22702,1.23356,1.21394,1.22056
2011-12-29,1.21394,1.22702,1.19432,1.22056
2011-12-30,1.23585,1.23585,1.19509,1.19509
2012-01-02,1.20087,1.23356,1.20087,1.23356
2012-01-03,1.23356,1.24003,1.22702,1.24003
2012-01-04,1.24003,1.24003,1.21394,1.22702
2012-01-05,1.22702,1.22702,1.18786,1.19432
2012-01-09,1.20741,1.20741,1.14871,1.15524
2012-01-10,1.16179,1.17479,1.16179,1.16824
2012-01-11,1.17479,1.17479,1.13561,1.13561
2012-01-12,1.13561,1.18141,1.13561,1.15524
2012-01-13,1.17479,1.18786,1.16179,1.18141
2012-01-16,1.16824,1.19432,1.16824,1.18786
2012-01-17,1.20741,1.22056,1.20741,1.20741
2012-01-18,1.22056,1.23356,1.20087,1.22056
2012-01-19,1.23356,1.24003,1.20087,1.24003
2012-01-20,1.23356,1.25319,1.23356,1.24003
2012-01-23,1.24649,1.27926,1.24649,1.27272
2012-01-24,1.26619,1.27272,1.25319,1.25319
2012-01-25,1.26619,1.27272,1.24649,1.25319
2012-01-26,1.26619,1.31827,1.25964,1.29889
2012-01-27,1.29889,1.30527,1.28573,1.29234
2012-01-30,1.28573,1.29889,1.27272,1.29889
2012-01-31,1.29013,1.31058,1.28337,1.29013
2012-02-01,1.29234,1.32495,1.29234,1.31827
2012-02-02,1.32495,1.33804,1.3118,1.33804
2012-02-03,1.33804,1.36405,1.33149,1.34449
2012-02-06,1.34449,1.34449,1.31827,1.33804
2012-02-07,1.34449,1.34449,1.31827,1.32495
2012-02-08,1.33149,1.33804,1.31827,1.32495
2012-02-09,1.33149,1.33804,1.32495,1.33149
2012-02-10,1.32495,1.33149,1.3118,1.31827
2012-02-13,1.32495,1.32495,1.3118,1.32495
2012-02-14,1.31827,1.32495,1.30527,1.30527
2012-02-15,1.3118,1.33149,1.30527,1.33149
2012-02-16,1.3118,1.32495,1.3118,1.3118
2012-02-17,1.33149,1.33149,1.31827,1.33149
2012-02-20,1.33149,1.33804,1.31827,1.31827
2012-02-21,1.33149,1.33149,1.3118,1.31827
2012-02-22,1.32495,1.32495,1.29234,1.29889
2012-02-23,1.28573,1.30527,1.27926,1.27926
2012-02-24,1.29234,1.29234,1.25964,1.26619
2012-02-27,1.26619,1.27926,1.24649,1.27926
2012-02-28,1.28573,1.28573,1.25319,1.26619
2012-02-29,1.26976,1.27659,1.26299,1.26299
2012-03-01,1.25964,1.27926,1.25964,1.27926
2012-03-02,1.27926,1.27926,1.26619,1.27926
2012-03-05,1.27272,1.27926,1.24003,1.24003
2012-03-06,1.24003,1.24649,1.19432,1.19432
2012-03-07,1.18786,1.20087,1.18141,1.20087
2012-03-08,1.20087,1.22702,1.20087,1.22702
2012-03-09,1.23356,1.24649,1.22702,1.22702
2012-03-12,1.22702,1.23356,1.22056,1.22702
2012-03-13,1.23356,1.24003,1.22702,1.24003
2012-03-14,1.25319,1.27272,1.25319,1.27272
2012-03-15,1.26619,1.27272,1.25964,1.27272
2012-03-16,1.26619,1.27272,1.24649,1.24649
2012-03-19,1.24649,1.24649,1.21394,1.22056
2012-03-20,1.22702,1.22702,1.20087,1.21394
2012-03-21,1.21394,1.22702,1.21394,1.21394
2012-03-22,1.21394,1.21394,1.20087,1.20741
2012-03-23,1.20741,1.20741,1.18786,1.20087
2012-03-26,1.20741,1.22056,1.19432,1.21394
2012-03-27,1.22702,1.23356,1.21394,1.22702
2012-03-28,1.21394,1.22702,1.21394,1.22702
2012-03-29,1.22056,1.22702,1.20087,1.20087
2012-03-30,1.21555,1.22907,1.20192,1.20192
2012-04-02,1.20741,1.21394,1.19432,1.20087
2012-04-03,1.20087,1.20741,1.18786,1.18786
2012-04-04,1.18786,1.19432,1.18141,1.18141
2012-04-05,1.18786,1.18786,1.16824,1.17479
2012-04-10,1.18141,1.20087,1.18141,1.19432
2012-04-11,1.18786,1.21394,1.18141,1.20741
2012-04-12,1.21394,1.21394,1.19432,1.21394
2012-04-13,1.20741,1.21394,1.20087,1.20741
2012-04-16,1.19432,1.22056,1.19432,1.20087
2012-04-17,1.20192,1.21555,1.20192,1.21555
2012-04-18,1.21394,1.21394,1.18141,1.19432
2012-04-19,1.20741,1.20741,1.17479,1.17479
2012-04-20,1.17479,1.18141,1.15524,1.15524
2012-04-23,1.15524,1.15524,1.12255,1.12255
2012-04-24,1.13561,1.14216,1.12909,1.14216
2012-04-25,1.14216,1.15524,1.13561,1.14216
2012-04-26,1.14871,1.16824,1.14871,1.16824
2012-04-27,1.16824,1.19432,1.16179,1.19432
2012-04-30,1.19509,1.2087,1.18833,1.2087
2012-05-02,1.21394,1.21394,1.18141,1.18141
2012-05-04,1.20087,1.20087,1.16824,1.16824
2012-05-07,1.16179,1.17479,1.14871,1.16824
2012-05-08,1.16179,1.16824,1.13561,1.13561
2012-05-09,1.14072,1.1611,1.12719,1.1611
2012-05-10,1.16787,1.16787,1.14072,1.1611
2012-05-11,1.14216,1.15524,1.14216,1.15524
2012-05-14,1.14871,1.15524,1.12255,1.12909
2012-05-15,1.12909,1.13561,1.07685,1.07685
2012-05-16,1.07038,1.10308,1.05723,1.09646
2012-05-17,1.09646,1.10308,1.05723,1.05723
2012-05-18,1.05936,1.08651,1.05936,1.0729
2012-05-21,1.08339,1.10308,1.08339,1.08339
2012-05-22,1.09646,1.12255,1.08992,1.10962
2012-05-23,1.10308,1.10308,1.05723,1.05723
2012-05-24,1.06392,1.06392,1.03769,1.05076
2012-05-25,1.06605,1.07974,1.06605,1.07974
2012-05-28,1.08339,1.08992,1.07685,1.08339
2012-05-29,1.08339,1.10962,1.07685,1.10308
2012-05-30,1.10005,1.10005,1.07974,1.09328
2012-05-31,1.09328,1.10005,1.07974,1.10005
2012-06-01,1.10005,1.10005,1.07974,1.09328
2012-06-04,1.07974,1.10005,1.07974,1.09328
2012-06-05,1.09328,1.09328,1.07974,1.07974
2012-06-06,1.08651,1.12719,1.08651,1.12719
2012-06-08,1.13396,1.14763,1.10681,1.14763
2012-06-11,1.14763,1.1611,1.13396,1.13396
2012-06-12,1.14072,1.17479,1.14072,1.16787
2012-06-13,1.1611,1.17479,1.1611,1.16787
2012-06-14,1.16787,1.16787,1.1611,1.1611
2012-06-15,1.16787,1.18833,1.16787,1.18164
2012-06-18,1.18833,1.20192,1.18164,1.18833
2012-06-19,1.19509,1.22223,1.18833,1.22223
2012-06-20,1.2087,1.22907,1.2087,1.22223
2012-06-21,1.21555,1.21555,1.20192,1.2087
2012-06-22,1.19509,1.2087,1.19509,1.2087
2012-06-25,1.19509,1.20192,1.18164,1.18833
2012-06-26,1.19509,1.22223,1.19509,1.21555
2012-06-27,1.21555,1.24938,1.21555,1.24262
2012-06-28,1.24938,1.24938,1.2087,1.21555
2012-06-29,1.22907,1.24262,1.21555,1.24262
2012-07-02,1.22907,1.22907,1.2087,1.21555
2012-07-03,1.21555,1.22223,1.20192,1.2087
2012-07-04,1.2087,1.2087,1.18833,1.20192
2012-07-05,1.19509,1.22223,1.19509,1.21555
2012-07-06,1.21555,1.21555,1.19509,1.2087
2012-07-09,1.19509,1.20192,1.18833,1.19509
2012-07-10,1.20192,1.20192,1.18833,1.19509
2012-07-11,1.18833,1.19509,1.1611,1.1611
2012-07-12,1.15441,1.17479,1.15441,1.17479
2012-07-13,1.18164,1.19509,1.18164,1.18833
2012-07-16,1.18164,1.20192,1.18164,1.18833
2012-07-17,1.18833,1.20192,1.18833,1.19509
2012-07-18,1.16787,1.18164,1.16787,1.17479
2012-07-19,1.18833,1.19509,1.17479,1.18164
2012-07-20,1.18164,1.18164,1.14072,1.14072
2012-07-23,1.13396,1.13396,1.10681,1.12042
2012-07-24,1.12042,1.12719,1.11365,1.12719
2012-07-25,1.12042,1.14072,1.12042,1.12042
2012-07-26,1.12042,1.14763,1.12042,1.13396
2012-07-27,1.14763,1.15441,1.13396,1.15441
2012-07-30,1.15441,1.17479,1.14763,1.17479
2012-07-31,1.16787,1.17479,1.15441,1.16787
2012-08-01,1.1611,1.17479,1.1611,1.17479
2012-08-02,1.1611,1.17479,1.14072,1.14072
2012-08-03,1.14763,1.16787,1.14763,1.16787
2012-08-06,1.17479,1.18833,1.17479,1.18833
2012-08-07,1.18833,1.21555,1.18164,1.2087
2012-08-08,1.2087,1.24938,1.20192,1.24938
2012-08-09,1.24938,1.27659,1.24938,1.27659
2012-08-10,1.26299,1.28337,1.26299,1.27659
2012-08-13,1.26299,1.30382,1.26299,1.26976
2012-08-14,1.28337,1.29698,1.26976,1.29013
2012-08-16,1.29698,1.31735,1.29698,1.31058
2012-08-17,1.30382,1.31058,1.28337,1.29013
2012-08-20,1.28337,1.28337,1.26976,1.28337
2012-08-21,1.29013,1.31058,1.28337,1.29013
2012-08-22,1.27659,1.29013,1.27659,1.29013
2012-08-23,1.29013,1.29698,1.26976,1.28337
2012-08-24,1.28337,1.29698,1.27659,1.29013
2012-08-27,1.28337,1.30382,1.28337,1.29698
2012-08-28,1.29013,1.29698,1.27659,1.27659
2012-08-29,1.28337,1.29013,1.26976,1.27659
2012-08-30,1.27659,1.29013,1.26976,1.27659
2012-08-31,1.29013,1.31058,1.29013,1.31058
2012-09-03,1.30382,1.31735,1.29698,1.29698
2012-09-04,1.29013,1.30382,1.28337,1.28337
2012-09-05,1.28337,1.29698,1.27659,1.29698
2012-09-06,1.29698,1.33773,1.29698,1.33096
2012-09-07,1.33096,1.37157,1.33096,1.35812
2012-09-10,1.35812,1.37157,1.35812,1.37157
2012-09-11,1.35812,1.38525,1.35812,1.38525
2012-09-12,1.38525,1.39203,1.34449,1.35127
2012-09-13,1.35127,1.37157,1.33096,1.37157
2012-09-14,1.40557,1.41917,1.39203,1.39879
2012-09-17,1.39203,1.40557,1.37842,1.37842
2012-09-18,1.37842,1.37842,1.34449,1.35127
2012-09-19,1.35812,1.36487,1.33773,1.35812
2012-09-20,1.34449,1.35812,1.33773,1.35812
2012-09-21,1.35812,1.37157,1.35812,1.35812
2012-09-24,1.35127,1.35127,1.32412,1.34449
2012-09-25,1.34449,1.35127,1.33773,1.34449
2012-09-26,1.33096,1.33096,1.31735,1.31735
2012-09-27,1.33096,1.33096,1.31058,1.32412
2012-09-28,1.33096,1.33096,1.31058,1.31058
2012-10-01,1.31058,1.35127,1.30382,1.35127
2012-10-02,1.34449,1.36487,1.34449,1.34449
2012-10-03,1.34449,1.35812,1.32412,1.32412
2012-10-04,1.33773,1.33773,1.31058,1.31058
2012-10-05,1.31058,1.35127,1.31058,1.35127
2012-10-08,1.34449,1.35127,1.33096,1.34449
2012-10-09,1.34449,1.35127,1.32412,1.32412
2012-10-10,1.31735,1.35812,1.31058,1.35812
2012-10-11,1.34449,1.37157,1.34449,1.37157
2012-10-12,1.35812,1.37157,1.33096,1.33773
2012-10-15,1.33773,1.34449,1.32412,1.33096
2012-10-16,1.34449,1.35812,1.33096,1.35812
2012-10-17,1.34449,1.36487,1.34449,1.35812
2012-10-18,1.35812,1.37842,1.35812,1.37842
2012-10-19,1.36487,1.37157,1.35812,1.35812
2012-10-22,1.35127,1.35812,1.34449,1.35812
2012-10-23,1.35127,1.35812,1.31058,1.35812
2012-10-24,1.31058,1.32412,1.31058,1.31735
2012-10-25,1.31735,1.32412,1.31058,1.31735
2012-10-26,1.31058,1.31735,1.29698,1.31058
2012-10-29,1.30382,1.31058,1.30382,1.30382
2012-10-30,1.30382,1.31735,1.30382,1.31058
2012-10-31,1.31058,1.31735,1.29698,1.31735
2012-11-02,1.32412,1.35127,1.31058,1.35127
2012-11-05,1.33096,1.35127,1.33096,1.35127
2012-11-06,1.33773,1.35127,1.33773,1.34449
2012-11-07,1.34449,1.35127,1.31058,1.31058
2012-11-08,1.31735,1.33096,1.30382,1.33096
2012-11-09,1.31735,1.31735,1.30382,1.31735
2012-11-12,1.31058,1.32412,1.29698,1.31058
2012-11-13,1.30382,1.30382,1.26976,1.26976
2012-11-14,1.26976,1.26976,1.24938,1.26299
2012-11-15,1.24938,1.26976,1.24938,1.26299
2012-11-16,1.26976,1.26976,1.24938,1.24938
2012-11-19,1.25623,1.26976,1.25623,1.26299
2012-11-20,1.26299,1.26299,1.24262,1.26299
2012-11-21,1.25623,1.25623,1.23585,1.24262
2012-11-22,1.24262,1.24262,1.22223,1.22223
2012-11-23,1.22223,1.23585,1.21555,1.23585
2012-11-26,1.23585,1.24938,1.22223,1.24938
2012-11-27,1.24938,1.25623,1.24262,1.24938
2012-11-28,1.24262,1.25623,1.23585,1.25623
2012-11-29,1.25623,1.26299,1.24262,1.24938
2012-11-30,1.24262,1.24938,1.24262,1.24262
2012-12-03,1.24262,1.24938,1.23585,1.23585
2012-12-04,1.23585,1.26976,1.23585,1.24938
2012-12-05,1.26299,1.26976,1.24938,1.24938
2012-12-06,1.25623,1.26299,1.24262,1.26299
2012-12-07,1.26299,1.26976,1.25623,1.26299
2012-12-10,1.26299,1.27659,1.26299,1.27659
2012-12-11,1.28337,1.29698,1.27659,1.28337
2012-12-12,1.29013,1.29013,1.26976,1.29013
2012-12-13,1.29698,1.29698,1.28337,1.28337
2012-12-14,1.29013,1.29013,1.26976,1.27659
2012-12-17,1.28337,1.29013,1.27659,1.29013
2012-12-18,1.29698,1.29698,1.27659,1.27659
2012-12-19,1.28337,1.30382,1.27659,1.30382
2012-12-20,1.29698,1.32412,1.29698,1.32412
2012-12-21,1.31058,1.32412,1.29698,1.29698
2012-12-27,1.31735,1.31735,1.30382,1.31058
2012-12-28,1.31735,1.31735,1.29698,1.31735
2013-01-02,1.32412,1.33773,1.32412,1.33096
2013-01-03,1.32412,1.33773,1.32412,1.33096
2013-01-04,1.33096,1.33096,1.31058,1.31058
2013-01-07,1.31058,1.31058,1.29013,1.29013
2013-01-08,1.29013,1.29698,1.26976,1.26976
2013-01-09,1.27659,1.28337,1.27659,1.28337
2013-01-10,1.29013,1.29013,1.27659,1.28337
2013-01-11,1.28337,1.28337,1.27659,1.28337
2013-01-14,1.29013,1.30382,1.28337,1.29698
2013-01-15,1.29013,1.29013,1.28337,1.29013
2013-01-16,1.29013,1.29698,1.29013,1.29698
2013-01-17,1.29698,1.31058,1.29013,1.30382
2013-01-18,1.31058,1.31058,1.29013,1.29013
2013-01-21,1.29698,1.29698,1.27659,1.27659
2013-01-22,1.28337,1.28337,1.25623,1.26299
2013-01-23,1.21555,1.24938,1.21555,1.24262
2013-01-24,1.24938,1.25623,1.23585,1.24262
2013-01-25,1.24938,1.25623,1.23585,1.23585
2013-01-28,1.24262,1.24262,1.23585,1.24262
2013-01-29,1.24938,1.24938,1.24262,1.24262
2013-01-30,1.22907,1.23585,1.22223,1.22907
2013-01-31,1.22907,1.23585,1.22223,1.23585
2013-02-01,1.23585,1.23585,1.22907,1.22907
2013-02-04,1.24262,1.24262,1.22223,1.23585
2013-02-05,1.22907,1.23585,1.22907,1.23585
2013-02-06,1.23585,1.24262,1.23585,1.23585
2013-02-07,1.23585,1.25623,1.23585,1.25623
2013-02-08,1.26299,1.27659,1.25623,1.26976
2013-02-11,1.27659,1.27659,1.26299,1.26299
2013-02-12,1.26299,1.26976,1.25623,1.26299
2013-02-13,1.25623,1.26976,1.25623,1.26299
2013-02-14,1.26299,1.26976,1.24938,1.26976
2013-02-15,1.25623,1.26976,1.25623,1.26299
2013-02-18,1.26976,1.27659,1.26299,1.26299
2013-02-19,1.26299,1.26299,1.24938,1.24938
2013-02-20,1.24938,1.25623,1.22907,1.23585
2013-02-21,1.22907,1.22907,1.22223,1.22907
2013-02-22,1.22907,1.23585,1.22223,1.23585
2013-02-25,1.22907,1.25623,1.22907,1.24938
2013-02-26,1.23585,1.24938,1.23585,1.24938
2013-02-27,1.24938,1.24938,1.23585,1.24938
2013-02-28,1.25623,1.26976,1.24938,1.26976
2013-03-01,1.26299,1.26976,1.25623,1.26299
2013-03-04,1.24938,1.24938,1.22907,1.22907
2013-03-05,1.24262,1.24938,1.23585,1.24938
2013-03-06,1.25623,1.26299,1.22907,1.24262
2013-03-07,1.24262,1.24262,1.18833,1.18833
2013-03-08,1.19509,1.19509,1.17479,1.17479
2013-03-11,1.18164,1.19509,1.17479,1.19509
2013-03-12,1.19509,1.19509,1.18833,1.19509
2013-03-13,1.19509,1.2087,1.19509,1.2087
2013-03-14,1.20192,1.21555,1.20192,1.21555
2013-03-15,1.22223,1.22223,1.20192,1.20192
2013-03-18,1.18833,1.19509,1.18833,1.19509
2013-03-19,1.19509,1.19509,1.18164,1.18164
2013-03-20,1.18833,1.19509,1.18164,1.18164
2013-03-21,1.18833,1.18833,1.16787,1.17479
2013-03-22,1.16787,1.17479,1.15441,1.1611
2013-03-25,1.17479,1.18164,1.1611,1.16787
2013-03-26,1.16787,1.18833,1.16787,1.18833
2013-03-27,1.18833,1.19509,1.18164,1.18833
2013-03-28,1.18164,1.20192,1.18164,1.18833
2013-04-02,1.18833,1.20192,1.18833,1.18833
2013-04-03,1.19509,1.20192,1.18164,1.18164
2013-04-04,1.18164,1.18833,1.18164,1.18164
2013-04-05,1.18164,1.19509,1.17479,1.19509
2013-04-08,1.20192,1.2087,1.18833,1.18833
2013-04-09,1.20192,1.20192,1.18833,1.19509
2013-04-10,1.18833,1.20192,1.18833,1.18833
2013-04-11,1.19509,1.20192,1.18833,1.20192
2013-04-12,1.20192,1.20192,1.18164,1.18833
2013-04-15,1.17479,1.18164,1.16787,1.18164
2013-04-17,1.19509,1.19509,1.16787,1.17479
2013-04-18,1.16787,1.18164,1.14763,1.14763
2013-04-19,1.15441,1.16787,1.14072,1.16787
2013-04-22,1.16787,1.17479,1.14763,1.14763
2013-04-23,1.14763,1.14763,1.12719,1.14072
2013-04-24,1.14072,1.14072,1.10681,1.13396
2013-04-25,1.13396,1.14072,1.11365,1.12719
2013-04-26,1.12719,1.13396,1.12042,1.12719
2013-04-29,1.12719,1.12719,1.12042,1.12719
2013-04-30,1.12719,1.12719,1.10681,1.12719
2013-05-02,1.13396,1.14763,1.12042,1.12719
2013-05-06,1.12042,1.14763,1.12042,1.14763
2013-05-07,1.14763,1.17479,1.14763,1.16787
2013-05-08,1.16787,1.17479,1.14763,1.1611
2013-05-09,1.1611,1.16787,1.12719,1.13396
2013-05-10,1.13396,1.14072,1.12719,1.14072
2013-05-13,1.14072,1.15441,1.12719,1.15441
2013-05-14,1.15441,1.18164,1.14763,1.14763
2013-05-15,1.14763,1.16787,1.14763,1.16787
2013-05-16,1.16787,1.16787,1.14763,1.15441
2013-05-17,1.15441,1.15441,1.13396,1.13396
2013-05-20,1.14763,1.14763,1.12719,1.12719
2013-05-21,1.12719,1.13396,1.12042,1.12719
2013-05-22,1.12719,1.13396,1.12042,1.12042
2013-05-23,1.10005,1.12719,1.10005,1.12719
2013-05-24,1.12719,1.13396,1.12042,1.12719
2013-05-27,1.12719,1.14763,1.12719,1.14763
2013-05-28,1.15441,1.1611,1.14763,1.14763
2013-05-29,1.14763,1.1611,1.14763,1.15441
2013-05-31,1.14763,1.16186,1.14763,1.16186
2013-06-03,1.14763,1.1611,1.13396,1.14072
2013-06-04,1.14763,1.1611,1.14072,1.1611
2013-06-05,1.15441,1.16787,1.14072,1.14072
2013-06-06,1.14763,1.15441,1.14072,1.15441
2013-06-07,1.14763,1.20192,1.14763,1.20192
2013-06-10,1.18164,1.22907,1.18164,1.22907
2013-06-11,1.21555,1.22223,1.2087,1.21555
2013-06-12,1.2087,1.22907,1.2087,1.21555
2013-06-13,1.20192,1.25623,1.20192,1.24262
2013-06-14,1.24262,1.24938,1.22907,1.22907
2013-06-17,1.22907,1.23585,1.20192,1.2087
2013-06-18,1.2087,1.2087,1.19509,1.20192
2013-06-19,1.2087,1.21555,1.20192,1.20192
2013-06-20,1.18833,1.19509,1.14072,1.14072
2013-06-21,1.14072,1.17479,1.13396,1.14072
2013-06-24,1.13396,1.16787,1.13396,1.15441
2013-06-25,1.15441,1.18833,1.15441,1.17479
2013-06-26,1.17479,1.18164,1.13396,1.18164
2013-06-27,1.17479,1.18164,1.14072,1.16787
2013-06-28,1.16787,1.18833,1.1611,1.18833
2013-07-01,1.19509,1.19509,1.15441,1.15441
2013-07-02,1.16787,1.16787,1.14072,1.1611
2013-07-03,1.14072,1.1611,1.12042,1.13396
2013-07-04,1.13396,1.16787,1.13396,1.16787
2013-07-05,1.15441,1.16787,1.14763,1.15441
2013-07-08,1.1611,1.17479,1.15441,1.15441
2013-07-09,1.16787,1.16787,1.13396,1.14072
2013-07-10,1.14072,1.16787,1.14072,1.16787
2013-07-11,1.17479,1.18164,1.17479,1.17479
2013-07-12,1.17479,1.20192,1.17479,1.20192
2013-07-15,1.20192,1.2087,1.19509,1.2087
2013-07-16,1.2087,1.21555,1.20192,1.21555
2013-07-17,1.21555,1.22223,1.19509,1.21555
2013-07-18,1.21555,1.22223,1.19509,1.22223
2013-07-19,1.21555,1.22907,1.20192,1.22907
2013-07-22,1.22223,1.23585,1.21555,1.23585
2013-07-23,1.23585,1.23585,1.22223,1.23585
2013-07-24,1.22223,1.22907,1.2087,1.2087
2013-07-25,1.2087,1.22907,1.19509,1.22907
2013-07-26,1.21555,1.22907,1.2087,1.2087
2013-07-29,1.21555,1.21555,1.2087,1.2087
2013-07-30,1.21555,1.22223,1.2087,1.22223
2013-07-31,1.2087,1.24938,1.2087,1.24262
2013-08-01,1.24938,1.27659,1.24262,1.27659
2013-08-02,1.27659,1.30382,1.27659,1.30382
2013-08-05,1.30382,1.30382,1.29013,1.29013
2013-08-06,1.28337,1.28337,1.24262,1.24262
2013-08-07,1.24262,1.26976,1.24262,1.26299
2013-08-08,1.26299,1.29013,1.26299,1.28337
2013-08-09,1.29013,1.30382,1.26299,1.30382
2013-08-12,1.29013,1.31735,1.27659,1.30382
2013-08-13,1.30382,1.31058,1.28337,1.30382
2013-08-14,1.30382,1.32412,1.29698,1.31735
2013-08-16,1.31735,1.31735,1.29698,1.30382
2013-08-19,1.29698,1.30382,1.27659,1.30382
2013-08-20,1.29013,1.29013,1.26976,1.28337
2013-08-21,1.28337,1.29698,1.26299,1.26299
2013-08-22,1.27659,1.29013,1.26299,1.27659
2013-08-23,1.28337,1.29013,1.27659,1.29013
2013-08-26,1.29698,1.29698,1.27659,1.27659
2013-08-27,1.26885,1.27599,1.25455,1.26885
2013-08-28,1.26976,1.27659,1.25623,1.26976
2013-08-29,1.26976,1.27659,1.24938,1.26976
2013-08-30,1.27659,1.27659,1.24938,1.27659
2013-09-02,1.28337,1.37157,1.27659,1.37157
2013-09-03,1.36853,1.37567,1.34724,1.35438
2013-09-04,1.36146,1.36146,1.32579,1.32579
2013-09-05,1.31864,1.31864,1.22603,1.26161
2013-09-06,1.26161,1.28306,1.26161,1.26161
2013-09-09,1.27599,1.28306,1.26885,1.28306
2013-09-10,1.29728,1.32579,1.29728,1.32579
2013-09-11,1.32579,1.33294,1.3115,1.33294
2013-09-12,1.32579,1.36146,1.32579,1.36146
2013-09-13,1.35438,1.36146,1.34724,1.36146
2013-09-16,1.36146,1.36853,1.36146,1.36146
2013-09-17,1.36146,1.4327,1.36146,1.36853
2013-09-18,1.36853,1.38275,1.36853,1.38275
2013-09-19,1.41135,1.41135,1.38997,1.38997
2013-09-20,1.38275,1.38997,1.36146,1.36146
2013-09-23,1.36146,1.37567,1.35438,1.35438
2013-09-24,1.35438,1.36853,1.34724,1.36146
2013-09-25,1.36146,1.38275,1.36146,1.37567
2013-09-26,1.37567,1.41135,1.37567,1.41135
2013-09-27,1.41135,1.41135,1.39713,1.40427
2013-09-30,1.38997,1.41135,1.38997,1.39713
2013-10-01,1.38997,1.40427,1.38275,1.39713
2013-10-02,1.41135,1.41135,1.39713,1.41135
2013-10-03,1.41135,1.4327,1.41135,1.41848
2013-10-04,1.41848,1.41848,1.41135,1.41135
2013-10-07,1.41135,1.41135,1.38275,1.40427
2013-10-08,1.38997,1.41135,1.38997,1.41135
2013-10-09,1.39713,1.41135,1.39713,1.41135
2013-10-10,1.41848,1.46122,1.41848,1.44692
2013-10-11,1.44692,1.47552,1.44692,1.46837
2013-10-14,1.45415,1.46837,1.45415,1.46122
2013-10-15,1.47552,1.48973,1.45415,1.45415
2013-10-16,1.46122,1.47552,1.44692,1.45415
2013-10-17,1.46122,1.46122,1.4327,1.4327
2013-10-18,1.4327,1.46122,1.42563,1.46122
2013-10-21,1.46122,1.48266,1.46122,1.48266
2013-10-22,1.48973,1.48973,1.46837,1.47552
2013-10-23,1.46837,1.48266,1.46122,1.47552
2013-10-24,1.47552,1.49688,1.47552,1.49688
2013-10-25,1.48973,1.51118,1.48266,1.51118
2013-10-28,1.51118,1.54677,1.51118,1.54677
2013-10-29,1.54677,1.5825,1.53961,1.55391
2013-10-30,1.56812,1.5825,1.51833,1.53255
2013-10-31,1.53255,1.54677,1.5254,1.53961
2013-11-04,1.55391,1.55391,1.53255,1.53961
2013-11-05,1.54677,1.55391,1.53255,1.53255
2013-11-06,1.53961,1.55391,1.53961,1.54677
2013-11-07,1.54677,1.56098,1.53255,1.53961
2013-11-08,1.53255,1.53961,1.50403,1.5254
2013-11-12,1.53961,1.53961,1.51118,1.51833
2013-11-13,1.51118,1.51118,1.47552,1.48973
2013-11-14,1.50403,1.5254,1.50403,1.5254
2013-11-15,1.53961,1.56098,1.53255,1.55391
2013-11-18,1.55391,1.5825,1.55391,1.5825
2013-11-19,1.56812,1.5825,1.56098,1.56098
2013-11-20,1.56098,1.57536,1.53961,1.54677
2013-11-21,1.53961,1.55391,1.53255,1.54677
2013-11-22,1.55391,1.56812,1.54677,1.56098
2013-11-25,1.5825,1.58958,1.56098,1.57536
2013-11-26,1.56098,1.57536,1.54677,1.55391
2013-11-27,1.55391,1.57536,1.53961,1.57536
2013-11-28,1.56812,1.57536,1.51118,1.51118
2013-11-29,1.50403,1.51833,1.49688,1.49688
2013-12-02,1.49688,1.51118,1.46837,1.47552
2013-12-03,1.47552,1.48266,1.44692,1.44692
2013-12-04,1.44692,1.45415,1.42563,1.43985
2013-12-05,1.43985,1.43985,1.41848,1.41848
2013-12-06,1.42563,1.45415,1.41848,1.44692
2013-12-09,1.45415,1.46837,1.44692,1.44692
2013-12-10,1.44692,1.46122,1.41848,1.43985
2013-12-11,1.43985,1.46837,1.43985,1.46122
2013-12-12,1.45415,1.46122,1.44692,1.45415
2013-12-13,1.46122,1.46122,1.42563,1.4327
2013-12-16,1.42563,1.43985,1.41848,1.43985
2013-12-17,1.43985,1.43985,1.41135,1.41135
2013-12-18,1.41135,1.42563,1.38997,1.42563
2013-12-19,1.43985,1.43985,1.42563,1.4327
2013-12-20,1.41848,1.46837,1.41848,1.46837
2013-12-23,1.46122,1.46837,1.44692,1.44692
2013-12-27,1.44692,1.44692,1.4327,1.43985
2013-12-30,1.42563,1.43985,1.42563,1.43985
2014-01-02,1.45415,1.45415,1.42563,1.43985
2014-01-03,1.43985,1.43985,1.41848,1.41848
2014-01-07,1.41135,1.41135,1.38997,1.39713
2014-01-08,1.40427,1.41135,1.38997,1.39713
2014-01-09,1.40427,1.42563,1.38275,1.38275
2014-01-10,1.38997,1.39713,1.37567,1.38275
2014-01-13,1.39713,1.42563,1.39713,1.41135
2014-01-14,1.40427,1.45415,1.40427,1.44692
2014-01-15,1.45415,1.48973,1.45415,1.48973
2014-01-16,1.46837,1.48973,1.46837,1.48266
2014-01-17,1.46837,1.48973,1.46122,1.46122
2014-01-20,1.45415,1.49688,1.45415,1.49688
2014-01-21,1.48973,1.51118,1.48973,1.51118
2014-01-22,1.51118,1.5254,1.51118,1.5254
2014-01-23,1.51833,1.54677,1.51833,1.53255
2014-01-24,1.5254,1.53255,1.47552,1.47552
2014-01-27,1.46122,1.48266,1.46122,1.47552
2014-01-28,1.46122,1.48973,1.46122,1.48266
2014-01-29,1.49688,1.51118,1.45415,1.46122
2014-01-30,1.45415,1.47552,1.43985,1.47552
2014-01-31,1.47552,1.48973,1.46122,1.48973
2014-02-03,1.48973,1.51118,1.48266,1.48266
2014-02-04,1.47552,1.49688,1.46837,1.47552
2014-02-05,1.47552,1.50403,1.47552,1.49688
2014-02-06,1.50403,1.53255,1.49688,1.53255
2014-02-07,1.5254,1.53961,1.51833,1.53255
2014-02-10,1.53255,1.54677,1.51833,1.51833
2014-02-11,1.51833,1.54677,1.51833,1.53961
2014-02-12,1.54677,1.5825,1.54677,1.57536
2014-02-13,1.56812,1.57536,1.56098,1.57536
2014-02-14,1.56812,1.5825,1.56098,1.57536
2014-02-17,1.56812,1.5825,1.56098,1.57536
2014-02-18,1.5825,1.5825,1.56098,1.56098
2014-02-19,1.55391,1.5825,1.55391,1.56812
2014-02-20,1.54677,1.56098,1.54677,1.55391
2014-02-21,1.56812,1.57536,1.56098,1.57536
2014-02-24,1.56098,1.59672,1.56098,1.59672
2014-02-25,1.58958,1.6038,1.58958,1.59672
2014-02-26,1.59672,1.61801,1.59672,1.6038
2014-02-27,1.59672,1.61086,1.5825,1.58958
2014-02-28,1.59672,1.61801,1.58958,1.61086
2014-03-03,1.56812,1.57536,1.53255,1.53255
2014-03-04,1.53961,1.5825,1.53255,1.56812
2014-03-05,1.56812,1.56812,1.55391,1.56098
2014-03-06,1.56098,1.57536,1.55391,1.56812
2014-03-07,1.56812,1.5825,1.54677,1.54677
2014-03-10,1.53961,1.56098,1.53255,1.53255
2014-03-11,1.53961,1.54677,1.51118,1.51833
2014-03-12,1.51118,1.5254,1.46837,1.46837
2014-03-13,1.46837,1.48266,1.4327,1.4327
2014-03-14,1.41848,1.42563,1.40427,1.42563
2014-03-17,1.4327,1.45415,1.4327,1.44692
2014-03-18,1.44692,1.44692,1.41848,1.4327
2014-03-19,1.43985,1.43985,1.42563,1.43985
2014-03-20,1.42563,1.46837,1.42563,1.45415
2014-03-21,1.46837,1.46837,1.45415,1.45415
2014-03-24,1.45415,1.46837,1.43985,1.44692
2014-03-25,1.43985,1.46122,1.43985,1.45415
2014-03-26,1.46837,1.47552,1.46122,1.46837
2014-03-27,1.46837,1.48973,1.46837,1.46837
2014-03-28,1.47552,1.49688,1.47552,1.48266
2014-03-31,1.48973,1.50403,1.48973,1.50403
2014-04-01,1.49688,1.50403,1.48973,1.48973
2014-04-02,1.50403,1.51833,1.49688,1.51118
2014-04-03,1.51833,1.51833,1.49688,1.50403
2014-04-04,1.49688,1.51118,1.49688,1.50403
2014-04-07,1.49688,1.51118,1.48266,1.49688
2014-04-08,1.49688,1.51833,1.48973,1.51833
2014-04-09,1.51833,1.5254,1.51118,1.51833
2014-04-10,1.5254,1.53255,1.51118,1.51118
2014-04-11,1.49688,1.50403,1.49688,1.50403
2014-04-14,1.50403,1.50403,1.48973,1.49688
2014-04-15,1.48973,1.50403,1.46837,1.46837
2014-04-16,1.47552,1.48973,1.46837,1.46837
2014-04-17,1.48266,1.48973,1.46122,1.48973
2014-04-22,1.48973,1.51833,1.48973,1.50403
2014-04-23,1.51118,1.51833,1.50403,1.50403
2014-04-24,1.51833,1.51833,1.48266,1.48973
2014-04-25,1.47552,1.48973,1.46122,1.48973
2014-04-28,1.46122,1.48266,1.46122,1.46122
2014-04-29,1.47552,1.48266,1.46837,1.48266
2014-04-30,1.48266,1.48973,1.46837,1.46837
2014-05-02,1.46837,1.46837,1.45415,1.46122
2014-05-05,1.46122,1.46837,1.4327,1.43985
2014-05-06,1.44692,1.45415,1.42563,1.42563
2014-05-07,1.42563,1.43985,1.41848,1.42563
2014-05-08,1.43985,1.45415,1.4327,1.4327
2014-05-09,1.4327,1.43985,1.4327,1.4327
2014-05-12,1.4327,1.43985,1.41135,1.4327
2014-05-13,1.4327,1.44692,1.42563,1.42563
2014-05-14,1.42563,1.4327,1.41135,1.42563
2014-05-15,1.42563,1.43985,1.40427,1.41135
2014-05-16,1.41135,1.41135,1.36853,1.37567
2014-05-19,1.38275,1.38275,1.36853,1.38275
2014-05-20,1.38997,1.38997,1.38275,1.38997
2014-05-21,1.38997,1.41848,1.38275,1.41848
2014-05-22,1.4327,1.46122,1.42563,1.46122
2014-05-23,1.46837,1.47552,1.43985,1.45415
2014-05-26,1.46122,1.46837,1.45415,1.46122
2014-05-27,1.45415,1.46837,1.42563,1.42563
2014-05-28,1.42563,1.42563,1.41135,1.41848
2014-05-29,1.41848,1.42563,1.41135,1.42563
2014-05-30,1.42563,1.4327,1.39713,1.39713
2014-06-02,1.40427,1.40427,1.37567,1.38997
2014-06-03,1.38275,1.38997,1.35438,1.35438
2014-06-04,1.35438,1.38997,1.35438,1.38997
2014-06-05,1.39713,1.41135,1.38275,1.38275
2014-06-06,1.39713,1.40427,1.37567,1.40427
2014-06-09,1.40427,1.41135,1.37567,1.38275
2014-06-10,1.39713,1.39713,1.39713,1.39713
2014-06-11,1.38997,1.39713,1.38275,1.38997
2014-06-12,1.38997,1.39713,1.37567,1.39713
2014-06-13,1.38997,1.39713,1.37567,1.37567
2014-06-16,1.36853,1.37567,1.36146,1.37567
2014-06-17,1.38275,1.38997,1.36853,1.37567
2014-06-18,1.37567,1.37567,1.36146,1.36146
2014-06-20,1.36853,1.36853,1.34009,1.34009
2014-06-23,1.34724,1.36146,1.34009,1.34009
2014-06-24,1.36853,1.36853,1.35438,1.35438
2014-06-25,1.34724,1.35438,1.33294,1.33294
2014-06-26,1.33294,1.34009,1.3115,1.3115
2014-06-27,1.3115,1.31864,1.29013,1.29728
2014-06-30,1.30442,1.30442,1.27599,1.29728
2014-07-01,1.29728,1.31864,1.29013,1.3115
2014-07-02,1.31864,1.31864,1.28306,1.29013
2014-07-03,1.29728,1.30442,1.28306,1.30442
2014-07-04,1.30442,1.30442,1.29013,1.29013
2014-07-07,1.29013,1.32579,1.29013,1.32579
2014-07-08,1.32579,1.32579,1.30442,1.30442
2014-07-09,1.3115,1.3115,1.28306,1.28306
2014-07-10,1.29013,1.30442,1.26885,1.29728
2014-07-11,1.29013,1.31864,1.29013,1.3115
2014-07-14,1.31864,1.32579,1.31864,1.32579
2014-07-15,1.32579,1.33294,1.31864,1.31864
2014-07-16,1.32579,1.33294,1.31864,1.31864
2014-07-17,1.31864,1.33294,1.30442,1.33294
2014-07-18,1.32579,1.33294,1.31864,1.33294
2014-07-21,1.33294,1.33294,1.3115,1.31864
2014-07-22,1.31864,1.31864,1.30442,1.31864
2014-07-23,1.32579,1.32579,1.30442,1.3115
2014-07-24,1.3115,1.31864,1.30442,1.30442
2014-07-25,1.30442,1.31864,1.29728,1.31864
2014-07-28,1.31864,1.31864,1.28306,1.28306
2014-07-29,1.29013,1.29728,1.28306,1.28306
2014-07-30,1.28306,1.29013,1.26161,1.26161
2014-07-31,1.26885,1.26885,1.22603,1.22603
2014-08-01,1.23311,1.25455,1.21174,1.24739
2014-08-04,1.26161,1.26161,1.24739,1.24739
2014-08-05,1.25455,1.27599,1.25455,1.27599
2014-08-06,1.26885,1.28306,1.26161,1.28306
2014-08-07,1.28306,1.28306,1.25455,1.25455
2014-08-08,1.24025,1.26161,1.23311,1.26161
2014-08-11,1.26885,1.27599,1.25455,1.27599
2014-08-12,1.26885,1.26885,1.25455,1.26885
2014-08-13,1.27599,1.29728,1.26885,1.29728
2014-08-14,1.29013,1.32579,1.27599,1.32579
2014-08-18,1.32579,1.34724,1.31864,1.34724
2014-08-19,1.35438,1.36853,1.34724,1.35438
2014-08-20,1.34724,1.35438,1.33294,1.34009
2014-08-21,1.34724,1.34724,1.33294,1.33294
2014-08-22,1.33294,1.34009,1.31864,1.33294
2014-08-25,1.33294,1.34724,1.33294,1.34009
2014-08-26,1.33294,1.35438,1.33294,1.34724
2014-08-27,1.34009,1.36146,1.34009,1.34724
2014-08-28,1.34009,1.34009,1.3115,1.32579
2014-08-29,1.31864,1.33294,1.3115,1.3115
2014-09-01,1.31864,1.32579,1.31864,1.32579
2014-09-02,1.32579,1.33294,1.31864,1.31864
2014-09-03,1.32579,1.36853,1.32579,1.34724
2014-09-04,1.34724,1.36853,1.34009,1.36853
2014-09-05,1.36853,1.38997,1.36853,1.37567
2014-09-08,1.38275,1.38997,1.37567,1.38275
2014-09-09,1.37567,1.37567,1.36853,1.36853
2014-09-10,1.36853,1.37567,1.35438,1.36853
2014-09-11,1.36853,1.37567,1.34724,1.34724
2014-09-12,1.35438,1.35438,1.34009,1.34724
2014-09-15,1.34724,1.36146,1.34009,1.36146
2014-09-16,1.37308,1.38762,1.36586,1.38762
2014-09-17,1.38762,1.39484,1.38762,1.38762
2014-09-18,1.38032,1.39484,1.36586,1.36586
2014-09-19,1.37308,1.39484,1.37308,1.39484
2014-09-22,1.39484,1.39484,1.37308,1.37308
2014-09-23,1.38032,1.38032,1.33675,1.33675
2014-09-24,1.34396,1.35857,1.32944,1.32944
2014-09-25,1.34396,1.35857,1.32944,1.32944
2014-09-26,1.32944,1.35857,1.32944,1.35857
2014-09-29,1.35857,1.38032,1.35857,1.38032
2014-09-30,1.38032,1.39484,1.38032,1.38762
2014-10-01,1.38762,1.39484,1.36586,1.36586
2014-10-02,1.35857,1.36586,1.34396,1.34396
2014-10-03,1.35127,1.35857,1.34396,1.34396
2014-10-06,1.35127,1.35127,1.32944,1.32944
2014-10-07,1.32944,1.34396,1.32222,1.32944
2014-10-08,1.32222,1.32944,1.3077,1.3077
2014-10-09,1.32222,1.32222,1.27857,1.27857
2014-10-10,1.27136,1.27857,1.26413,1.26413
2014-10-13,1.27136,1.27857,1.2423,1.25683
2014-10-14,1.25683,1.26413,1.2423,1.26413
2014-10-15,1.26413,1.26413,1.22056,1.25683
2014-10-16,1.27136,1.27136,1.2423,1.26413
2014-10-17,1.26413,1.27857,1.26413,1.27857
2014-10-20,1.27857,1.27857,1.25683,1.25683
2014-10-21,1.25683,1.29318,1.25683,1.29318
2014-10-22,1.3004,1.3004,1.27857,1.28588
2014-10-23,1.27857,1.28588,1.27136,1.27857
2014-10-24,1.27136,1.28588,1.27136,1.27857
2014-10-27,1.29318,1.3004,1.28588,1.29318
2014-10-28,1.29318,1.3077,1.29318,1.3077
2014-10-29,1.315,1.315,1.29318,1.29318
2014-10-30,1.29318,1.3077,1.28588,1.3004
2014-10-31,1.315,1.315,1.3077,1.3077
2014-11-03,1.3077,1.315,1.3077,1.315
2014-11-04,1.3077,1.32222,1.3004,1.3077
2014-11-05,1.3077,1.32944,1.29318,1.315
2014-11-06,1.3077,1.315,1.29318,1.29318
2014-11-07,1.29318,1.29318,1.27136,1.27136
2014-11-10,1.26413,1.27857,1.22056,1.22056
2014-11-12,1.22056,1.22777,1.20596,1.21326
2014-11-13,1.22056,1.23501,1.22056,1.22056
2014-11-14,1.22056,1.25683,1.21326,1.25683
2014-11-17,1.24954,1.26413,1.2423,1.24954
2014-11-18,1.24954,1.27136,1.24954,1.26413
2014-11-19,1.26413,1.26413,1.24954,1.25683
2014-11-20,1.2423,1.2423,1.22056,1.23501
2014-11-21,1.22777,1.2423,1.22777,1.2423
2014-11-24,1.2423,1.25683,1.23501,1.24954
2014-11-25,1.2423,1.25683,1.23501,1.23501
2014-11-26,1.2423,1.24954,1.23501,1.24954
2014-11-27,1.2423,1.25683,1.2423,1.25683
2014-11-28,1.25683,1.26413,1.24954,1.26413
2014-12-01,1.25683,1.26413,1.24954,1.26413
2014-12-02,1.26413,1.28588,1.26413,1.28588
2014-12-03,1.28588,1.29318,1.27857,1.27857
2014-12-04,1.28588,1.29318,1.26413,1.26413
2014-12-05,1.27136,1.27857,1.25683,1.26413
2014-12-08,1.27136,1.27857,1.26413,1.26413
2014-12-09,1.25683,1.26413,1.2423,1.26413
2014-12-10,1.25683,1.25683,1.2423,1.2423
2014-12-11,1.2423,1.25683,1.22777,1.2423
2014-12-12,1.2423,1.2423,1.22056,1.22777
2014-12-15,1.22777,1.23501,1.21326,1.21326
2014-12-16,1.21326,1.21326,1.18414,1.19144
2014-12-17,1.19144,1.20596,1.19144,1.19874
2014-12-18,1.21326,1.22777,1.19874,1.20596
2014-12-19,1.21326,1.21326,1.18414,1.18414
2014-12-22,1.19144,1.19144,1.18414,1.19144
2014-12-23,1.19144,1.19144,1.18414,1.19144
2014-12-29,1.19144,1.19144,1.17691,1.18414
2014-12-30,1.19874,1.19874,1.17691,1.19874
2015-01-02,1.20596,1.20596,1.18414,1.19874
2015-01-05,1.19874,1.19874,1.17691,1.17691
2015-01-07,1.18414,1.19874,1.18414,1.18414
2015-01-08,1.19144,1.22777,1.19144,1.22777
2015-01-09,1.23501,1.23501,1.21326,1.21326
2015-01-12,1.21326,1.22777,1.20596,1.21326
2015-01-13,1.21326,1.2423,1.21326,1.2423
2015-01-14,1.23501,1.23501,1.22056,1.22056
2015-01-15,1.22777,1.23501,1.12612,1.14057
2015-01-16,1.14057,1.14057,1.09699,1.11152
2015-01-19,1.12612,1.13327,1.11152,1.11152
2015-01-20,1.11882,1.12612,1.08247,1.08247
2015-01-21,1.08247,1.11882,1.06796,1.11882
2015-01-22,1.11152,1.13327,1.11152,1.11882
2015-01-23,1.12612,1.12612,1.11152,1.11152
2015-01-26,1.10429,1.10429,1.07526,1.08969
2015-01-27,1.08969,1.11152,1.08247,1.08969
2015-01-28,1.08969,1.1551,1.08969,1.14787
2015-01-29,1.14057,1.1551,1.14057,1.1551
2015-01-30,1.1551,1.16239,1.14787,1.1551
2015-02-02,1.16239,1.16239,1.14057,1.1551
2015-02-03,1.16239,1.16239,1.12612,1.13327
2015-02-04,1.13327,1.14057,1.11882,1.14057
2015-02-05,1.14057,1.14787,1.12612,1.13327
2015-02-06,1.13327,1.13327,1.11882,1.12612
2015-02-09,1.12612,1.12612,1.11152,1.11882
2015-02-10,1.12612,1.12612,1.11152,1.11152
2015-02-11,1.11882,1.11882,1.08969,1.08969
2015-02-12,1.09699,1.11152,1.09699,1.09699
2015-02-13,1.09699,1.10429,1.09699,1.10429
2015-02-16,1.10429,1.11882,1.10429,1.11882
2015-02-17,1.11882,1.11882,1.11152,1.11152
2015-02-18,1.11882,1.11882,1.09699,1.09699
2015-02-19,1.10429,1.10429,1.08969,1.09699
2015-02-20,1.09699,1.10429,1.08969,1.08969
2015-02-23,1.09699,1.10429,1.09699,1.10429
2015-02-24,1.10429,1.11882,1.10429,1.11882
2015-02-25,1.11882,1.12612,1.10429,1.10429
2015-02-26,1.09699,1.10429,1.08969,1.09699
2015-02-27,1.09699,1.09699,1.08969,1.09699
2015-03-02,1.09699,1.09699,1.08247,1.09699
2015-03-03,1.09699,1.09699,1.06796,1.08247
2015-03-04,1.08247,1.11882,1.06796,1.11882
2015-03-05,1.11882,1.1551,1.11882,1.1551
2015-03-06,1.16239,1.16239,1.14057,1.14057
2015-03-09,1.14057,1.14787,1.13327,1.14057
2015-03-10,1.14057,1.14787,1.13327,1.14057
2015-03-11,1.13327,1.14787,1.13327,1.14787
2015-03-12,1.14787,1.16239,1.14057,1.16239
2015-03-13,1.14787,1.1551,1.14787,1.1551
2015-03-16,1.16239,1.16969,1.14057,1.14057
2015-03-17,1.14057,1.14787,1.14057,1.14787
2015-03-18,1.14057,1.1551,1.14057,1.14057
2015-03-19,1.14787,1.16969,1.14787,1.16969
2015-03-20,1.16969,1.17691,1.16969,1.17691
2015-03-23,1.17691,1.17691,1.1551,1.16239
2015-03-24,1.1551,1.16239,1.13327,1.14787
2015-03-25,1.14787,1.14787,1.11882,1.11882
2015-03-26,1.11152,1.11152,1.10429,1.10429
2015-03-27,1.10429,1.12612,1.10429,1.10429
2015-03-30,1.10429,1.11882,1.10429,1.10429
2015-03-31,1.11152,1.11882,1.11152,1.11882
2015-04-01,1.10429,1.11152,1.10429,1.11152
2015-04-02,1.11152,1.11882,1.10429,1.11882
2015-04-07,1.12612,1.13327,1.11882,1.12612
2015-04-08,1.11882,1.13327,1.11882,1.12612
2015-04-09,1.11882,1.12612,1.11882,1.12612
2015-04-10,1.12612,1.12612,1.11882,1.11882
2015-04-13,1.11882,1.12612,1.11882,1.12612
2015-04-14,1.12612,1.13327,1.11882,1.11882
2015-04-15,1.11882,1.16239,1.11882,1.16239
2015-04-16,1.16239,1.19144,1.16239,1.18414
2015-04-17,1.18414,1.19874,1.18414,1.18414
2015-04-20,1.17691,1.19874,1.17691,1.19874
2015-04-21,1.20596,1.20596,1.18414,1.19144
2015-04-22,1.19144,1.19874,1.17691,1.19144
2015-04-23,1.19874,1.19874,1.18414,1.18414
2015-04-24,1.18414,1.18414,1.17691,1.18414
2015-04-27,1.17691,1.19874,1.16969,1.17691
2015-04-28,1.16969,1.19144,1.16969,1.19144
2015-04-29,1.19144,1.19144,1.17691,1.18414
2015-04-30,1.18414,1.19144,1.17691,1.18414
2015-05-04,1.18414,1.20596,1.17691,1.20596
2015-05-05,1.19874,1.20596,1.18414,1.19874
2015-05-06,1.19874,1.22777,1.19144,1.22777
2015-05-07,1.22056,1.23501,1.20596,1.22777
2015-05-08,1.22777,1.2423,1.22056,1.2423
2015-05-11,1.22777,1.23501,1.22056,1.22777
2015-05-12,1.22777,1.23501,1.20596,1.23501
2015-05-13,1.21326,1.21326,1.14787,1.14787
2015-05-14,1.14787,1.14787,1.12612,1.14057
2015-05-15,1.14787,1.14787,1.12612,1.13327
2015-05-18,1.13327,1.14057,1.12612,1.13327
2015-05-19,1.14057,1.14787,1.12612,1.12612
2015-05-20,1.12612,1.13327,1.11882,1.13327
2015-05-21,1.13327,1.14787,1.12612,1.14787
2015-05-22,1.14787,1.1551,1.13327,1.14787
2015-05-25,1.12612,1.12612,1.08969,1.08969
2015-05-26,1.08247,1.09699,1.06064,1.06064
2015-05-27,1.06064,1.06796,1.04613,1.06064
2015-05-28,1.06796,1.06796,1.05343,1.05343
2015-05-29,1.06064,1.06796,1.04613,1.04613
2015-06-01,1.04613,1.06064,1.03883,1.06064
2015-06-02,1.06064,1.06064,1.05343,1.06064
2015-06-03,1.06064,1.06064,1.04613,1.04613
2015-06-05,1.04613,1.05343,1.03168,1.03883
2015-06-08,1.03883,1.06064,1.03883,1.04613
2015-06-09,1.04613,1.06064,1.03883,1.03883
2015-06-10,1.03883,1.07526,1.03883,1.07526
2015-06-11,1.06796,1.06796,1.06064,1.06796
2015-06-12,1.06796,1.06796,1.04613,1.05343
2015-06-15,1.05343,1.05343,1.03883,1.03883
2015-06-16,1.03883,1.03883,1.02438,1.02438
2015-06-17,1.02438,1.02438,0.988042,0.995255
2015-06-18,0.995255,1.00256,0.988042,0.995255
2015-06-19,1.00978,1.00978,0.995255,0.995255
2015-06-22,1.00256,1.02438,1.00256,1.02438
2015-06-23,1.02438,1.03168,1.01709,1.01709
2015-06-24,1.01709,1.02438,1.00256,1.02438
2015-06-25,1.02438,1.04613,1.02438,1.03168
2015-06-26,1.03168,1.03883,1.00978,1.00978
2015-06-29,0.966212,1.00256,0.966212,0.988042
2015-06-30,0.980809,1.00256,0.980809,1.00256
2015-07-01,1.00256,1.01709,0.988042,0.988042
2015-07-02,0.988042,0.995255,0.958989,0.973511
2015-07-03,0.973511,0.980809,0.958989,0.966212
2015-07-06,0.958989,0.980809,0.958989,0.966212
2015-07-07,0.980809,0.980809,0.937241,0.95169
2015-07-08,0.95169,0.958989,0.929942,0.958989
2015-07-09,0.958989,0.973511,0.95169,0.973511
2015-07-10,0.980809,1.00256,0.980809,0.995255
2015-07-13,0.995255,1.00256,0.973511,0.988042
2015-07-14,0.988042,0.988042,0.966212,0.980809
2015-07-15,0.988042,0.995255,0.973511,0.995255
2015-07-16,1.00256,1.00978,0.995255,1.00256
2015-07-17,1.00256,1.00978,0.988042,0.995255
2015-07-20,0.980809,0.980809,0.958989,0.958989
2015-07-21,0.966212,0.973511,0.944382,0.966212
2015-07-22,0.958989,0.958989,0.922642,0.922642
2015-07-23,0.929942,0.944382,0.922642,0.944382
2015-07-24,0.944382,0.944382,0.922642,0.922642
2015-07-27,0.915343,0.922642,0.900823,0.915343
2015-07-28,0.915343,0.929942,0.915343,0.929942
2015-07-29,0.929942,0.973511,0.929942,0.929942
2015-07-30,0.937241,0.944382,0.915343,0.929942
2015-07-31,0.929942,0.944382,0.922642,0.937241
2015-08-03,0.937241,0.95169,0.929942,0.95169
2015-08-04,0.95169,0.95169,0.937241,0.937241
2015-08-05,0.937241,0.958989,0.937241,0.958989
2015-08-06,0.922642,0.922642,0.857258,0.886373
2015-08-07,0.886373,0.900823,0.864553,0.864553
2015-08-10,0.87178,0.908122,0.87178,0.893523
2015-08-11,0.886373,0.900823,0.879073,0.886373
2015-08-12,0.886373,0.886373,0.87178,0.886373
2015-08-13,0.886373,0.908122,0.886373,0.908122
2015-08-14,0.908122,0.908122,0.886373,0.886373
2015-08-17,0.886373,0.893523,0.87178,0.879073
2015-08-18,0.879073,0.893523,0.87178,0.87178
2015-08-19,0.893523,0.908122,0.879073,0.908122
2015-08-20,0.900823,0.908122,0.893523,0.908122
2015-08-21,0.886373,0.922642,0.886373,0.900823
2015-08-24,0.87178,0.886373,0.835505,0.857258
2015-08-25,0.857258,0.893523,0.857258,0.87178
2015-08-26,0.87178,0.886373,0.87178,0.886373
2015-08-27,0.886373,0.908122,0.886373,0.908122
2015-08-28,0.915343,0.937241,0.908122,0.929942
2015-08-31,0.929942,0.937241,0.922642,0.937241
2015-09-01,0.929942,0.929942,0.908122,0.908122
2015-09-02,0.915343,0.922642,0.908122,0.908122
2015-09-03,0.915343,0.944382,0.915343,0.944382
2015-09-04,0.944382,0.944382,0.922642,0.929942
2015-09-07,0.929942,0.929942,0.922642,0.922642
2015-09-08,0.922642,0.929942,0.908122,0.915343
2015-09-09,0.929942,0.929942,0.908122,0.908122
2015-09-10,0.900823,0.929942,0.900823,0.929942
2015-09-11,0.929942,0.966212,0.929942,0.95169
2015-09-14,0.929942,0.937241,0.908122,0.929942
2015-09-15,0.937241,0.95169,0.937241,0.937241
2015-09-16,0.944382,0.95169,0.937241,0.95169
2015-09-17,0.944382,0.966212,0.944382,0.966212
2015-09-18,0.958989,0.966212,0.944382,0.95169
2015-09-21,0.944382,0.958989,0.944382,0.944382
2015-09-22,0.944382,0.95169,0.922642,0.922642
2015-09-23,0.922642,0.944382,0.915343,0.922642
2015-09-24,0.922642,0.937241,0.900823,0.908122
2015-09-25,0.915343,0.929942,0.915343,0.915343
2015-09-28,0.915343,0.922642,0.893523,0.900823
2015-09-29,0.893523,0.908122,0.886373,0.908122
2015-09-30,0.915343,0.937241,0.908122,0.929942
2015-10-01,0.937241,0.937241,0.908122,0.922642
2015-10-02,0.922642,0.922642,0.908122,0.915343
2015-10-05,0.922642,0.95169,0.922642,0.944382
2015-10-06,0.944382,0.958989,0.944382,0.95169
2015-10-07,0.95169,0.973511,0.95169,0.966212
2015-10-08,0.966212,0.995255,0.966212,0.988042
2015-10-09,0.988042,0.995255,0.988042,0.988042
2015-10-12,0.988042,0.988042,0.980809,0.980809
2015-10-13,0.980809,0.980809,0.966212,0.980809
2015-10-14,0.966212,0.988042,0.966212,0.980809
2015-10-15,0.980809,0.988042,0.973511,0.973511
2015-10-16,0.973511,0.980809,0.944382,0.95169
2015-10-19,0.95169,0.966212,0.937241,0.944382
2015-10-20,0.937241,0.95169,0.937241,0.95169
2015-10-21,0.958989,0.973511,0.95169,0.973511
2015-10-22,0.973511,0.980809,0.95169,0.958989
2015-10-23,0.958989,0.973511,0.944382,0.95169
2015-10-26,0.929942,0.944382,0.915343,0.929942
2015-10-27,0.929942,0.944382,0.922642,0.944382
2015-10-28,0.937241,0.944382,0.929942,0.937241
2015-10-29,0.922642,0.929942,0.915343,0.915343
2015-10-30,0.915343,0.915343,0.893523,0.908122
2015-11-02,0.908122,0.915343,0.900823,0.915343
2015-11-03,0.922642,0.922642,0.900823,0.900823
2015-11-04,0.900823,0.908122,0.893523,0.900823
2015-11-05,0.886373,0.900823,0.886373,0.893523
2015-11-06,0.893523,0.900823,0.879073,0.893523
2015-11-09,0.893523,0.900823,0.849956,0.849956
2015-11-10,0.849956,0.857258,0.835505,0.849956
2015-11-12,0.84272,0.857258,0.835505,0.857258
2015-11-13,0.849956,0.857258,0.84272,0.84272
2015-11-16,0.835505,0.84272,0.828201,0.835505
2015-11-17,0.828201,0.849956,0.828201,0.84272
2015-11-18,0.84272,0.864553,0.84272,0.864553
2015-11-19,0.87178,0.87178,0.849956,0.849956
2015-11-20,0.857258,0.864553,0.849956,0.857258
2015-11-23,0.849956,0.849956,0.828201,0.84272
2015-11-24,0.84272,0.84272,0.820907,0.820907
2015-11-25,0.820907,0.835505,0.820907,0.828201
2015-11-26,0.828201,0.828201,0.813682,0.828201
2015-11-27,0.828201,0.835505,0.813682,0.813682
2015-11-30,0.813682,0.828201,0.813682,0.828201
2015-12-01,0.828201,0.835505,0.828201,0.835505
2015-12-02,0.835505,0.835505,0.799081,0.806381
2015-12-03,0.806381,0.813682,0.784634,0.784634
2015-12-04,0.777336,0.791935,0.762812,0.791935
2015-12-07,0.791935,0.813682,0.784634,0.806381
2015-12-08,0.799081,0.813682,0.784634,0.799081
2015-12-09,0.799081,0.799081,0.762812,0.770112
2015-12-10,0.777336,0.799081,0.777336,0.791935
2015-12-11,0.806381,0.806381,0.770112,0.777336
2015-12-14,0.777336,0.791935,0.770112,0.777336
2015-12-15,0.784634,0.791935,0.784634,0.791935
2015-12-16,0.791935,0.813682,0.791935,0.806381
2015-12-17,0.806381,0.849956,0.806381,0.828201
2015-12-18,0.820907,0.84272,0.820907,0.835505
2015-12-21,0.828201,0.84272,0.828201,0.84272
2015-12-22,0.835505,0.84272,0.828201,0.84272
2015-12-23,0.84272,0.84272,0.835505,0.835505
2015-12-28,0.835505,0.84272,0.828201,0.84272
2015-12-29,0.84272,0.849956,0.84272,0.849956
2015-12-30,0.84272,0.849956,0.828201,0.835505
2016-01-04,0.813682,0.820907,0.806381,0.813682
2016-01-05,0.820907,0.820907,0.791935,0.806381
2016-01-07,0.777336,0.791935,0.777336,0.784634
2016-01-08,0.791935,0.791935,0.762812,0.770112
2016-01-11,0.770112,0.770112,0.733766,0.733766
2016-01-12,0.741064,0.762812,0.741064,0.762812
2016-01-13,0.762812,0.770112,0.755512,0.762812
2016-01-14,0.755512,0.770112,0.741064,0.770112
2016-01-15,0.762812,0.762812,0.733766,0.733766
2016-01-18,0.719242,0.726465,0.697496,0.697496
2016-01-19,0.704643,0.719242,0.690196,0.690196
2016-01-20,0.690196,0.711943,0.675672,0.697496
2016-01-21,0.704643,0.711943,0.697496,0.711943
2016-01-22,0.719242,0.741064,0.711943,0.733766
2016-01-25,0.733766,0.733766,0.711943,0.719242
2016-01-26,0.704643,0.719242,0.704643,0.711943
2016-01-27,0.704643,0.719242,0.704643,0.719242
2016-01-28,0.719242,0.748288,0.719242,0.741064
2016-01-29,0.748288,0.755512,0.741064,0.755512
2016-02-01,0.755512,0.762812,0.741064,0.762812
2016-02-02,0.762812,0.762812,0.719242,0.719242
2016-02-03,0.719242,0.733766,0.711943,0.719242
2016-02-04,0.733766,0.741064,0.726465,0.741064
2016-02-05,0.741064,0.755512,0.741064,0.741064
2016-02-08,0.741064,0.741064,0.719242,0.733766
2016-02-09,0.719242,0.726465,0.711943,0.726465
2016-02-10,0.726465,0.741064,0.726465,0.726465
2016-02-11,0.726465,0.741064,0.719242,0.733766
2016-02-12,0.733766,0.762812,0.733766,0.755512
2016-02-15,0.762812,0.770112,0.762812,0.770112
2016-02-16,0.770112,0.770112,0.755512,0.762812
2016-02-17,0.762812,0.784634,0.755512,0.784634
2016-02-18,0.784634,0.799081,0.777336,0.784634
2016-02-19,0.777336,0.777336,0.762812,0.770112
2016-02-22,0.777336,0.791935,0.777336,0.777336
2016-02-23,0.770112,0.777336,0.762812,0.762812
2016-02-24,0.770112,0.770112,0.741064,0.748288
2016-02-25,0.748288,0.762812,0.748288,0.762812
2016-02-26,0.770112,0.770112,0.762812,0.762812
2016-02-29,0.755512,0.755512,0.741064,0.748288
2016-03-01,0.755512,0.762812,0.741064,0.762812
2016-03-02,0.762812,0.770112,0.755512,0.770112
2016-03-03,0.770112,0.784634,0.762812,0.784634
2016-03-04,0.784634,0.791935,0.777336,0.791935
2016-03-07,0.791935,0.799081,0.777336,0.777336
2016-03-08,0.770112,0.777336,0.770112,0.770112
2016-03-09,0.777336,0.784634,0.762812,0.784634
2016-03-10,0.784634,0.799081,0.784634,0.791935
2016-03-11,0.791935,0.828201,0.791935,0.820907
2016-03-14,0.820907,0.828201,0.806381,0.813682
2016-03-15,0.813682,0.813682,0.806381,0.813682
2016-03-16,0.813682,0.828201,0.799081,0.806381
2016-03-17,0.813682,0.820907,0.799081,0.813682
2016-03-18,0.806381,0.820907,0.806381,0.820907
2016-03-21,0.813682,0.820907,0.799081,0.813682
2016-03-22,0.806381,0.813682,0.799081,0.813682
2016-03-23,0.813682,0.813682,0.784634,0.791935
2016-03-24,0.791935,0.791935,0.770112,0.784634
2016-03-29,0.784634,0.799081,0.784634,0.791935
2016-03-30,0.799081,0.820907,0.799081,0.820907
2016-03-31,0.820907,0.835505,0.806381,0.835505
2016-04-01,0.828201,0.828201,0.813682,0.820907
2016-04-04,0.813682,0.820907,0.813682,0.820907
2016-04-05,0.813682,0.820907,0.791935,0.791935
2016-04-06,0.799081,0.806381,0.784634,0.791935
2016-04-07,0.799081,0.806381,0.777336,0.784634
2016-04-08,0.791935,0.806381,0.777336,0.806381
2016-04-11,0.799081,0.806381,0.791935,0.791935
2016-04-12,0.791935,0.791935,0.770112,0.777336
2016-04-13,0.784634,0.791935,0.777336,0.784634
2016-04-14,0.784634,0.791935,0.784634,0.791935
2016-04-15,0.791935,0.799081,0.777336,0.784634
2016-04-18,0.777336,0.784634,0.777336,0.784634
2016-04-19,0.777336,0.791935,0.777336,0.784634
2016-04-20,0.791935,0.791935,0.770112,0.770112
2016-04-21,0.777336,0.777336,0.755512,0.755512
2016-04-22,0.755512,0.762812,0.748288,0.762812
2016-04-25,0.770112,0.770112,0.755512,0.755512
2016-04-26,0.755512,0.755512,0.741064,0.741064
2016-04-27,0.741064,0.748288,0.726465,0.733766
2016-04-28,0.726465,0.733766,0.719242,0.726465
2016-04-29,0.733766,0.733766,0.719242,0.733766
2016-05-02,0.733766,0.733766,0.733766,0.733766
2016-05-04,0.726465,0.726465,0.726465,0.726465
2016-05-05,0.726465,0.726465,0.719242,0.719242
2016-05-06,0.726465,0.748288,0.719242,0.741064
2016-05-09,0.748288,0.748288,0.711943,0.711943
2016-05-10,0.704643,0.711943,0.682895,0.682895
2016-05-11,0.690196,0.690196,0.675672,0.682895
2016-05-12,0.682895,0.697496,0.675672,0.675672
2016-05-13,0.675672,0.690196,0.675672,0.690196
2016-05-16,0.704643,0.719242,0.697496,0.711943
2016-05-17,0.719242,0.719242,0.704643,0.704643
2016-05-18,0.704643,0.711943,0.697496,0.704643
2016-05-19,0.704643,0.704643,0.682895,0.682895
2016-05-20,0.682895,0.697496,0.675672,0.690196
2016-05-23,0.682895,0.711943,0.682895,0.704643
2016-05-24,0.704643,0.719242,0.704643,0.719242
2016-05-25,0.719242,0.726465,0.719242,0.726465
2016-05-27,0.719242,0.726465,0.719242,0.726465
2016-05-30,0.726465,0.733766,0.726465,0.726465
2016-05-31,0.733766,0.733766,0.726465,0.726465
2016-06-01,0.719242,0.719242,0.697496,0.704643
2016-06-02,0.704643,0.711943,0.697496,0.704643
2016-06-03,0.697496,0.704643,0.690196,0.697496
2016-06-06,0.704643,0.711943,0.697496,0.697496
2016-06-07,0.704643,0.719242,0.704643,0.711943
2016-06-08,0.711943,0.719242,0.697496,0.711943
2016-06-09,0.711943,0.711943,0.704643,0.704643
2016-06-10,0.704643,0.704643,0.682895,0.690196
2016-06-13,0.682895,0.697496,0.675672,0.690196
2016-06-14,0.690196,0.697496,0.682895,0.697496
2016-06-15,0.697496,0.704643,0.697496,0.704643
2016-06-16,0.697496,0.697496,0.682895,0.690196
2016-06-17,0.697496,0.697496,0.697496,0.697496
2016-06-20,0.704643,0.711943,0.697496,0.704643
2016-06-21,0.704643,0.733766,0.704643,0.733766
2016-06-22,0.733766,0.741064,0.726465,0.741064
2016-06-23,0.741064,0.762812,0.741064,0.762812
2016-06-24,0.632027,0.719242,0.632027,0.719242
2016-06-27,0.719242,0.719242,0.675672,0.675672
2016-06-28,0.690196,0.690196,0.682895,0.690196
2016-06-29,0.697496,0.697496,0.690196,0.690196
2016-06-30,0.682895,0.690196,0.682895,0.682895
2016-07-01,0.690196,0.690196,0.675672,0.682895
2016-07-04,0.675672,0.675672,0.661073,0.661073
2016-07-05,0.661073,0.675672,0.661073,0.668373
2016-07-06,0.668373,0.668373,0.653773,0.653773
2016-07-07,0.661073,0.668373,0.661073,0.661073
2016-07-08,0.661073,0.668373,0.661073,0.668373
2016-07-11,0.675672,0.690196,0.675672,0.690196
2016-07-12,0.690196,0.690196,0.675672,0.675672
2016-07-13,0.675672,0.682895,0.668373,0.675672
2016-07-14,0.675672,0.690196,0.675672,0.690196
2016-07-15,0.690196,0.697496,0.682895,0.697496
2016-07-18,0.697496,0.711943,0.697496,0.704643
2016-07-19,0.704643,0.711943,0.704643,0.711943
2016-07-20,0.719242,0.719242,0.704643,0.719242
2016-07-21,0.711943,0.719242,0.711943,0.711943
2016-07-22,0.711943,0.711943,0.704643,0.711943
2016-07-25,0.719242,0.719242,0.711943,0.719242
2016-07-26,0.719242,0.719242,0.704643,0.704643
2016-07-27,0.704643,0.711943,0.697496,0.704643
2016-07-28,0.704643,0.719242,0.704643,0.719242
2016-07-29,0.719242,0.719242,0.697496,0.697496
2016-08-01,0.704643,0.704643,0.697496,0.697496
2016-08-02,0.719242,0.777336,0.719242,0.770112
2016-08-03,0.770112,0.784634,0.762812,0.784634
2016-08-04,0.784634,0.799081,0.777336,0.799081
2016-08-05,0.799081,0.806381,0.799081,0.806381
2016-08-08,0.799081,0.799081,0.784634,0.799081
2016-08-09,0.784634,0.799081,0.784634,0.799081
2016-08-10,0.799081,0.799081,0.791935,0.799081
2016-08-11,0.791935,0.806381,0.791935,0.806381
2016-08-12,0.806381,0.806381,0.799081,0.806381
2016-08-16,0.806381,0.806381,0.791935,0.791935
2016-08-17,0.791935,0.791935,0.777336,0.784634
2016-08-18,0.777336,0.784634,0.762812,0.762812
2016-08-19,0.770112,0.770112,0.755512,0.755512
2016-08-22,0.755512,0.762812,0.755512,0.762812
2016-08-23,0.762812,0.770112,0.748288,0.755512
2016-08-24,0.755512,0.762812,0.748288,0.755512
2016-08-25,0.762812,0.762812,0.755512,0.755512
2016-08-26,0.762812,0.770112,0.755512,0.762812
2016-08-29,0.755512,0.770112,0.748288,0.748288
2016-08-30,0.748288,0.770112,0.748288,0.762812
2016-08-31,0.762812,0.762812,0.755512,0.762812
2016-09-01,0.770112,0.770112,0.748288,0.755512
2016-09-02,0.755512,0.755512,0.741064,0.755512
2016-09-05,0.755512,0.762812,0.755512,0.755512
2016-09-06,0.755512,0.770112,0.755512,0.770112
2016-09-07,0.770112,0.799081,0.770112,0.799081
2016-09-08,0.799081,0.806381,0.784634,0.784634
2016-09-09,0.784634,0.784634,0.762812,0.762812
2016-09-12,0.755512,0.762812,0.748288,0.755512
2016-09-13,0.755512,0.762812,0.748288,0.748288
2016-09-14,0.748288,0.777336,0.748288,0.770112
2016-09-15,0.770112,0.784634,0.770112,0.777336
2016-09-16,0.777336,0.777336,0.770112,0.770112
2016-09-19,0.770112,0.777336,0.770112,0.777336
2016-09-20,0.777336,0.777336,0.770112,0.777336
2016-09-21,0.777336,0.777336,0.770112,0.770112
2016-09-22,0.770112,0.799081,0.770112,0.799081
2016-09-23,0.791935,0.791935,0.777336,0.784634
2016-09-26,0.777336,0.777336,0.770112,0.770112
2016-09-27,0.777336,0.777336,0.755512,0.762812
2016-09-28,0.770112,0.770112,0.762812,0.762812
2016-09-29,0.762812,0.762812,0.755512,0.755512
2016-09-30,0.755512,0.755512,0.748288,0.748288
2016-10-03,0.748288,0.755512,0.741064,0.741064
2016-10-04,0.741064,0.755512,0.741064,0.755512
2016-10-05,0.755512,0.770112,0.748288,0.762812
2016-10-06,0.762812,0.770112,0.755512,0.762812
2016-10-07,0.762812,0.762812,0.748288,0.748288
2016-10-10,0.755512,0.762812,0.748288,0.748288
2016-10-11,0.748288,0.755512,0.748288,0.755512
2016-10-12,0.748288,0.755512,0.748288,0.748288
2016-10-13,0.748288,0.748288,0.726465,0.726465
2016-10-14,0.726465,0.741064,0.726465,0.726465
2016-10-17,0.726465,0.733766,0.719242,0.726465
2016-10-18,0.733766,0.741064,0.726465,0.733766
2016-10-19,0.733766,0.741064,0.733766,0.741064
2016-10-20,0.741064,0.741064,0.733766,0.733766
2016-10-21,0.733766,0.748288,0.733766,0.748288
2016-10-24,0.748288,0.762812,0.748288,0.762812
2016-10-25,0.762812,0.784634,0.762812,0.777336
2016-10-26,0.777336,0.777336,0.755512,0.762812
2016-10-27,0.762812,0.770112,0.762812,0.770112
2016-10-28,0.777336,0.791935,0.770112,0.791935
2016-10-31,0.791935,0.791935,0.784634,0.791935
2016-11-02,0.770112,0.777336,0.762812,0.762812
2016-11-03,0.755512,0.770112,0.755512,0.762812
2016-11-04,0.762812,0.770112,0.755512,0.770112
2016-11-07,0.777336,0.784634,0.748288,0.748288
2016-11-08,0.748288,0.755512,0.748288,0.755512
2016-11-09,0.741064,0.762812,0.741064,0.762812
2016-11-10,0.762812,0.777336,0.755512,0.755512
2016-11-14,0.762812,0.762812,0.741064,0.741064
2016-11-15,0.748288,0.755512,0.741064,0.748288
2016-11-16,0.748288,0.748288,0.733766,0.741064
2016-11-17,0.741064,0.741064,0.726465,0.726465
2016-11-18,0.719242,0.726465,0.711943,0.711943
2016-11-21,0.719242,0.719242,0.711943,0.719242
2016-11-22,0.719242,0.726465,0.719242,0.719242
2016-11-23,0.719242,0.726465,0.711943,0.726465
2016-11-24,0.726465,0.726465,0.719242,0.726465
2016-11-25,0.726465,0.726465,0.719242,0.726465
2016-11-28,0.719242,0.719242,0.711943,0.711943
2016-11-29,0.711943,0.719242,0.711943,0.711943
2016-11-30,0.711943,0.719242,0.711943,0.719242
2016-12-01,0.719242,0.719242,0.704643,0.704643
2016-12-02,0.711943,0.726465,0.711943,0.726465
2016-12-05,0.726465,0.755512,0.726465,0.755512
2016-12-06,0.755512,0.770112,0.755512,0.762812
2016-12-07,0.762812,0.791935,0.762812,0.784634
2016-12-08,0.791935,0.791935,0.770112,0.791935
2016-12-09,0.791935,0.791935,0.762812,0.770112
2016-12-12,0.762812,0.762812,0.755512,0.755512
2016-12-13,0.755512,0.784634,0.755512,0.784634
2016-12-14,0.784634,0.791935,0.777336,0.791935
2016-12-15,0.784634,0.784634,0.777336,0.784634
2016-12-16,0.777336,0.784634,0.770112,0.777336
2016-12-19,0.770112,0.784634,0.770112,0.784634
2016-12-20,0.791935,0.799081,0.784634,0.784634
2016-12-21,0.784634,0.791935,0.770112,0.777336
2016-12-22,0.777336,0.791935,0.770112,0.791935
2016-12-23,0.784634,0.799081,0.784634,0.791935
2016-12-27,0.784634,0.791935,0.784634,0.784634
2016-12-28,0.784634,0.791935,0.777336,0.784634
2016-12-29,0.784634,0.791935,0.784634,0.784634
2016-12-30,0.784634,0.799081,0.784634,0.791935
2017-01-02,0.784634,0.799081,0.784634,0.791935
2017-01-03,0.791935,0.84272,0.791935,0.835505
2017-01-04,0.835505,0.857258,0.835505,0.857258
2017-01-05,0.849956,0.857258,0.84272,0.849956
2017-01-09,0.849956,0.857258,0.849956,0.857258
2017-01-10,0.849956,0.87178,0.849956,0.849956
2017-01-11,0.849956,0.864553,0.849956,0.864553
2017-01-12,0.864553,0.864553,0.84272,0.84272
2017-01-13,0.84272,0.849956,0.835505,0.835505
2017-01-16,0.828201,0.849956,0.828201,0.84272
2017-01-17,0.84272,0.84272,0.828201,0.828201
2017-01-18,0.828201,0.835505,0.828201,0.828201
2017-01-19,0.828201,0.84272,0.828201,0.84272
2017-01-20,0.84272,0.857258,0.84272,0.84272
2017-01-23,0.835505,0.835505,0.820907,0.820907
2017-01-24,0.820907,0.84272,0.813682,0.835505
2017-01-25,0.84272,0.886373,0.84272,0.886373
2017-01-26,0.893523,0.908122,0.886373,0.886373
2017-01-27,0.886373,0.893523,0.87178,0.87178
2017-01-30,0.87178,0.879073,0.857258,0.857258
2017-01-31,0.857258,0.87178,0.857258,0.864553
2017-02-01,0.87178,0.879073,0.87178,0.87178
2017-02-02,0.87178,0.879073,0.857258,0.857258
2017-02-03,0.857258,0.87178,0.857258,0.87178
2017-02-06,0.87178,0.900823,0.87178,0.893523
2017-02-07,0.893523,0.893523,0.879073,0.879073
2017-02-08,0.879073,0.886373,0.87178,0.87178
2017-02-09,0.879073,0.908122,0.879073,0.908122
2017-02-10,0.915343,0.937241,0.915343,0.937241
2017-02-13,0.937241,0.958989,0.937241,0.937241
2017-02-14,0.944382,0.95169,0.929942,0.937241
2017-02-15,0.944382,0.980809,0.937241,0.973511
2017-02-16,0.966212,0.980809,0.958989,0.980809
2017-02-17,0.973511,0.973511,0.95169,0.958989
2017-02-20,0.958989,0.966212,0.95169,0.95169
2017-02-21,0.95169,0.988042,0.95169,0.988042
2017-02-22,0.988042,0.995255,0.973511,0.995255
2017-02-23,0.988042,0.995255,0.980809,0.980809
2017-02-24,0.980809,0.980809,0.95169,0.95169
2017-02-27,0.95169,0.958989,0.937241,0.944382
2017-02-28,0.95169,0.95169,0.929942,0.937241
2017-03-01,0.937241,0.995255,0.937241,0.995255
2017-03-02,0.995255,1.00256,0.973511,0.995255
2017-03-03,0.980809,0.988042,0.973511,0.973511
2017-03-06,0.973511,0.988042,0.95169,0.95169
2017-03-07,0.95169,0.95169,0.929942,0.929942
2017-03-08,0.929942,0.929942,0.908122,0.915343
2017-03-09,0.915343,0.922642,0.908122,0.915343
2017-03-10,0.922642,0.944382,0.908122,0.908122
2017-03-13,0.908122,0.937241,0.908122,0.929942
2017-03-14,0.929942,0.929942,0.922642,0.922642
2017-03-15,0.915343,0.915343,0.908122,0.908122
2017-03-16,0.922642,0.937241,0.922642,0.937241
2017-03-17,0.937241,0.944382,0.937241,0.937241
2017-03-20,0.937241,0.937241,0.915343,0.922642
2017-03-21,0.922642,0.95169,0.922642,0.929942
2017-03-22,0.922642,0.922642,0.900823,0.900823
2017-03-23,0.908122,0.915343,0.893523,0.908122
2017-03-24,0.908122,0.929942,0.908122,0.929942
2017-03-27,0.908122,0.915343,0.900823,0.915343
2017-03-28,0.922642,0.922642,0.915343,0.922642
2017-03-29,0.929942,0.929942,0.908122,0.922642
2017-03-30,0.922642,0.929942,0.900823,0.900823
2017-03-31,0.908122,0.915343,0.893523,0.893523
2017-04-03,0.900823,0.922642,0.900823,0.922642
2017-04-04,0.915343,0.937241,0.915343,0.937241
2017-04-05,0.937241,0.944382,0.929942,0.944382
2017-04-06,0.937241,0.944382,0.929942,0.944382
2017-04-07,0.937241,0.937241,0.922642,0.929942
2017-04-10,0.937241,0.937241,0.922642,0.922642
2017-04-11,0.922642,0.937241,0.908122,0.915343
2017-04-12,0.915343,0.922642,0.893523,0.893523
2017-04-13,0.893523,0.900823,0.886373,0.893523
2017-04-18,0.900823,0.908122,0.893523,0.900823
2017-04-19,0.908122,0.922642,0.900823,0.922642
2017-04-20,0.922642,0.929942,0.915343,0.922642
2017-04-21,0.929942,0.929942,0.908122,0.908122
2017-04-24,0.922642,0.929942,0.915343,0.922642
2017-04-25,0.922642,0.958989,0.922642,0.95169
2017-04-26,0.95169,0.980809,0.944382,0.973511
2017-04-27,0.973511,1.00256,0.973511,0.995255
2017-04-28,0.995255,1.00256,0.973511,0.980809
2017-05-02,0.980809,0.988042,0.973511,0.988042
2017-05-04,0.988042,1.02438,0.988042,1.01709
2017-05-05,1.00978,1.01709,1.00256,1.01709
2017-05-08,1.01709,1.01709,0.988042,0.995255
2017-05-09,0.995255,1.03883,0.995255,1.03883
2017-05-10,1.03168,1.03168,1.00256,1.00256
2017-05-11,1.00256,1.02438,0.988042,0.988042
2017-05-12,0.988042,1.00256,0.980809,0.995255
2017-05-15,1.00256,1.00978,0.995255,0.995255
2017-05-16,0.995255,1.00256,0.966212,0.988042
2017-05-17,0.980809,0.988042,0.966212,0.973511
2017-05-18,0.966212,0.973511,0.95169,0.966212
2017-05-19,0.966212,0.973511,0.958989,0.966212
2017-05-22,0.973511,0.995255,0.966212,0.966212
2017-05-23,0.966212,0.966212,0.937241,0.944382
2017-05-24,0.944382,0.988042,0.944382,0.988042
2017-05-25,0.988042,1.00256,0.980809,0.980809
2017-05-26,0.980809,0.995255,0.973511,0.980809
2017-05-29,0.980809,0.980809,0.973511,0.973511
2017-05-30,0.966212,0.973511,0.958989,0.958989
2017-05-31,0.958989,0.995255,0.958989,0.995255
2017-06-01,0.988042,0.988042,0.958989,0.958989
2017-06-02,0.966212,0.973511,0.966212,0.973511
2017-06-05,0.973511,0.980809,0.958989,0.973511
2017-06-06,0.958989,0.980809,0.958989,0.980809
2017-06-07,0.973511,1.00256,0.973511,0.980809
2017-06-08,0.973511,0.995255,0.973511,0.995255
2017-06-09,0.995255,1.01709,0.973511,0.973511
2017-06-12,0.973511,0.980809,0.944382,0.944382
2017-06-13,0.95169,0.966212,0.944382,0.966212
2017-06-14,0.966212,0.973511,0.944382,0.944382
2017-06-16,0.944382,0.966212,0.944382,0.958989
2017-06-19,0.958989,0.973511,0.958989,0.973511
2017-06-20,0.973511,0.973511,0.937241,0.944382
2017-06-21,0.937241,0.944382,0.929942,0.937241
2017-06-22,0.944382,0.944382,0.929942,0.937241
2017-06-23,0.937241,0.944382,0.922642,0.922642
2017-06-26,0.922642,0.958989,0.922642,0.95169
2017-06-27,0.944382,0.966212,0.944382,0.944382
2017-06-28,0.944382,0.944382,0.929942,0.944382
2017-06-29,0.944382,0.95169,0.937241,0.95169
2017-06-30,0.937241,0.95169,0.929942,0.937241
2017-07-03,0.937241,0.966212,0.937241,0.966212
2017-07-04,0.95169,0.95169,0.937241,0.937241
2017-07-05,0.937241,0.944382,0.937241,0.937241
2017-07-06,0.937241,0.95169,0.937241,0.95169
2017-07-07,0.95169,0.95169,0.944382,0.944382
2017-07-10,0.95169,0.95169,0.937241,0.944382
2017-07-11,0.944382,0.95169,0.937241,0.944382
2017-07-12,0.944382,0.966212,0.944382,0.958989
2017-07-13,0.95169,0.958989,0.944382,0.944382
2017-07-14,0.944382,0.95169,0.937241,0.95169
2017-07-17,0.95169,0.973511,0.95169,0.973511
2017-07-18,0.966212,0.973511,0.958989,0.966212
2017-07-19,0.966212,0.988042,0.966212,0.980809
2017-07-20,0.980809,0.988042,0.973511,0.973511
2017-07-21,0.973511,0.980809,0.966212,0.973511
2017-07-24,0.973511,0.988042,0.973511,0.980809
2017-07-25,0.980809,0.988042,0.973511,0.980809
2017-07-26,0.988042,0.988042,0.980809,0.988042
2017-07-27,0.980809,0.988042,0.980809,0.988042
2017-07-28,0.980809,1.00256,0.980809,1.00256
2017-07-31,0.995255,1.00978,0.995255,1.00256
2017-08-01,1.00256,1.01709,1.00256,1.01709
2017-08-02,1.00978,1.01709,0.980809,0.980809
2017-08-03,0.980809,0.988042,0.966212,0.966212
2017-08-04,0.966212,0.988042,0.966212,0.973511
2017-08-07,0.980809,0.980809,0.973511,0.980809
2017-08-08,0.980809,1.00256,0.973511,1.00256
2017-08-09,1.00256,1.00256,0.988042,1.00256
2017-08-10,0.995255,1.00256,0.980809,0.980809
2017-08-11,0.973511,0.980809,0.973511,0.973511
2017-08-14,0.980809,0.988042,0.973511,0.980809
2017-08-16,0.980809,0.980809,0.966212,0.966212
2017-08-17,0.966212,0.966212,0.958989,0.958989
2017-08-18,0.95169,0.958989,0.944382,0.958989
2017-08-21,0.95169,0.966212,0.944382,0.966212
2017-08-22,0.966212,0.966212,0.95169,0.95169
2017-08-23,0.95169,0.958989,0.944382,0.958989
2017-08-24,0.958989,0.973511,0.95169,0.973511
2017-08-25,0.980809,0.980809,0.973511,0.980809
2017-08-28,0.988042,1.00256,0.973511,0.973511
2017-08-29,0.973511,0.973511,0.95169,0.95169
2017-08-30,0.958989,0.988042,0.958989,0.973511
2017-08-31,0.973511,0.988042,0.958989,0.966212
2017-09-01,0.966212,0.973511,0.958989,0.973511
2017-09-04,0.958989,0.973511,0.958989,0.966212
2017-09-05,0.966212,0.973511,0.958989,0.966212
2017-09-06,0.958989,0.966212,0.958989,0.958989
2017-09-07,0.958989,0.966212,0.937241,0.944382
2017-09-08,0.944382,0.95169,0.944382,0.944382
2017-09-11,0.95169,0.95169,0.937241,0.937241
2017-09-12,0.944382,0.95169,0.922642,0.922642
2017-09-13,0.922642,0.929942,0.915343,0.922642
2017-09-14,0.922642,0.929942,0.922642,0.929942
2017-09-15,0.929942,0.937241,0.915343,0.915343
2017-09-18,0.922642,0.937241,0.922642,0.929942
2017-09-19,0.929942,0.95169,0.929942,0.944382
2017-09-20,0.944382,0.95169,0.929942,0.937241
2017-09-21,0.937241,0.944382,0.929942,0.944382
2017-09-22,0.937241,0.95169,0.937241,0.944382
2017-09-25,0.944382,0.944382,0.937241,0.937241
2017-09-26,0.929942,0.937241,0.915343,0.922642
2017-09-27,0.922642,0.929942,0.915343,0.915343
2017-09-28,0.915343,0.915343,0.915343,0.915343
2017-09-29,0.937241,0.937241,0.937241,0.937241
2017-10-02,0.944382,0.944382,0.929942,0.937241
2017-10-03,0.937241,0.944382,0.929942,0.929942
2017-10-04,0.929942,0.944382,0.929942,0.929942
2017-10-05,0.929942,0.937241,0.922642,0.929942
2017-10-06,0.929942,0.929942,0.915343,0.915343
2017-10-09,0.922642,0.929942,0.922642,0.922642
2017-10-10,0.937241,0.95169,0.937241,0.95169
2017-10-11,0.95169,0.973511,0.95169,0.966212
2017-10-12,0.973511,0.980809,0.966212,0.973511
2017-10-13,0.973511,0.980809,0.966212,0.966212
2017-10-16,0.966212,0.980809,0.966212,0.966212
2017-10-17,0.966212,0.980809,0.966212,0.973511
2017-10-18,0.973511,0.973511,0.966212,0.966212
2017-10-19,0.973511,0.995255,0.966212,0.988042
2017-10-20,0.988042,0.988042,0.973511,0.980809
2017-10-23,0.980809,0.980809,0.966212,0.966212
2017-10-24,0.973511,0.980809,0.95169,0.95169
2017-10-25,0.95169,0.966212,0.95169,0.966212
2017-10-26,0.966212,0.966212,0.95169,0.958989
2017-10-27,0.958989,0.988042,0.958989,0.973511
2017-10-30,0.973511,1.01709,0.973511,1.01709
2017-10-31,1.00978,1.02438,1.00256,1.02438
2017-11-02,1.02438,1.02438,1.00256,1.00256
2017-11-03,1.00256,1.01709,0.995255,1.00256
2017-11-06,1.00256,1.03168,1.00256,1.03168
2017-11-07,1.03883,1.06796,1.03883,1.05343
2017-11-08,1.05343,1.06064,1.04613,1.05343
2017-11-09,1.04613,1.05343,1.02438,1.02438
2017-11-10,1.02438,1.03168,1.00978,1.02438
2017-11-13,1.03168,1.06064,1.02438,1.02438
2017-11-14,1.02438,1.03168,1.01709,1.03168
2017-11-15,1.02438,1.03168,1.00978,1.01709
2017-11-16,1.02438,1.03168,1.02438,1.02438
2017-11-17,1.02438,1.04613,1.02438,1.04613
2017-11-20,1.03883,1.06064,1.03883,1.06064
2017-11-21,1.05343,1.06796,1.05343,1.06796
2017-11-22,1.06064,1.07526,1.06064,1.07526
2017-11-23,1.06796,1.08247,1.06796,1.08247
2017-11-24,1.08247,1.08247,1.06796,1.08247
2017-11-27,1.07526,1.09699,1.07526,1.08969
2017-11-28,1.08969,1.10429,1.08969,1.10429
2017-11-29,1.10429,1.11152,1.08247,1.08247
2017-11-30,1.07526,1.09699,1.07526,1.08969
2017-12-01,1.08247,1.08969,1.06064,1.07526
2017-12-04,1.07526,1.08247,1.06064,1.06796
2017-12-05,1.06796,1.07526,1.06796,1.06796
2017-12-06,1.05343,1.06064,1.04613,1.04613
2017-12-07,1.03883,1.06064,1.03883,1.06064
2017-12-08,1.06064,1.08247,1.06064,1.07526
2017-12-11,1.07526,1.08247,1.06796,1.08247
2017-12-12,1.07526,1.08969,1.07526,1.08247
2017-12-13,1.08247,1.08969,1.07526,1.08969
2017-12-14,1.08247,1.10429,1.08247,1.10429
2017-12-15,1.10429,1.11152,1.09699,1.11152
2017-12-18,1.10429,1.11882,1.10429,1.11882
2017-12-19,1.11152,1.11882,1.11152,1.11152
2017-12-20,1.10429,1.13327,1.10429,1.12612
2017-12-21,1.12612,1.12612,1.11882,1.12612
2017-12-22,1.11882,1.12612,1.11152,1.11152
2017-12-27,1.11152,1.14057,1.11152,1.14057
2017-12-28,1.12612,1.14787,1.12612,1.14787
2017-12-29,1.14057,1.14787,1.13327,1.14057
2018-01-03,1.12612,1.12612,1.09699,1.11152
2018-01-04,1.11152,1.13327,1.11152,1.13327
2018-01-05,1.12612,1.14057,1.11882,1.14057
2018-01-08,1.14057,1.16239,1.14057,1.1551
2018-01-09,1.1551,1.16239,1.1551,1.1551
2018-01-10,1.1551,1.1551,1.14057,1.14787
2018-01-11,1.14787,1.16969,1.14787,1.16969
2018-01-12,1.16239,1.17691,1.16239,1.16969
2018-01-15,1.16239,1.16969,1.1551,1.16969
2018-01-16,1.16239,1.19874,1.16239,1.19144
2018-01-17,1.18414,1.19874,1.18414,1.19144
2018-01-18,1.19144,1.19874,1.18414,1.19144
2018-01-19,1.19144,1.19874,1.18414,1.19144
2018-01-22,1.19144,1.19144,1.19144,1.19144
2018-01-23,1.19874,1.20596,1.19874,1.20596
2018-01-24,1.19874,1.22056,1.19874,1.22056
2018-01-25,1.22056,1.22056,1.19144,1.19144
2018-01-26,1.19144,1.20596,1.17691,1.17691
2018-01-29,1.17691,1.18414,1.16969,1.17691
2018-01-30,1.16969,1.18414,1.16969,1.18414
2018-01-31,1.18414,1.19144,1.16969,1.16969
2018-02-01,1.17691,1.18414,1.1551,1.1551
2018-02-02,1.1551,1.16239,1.14057,1.1551
2018-02-05,1.14057,1.1551,1.14057,1.14787
2018-02-06,1.10429,1.12612,1.10429,1.11152
2018-02-07,1.11152,1.14057,1.11152,1.13327
2018-02-08,1.13327,1.14057,1.10429,1.10429
2018-02-09,1.09699,1.11152,1.08969,1.09699
2018-02-12,1.10429,1.13327,1.10429,1.11152
2018-02-13,1.11882,1.12612,1.11152,1.11152
2018-02-14,1.11882,1.12612,1.09699,1.11152
2018-02-15,1.12612,1.13327,1.10429,1.10429
2018-02-16,1.11882,1.11882,1.07526,1.07526
2018-02-19,1.08247,1.10429,1.08247,1.09699
2018-02-20,1.08969,1.10429,1.08969,1.10429
2018-02-21,1.09699,1.10429,1.09699,1.10429
2018-02-22,1.08969,1.13327,1.08969,1.13327
2018-02-23,1.12612,1.14057,1.11882,1.12612
2018-02-26,1.13327,1.14057,1.11882,1.13327
2018-02-27,1.12612,1.14787,1.12612,1.13327
2018-02-28,1.11882,1.13327,1.10429,1.10429
2018-03-01,1.09699,1.09699,1.08247,1.08969
2018-03-02,1.08247,1.08969,1.07526,1.08247
2018-03-05,1.08247,1.11152,1.08247,1.11152
2018-03-06,1.11882,1.11882,1.09699,1.09699
2018-03-07,1.08247,1.10429,1.08247,1.10429
2018-03-08,1.10429,1.10429,1.03883,1.04613
2018-03-09,1.04613,1.06064,1.01709,1.06064
2018-03-12,1.06064,1.08969,1.06064,1.06064
2018-03-13,1.06064,1.06064,1.03883,1.04613
2018-03-14,1.05343,1.05343,1.03883,1.05343
2018-03-15,1.05343,1.05343,1.01709,1.02438
2018-03-16,1.02438,1.02438,1.00256,1.00978
2018-03-19,1.00256,1.00978,0.995255,1.00256
2018-03-20,1.00256,1.03883,1.00256,1.03883
2018-03-21,1.03168,1.06064,1.03168,1.06064
2018-03-22,1.06064,1.07526,1.02438,1.02438
2018-03-23,1.01709,1.02438,1.00256,1.01709
2018-03-26,1.02438,1.02438,1.00256,1.01709
2018-03-27,1.02438,1.03168,1.01709,1.01709
2018-03-28,1.00978,1.00978,0.995255,0.995255
2018-03-29,1.00978,1.01709,1.00256,1.00978
2018-04-03,1.00978,1.02438,1.00256,1.00978
2018-04-04,1.00978,1.00978,0.980809,0.980809
2018-04-05,1.00256,1.00256,0.988042,0.995255
2018-04-06,0.995255,0.995255,0.980809,0.988042
2018-04-09,0.988042,1.00978,0.988042,0.995255
2018-04-10,1.00256,1.00978,0.973511,0.995255
2018-04-11,0.995255,1.00978,0.995255,1.00256
2018-04-12,1.00256,1.03883,1.00256,1.03168
2018-04-13,1.03168,1.03168,1.02438,1.03168
2018-04-16,1.02438,1.03168,1.01709,1.02438
2018-04-17,1.02438,1.04613,1.02438,1.04613
2018-04-18,1.03883,1.04613,1.02438,1.04613
2018-04-19,1.03883,1.06064,1.03883,1.03883
2018-04-20,1.03883,1.04613,1.02438,1.02438
2018-04-23,1.01709,1.03883,1.01709,1.03168
2018-04-24,1.03168,1.05343,1.03168,1.03168
2018-04-25,1.03168,1.03168,1.01709,1.02438
2018-04-26,1.02438,1.05343,1.02438,1.04613
2018-04-27,1.05343,1.05343,1.03168,1.03883
2018-04-30,1.03168,1.05343,1.03168,1.04613
2018-05-02,1.04613,1.06064,1.04613,1.05343
2018-05-04,1.04613,1.04613,1.01709,1.01709
2018-05-07,1.02438,1.02438,1.00256,1.00256
2018-05-08,0.995255,1.03883,0.995255,1.03883
2018-05-09,1.03883,1.06064,1.03883,1.05343
2018-05-10,1.06064,1.06064,1.04613,1.05343
2018-05-11,1.05343,1.06064,1.04613,1.06064
2018-05-14,1.05343,1.06064,1.04613,1.06064
2018-05-15,1.06064,1.06064,1.03168,1.03883
2018-05-16,1.03168,1.03168,1.01709,1.03168
2018-05-17,1.02438,1.03883,1.00978,1.01709
2018-05-18,1.00978,1.01709,1.00978,1.01709
2018-05-21,1.01709,1.03883,1.01709,1.03883
2018-05-22,1.03883,1.04613,1.02438,1.02438
2018-05-23,1.01709,1.01709,0.995255,1.00256
2018-05-24,1.00256,1.00978,0.966212,0.966212
2018-05-25,0.966212,0.980809,0.966212,0.980809
2018-05-28,0.973511,0.988042,0.958989,0.966212
2018-05-29,0.958989,0.973511,0.937241,0.973511
2018-05-30,0.958989,0.958989,0.929942,0.929942
2018-06-01,0.937241,0.944382,0.922642,0.944382
2018-06-04,0.95169,0.973511,0.95169,0.958989
2018-06-05,0.958989,0.980809,0.958989,0.973511
2018-06-06,0.980809,0.980809,0.958989,0.973511
2018-06-07,0.980809,0.995255,0.973511,0.995255
2018-06-08,0.980809,0.995255,0.980809,0.980809
2018-06-11,0.980809,0.995255,0.980809,0.988042
2018-06-12,0.995255,1.00256,0.988042,0.995255
2018-06-13,0.995255,0.995255,0.988042,0.995255
2018-06-14,0.995255,1.00256,0.988042,0.995255
2018-06-15,0.995255,0.995255,0.973511,0.973511
2018-06-18,0.966212,0.966212,0.937241,0.937241
2018-06-19,0.929942,0.937241,0.922642,0.937241
2018-06-20,0.937241,0.966212,0.937241,0.95169
2018-06-21,0.95169,0.958989,0.929942,0.937241
2018-06-22,0.944382,0.944382,0.937241,0.944382
2018-06-25,0.937241,0.95169,0.937241,0.937241
2018-06-26,0.937241,0.95169,0.937241,0.937241
2018-06-27,0.929942,0.937241,0.922642,0.922642
2018-06-28,0.922642,0.922642,0.900823,0.900823
2018-06-29,0.900823,0.915343,0.900823,0.915343
2018-07-02,0.900823,0.915343,0.893523,0.915343
2018-07-03,0.915343,0.95169,0.915343,0.944382
2018-07-04,0.944382,0.95169,0.944382,0.95169
2018-07-05,0.944382,0.958989,0.944382,0.944382
2018-07-06,0.95169,0.95169,0.944382,0.95169
2018-07-09,0.95169,0.958989,0.944382,0.944382
2018-07-10,0.944382,0.973511,0.937241,0.966212
2018-07-11,0.966212,0.966212,0.95169,0.966212
2018-07-12,0.958989,0.980809,0.958989,0.973511
2018-07-13,0.988042,0.988042,0.95169,0.95169
2018-07-16,0.95169,0.958989,0.929942,0.929942
2018-07-17,0.937241,0.937241,0.915343,0.929942
2018-07-18,0.929942,0.937241,0.915343,0.922642
2018-07-19,0.915343,0.937241,0.915343,0.937241
2018-07-20,0.929942,0.966212,0.929942,0.966212
2018-07-23,0.966212,0.988042,0.966212,0.980809
2018-07-24,0.988042,1.01709,0.988042,1.00978
2018-07-25,1.00978,1.00978,1.00256,1.00978
2018-07-26,1.00978,1.03168,1.00256,1.02438
2018-07-27,1.02438,1.02438,1.00978,1.02438
2018-07-30,1.01709,1.03883,1.00978,1.03883
2018-07-31,1.03168,1.04613,1.03168,1.03883
2018-08-01,1.03883,1.04613,1.03168,1.04613
2018-08-02,1.03883,1.04613,1.03168,1.03883
2018-08-03,1.03883,1.03883,1.01709,1.03168
2018-08-06,1.03168,1.04613,1.01709,1.04613
2018-08-07,1.0453,1.05259,1.03792,1.0453
2018-08-08,1.0453,1.0453,1.00849,1.00849
2018-08-09,1.01579,1.03054,1.00849,1.03054
2018-08-10,1.02317,1.02317,0.993743,0.993743
2018-08-13,1.00111,1.00849,0.993743,1.00111
2018-08-14,1.00849,1.01579,0.986359,0.993743
2018-08-16,0.986359,1.01579,0.986359,1.01579
2018-08-17,1.01579,1.01579,0.986359,0.986359
2018-08-20,0.993743,1.01579,0.993743,1.00111
2018-08-21,1.00111,1.03792,1.00111,1.03054
2018-08-22,1.03054,1.05259,1.02317,1.0453
2018-08-23,1.0453,1.08209,1.0453,1.06734
2018-08-24,1.06734,1.08209,1.05997,1.05997
2018-08-27,1.06734,1.08948,1.06734,1.08948
2018-08-28,1.08209,1.11152,1.07473,1.08948
2018-08-29,1.08209,1.09677,1.06734,1.06734
2018-08-30,1.06734,1.07473,1.05997,1.05997
2018-08-31,1.05997,1.06734,1.05259,1.05259
2018-09-03,1.05259,1.07473,1.05259,1.06734
2018-09-04,1.07473,1.08209,1.03792,1.0453
2018-09-05,1.0453,1.05997,1.03792,1.03792
2018-09-06,1.03054,1.05259,1.03054,1.0453
2018-09-07,1.0453,1.05259,1.01579,1.03054
2018-09-10,1.03054,1.0453,1.03054,1.0453
2018-09-11,1.05259,1.05259,1.01579,1.02317
2018-09-12,1.03054,1.03054,0.986359,0.986359
2018-09-13,0.993743,1.00849,0.993743,1.00111
2018-09-14,1.00849,1.01579,0.993743,1.01579
2018-09-17,1.01579,1.02317,0.993743,0.993743
2018-09-18,0.993743,1.03054,0.993743,1.01579
2018-09-19,1.02317,1.05259,1.02317,1.05259
2018-09-20,1.05259,1.05997,1.0453,1.0453
2018-09-21,1.05259,1.05259,1.03054,1.03792
2018-09-24,1.03792,1.0453,1.03054,1.03792
2018-09-25,1.03792,1.06734,1.03792,1.06734
2018-09-26,1.06734,1.07473,1.05997,1.07473
2018-09-27,1.07473,1.08209,1.05997,1.07473
2018-09-28,1.06734,1.07473,1.0453,1.07473
2018-10-01,1.07473,1.08948,1.05259,1.05259
2018-10-02,1.05259,1.05997,1.03792,1.05259
2018-10-03,1.05997,1.07473,1.05259,1.06734
2018-10-04,1.05259,1.07473,1.0453,1.05997
2018-10-05,1.05259,1.06734,1.0453,1.05259
2018-10-08,1.0453,1.05997,1.03792,1.03792
2018-10-09,1.03792,1.05997,1.03792,1.05259
2018-10-10,1.05997,1.05997,1.00849,1.00849
2018-10-11,0.993743,1.01579,0.993743,0.993743
2018-10-12,1.00111,1.00849,0.993743,0.993743
2018-10-15,0.993743,0.993743,0.964302,0.964302
2018-10-16,0.964302,0.993743,0.964302,0.993743
2018-10-17,1.00111,1.00849,0.993743,1.00111
2018-10-18,1.00111,1.01579,1.00111,1.00849
2018-10-19,1.00111,1.02317,1.00111,1.01579
2018-10-22,1.02317,1.02317,1.00111,1.00111
2018-10-23,0.993743,1.00111,0.986359,0.986359
2018-10-24,0.986359,1.00111,0.978985,0.986359
2018-10-25,0.978985,1.00111,0.978985,1.00111
2018-10-26,0.993743,1.00111,0.978985,0.978985
2018-10-29,0.978985,0.993743,0.971686,0.978985
2018-10-30,0.978985,0.986359,0.971686,0.986359
2018-10-31,0.993743,1.00111,0.986359,1.00111
2018-11-02,1.00849,1.02317,1.00849,1.00849
2018-11-05,1.01579,1.03792,1.01579,1.03792
2018-11-06,1.0453,1.0453,1.00111,1.00111
2018-11-07,1.00111,1.03054,1.00111,1.02317
2018-11-08,1.03054,1.03792,1.01579,1.03054
2018-11-09,1.02317,1.03054,1.01579,1.01579
2018-11-13,1.01579,1.02317,1.00849,1.00849
2018-11-14,1.00849,1.01579,1.00111,1.00849
2018-11-15,1.01579,1.02317,0.986359,0.986359
2018-11-16,0.986359,0.986359,0.91275,0.927508
2018-11-19,0.934878,0.956937,0.905381,0.956937
2018-11-20,0.956937,0.964302,0.934878,0.949554
2018-11-21,0.956937,0.971686,0.949554,0.971686
2018-11-22,0.964302,0.971686,0.956937,0.964302
2018-11-23,0.956937,0.971686,0.956937,0.971686
2018-11-26,0.971686,0.986359,0.964302,0.971686
2018-11-27,0.971686,0.978985,0.964302,0.978985
2018-11-28,0.978985,1.00111,0.978985,0.993743
2018-11-29,1.00111,1.01579,1.00111,1.01579
2018-11-30,1.00849,1.00849,0.986359,1.00111
2018-12-03,1.01579,1.01579,1.00849,1.01579
2018-12-04,1.00849,1.02317,1.00849,1.02317
2018-12-05,1.00849,1.02317,1.00111,1.02317
2018-12-06,1.00849,1.00849,0.986359,0.993743
2018-12-07,0.993743,1.00849,0.978985,0.978985
2018-12-10,0.978985,0.978985,0.964302,0.964302
2018-12-11,0.971686,0.971686,0.934878,0.934878
2018-12-12,0.942178,0.978985,0.942178,0.978985
2018-12-13,0.986359,0.993743,0.971686,0.986359
2018-12-14,0.986359,0.993743,0.986359,0.993743
2018-12-17,0.986359,1.00111,0.986359,1.00111
2018-12-18,0.986359,1.01579,0.986359,1.01579
2018-12-19,1.00849,1.01579,1.00849,1.01579
2018-12-20,1.00849,1.00849,0.986359,0.993743
2018-12-21,0.993743,0.993743,0.949554,0.956937
2018-12-27,0.971686,0.971686,0.964302,0.964302
2018-12-28,0.964302,0.971686,0.956937,0.964302
2019-01-02,0.964302,0.986359,0.956937,0.986359
2019-01-03,0.971686,0.971686,0.956937,0.964302
2019-01-04,0.971686,0.993743,0.971686,0.986359
2019-01-07,0.993743,1.00111,0.986359,1.00111
2019-01-08,0.993743,0.993743,0.986359,0.993743
2019-01-09,0.993743,0.993743,0.978985,0.986359
2019-01-10,0.978985,0.978985,0.964302,0.964302
2019-01-11,0.971686,0.978985,0.956937,0.964302
2019-01-14,0.964302,0.971686,0.956937,0.964302
2019-01-15,0.971686,0.978985,0.964302,0.971686
2019-01-16,0.978985,0.978985,0.964302,0.971686
2019-01-17,0.971686,0.978985,0.964302,0.971686
2019-01-18,0.971686,0.986359,0.971686,0.986359
2019-01-21,0.993743,0.993743,0.978985,0.986359
2019-01-22,0.978985,0.993743,0.978985,0.986359
2019-01-23,0.986359,1.00849,0.986359,1.00111
2019-01-24,1.00849,1.02317,1.00111,1.01579
2019-01-25,1.02317,1.02317,0.986359,0.986359
2019-01-28,0.986359,0.986359,0.949554,0.964302
2019-01-29,0.964302,0.978985,0.956937,0.971686
2019-01-30,0.971686,0.971686,0.949554,0.949554
2019-01-31,0.956937,0.971686,0.949554,0.964302
2019-02-01,0.964302,0.971686,0.956937,0.971686
2019-02-04,0.964302,0.971686,0.964302,0.964302
2019-02-05,0.971686,0.971686,0.964302,0.971686
2019-02-06,0.978985,0.986359,0.971686,0.986359
2019-02-07,0.978985,0.978985,0.964302,0.964302
2019-02-08,0.956937,0.956937,0.949554,0.949554
2019-02-11,0.956937,0.964302,0.949554,0.956937
2019-02-12,0.964302,0.971686,0.956937,0.971686
2019-02-13,0.971686,0.971686,0.949554,0.956937
2019-02-14,0.964302,0.964302,0.942178,0.949554
2019-02-15,0.949554,0.964302,0.949554,0.964302
2019-02-18,0.964302,0.964302,0.949554,0.949554
2019-02-19,0.949554,0.949554,0.934878,0.949554
2019-02-20,0.956937,0.971686,0.956937,0.971686
2019-02-21,0.964302,0.978985,0.949554,0.949554
2019-02-22,0.949554,0.964302,0.949554,0.949554
2019-02-25,0.956937,0.956937,0.934878,0.942178
2019-02-26,0.942178,0.949554,0.942178,0.942178
2019-02-27,0.942178,0.942178,0.927508,0.934878
2019-02-28,0.934878,0.934878,0.920129,0.927508
2019-03-01,0.934878,0.934878,0.920129,0.927508
2019-03-04,0.942178,0.949554,0.91275,0.91275
2019-03-05,0.905381,0.91275,0.89809,0.89809
2019-03-06,0.89809,0.905381,0.89809,0.89809
2019-03-07,0.89809,0.905381,0.890711,0.890711
2019-03-08,0.890711,0.89809,0.890711,0.89809
2019-03-11,0.89809,0.905381,0.89809,0.89809
2019-03-12,0.905381,0.905381,0.89809,0.89809
2019-03-13,0.890711,0.905381,0.890711,0.89809
2019-03-14,0.89809,0.905381,0.89809,0.905381
2019-03-15,0.905381,0.927508,0.905381,0.920129
2019-03-18,0.920129,0.920129,0.91275,0.91275
2019-03-19,0.91275,0.920129,0.91275,0.920129
2019-03-20,0.91275,0.934878,0.91275,0.934878
2019-03-21,0.927508,0.934878,0.927508,0.934878
2019-03-22,0.927508,0.927508,0.91275,0.91275
2019-03-25,0.905381,0.91275,0.905381,0.91275
2019-03-26,0.91275,0.927508,0.91275,0.920129
2019-03-27,0.920129,0.927508,0.91275,0.91275
2019-03-28,0.91275,0.920129,0.91275,0.91275
2019-03-29,0.91275,0.91275,0.89809,0.905381
2019-04-01,0.91275,0.920129,0.91275,0.91275
2019-04-02,0.91275,0.927508,0.91275,0.920129
2019-04-03,0.920129,0.934878,0.920129,0.934878
2019-04-04,0.927508,0.949554,0.927508,0.949554
2019-04-05,0.949554,0.949554,0.934878,0.934878
2019-04-08,0.934878,0.934878,0.927508,0.934878
2019-04-09,0.934878,0.934878,0.927508,0.934878
2019-04-10,0.934878,0.942178,0.927508,0.934878
2019-04-11,0.934878,0.934878,0.934878,0.934878
2019-04-12,0.934878,0.934878,0.927508,0.927508
2019-04-15,0.934878,0.934878,0.927508,0.927508
2019-04-16,0.927508,0.942178,0.927508,0.934878
2019-04-17,0.934878,0.942178,0.934878,0.934878
2019-04-18,0.934878,0.934878,0.920129,0.920129
2019-04-23,0.927508,0.934878,0.920129,0.934878
2019-04-24,0.927508,0.934878,0.927508,0.934878
2019-04-25,0.934878,0.934878,0.920129,0.927508
2019-04-26,0.927508,0.942178,0.927508,0.942178
2019-04-29,0.942178,0.949554,0.934878,0.942178
2019-04-30,0.927508,0.927508,0.905381,0.920129
2019-05-02,0.920129,0.927508,0.91275,0.920129
2019-05-06,0.91275,0.920129,0.905381,0.91275
2019-05-07,0.91275,0.91275,0.890711,0.890711
2019-05-08,0.890711,0.89809,0.883332,0.890711
2019-05-09,0.890711,0.890711,0.875963,0.875963
2019-05-10,0.883332,0.89809,0.883332,0.890711
2019-05-13,0.890711,0.89809,0.875963,0.890711
2019-05-14,0.890711,0.890711,0.883332,0.883332
2019-05-15,0.89809,0.89809,0.861207,0.861207
2019-05-16,0.861207,0.883332,0.861207,0.875963
2019-05-17,0.883332,0.883332,0.861207,0.868585
2019-05-20,0.875963,0.875963,0.868585,0.868585
2019-05-21,0.875963,0.875963,0.861207,0.868585
2019-05-22,0.868585,0.875963,0.861207,0.875963
2019-05-23,0.868585,0.875963,0.861207,0.875963
2019-05-24,0.868585,0.883332,0.868585,0.875963
2019-05-27,0.875963,0.883332,0.875963,0.875963
2019-05-28,0.875963,0.883332,0.868585,0.875963
2019-05-29,0.868585,0.883332,0.868585,0.883332
2019-05-30,0.883332,0.89809,0.883332,0.890711
2019-05-31,0.883332,0.91275,0.883332,0.91275
2019-06-03,0.905381,0.920129,0.905381,0.91275
2019-06-04,0.91275,0.920129,0.905381,0.91275
2019-06-05,0.91275,0.920129,0.91275,0.91275
2019-06-06,0.920129,0.964302,0.920129,0.964302
2019-06-07,0.964302,0.978985,0.964302,0.971686
2019-06-10,0.971686,0.971686,0.949554,0.971686
2019-06-11,0.964302,0.986359,0.964302,0.986359
2019-06-12,0.986359,0.986359,0.964302,0.978985
2019-06-13,0.978985,1.00111,0.971686,0.993743
2019-06-14,0.993743,0.993743,0.978985,0.978985
2019-06-17,0.978985,0.986359,0.971686,0.971686
2019-06-18,0.971686,1.00111,0.971686,1.00111
2019-06-19,1.00111,1.00111,0.993743,0.993743
2019-06-21,1.00111,1.00849,0.993743,1.00111
2019-06-24,1.00111,1.00111,0.993743,1.00111
2019-06-25,0.993743,0.993743,0.978985,0.978985
2019-06-26,0.978985,0.986359,0.978985,0.986359
2019-06-27,0.986359,0.993743,0.986359,0.993743
2019-06-28,0.993743,0.993743,0.986359,0.993743
2019-07-01,0.993743,1.00849,0.986359,0.993743
2019-07-02,0.993743,1.00111,0.986359,0.993743
2019-07-03,0.993743,0.993743,0.971686,0.971686
2019-07-04,0.978985,0.986359,0.971686,0.978985
2019-07-05,0.986359,0.986359,0.964302,0.971686
2019-07-08,0.964302,0.971686,0.964302,0.971686
2019-07-09,0.971686,0.971686,0.964302,0.964302
2019-07-10,0.964302,0.978985,0.956937,0.964302
2019-07-11,0.964302,0.971686,0.964302,0.964302
2019-07-12,0.964302,0.964302,0.956937,0.956937
2019-07-15,0.956937,0.964302,0.956937,0.964302
2019-07-16,0.964302,0.971686,0.956937,0.964302
2019-07-17,0.964302,0.971686,0.956937,0.964302
2019-07-18,0.964302,0.978985,0.964302,0.978985
2019-07-19,0.978985,0.993743,0.978985,0.986359
2019-07-22,0.986359,0.986359,0.978985,0.986359
2019-07-23,0.986359,0.993743,0.986359,0.986359
2019-07-24,0.986359,0.986359,0.978985,0.978985
2019-07-25,0.978985,0.986359,0.971686,0.978985
2019-07-26,0.978985,0.978985,0.971686,0.978985
2019-07-29,0.978985,0.978985,0.964302,0.964302
2019-07-30,0.973293,0.973293,0.958072,0.958072
2019-07-31,0.958072,0.980885,0.950471,0.980885
2019-08-01,0.973293,0.980885,0.942866,0.942866
2019-08-02,0.935266,0.942866,0.920058,0.935266
2019-08-05,0.935266,0.942866,0.927658,0.927658
2019-08-06,0.927658,0.942866,0.920058,0.920058
2019-08-07,0.920058,0.935266,0.912451,0.920058
2019-08-08,0.927658,0.950471,0.927658,0.942866
2019-08-09,0.942866,0.950471,0.920058,0.927658
2019-08-12,0.935266,0.942866,0.927658,0.927658
2019-08-13,0.935266,0.942866,0.912451,0.942866
2019-08-14,0.942866,0.942866,0.920058,0.920058
2019-08-16,0.920058,0.942866,0.920058,0.935266
2019-08-19,0.942866,0.942866,0.935266,0.942866
2019-08-20,0.950471,0.950471,0.942866,0.950471
2019-08-21,0.950471,0.965683,0.950471,0.958072
2019-08-22,0.958072,0.965683,0.958072,0.958072
2019-08-23,0.965683,0.973293,0.935266,0.950471
2019-08-26,0.942866,0.950471,0.935266,0.942866
2019-08-27,0.942866,0.950471,0.920058,0.942866
2019-08-28,0.942866,0.942866,0.882036,0.889636
2019-08-29,0.889636,0.897244,0.874429,0.897244
2019-08-30,0.897244,0.942866,0.897244,0.935266
2019-09-02,0.935266,0.942866,0.927658,0.942866
2019-09-03,0.935266,0.935266,0.912451,0.920058
2019-09-04,0.950471,0.950471,0.912451,0.927658
2019-09-05,0.935266,0.942866,0.927658,0.935266
2019-09-06,0.935266,0.950471,0.935266,0.950471
2019-09-09,0.950471,0.988496,0.950471,0.988496
2019-09-10,0.980885,1.00371,0.980885,0.996097
2019-09-11,0.996097,1.00371,0.980885,0.988496
2019-09-12,0.988496,0.988496,0.973293,0.980885
2019-09-13,0.980885,0.988496,0.980885,0.988496
2019-09-16,0.980885,1.00371,0.980885,1.00371
2019-09-17,0.988496,0.996097,0.980885,0.988496
2019-09-18,0.980885,0.988496,0.973293,0.988496
2019-09-19,0.980885,0.980885,0.973293,0.980885
2019-09-20,0.973293,0.980885,0.950471,0.958072
2019-09-23,0.950471,0.950471,0.920058,0.927658
2019-09-24,0.927658,0.950471,0.927658,0.950471
2019-09-25,0.942866,0.942866,0.927658,0.942866
2019-09-26,0.942866,0.950471,0.942866,0.942866
2019-09-27,0.950471,0.958072,0.950471,0.958072
2019-09-30,0.958072,0.958072,0.935266,0.942866
2019-10-01,0.942866,0.942866,0.927658,0.935266
2019-10-02,0.935266,0.935266,0.897244,0.897244
2019-10-03,0.897244,0.935266,0.874429,0.889636
2019-10-04,0.897244,0.912451,0.889636,0.904843
2019-10-07,0.912451,0.912451,0.897244,0.904843
2019-10-08,0.897244,0.904843,0.889636,0.889636
2019-10-09,0.897244,0.904843,0.889636,0.897244
2019-10-10,0.897244,0.897244,0.866833,0.889636
2019-10-11,0.889636,0.912451,0.889636,0.912451
2019-10-14,0.889636,0.912451,0.874429,0.882036
2019-10-15,0.882036,0.882036,0.874429,0.882036
2019-10-16,0.882036,0.904843,0.882036,0.889636
2019-10-17,0.889636,0.912451,0.889636,0.904843
2019-10-18,0.897244,0.904843,0.897244,0.904843
2019-10-21,0.897244,0.912451,0.897244,0.912451
2019-10-22,0.912451,0.927658,0.904843,0.927658
2019-10-23,0.920058,0.927658,0.920058,0.927658
2019-10-24,0.927658,0.935266,0.920058,0.935266
2019-10-25,0.935266,0.935266,0.904843,0.912451
2019-10-28,0.912451,0.927658,0.912451,0.927658
2019-10-29,0.920058,0.935266,0.912451,0.935266
2019-10-30,0.935266,0.942866,0.927658,0.927658
2019-10-31,0.935266,0.935266,0.912451,0.912451
2019-11-04,0.920058,0.950471,0.920058,0.942866
2019-11-05,0.942866,0.958072,0.942866,0.958072
2019-11-06,0.958072,0.958072,0.935266,0.935266
2019-11-07,0.942866,0.950471,0.904843,0.904843
2019-11-08,0.904843,0.912451,0.897244,0.904843
2019-11-12,0.904843,0.912451,0.904843,0.912451
2019-11-13,0.912451,0.912451,0.897244,0.904843
2019-11-14,0.904843,0.912451,0.889636,0.889636
2019-11-15,0.889636,0.897244,0.882036,0.882036
2019-11-18,0.889636,0.889636,0.874429,0.874429
2019-11-19,0.882036,0.882036,0.866833,0.874429
2019-11-20,0.866833,0.874429,0.866833,0.874429
2019-11-21,0.874429,0.882036,0.866833,0.882036
2019-11-22,0.882036,0.897244,0.874429,0.897244
2019-11-25,0.897244,0.897244,0.889636,0.897244
2019-11-26,0.897244,0.897244,0.874429,0.882036
2019-11-27,0.882036,0.882036,0.874429,0.874429
2019-11-28,0.874429,0.874429,0.844019,0.851624
2019-11-29,0.851624,0.851624,0.836418,0.836418
2019-12-02,0.844019,0.851624,0.836418,0.836418
2019-12-03,0.836418,0.836418,0.82121,0.828815
2019-12-04,0.82121,0.836418,0.806001,0.813605
2019-12-05,0.813605,0.82121,0.798398,0.806001
2019-12-06,0.806001,0.806001,0.783191,0.790795
2019-12-09,0.790795,0.790795,0.783191,0.783191
2019-12-10,0.783191,0.790795,0.775587,0.783191
2019-12-11,0.783191,0.783191,0.767983,0.775587
2019-12-12,0.775587,0.798398,0.775587,0.798398
2019-12-13,0.806001,0.806001,0.790795,0.790795
2019-12-16,0.790795,0.813605,0.790795,0.806001
2019-12-17,0.806001,0.82121,0.806001,0.813605
2019-12-18,0.82121,0.82121,0.806001,0.813605
2019-12-19,0.82121,0.82121,0.806001,0.813605
2019-12-20,0.806001,0.813605,0.806001,0.806001
2019-12-23,0.806001,0.806001,0.798398,0.806001
2019-12-27,0.806001,0.806001,0.798398,0.798398
2019-12-30,0.798398,0.813605,0.798398,0.798398
2020-01-02,0.806001,0.828815,0.806001,0.82121
2020-01-03,0.813605,0.813605,0.798398,0.806001
2020-01-07,0.806001,0.813605,0.798398,0.798398
2020-01-08,0.790795,0.798398,0.783191,0.790795
2020-01-09,0.790795,0.806001,0.790795,0.806001
2020-01-10,0.806001,0.806001,0.790795,0.806001
2020-01-13,0.806001,0.828815,0.798398,0.82121
2020-01-14,0.828815,0.828815,0.813605,0.82121
2020-01-15,0.82121,0.82121,0.806001,0.806001
2020-01-16,0.813605,0.813605,0.798398,0.806001
2020-01-17,0.806001,0.82121,0.806001,0.813605
2020-01-20,0.813605,0.813605,0.813605,0.813605
2020-01-21,0.813605,0.82121,0.806001,0.813605
2020-01-22,0.813605,0.813605,0.798398,0.798398
2020-01-23,0.798398,0.828815,0.798398,0.813605
2020-01-24,0.813605,0.828815,0.813605,0.828815
2020-01-27,0.813605,0.82121,0.798398,0.798398
2020-01-28,0.806001,0.813605,0.798398,0.806001
2020-01-29,0.806001,0.813605,0.806001,0.806001
2020-01-30,0.798398,0.813605,0.798398,0.806001
2020-01-31,0.806001,0.806001,0.783191,0.790795
2020-02-03,0.790795,0.806001,0.775587,0.806001
2020-02-04,0.813605,0.836418,0.806001,0.836418
2020-02-05,0.836418,0.844019,0.82121,0.828815
2020-02-06,0.828815,0.828815,0.82121,0.828815
2020-02-07,0.82121,0.828815,0.82121,0.828815
2020-02-10,0.828815,0.828815,0.813605,0.813605
2020-02-11,0.82121,0.82121,0.806001,0.813605
2020-02-12,0.836418,0.859228,0.836418,0.836418
2020-02-13,0.836418,0.836418,0.82121,0.82121
2020-02-14,0.82121,0.82121,0.813605,0.82121
2020-02-17,0.82121,0.82121,0.813605,0.813605
2020-02-18,0.806001,0.813605,0.806001,0.806001
2020-02-19,0.806001,0.806001,0.798398,0.806001
2020-02-20,0.806001,0.806001,0.790795,0.798398
2020-02-21,0.790795,0.798398,0.783191,0.783191
2020-02-24,0.775587,0.775587,0.752774,0.752774
2020-02-25,0.760378,0.760378,0.729964,0.729964
2020-02-26,0.729964,0.745172,0.722359,0.737567
2020-02-27,0.729964,0.745172,0.729964,0.729964
2020-02-28,0.722359,0.729964,0.707151,0.714756
2020-03-02,0.737567,0.745172,0.722359,0.737567
2020-03-03,0.745172,0.767983,0.745172,0.752774
2020-03-04,0.752774,0.760378,0.745172,0.745172
2020-03-05,0.745172,0.752774,0.722359,0.722359
2020-03-06,0.714756,0.722359,0.699549,0.699549
2020-03-09,0.661529,0.669133,0.631115,0.631115
2020-03-10,0.638718,0.653926,0.631115,0.638718
2020-03-11,0.638718,0.646323,0.600699,0.608304
2020-03-12,0.585491,0.585491,0.532265,0.532265
2020-03-13,0.547472,0.570284,0.532265,0.539869
2020-03-16,0.524661,0.524661,0.463831,0.494246
2020-03-17,0.509454,0.517058,0.479038,0.50185
2020-03-18,0.50185,0.509454,0.479038,0.479038
2020-03-19,0.486643,0.50185,0.479038,0.50185
2020-03-20,0.524661,0.547472,0.50185,0.524661
2020-03-23,0.517058,0.517058,0.486643,0.486643
2020-03-24,0.517058,0.517058,0.494246,0.509454
2020-03-25,0.532265,0.532265,0.494246,0.50185
2020-03-26,0.494246,0.539869,0.494246,0.539869
2020-03-27,0.539869,0.539869,0.517058,0.517058
2020-03-30,0.524661,0.524661,0.509454,0.517058
2020-03-31,0.524661,0.532265,0.517058,0.517058
2020-04-01,0.509454,0.509454,0.50185,0.509454
2020-04-02,0.509454,0.509454,0.486643,0.50185
2020-04-03,0.494246,0.50185,0.486643,0.50185
2020-04-06,0.509454,0.517058,0.509454,0.517058
2020-04-07,0.532265,0.555077,0.532265,0.532265
2020-04-08,0.547472,0.547472,0.50185,0.50185
2020-04-09,0.517058,0.517058,0.50185,0.517058
2020-04-14,0.532265,0.532265,0.524661,0.532265
2020-04-15,0.532265,0.532265,0.509454,0.509454
2020-04-16,0.517058,0.517058,0.50185,0.50185
2020-04-17,0.517058,0.517058,0.50185,0.50185
2020-04-20,0.50185,0.509454,0.494246,0.509454
2020-04-21,0.50185,0.50185,0.479038,0.479038
2020-04-22,0.486643,0.494246,0.479038,0.486643
2020-04-23,0.486643,0.486643,0.471436,0.486643
2020-04-24,0.486643,0.486643,0.479038,0.479038
2020-04-27,0.479038,0.479038,0.456227,0.456227
2020-04-28,0.456227,0.471436,0.448624,0.463831
2020-04-29,0.471436,0.50185,0.471436,0.50185
2020-04-30,0.509454,0.517058,0.494246,0.50185
2020-05-04,0.494246,0.494246,0.494246,0.494246
2020-05-05,0.50185,0.50185,0.479038,0.479038
2020-05-06,0.479038,0.479038,0.471436,0.471436
2020-05-07,0.471436,0.486643,0.471436,0.479038
2020-05-08,0.486643,0.486643,0.479038,0.479038
2020-05-11,0.486643,0.486643,0.471436,0.471436
2020-05-12,0.471436,0.494246,0.463831,0.486643
2020-05-13,0.486643,0.50185,0.486643,0.486643
2020-05-14,0.479038,0.479038,0.463831,0.471436
2020-05-15,0.479038,0.479038,0.471436,0.471436
2020-05-18,0.479038,0.494246,0.471436,0.494246
2020-05-19,0.50185,0.50185,0.486643,0.494246
2020-05-20,0.494246,0.494246,0.486643,0.494246
2020-05-21,0.494246,0.494246,0.486643,0.486643
2020-05-22,0.479038,0.486643,0.479038,0.486643
2020-05-25,0.486643,0.486643,0.479038,0.486643
2020-05-26,0.494246,0.517058,0.494246,0.517058
2020-05-27,0.517058,0.547472,0.517058,0.532265
2020-05-28,0.539869,0.56268,0.50185,0.50185
2020-05-29,0.494246,0.50185,0.486643,0.50185
2020-06-01,0.509454,0.509454,0.50185,0.50185
2020-06-02,0.50185,0.509454,0.494246,0.494246
2020-06-03,0.494246,0.509454,0.494246,0.50185
2020-06-04,0.50185,0.509454,0.50185,0.509454
2020-06-05,0.517058,0.532265,0.517058,0.524661
2020-06-08,0.532265,0.547472,0.532265,0.547472
2020-06-09,0.555077,0.555077,0.539869,0.539869
2020-06-10,0.539869,0.539869,0.517058,0.524661
2020-06-12,0.50185,0.517058,0.50185,0.50185
2020-06-15,0.494246,0.494246,0.486643,0.486643
2020-06-16,0.50185,0.524661,0.50185,0.517058
2020-06-17,0.524661,0.524661,0.509454,0.509454
2020-06-18,0.50185,0.517058,0.50185,0.517058
2020-06-19,0.517058,0.517058,0.509454,0.517058
2020-06-22,0.517058,0.517058,0.50185,0.50185
2020-06-23,0.509454,0.532265,0.509454,0.524661
2020-06-24,0.524661,0.532265,0.509454,0.509454
2020-06-25,0.509454,0.509454,0.50185,0.509454
2020-06-26,0.509454,0.509454,0.50185,0.50185
2020-06-29,0.50185,0.509454,0.494246,0.509454
2020-06-30,0.509454,0.509454,0.50185,0.509454
2020-07-01,0.509454,0.517058,0.50185,0.517058
2020-07-02,0.517058,0.524661,0.517058,0.524661
2020-07-03,0.524661,0.524661,0.517058,0.517058
2020-07-06,0.532265,0.532265,0.524661,0.524661
2020-07-07,0.524661,0.524661,0.517058,0.524661
2020-07-08,0.517058,0.524661,0.517058,0.524661
2020-07-09,0.524661,0.524661,0.517058,0.517058
2020-07-10,0.517058,0.524661,0.517058,0.524661
2020-07-13,0.532265,0.532265,0.524661,0.532265
2020-07-14,0.524661,0.532265,0.524661,0.524661
2020-07-15,0.532265,0.539869,0.524661,0.539869
2020-07-16,0.532265,0.539869,0.532265,0.532265
2020-07-17,0.539869,0.539869,0.524661,0.524661
2020-07-20,0.524661,0.532265,0.517058,0.532265
2020-07-21,0.532265,0.555077,0.532265,0.539869
2020-07-22,0.539869,0.539869,0.524661,0.524661
2020-07-23,0.524661,0.524661,0.517058,0.517058
2020-07-24,0.517058,0.517058,0.517058,0.517058
2020-07-27,0.517058,0.517058,0.50185,0.509454
2020-07-28,0.509454,0.517058,0.50185,0.509454
2020-07-29,0.509454,0.509454,0.50185,0.50185
2020-07-30,0.50185,0.50185,0.486643,0.486643
2020-07-31,0.486643,0.494246,0.486643,0.486643
2020-08-03,0.486643,0.494246,0.479038,0.486643
2020-08-04,0.494246,0.50185,0.494246,0.494246
2020-08-05,0.509454,0.509454,0.479038,0.479038
2020-08-06,0.479038,0.486643,0.463831,0.471436
2020-08-07,0.471436,0.471436,0.463831,0.463831
2020-08-10,0.471436,0.471436,0.463831,0.471436
2020-08-11,0.471436,0.50185,0.471436,0.50185
2020-08-12,0.50185,0.509454,0.494246,0.50185
2020-08-13,0.50185,0.509454,0.50185,0.50185
2020-08-14,0.494246,0.50185,0.486643,0.50185
2020-08-17,0.50185,0.50185,0.494246,0.50185
2020-08-18,0.494246,0.50185,0.486643,0.494246
2020-08-19,0.494246,0.494246,0.479038,0.479038
2020-08-20,0.486643,0.486643,0.471436,0.471436
2020-08-21,0.479038,0.479038,0.479038,0.479038
2020-08-24,0.479038,0.486643,0.479038,0.486643
2020-08-25,0.486643,0.494246,0.471436,0.471436
2020-08-26,0.479038,0.479038,0.479038,0.479038
2020-08-27,0.479038,0.479038,0.471436,0.479038
2020-08-28,0.479038,0.486643,0.471436,0.479038
2020-08-31,0.479038,0.479038,0.463831,0.463831
2020-09-01,0.471436,0.471436,0.456227,0.456227
2020-09-02,0.456227,0.463831,0.456227,0.456227
2020-09-03,0.456227,0.463831,0.456227,0.456227
2020-09-04,0.456227,0.456227,0.448624,0.456227
2020-09-07,0.456227,0.456227,0.448624,0.456227
2020-09-08,0.456227,0.463831,0.44102,0.448624
2020-09-09,0.448624,0.463831,0.448624,0.456227
2020-09-10,0.456227,0.463831,0.448624,0.463831
2020-09-11,0.463831,0.463831,0.456227,0.463831
2020-09-14,0.471436,0.479038,0.471436,0.471436
2020-09-15,0.479038,0.479038,0.463831,0.471436
2020-09-16,0.471436,0.471436,0.463831,0.471436
2020-09-17,0.463831,0.471436,0.463831,0.471436
2020-09-18,0.471436,0.471436,0.463831,0.463831
2020-09-21,0.456227,0.456227,0.433417,0.44102
2020-09-22,0.44102,0.448624,0.433417,0.44102
2020-09-23,0.448624,0.448624,0.433417,0.433417
2020-09-24,0.433417,0.433417,0.433417,0.433417
2020-09-25,0.433417,0.44102,0.425812,0.433417
2020-09-28,0.433417,0.456227,0.433417,0.456227
2020-09-29,0.456227,0.456227,0.448624,0.448624
2020-09-30,0.448624,0.463831,0.448624,0.456227
2020-10-01,0.463831,0.463831,0.456227,0.456227
2020-10-02,0.448624,0.463831,0.448624,0.456227
2020-10-05,0.463831,0.471436,0.463831,0.471436
2020-10-06,0.479038,0.494246,0.479038,0.486643
2020-10-07,0.486643,0.494246,0.486643,0.494246
2020-10-08,0.494246,0.494246,0.486643,0.486643
2020-10-09,0.486643,0.486643,0.463831,0.479038
2020-10-12,0.479038,0.479038,0.471436,0.479038
2020-10-13,0.479038,0.479038,0.463831,0.463831
2020-10-14,0.463831,0.479038,0.463831,0.463831
2020-10-15,0.456227,0.463831,0.448624,0.448624
2020-10-16,0.448624,0.456227,0.44102,0.456227
2020-10-19,0.456227,0.463831,0.44102,0.44102
2020-10-20,0.44102,0.448624,0.433417,0.44102
2020-10-21,0.44102,0.448624,0.433417,0.433417
2020-10-22,0.433417,0.448624,0.433417,0.44102
2020-10-23,0.44102,0.456227,0.44102,0.448624
2020-10-26,0.448624,0.456227,0.448624,0.448624
2020-10-27,0.456227,0.456227,0.44102,0.448624
2020-10-28,0.44102,0.44102,0.410604,0.418208
2020-10-29,0.418208,0.418208,0.395396,0.410604
2020-10-30,0.403,0.410604,0.395396,0.410604
2020-11-02,0.410604,0.425812,0.410604,0.425812
2020-11-03,0.425812,0.448624,0.425812,0.448624
2020-11-04,0.44102,0.456227,0.433417,0.433417
2020-11-05,0.44102,0.448624,0.425812,0.44102
2020-11-06,0.44102,0.448624,0.433417,0.448624
2020-11-09,0.448624,0.486643,0.44102,0.486643
2020-11-10,0.486643,0.524661,0.479038,0.517058
2020-11-12,0.509454,0.524661,0.509454,0.524661
2020-11-13,0.524661,0.539869,0.524661,0.532265
2020-11-16,0.539869,0.577887,0.539869,0.570284
2020-11-17,0.570284,0.570284,0.555077,0.570284
2020-11-18,0.56268,0.577887,0.56268,0.577887
2020-11-19,0.570284,0.577887,0.570284,0.570284
2020-11-20,0.56268,0.570284,0.56268,0.570284
2020-11-23,0.570284,0.593096,0.570284,0.593096
2020-11-24,0.593096,0.600699,0.585491,0.593096
2020-11-25,0.600699,0.600699,0.585491,0.593096
2020-11-26,0.593096,0.593096,0.593096,0.593096
2020-11-27,0.593096,0.593096,0.577887,0.593096
2020-11-30,0.585491,0.585491,0.56268,0.56268
2020-12-01,0.56268,0.570284,0.56268,0.56268
2020-12-02,0.555077,0.577887,0.555077,0.577887
2020-12-03,0.577887,0.585491,0.570284,0.585491
2020-12-04,0.577887,0.593096,0.577887,0.593096
2020-12-07,0.593096,0.600699,0.585491,0.600699
2020-12-08,0.600699,0.600699,0.593096,0.600699
2020-12-09,0.600699,0.631115,0.600699,0.615907
2020-12-10,0.615907,0.623511,0.600699,0.608304
2020-12-11,0.608304,0.615907,0.600699,0.615907
2020-12-14,0.615907,0.623511,0.600699,0.600699
2020-12-15,0.600699,0.608304,0.600699,0.608304
2020-12-16,0.615907,0.623511,0.615907,0.623511
2020-12-17,0.623511,0.623511,0.593096,0.600699
2020-12-18,0.600699,0.608304,0.593096,0.600699
2020-12-21,0.593096,0.593096,0.570284,0.585491
2020-12-22,0.585491,0.608304,0.585491,0.608304
2020-12-23,0.608304,0.615907,0.608304,0.608304
2020-12-28,0.615907,0.631115,0.615907,0.631115
2020-12-29,0.638718,0.638718,0.623511,0.631115
2020-12-30,0.646323,0.646323,0.608304,0.608304
2021-01-04,0.608304,0.631115,0.608304,0.615907
2021-01-05,0.615907,0.631115,0.615907,0.631115
2021-01-07,0.646323,0.676737,0.646323,0.676737
2021-01-08,0.676737,0.699549,0.676737,0.691945
2021-01-11,0.691945,0.714756,0.684341,0.691945
2021-01-12,0.699549,0.699549,0.676737,0.676737
2021-01-13,0.684341,0.684341,0.669133,0.676737
2021-01-14,0.676737,0.676737,0.653926,0.661529
2021-01-15,0.661529,0.669133,0.646323,0.646323
2021-01-18,0.646323,0.661529,0.646323,0.653926
2021-01-19,0.661529,0.661529,0.638718,0.638718
2021-01-20,0.638718,0.646323,0.623511,0.646323
2021-01-21,0.653926,0.653926,0.631115,0.638718
2021-01-22,0.631115,0.638718,0.623511,0.631115
2021-01-25,0.631115,0.631115,0.615907,0.623511
2021-01-26,0.615907,0.631115,0.608304,0.623511
2021-01-27,0.623511,0.623511,0.608304,0.608304
2021-01-28,0.608304,0.623511,0.600699,0.615907
2021-01-29,0.608304,0.615907,0.608304,0.615907
2021-02-01,0.608304,0.623511,0.608304,0.615907
2021-02-02,0.623511,0.631115,0.615907,0.623511
2021-02-03,0.631115,0.631115,0.615907,0.615907
2021-02-04,0.608304,0.615907,0.600699,0.600699
2021-02-05,0.600699,0.623511,0.600699,0.608304
2021-02-08,0.608304,0.615907,0.593096,0.600699
2021-02-09,0.600699,0.600699,0.593096,0.593096
2021-02-10,0.593096,0.600699,0.585491,0.585491
2021-02-11,0.585491,0.600699,0.585491,0.600699
2021-02-12,0.600699,0.600699,0.585491,0.593096
2021-02-15,0.600699,0.623511,0.600699,0.623511
2021-02-16,0.623511,0.669133,0.623511,0.661529
2021-02-17,0.661529,0.669133,0.646323,0.653926
2021-02-18,0.653926,0.661529,0.638718,0.638718
2021-02-19,0.638718,0.646323,0.623511,0.646323
2021-02-22,0.631115,0.638718,0.631115,0.638718
2021-02-23,0.638718,0.638718,0.615907,0.623511
2021-02-24,0.623511,0.631115,0.623511,0.623511
2021-02-25,0.631115,0.638718,0.631115,0.638718
2021-02-26,0.631115,0.638718,0.623511,0.631115
2021-03-01,0.638718,0.653926,0.638718,0.653926
2021-03-02,0.653926,0.653926,0.646323,0.646323
2021-03-03,0.646323,0.669133,0.646323,0.646323
2021-03-04,0.646323,0.653926,0.631115,0.646323
2021-03-05,0.646323,0.653926,0.646323,0.653926
2021-03-08,0.653926,0.669133,0.653926,0.669133
2021-03-09,0.669133,0.684341,0.661529,0.676737
2021-03-10,0.676737,0.684341,0.676737,0.684341
2021-03-11,0.684341,0.691945,0.661529,0.669133
2021-03-12,0.669133,0.676737,0.661529,0.676737
2021-03-15,0.676737,0.684341,0.669133,0.676737
2021-03-16,0.676737,0.676737,0.653926,0.661529
2021-03-17,0.661529,0.661529,0.631115,0.646323
2021-03-18,0.653926,0.669133,0.646323,0.669133
2021-03-19,0.661529,0.661529,0.646323,0.653926
2021-03-22,0.646323,0.661529,0.646323,0.661529
2021-03-23,0.669133,0.691945,0.653926,0.684341
2021-03-24,0.676737,0.684341,0.669133,0.684341
2021-03-25,0.684341,0.684341,0.669133,0.676737
2021-03-26,0.676737,0.684341,0.676737,0.684341
2021-03-29,0.684341,0.684341,0.684341,0.684341
2021-03-30,0.684341,0.691945,0.684341,0.684341
2021-03-31,0.684341,0.699549,0.684341,0.684341
2021-04-01,0.691945,0.691945,0.676737,0.684341
2021-04-06,0.676737,0.699549,0.676737,0.699549
2021-04-07,0.691945,0.691945,0.684341,0.691945
2021-04-08,0.691945,0.691945,0.676737,0.684341
2021-04-09,0.684341,0.684341,0.669133,0.676737
2021-04-12,0.676737,0.684341,0.669133,0.684341
2021-04-13,0.684341,0.684341,0.669133,0.676737
2021-04-14,0.684341,0.691945,0.684341,0.691945
2021-04-15,0.691945,0.691945,0.684341,0.691945
2021-04-16,0.691945,0.699549,0.691945,0.691945
2021-04-19,0.699549,0.699549,0.691945,0.691945
2021-04-20,0.684341,0.699549,0.684341,0.691945
2021-04-21,0.691945,0.699549,0.684341,0.699549
2021-04-22,0.699549,0.699549,0.684341,0.691945
2021-04-23,0.684341,0.691945,0.684341,0.684341
2021-04-26,0.684341,0.691945,0.684341,0.684341
2021-04-27,0.684341,0.691945,0.684341,0.691945
2021-04-28,0.691945,0.707151,0.691945,0.699549
2021-04-29,0.707151,0.844019,0.707151,0.844019
2021-04-30,0.851624,0.851624,0.836418,0.836418
2021-05-04,0.844019,0.844019,0.813605,0.813605
2021-05-05,0.813605,0.828815,0.813605,0.828815
2021-05-06,0.828815,0.844019,0.82121,0.82121
2021-05-07,0.82121,0.851624,0.82121,0.851624
2021-05-10,0.859228,0.897244,0.859228,0.882036
2021-05-11,0.874429,0.882036,0.806001,0.82121
2021-05-12,0.828815,0.828815,0.798398,0.806001
2021-05-13,0.806001,0.813605,0.790795,0.813605
2021-05-14,0.82121,0.82121,0.806001,0.82121
2021-05-17,0.82121,0.844019,0.82121,0.844019
2021-05-18,0.844019,0.844019,0.836418,0.836418
2021-05-19,0.836418,0.844019,0.836418,0.844019
2021-05-20,0.844019,0.851624,0.836418,0.844019
2021-05-21,0.851624,0.882036,0.851624,0.882036
2021-05-24,0.882036,0.882036,0.874429,0.882036
2021-05-25,0.882036,0.912451,0.882036,0.904843
2021-05-26,0.904843,0.920058,0.897244,0.904843
2021-05-27,0.904843,0.935266,0.904843,0.935266
2021-05-28,0.927658,0.950471,0.927658,0.935266
2021-05-31,0.935266,0.965683,0.927658,0.950471
2021-06-01,0.950471,0.958072,0.927658,0.935266
2021-06-02,0.935266,0.942866,0.927658,0.935266
2021-06-04,0.942866,0.958072,0.935266,0.942866
2021-06-07,0.942866,0.950471,0.927658,0.927658
2021-06-08,0.920058,0.935266,0.920058,0.927658
2021-06-09,0.927658,0.935266,0.912451,0.920058
2021-06-10,0.912451,0.950471,0.912451,0.942866
2021-06-11,0.935266,0.942866,0.927658,0.935266
2021-06-14,0.942866,0.950471,0.942866,0.950471
2021-06-15,0.950471,0.950471,0.935266,0.942866
2021-06-16,0.935266,0.950471,0.935266,0.950471
2021-06-17,0.935266,0.950471,0.935266,0.942866
2021-06-18,0.942866,0.950471,0.942866,0.950471
2021-06-21,0.935266,0.950471,0.935266,0.950471
2021-06-22,0.950471,0.950471,0.935266,0.942866
2021-06-23,0.950471,0.950471,0.935266,0.942866
2021-06-24,0.942866,0.965683,0.942866,0.965683
2021-06-25,0.965683,0.965683,0.950471,0.958072
2021-06-28,0.958072,0.958072,0.942866,0.958072
2021-06-29,0.950471,0.950471,0.927658,0.935266
2021-06-30,0.935266,0.935266,0.889636,0.889636
2021-07-01,0.889636,0.904843,0.889636,0.904843
2021-07-02,0.904843,0.912451,0.889636,0.889636
2021-07-05,0.889636,0.904843,0.889636,0.897244
2021-07-06,0.897244,0.897244,0.874429,0.874429
2021-07-07,0.874429,0.889636,0.874429,0.889636
2021-07-08,0.882036,0.889636,0.866833,0.866833
2021-07-09,0.866833,0.882036,0.859228,0.874429
2021-07-12,0.874429,0.874429,0.859228,0.859228
2021-07-13,0.859228,0.874429,0.859228,0.866833
2021-07-14,0.866833,0.882036,0.866833,0.866833
2021-07-15,0.866833,0.882036,0.866833,0.874429
2021-07-16,0.874429,0.882036,0.874429,0.874429
2021-07-19,0.866833,0.866833,0.851624,0.859228
2021-07-20,0.859228,0.866833,0.844019,0.859228
2021-07-21,0.866833,0.897244,0.866833,0.889636
2021-07-22,0.889636,0.889636,0.874429,0.874429
2021-07-23,0.882036,0.882036,0.866833,0.866833
2021-07-26,0.874429,0.882036,0.859228,0.874429
2021-07-27,0.874429,0.874429,0.859228,0.866833
2021-07-28,0.866833,0.889636,0.866833,0.889636
2021-07-29,0.889636,0.889636,0.882036,0.889636
2021-07-30,0.882036,0.889636,0.882036,0.889636
2021-08-02,0.889636,0.897244,0.882036,0.882036
2021-08-03,0.882036,0.889636,0.874429,0.882036
2021-08-04,0.882036,0.897244,0.882036,0.889636
2021-08-05,0.889636,0.897244,0.889636,0.897244
2021-08-06,0.897244,0.920058,0.889636,0.912451
2021-08-09,0.904843,0.927658,0.904843,0.927658
2021-08-10,0.927658,0.927658,0.912451,0.920058
2021-08-11,0.920058,0.942866,0.912451,0.935266
2021-08-12,0.935266,0.935266,0.912451,0.920058
2021-08-13,0.920058,0.920058,0.904843,0.920058
2021-08-16,0.912451,0.920058,0.912451,0.912451
2021-08-17,0.912451,0.927658,0.912451,0.927658
2021-08-18,0.927658,0.927658,0.920058,0.920058
2021-08-19,0.912451,0.912451,0.897244,0.904843
2021-08-20,0.904843,0.904843,0.889636,0.897244
2021-08-23,0.904843,0.920058,0.897244,0.920058
2021-08-24,0.927658,0.927658,0.920058,0.927658
2021-08-25,0.920058,0.950471,0.920058,0.950471
2021-08-26,0.942866,0.942866,0.935266,0.935266
2021-08-27,0.927658,0.942866,0.927658,0.942866
2021-08-30,0.942866,0.950471,0.935266,0.950471
2021-08-31,0.942866,0.973293,0.935266,0.973293
2021-09-01,0.973293,0.988496,0.973293,0.988496
2021-09-02,0.980885,0.988496,0.958072,0.988496
2021-09-03,0.980885,0.988496,0.980885,0.988496
2021-09-06,0.988496,1.0189,0.988496,1.0189
2021-09-07,1.00371,1.0189,1.00371,1.00371
2021-09-08,1.00371,1.00371,0.980885,0.996097
2021-09-09,0.988496,0.996097,0.973293,0.996097
2021-09-10,0.996097,1.0113,0.996097,0.996097
2021-09-13,0.996097,1.0113,0.996097,1.0113
2021-09-14,1.0113,1.0189,1.00371,1.0113
2021-09-15,0.996097,1.00371,0.980885,0.988496
2021-09-16,0.988496,1.00371,0.988496,1.00371
2021-09-17,1.00371,1.00371,0.973293,0.980885
2021-09-20,0.965683,0.965683,0.950471,0.950471
2021-09-21,0.958072,0.973293,0.950471,0.958072
2021-09-22,0.965683,0.996097,0.965683,0.996097
2021-09-23,0.996097,1.00371,0.988496,0.988496
2021-09-24,0.988496,0.996097,0.980885,0.988496
2021-09-27,0.996097,1.0189,0.988496,0.996097
2021-09-28,0.996097,0.996097,0.973293,0.973293
2021-09-29,0.973293,0.988496,0.973293,0.988496
2021-09-30,0.988496,0.988496,0.965683,0.980885
2021-10-01,0.973293,1.0189,0.973293,1.0189
2021-10-04,1.0113,1.04931,1.00371,1.03411
2021-10-05,1.03411,1.04931,1.02651,1.04931
2021-10-06,1.04931,1.08734,1.04171,1.06454
2021-10-07,1.07214,1.07214,1.04931,1.06454
2021-10-08,1.06454,1.08734,1.06454,1.08734
2021-10-11,1.08734,1.11015,1.07974,1.11015
2021-10-12,1.09495,1.12536,1.09495,1.11776
2021-10-13,1.11776,1.11776,1.08734,1.09495
2021-10-14,1.09495,1.10255,1.06454,1.08734
2021-10-15,1.07974,1.07974,1.05693,1.06454
2021-10-18,1.07214,1.07974,1.06454,1.07214
2021-10-19,1.07974,1.07974,1.06454,1.06454
2021-10-20,1.06454,1.07214,1.04931,1.05693
2021-10-21,1.05693,1.07214,1.05693,1.07214
2021-10-22,1.07974,1.08734,1.06454,1.06454
2021-10-25,1.06454,1.07974,1.06454,1.07214
2021-10-26,1.07214,1.09495,1.06454,1.09495
2021-10-27,1.09495,1.10255,1.08734,1.09495
2021-10-28,1.08734,1.11015,1.08734,1.10255
2021-10-29,1.10255,1.14057,1.09495,1.13298
2021-11-02,1.13298,1.16338,1.13298,1.14817
2021-11-03,1.14817,1.15578,1.10255,1.10255
2021-11-04,1.11015,1.15578,1.11015,1.15578
2021-11-05,1.15578,1.16338,1.12536,1.14057
2021-11-08,1.14057,1.14057,1.11776,1.11776
2021-11-09,1.11015,1.11015,1.08734,1.08734
2021-11-10,1.08734,1.11015,1.06454,1.07974
2021-11-12,1.08734,1.08734,1.05693,1.05693
2021-11-15,1.05693,1.07974,1.04931,1.05693
2021-11-16,1.05693,1.06454,1.04931,1.05693
2021-11-17,1.06454,1.06454,1.04931,1.04931
2021-11-18,1.04931,1.04931,1.0189,1.02651
2021-11-19,1.0189,1.02651,0.996097,1.00371
2021-11-22,1.00371,1.0189,0.996097,0.996097
2021-11-23,0.996097,1.02651,0.980885,1.0113
2021-11-24,1.0113,1.0113,1.00371,1.0113
2021-11-25,1.0113,1.0189,0.996097,1.0189
2021-11-26,0.980885,0.980885,0.950471,0.958072
2021-11-29,0.965683,0.973293,0.950471,0.958072
2021-11-30,0.950471,1.00371,0.950471,0.996097
2021-12-01,1.00371,1.02651,1.00371,1.0113
2021-12-02,1.00371,1.0189,1.00371,1.0113
2021-12-03,1.02651,1.04171,1.0113,1.0189
2021-12-06,1.0189,1.02651,1.0189,1.02651
2021-12-07,1.04171,1.04171,1.0189,1.02651
2021-12-08,1.03411,1.03411,1.0113,1.0113
2021-12-09,1.00371,1.0189,0.988496,1.00371
2021-12-10,1.00371,1.00371,0.988496,0.996097
2021-12-13,0.996097,1.0113,0.980885,0.980885
2021-12-14,0.980885,0.996097,0.965683,0.996097
2021-12-15,0.988496,0.988496,0.958072,0.958072
2021-12-16,0.965683,0.988496,0.965683,0.988496
2021-12-17,0.980885,0.988496,0.958072,0.958072
2021-12-20,0.942866,0.973293,0.935266,0.973293
2021-12-21,0.980885,0.980885,0.958072,0.958072
2021-12-22,0.965683,0.973293,0.965683,0.973293
2021-12-23,0.973293,1.00371,0.973293,1.00371
2021-12-27,1.00371,1.0113,0.988496,1.0113
2021-12-28,0.996097,1.02651,0.996097,1.02651
2021-12-29,1.0189,1.02651,1.0113,1.0189
2021-12-30,1.0113,1.02651,1.0113,1.02651
2022-01-03,1.03411,1.05693,1.03411,1.04171
2022-01-04,1.04931,1.06454,1.04931,1.06454
2022-01-05,1.06454,1.06454,1.05693,1.05693
2022-01-07,1.07214,1.07214,1.04931,1.06454
2022-01-10,1.06454,1.09495,1.06454,1.07214
2022-01-11,1.08734,1.11015,1.07214,1.10255
2022-01-12,1.11015,1.13298,1.10255,1.13298
2022-01-13,1.13298,1.14057,1.12536,1.14057
2022-01-14,1.14057,1.14057,1.10255,1.11015
2022-01-17,1.10255,1.11776,1.10255,1.11015
2022-01-18,1.11015,1.11015,1.08734,1.09495
2022-01-19,1.07974,1.09495,1.07974,1.08734
2022-01-20,1.08734,1.08734,1.07214,1.07974
2022-01-21,1.07214,1.07974,1.07214,1.07974
2022-01-24,1.07974,1.09495,1.02651,1.03411
2022-01-25,1.03411,1.06454,1.03411,1.05693
2022-01-26,1.05693,1.09495,1.05693,1.09495
2022-01-27,1.09495,1.11776,1.08734,1.10255
2022-01-28,1.09495,1.09495,1.06454,1.07974
2022-01-31,1.08734,1.11015,1.07974,1.08734
2022-02-01,1.10255,1.10255,1.09495,1.09495
2022-02-02,1.10255,1.12536,1.10255,1.12536
2022-02-03,1.12536,1.12536,1.11015,1.12536
2022-02-04,1.13298,1.13298,1.09495,1.09495
2022-02-07,1.10255,1.10255,1.07214,1.08734
2022-02-08,1.09495,1.11776,1.09495,1.11776
2022-02-09,1.12536,1.12536,1.11015,1.11776
2022-02-10,1.11776,1.11776,1.09495,1.10255
2022-02-11,1.09495,1.09495,1.07214,1.08734
2022-02-14,1.04171,1.07214,1.04171,1.06454
2022-02-15,1.07214,1.08734,1.06454,1.07974
2022-02-16,1.08734,1.11015,1.07214,1.07974
2022-02-17,1.07974,1.08734,1.05693,1.06454
2022-02-18,1.05693,1.06454,1.04931,1.04931
2022-02-21,1.04931,1.04931,1.00371,1.00371
2022-02-22,0.980885,1.0113,0.980885,1.00371
2022-02-23,1.0113,1.0189,0.988496,0.988496
2022-02-24,0.904843,0.920058,0.82121,0.904843
2022-02-25,0.935266,1.03411,0.935266,1.02651
2022-02-28,0.996097,1.02651,0.980885,1.0189
2022-03-01,1.0189,1.03411,0.950471,0.950471
2022-03-02,0.942866,0.973293,0.935266,0.965683
2022-03-03,0.958072,0.958072,0.927658,0.927658
2022-03-04,0.927658,0.927658,0.851624,0.882036
2022-03-07,0.844019,0.859228,0.783191,0.844019
2022-03-08,0.828815,0.882036,0.828815,0.836418
2022-03-09,0.859228,0.927658,0.859228,0.927658
2022-03-10,0.942866,0.942866,0.882036,0.904843
2022-03-11,0.935266,0.958072,0.920058,0.935266
2022-03-14,0.942866,0.950471,0.920058,0.935266
2022-03-15,0.935266,0.965683,0.920058,0.950471
2022-03-16,0.965683,1.00371,0.965683,1.00371
2022-03-17,1.0113,1.02651,0.988496,1.0189
2022-03-18,1.0113,1.0189,0.996097,1.00371
2022-03-21,0.996097,1.0113,0.965683,0.965683
2022-03-22,0.980885,0.988496,0.973293,0.988496
2022-03-23,1.00371,1.00371,0.973293,0.988496
2022-03-24,0.996097,0.996097,0.973293,0.973293
2022-03-25,0.980885,0.980885,0.958072,0.973293
2022-03-28,0.973293,0.988496,0.958072,0.965683
2022-03-29,0.973293,1.04931,0.958072,1.04931
2022-03-30,1.04931,1.04931,1.0189,1.02651
2022-03-31,1.02651,1.04171,1.00371,1.00371
2022-04-01,1.0113,1.04171,1.0113,1.04171
2022-04-04,1.04171,1.04931,1.02651,1.04931
2022-04-05,1.04171,1.04171,1.00371,1.0113
2022-04-06,1.00371,1.0189,0.988496,1.00371
2022-04-07,1.0113,1.0189,0.996097,1.0113
2022-04-08,1.0189,1.0189,0.980885,0.988496
2022-04-11,0.973293,1.00371,0.973293,1.00371
2022-04-12,0.980885,1.00371,0.965683,0.965683
2022-04-13,0.965683,0.980885,0.958072,0.965683
2022-04-14,0.973293,0.973293,0.958072,0.958072
2022-04-19,0.965683,0.965683,0.935266,0.950471
2022-04-20,0.950471,0.965683,0.942866,0.950471
2022-04-21,0.958072,0.988496,0.958072,0.980885
2022-04-22,0.973293,0.973293,0.942866,0.950471
2022-04-25,0.933538,0.942125,0.870715,0.889636
2022-04-26,0.904525,0.911843,0.874253,0.876768
2022-04-27,0.877782,0.881312,0.85154,0.865164
2022-04-28,0.879803,0.880558,0.841194,0.845235
2022-04-29,0.858105,0.866179,0.82631,0.827825
2022-05-02,0.824291,0.835139,0.808396,0.820759
2022-05-04,0.827825,0.82858,0.796033,0.797797
2022-05-05,0.814957,0.820003,0.779885,0.781903
2022-05-06,0.781651,0.784426,0.747084,0.777615
2022-05-09,0.771053,0.778876,0.757429,0.757429
2022-05-10,0.761971,0.767774,0.737751,0.753142
2022-05-11,0.76172,0.76172,0.729677,0.734219
2022-05-12,0.717565,0.745068,0.705202,0.730432
2022-05-13,0.744309,0.770548,0.740021,0.768278
2022-05-16,0.769542,0.797293,0.75844,0.768027
2022-05-17,0.780894,0.799817,0.763232,0.788464
2022-05-18,0.79477,0.816469,0.791491,0.799565
2022-05-19,0.78367,0.788968,0.764494,0.77282
2022-05-20,0.78241,0.784678,0.764999,0.76525
2022-05-23,0.776604,0.807387,0.776604,0.807387
2022-05-24,0.799817,0.820003,0.794267,0.80436
2022-05-25,0.813189,0.818739,0.795024,0.802845
2022-05-26,0.802592,0.814198,0.792752,0.811169
2022-05-27,0.811169,0.811423,0.781651,0.78367
2022-05-30,0.796537,0.817228,0.793006,0.817228
2022-05-31,0.815965,0.815965,0.792499,0.80436
2022-06-01,0.809155,0.813441,0.795024,0.795526
2022-06-02,0.802089,0.806379,0.7872,0.793762
2022-06-03,0.804863,0.804863,0.773073,0.779379
2022-06-06,0.7872,0.815713,0.784678,0.815713
2022-06-07,0.811929,0.811929,0.79124,0.794267
2022-06-08,0.795024,0.798303,0.763232,0.769289
2022-06-09,0.769289,0.775848,0.749355,0.750112
2022-06-10,0.749355,0.749355,0.72261,0.730936
2022-06-13,0.71908,0.719584,0.685772,0.691072
2022-06-14,0.704951,0.714536,0.693343,0.710502
2022-06-15,0.716808,0.73018,0.698894,0.73018
2022-06-17,0.706463,0.723621,0.702932,0.708734
2022-06-20,0.715293,0.728161,0.715293,0.718827
2022-06-21,0.72665,0.738758,0.719836,0.723621
2022-06-22,0.717816,0.722358,0.707978,0.715799
2022-06-23,0.714032,0.727909,0.703687,0.703687
2022-06-24,0.706463,0.732451,0.701164,0.729423
2022-06-27,0.736739,0.739263,0.721602,0.725386
2022-06-28,0.731695,0.746076,0.72589,0.74305
2022-06-29,0.738506,0.738506,0.72261,0.724628
2022-06-30,0.718827,0.718827,0.699904,0.706463
2022-07-01,0.706211,0.726901,0.693847,0.693847
2022-07-04,0.693847,0.695614,0.652469,0.67871
2022-07-05,0.687288,0.696877,0.652973,0.660291
2022-07-06,0.668616,0.6724,0.647927,0.665338
2022-07-07,0.70379,0.722601,0.699549,0.699549
2022-07-08,0.699549,0.735322,0.690275,0.733996
2022-07-11,0.723398,0.728963,0.713328,0.719422
2022-07-12,0.715448,0.716507,0.695042,0.697693
2022-07-13,0.702198,0.710149,0.680205,0.696898
2022-07-14,0.697164,0.702198,0.671462,0.673052
2022-07-15,0.68047,0.68789,0.670402,0.67994
2022-07-18,0.688948,0.698755,0.68471,0.692128
2022-07-19,0.692128,0.705378,0.685239,0.702198
2022-07-20,0.714756,0.722359,0.699549,0.707151
2022-07-21,0.707151,0.707151,0.691945,0.707151
2022-07-22,0.707151,0.714756,0.699549,0.699549
2022-07-25,0.707151,0.714756,0.699549,0.707151
2022-07-26,0.707151,0.707151,0.676737,0.684341
2022-07-27,0.691945,0.691945,0.669133,0.676737
2022-07-28,0.684341,0.691945,0.676737,0.684341
2022-07-29,0.691945,0.699549,0.684341,0.699549
2022-08-01,0.707151,0.714756,0.707151,0.714756
2022-08-02,0.714756,0.714756,0.699549,0.707151
2022-08-03,0.710601,0.759608,0.694265,0.702433
2022-08-04,0.710601,0.710601,0.686098,0.686098
2022-08-05,0.686098,0.702433,0.686098,0.686098
2022-08-08,0.694265,0.718769,0.686098,0.718769
2022-08-09,0.718769,0.743273,0.710601,0.710601
2022-08-10,0.710601,0.726938,0.702433,0.718769
2022-08-11,0.726938,0.726938,0.718769,0.726938
2022-08-12,0.726938,0.735105,0.718769,0.726938
2022-08-16,0.726938,0.735105,0.718769,0.726938
2022-08-17,0.726938,0.726938,0.686098,0.686098
2022-08-18,0.694265,0.816782,0.686098,0.816782
2022-08-19,0.800447,0.824951,0.800447,0.816782
2022-08-22,0.816782,0.824951,0.79228,0.800447
2022-08-23,0.79228,0.800447,0.79228,0.79228
2022-08-24,0.79228,0.79228,0.775944,0.775944
2022-08-25,0.784112,0.808616,0.784112,0.808616
2022-08-26,0.808616,0.808616,0.775944,0.775944
2022-08-29,0.759608,0.767776,0.759608,0.767776
2022-08-30,0.767776,0.784112,0.75144,0.75144
2022-08-31,0.759608,0.784112,0.75144,0.775944
2022-09-01,0.767776,0.767776,0.726938,0.726938
2022-09-02,0.743273,0.775944,0.735105,0.767776
2022-09-05,0.759608,0.759608,0.75144,0.75144
2022-09-06,0.75144,0.759608,0.743273,0.75144
2022-09-07,0.743273,0.743273,0.726938,0.743273
2022-09-08,0.75144,0.767776,0.75144,0.759608
2022-09-09,0.767776,0.800447,0.767776,0.800447
2022-09-12,0.816782,0.833118,0.800447,0.833118
2022-09-13,0.833118,0.833118,0.79228,0.808616
2022-09-14,0.79228,0.808616,0.79228,0.800447
2022-09-15,0.808616,0.816782,0.800447,0.808616
2022-09-16,0.800447,0.800447,0.767776,0.784112
2022-09-19,0.784112,0.800447,0.784112,0.800447
2022-09-20,0.808616,0.824951,0.775944,0.784112
2022-09-21,0.775944,0.784112,0.767776,0.767776
2022-09-22,0.75144,0.775944,0.75144,0.767776
2022-09-23,0.767776,0.767776,0.743273,0.75144
2022-09-26,0.743273,0.75144,0.726938,0.743273
2022-09-27,0.75144,0.759608,0.743273,0.75144
2022-09-28,0.735105,0.743273,0.710601,0.743273
2022-09-29,0.743273,0.743273,0.718769,0.718769
2022-09-30,0.726938,0.726938,0.702433,0.718769
2022-10-03,0.718769,0.718769,0.702433,0.718769
2022-10-04,0.735105,0.759608,0.735105,0.759608
2022-10-05,0.75144,0.75144,0.726938,0.726938
2022-10-06,0.735105,0.743273,0.726938,0.726938
2022-10-07,0.726938,0.735105,0.726938,0.735105
2022-10-10,0.726938,0.726938,0.702433,0.710601
2022-10-11,0.702433,0.726938,0.702433,0.718769
2022-10-12,0.718769,0.726938,0.710601,0.726938
2022-10-13,0.726938,0.726938,0.710601,0.718769
2022-10-14,0.743273,0.75144,0.735105,0.743273
2022-10-17,0.743273,0.759608,0.735105,0.759608
2022-10-18,0.767776,0.79228,0.767776,0.784112
2022-10-19,0.784112,0.784112,0.767776,0.767776
2022-10-20,0.767776,0.800447,0.767776,0.79228
2022-10-21,0.79228,0.808616,0.79228,0.800447
2022-10-24,0.808616,0.816782,0.800447,0.808616
2022-10-25,0.808616,0.816782,0.79228,0.808616
2022-10-26,0.808616,0.824951,0.808616,0.816782
2022-10-27,0.816782,0.841287,0.816782,0.833118
2022-10-28,0.824951,0.849452,0.824951,0.849452
2022-10-31,0.857619,0.857619,0.849452,0.857619
2022-11-02,0.865794,0.87396,0.849452,0.87396
2022-11-03,0.849452,0.857619,0.841287,0.857619
2022-11-04,0.857619,0.857619,0.841287,0.849452
2022-11-07,0.849452,0.882124,0.849452,0.882124
2022-11-08,0.882124,0.882124,0.865794,0.882124
2022-11-09,0.882124,0.89846,0.87396,0.882124
2022-11-10,0.87396,0.914796,0.865794,0.890288
2022-11-14,0.890288,0.931131,0.890288,0.922968
2022-11-15,0.922968,0.947464,0.914796,0.947464
2022-11-16,0.931131,0.931131,0.906632,0.922968
2022-11-17,0.922968,0.922968,0.882124,0.89846
2022-11-18,0.89846,0.914796,0.882124,0.906632
2022-11-21,0.906632,0.906632,0.890288,0.89846
2022-11-22,0.890288,0.914796,0.890288,0.906632
2022-11-23,0.906632,0.914796,0.89846,0.906632
2022-11-24,0.906632,0.931131,0.906632,0.931131
2022-11-25,0.922968,0.931131,0.922968,0.931131
2022-11-28,0.922968,0.939295,0.922968,0.922968
2022-11-29,0.922968,0.922968,0.906632,0.914796
2022-11-30,0.914796,0.922968,0.906632,0.914796
2022-12-01,0.931131,0.955642,0.922968,0.955642
2022-12-02,0.955642,0.955642,0.922968,0.931131
2022-12-05,0.939295,0.955642,0.939295,0.947464
2022-12-06,0.939295,0.939295,0.922968,0.931131
2022-12-07,0.922968,0.931131,0.922968,0.922968
2022-12-08,0.922968,0.922968,0.906632,0.906632
2022-12-09,0.914796,0.922968,0.906632,0.922968
2022-12-12,0.914796,0.931131,0.906632,0.931131
2022-12-13,0.931131,0.963801,0.931131,0.947464
2022-12-14,0.955642,0.955642,0.939295,0.947464
2022-12-15,0.939295,0.947464,0.931131,0.939295
2022-12-16,0.931131,0.931131,0.922968,0.931131
2022-12-19,0.931131,0.939295,0.931131,0.939295
2022-12-20,0.931131,0.947464,0.931131,0.947464
2022-12-21,0.947464,0.980138,0.947464,0.980138
2022-12-22,0.980138,0.988307,0.97197,0.97197
2022-12-23,0.97197,0.97197,0.955642,0.963801
2022-12-27,0.97197,0.97197,0.955642,0.955642
2022-12-28,0.955642,0.97197,0.955642,0.963801
2022-12-29,0.963801,0.980138,0.963801,0.980138
2022-12-30,0.980138,0.980138,0.97197,0.97197
2023-01-02,0.980138,0.996475,0.97197,0.97197
2023-01-03,0.97197,1.03732,0.97197,1.02097
2023-01-04,1.02097,1.05364,1.02097,1.05364
2023-01-05,1.04549,1.07815,1.04549,1.06999
2023-01-09,1.07815,1.11082,1.07815,1.11082
2023-01-10,1.10266,1.12716,1.08632,1.12716
2023-01-11,1.12716,1.13533,1.11082,1.11082
2023-01-12,1.119,1.15983,1.119,1.1435
2023-01-13,1.1435,1.1435,1.11082,1.13533
2023-01-16,1.13533,1.15983,1.119,1.15167
2023-01-17,1.1435,1.1435,1.11082,1.119
2023-01-18,1.119,1.119,1.08632,1.10266
2023-01-19,1.09449,1.10266,1.07815,1.09449
2023-01-20,1.09449,1.09449,1.07815,1.09449
2023-01-23,1.09449,1.10266,1.08632,1.09449
2023-01-24,1.10266,1.10266,1.07815,1.09449
2023-01-25,1.05364,1.09449,1.03732,1.05364
2023-01-26,1.06182,1.06182,1.04549,1.05364
2023-01-27,1.06182,1.06182,1.03732,1.03732
2023-01-30,1.03732,1.03732,1.01281,1.01281
2023-01-31,1.01281,1.03732,1.01281,1.03732
2023-02-01,1.03732,1.03732,1.02097,1.03732
2023-02-02,1.04549,1.05364,1.02915,1.04549
2023-02-03,1.04549,1.06182,1.04549,1.05364
2023-02-06,1.04549,1.04549,1.02097,1.02915
2023-02-07,1.02915,1.02915,1.02097,1.02097
2023-02-08,1.02915,1.04549,1.02915,1.03732
2023-02-09,1.04549,1.06999,1.04549,1.05364
2023-02-10,1.05364,1.05364,1.03732,1.03732
2023-02-13,1.04549,1.04549,1.02915,1.03732
2023-02-14,1.04549,1.06182,1.03732,1.05364
2023-02-15,1.05364,1.06999,1.05364,1.06182
2023-02-16,1.06999,1.07815,1.01281,1.04549
2023-02-17,1.02915,1.03732,1.02915,1.02915
2023-02-20,1.02915,1.02915,1.00463,1.01281
2023-02-21,1.00463,1.00463,0.980138,0.988307
2023-02-22,0.988307,0.988307,0.963801,0.963801
2023-02-23,0.963801,0.988307,0.963801,0.980138
2023-02-24,0.988307,0.996475,0.980138,0.988307
2023-02-27,0.988307,0.988307,0.980138,0.980138
2023-02-28,0.988307,1.00463,0.980138,1.00463
2023-03-01,1.01281,1.01281,1.00463,1.01281
2023-03-02,1.00463,1.00463,0.980138,0.980138
2023-03-03,0.980138,0.996475,0.980138,0.996475
2023-03-06,1.00463,1.02097,0.996475,1.02097
2023-03-07,1.01281,1.02097,0.996475,0.996475
2023-03-08,0.996475,1.00463,0.988307,1.00463
2023-03-09,1.00463,1.00463,0.980138,0.980138
2023-03-10,0.963801,0.97197,0.857619,0.857619
2023-03-13,0.865794,0.865794,0.824951,0.833118
2023-03-14,0.824951,0.841287,0.816782,0.833118
2023-03-15,0.833118,0.841287,0.79228,0.808616
2023-03-16,0.808616,0.808616,0.767776,0.784112
2023-03-17,0.79228,0.79228,0.75144,0.759608
2023-03-20,0.75144,0.775944,0.718769,0.767776
2023-03-21,0.784112,0.808616,0.775944,0.808616
2023-03-22,0.808616,0.816782,0.79228,0.79228
2023-03-23,0.79228,0.79228,0.775944,0.79228
2023-03-24,0.784112,0.784112,0.759608,0.767776
2023-03-27,0.775944,0.784112,0.767776,0.775944
2023-03-28,0.784112,0.800447,0.784112,0.784112
2023-03-29,0.79228,0.808616,0.784112,0.808616
2023-03-30,0.808616,0.833118,0.808616,0.833118
2023-03-31,0.833118,0.833118,0.816782,0.824951
2023-04-03,0.824951,0.857619,0.824951,0.833118
2023-04-04,0.849452,0.849452,0.833118,0.833118
2023-04-05,0.833118,0.833118,0.816782,0.824951
2023-04-06,0.824951,0.833118,0.816782,0.824951
2023-04-11,0.833118,0.841287,0.824951,0.841287
2023-04-12,0.841287,0.865794,0.833118,0.865794
2023-04-13,0.865794,0.890288,0.865794,0.890288
2023-04-14,0.89846,0.906632,0.882124,0.89846
2023-04-17,0.906632,0.914796,0.89846,0.906632
2023-04-18,0.906632,0.939295,0.89846,0.931131
2023-04-19,0.922968,0.939295,0.914796,0.931131
2023-04-20,0.939295,0.947464,0.931131,0.939295
2023-04-21,0.939295,0.939295,0.922968,0.939295
2023-04-24,0.939295,0.947464,0.931131,0.939295
2023-04-25,0.939295,0.939295,0.922968,0.922968
2023-04-26,0.922968,0.922968,0.89846,0.914796
2023-04-27,0.914796,0.939295,0.914796,0.939295
2023-04-28,0.939295,0.939295,0.922968,0.922968
2023-05-02,0.922968,0.939295,0.906632,0.906632
2023-05-04,0.914796,0.922968,0.87396,0.87396
2023-05-05,0.882124,0.89846,0.87396,0.89846
2023-05-08,0.89846,0.914796,0.89846,0.89846
2023-05-09,0.89846,0.89846,0.890288,0.89846
2023-05-10,0.89846,0.914796,0.890288,0.89846
2023-05-11,0.89846,0.906632,0.890288,0.890288
2023-05-12,0.89846,0.922968,0.89846,0.906632
2023-05-15,0.914796,0.914796,0.89846,0.906632
2023-05-16,0.89846,0.914796,0.89846,0.914796
2023-05-17,0.89846,0.914796,0.89846,0.914796
2023-05-18,0.922968,0.939295,0.841287,0.841287
2023-05-19,0.841287,0.865794,0.841287,0.865794
2023-05-22,0.857619,0.87396,0.857619,0.87396
2023-05-23,0.865794,0.882124,0.865794,0.87396
2023-05-24,0.87396,0.87396,0.849452,0.849452
2023-05-25,0.849452,0.865794,0.849452,0.857619
2023-05-26,0.865794,0.882124,0.857619,0.882124
2023-05-29,0.882124,0.890288,0.87396,0.890288
2023-05-30,0.882124,0.882124,0.857619,0.857619
2023-05-31,0.849452,0.849452,0.833118,0.833118
2023-06-01,0.841287,0.857619,0.833118,0.849452
2023-06-02,0.857619,0.89846,0.857619,0.89846
2023-06-05,0.89846,0.914796,0.890288,0.890288
2023-06-06,0.890288,0.931131,0.890288,0.931131
2023-06-07,0.931131,0.931131,0.906632,0.914796
2023-06-09,0.922968,0.939295,0.922968,0.931131
2023-06-12,0.931131,0.931131,0.914796,0.922968
2023-06-13,0.922968,0.922968,0.906632,0.906632
2023-06-14,0.906632,0.931131,0.906632,0.922968
2023-06-15,0.914796,0.931131,0.890288,0.931131
2023-06-16,0.931131,0.939295,0.922968,0.939295
2023-06-19,0.939295,0.947464,0.931131,0.931131
2023-06-20,0.931131,0.939295,0.922968,0.922968
2023-06-21,0.922968,0.947464,0.922968,0.939295
2023-06-22,0.939295,0.947464,0.931131,0.939295
2023-06-23,0.939295,0.939295,0.914796,0.914796
2023-06-26,0.914796,0.939295,0.914796,0.939295
2023-06-27,0.939295,0.939295,0.914796,0.922968
2023-06-28,0.931131,0.939295,0.914796,0.922968
2023-06-29,0.931131,0.939295,0.931131,0.939295
2023-06-30,0.947464,0.947464,0.931131,0.939295
2023-07-03,0.939295,0.963801,0.939295,0.963801
2023-07-04,0.963801,0.963801,0.947464,0.947464
2023-07-05,0.947464,0.947464,0.939295,0.939295
2023-07-06,0.931131,0.939295,0.922968,0.931131
2023-07-07,0.931131,0.955642,0.931131,0.955642
2023-07-10,0.947464,0.955642,0.939295,0.955642
2023-07-11,0.963801,0.963801,0.947464,0.955642
2023-07-12,0.963801,1.00463,0.963801,1.00463
2023-07-13,1.00463,1.02097,0.996475,1.01281
2023-07-14,1.00463,1.02915,1.00463,1.01281
2023-07-17,1.01281,1.02097,1.00463,1.01281
2023-07-18,1.01281,1.03732,1.00463,1.03732
2023-07-19,1.03732,1.04549,1.03732,1.03732
2023-07-20,1.02915,1.03732,1.02915,1.02915
2023-07-21,1.02915,1.03732,1.02097,1.02915
2023-07-24,1.01281,1.03732,1.01281,1.03732
2023-07-25,1.03732,1.03732,1.02097,1.02915
2023-07-26,1.02915,1.02915,1.02097,1.02915
2023-07-27,1.02915,1.05364,1.02915,1.05364
2023-07-28,1.04549,1.05364,1.04549,1.05364
2023-07-31,1.05364,1.06182,1.05364,1.05364
2023-08-01,1.05364,1.05364,1.03732,1.04549
2023-08-02,1.03732,1.03732,1.02915,1.02915
2023-08-03,1.02097,1.03732,1.02097,1.03732
2023-08-04,1.03732,1.05364,1.03732,1.04876
2023-08-07,1.03895,1.0463,1.03241,1.03732
2023-08-08,1.03568,1.03568,1.01281,1.01935
2023-08-09,1.02343,1.03078,1.01771,1.01935
2023-08-10,1.01771,1.03649,1.01771,1.02833
2023-08-11,1.02262,1.02424,1.00873,1.01444
2023-08-14,1.00709,1.01935,1.00219,1.00383
2023-08-16,0.989942,1.00056,0.962988,0.965437
2023-08-17,0.962175,0.964614,0.945838,0.951558
2023-08-18,0.944205,0.958081,0.944205,0.956455
2023-08-21,0.956455,0.96625,0.955642,0.963801
2023-08-22,0.967885,0.969521,0.953194,0.95482
2023-08-23,0.955642,0.968708,0.950726,0.962988
2023-08-24,0.972792,0.979316,0.92787,0.92787
2023-08-25,0.921328,0.938484,0.919697,0.921328
2023-08-28,0.929492,0.942566,0.922148,0.941755
2023-08-29,0.944205,0.951558,0.936033,0.940115
2023-08-30,0.940935,0.9491,0.937673,0.944205
2023-08-31,0.944205,0.949922,0.924599,0.92705
2023-09-01,0.92541,0.942566,0.92378,0.939295
2023-09-04,0.936033,0.943386,0.928681,0.931131
2023-09-05,0.931131,0.937673,0.922148,0.922148
2023-09-06,0.920517,0.920517,0.852723,0.87723
2023-09-07,0.876408,0.882124,0.862524,0.874773
2023-09-08,0.879678,0.879678,0.863337,0.873138
2023-09-11,0.878042,0.881312,0.87069,0.872324
2023-09-12,0.871512,0.874773,0.862524,0.874773
2023-09-13,0.874773,0.880491,0.871512,0.87723
2023-09-14,0.881312,0.885395,0.873138,0.881312
2023-09-15,0.884575,0.890288,0.878856,0.882124
2023-09-18,0.878856,0.883764,0.858441,0.860888
2023-09-19,0.860076,0.874773,0.860076,0.872324
2023-09-20,0.87069,0.887025,0.868242,0.884575
2023-09-21,0.876408,0.880491,0.869055,0.875594
2023-09-22,0.86742,0.871512,0.856806,0.858441
2023-09-25,0.85517,0.860888,0.841287,0.841287
2023-09-26,0.839652,0.868242,0.83557,0.863337
2023-09-27,0.866606,0.866606,0.842921,0.843734
2023-09-28,0.841287,0.844556,0.833118,0.842921
2023-09-29,0.852723,0.86742,0.844556,0.86171
2023-10-02,0.858441,0.86171,0.838019,0.838019
2023-10-03,0.838019,0.849452,0.833935,0.840474
2023-10-04,0.83557,0.87723,0.831486,0.857619
2023-10-05,0.868242,0.868242,0.854358,0.863337
2023-10-06,0.865794,0.919697,0.865794,0.900911
2023-10-09,0.893558,0.922148,0.884575,0.910714
2023-10-10,0.919697,0.957268,0.919697,0.953194
2023-10-11,0.953997,0.980138,0.953997,0.975241
2023-10-12,0.978512,0.986671,0.959717,0.964614
2023-10-13,0.957268,0.967885,0.940115,0.958913
2023-10-16,1.00137,1.08223,1.00137,1.06753
2023-10-17,1.06508,1.11409,1.05773,1.06999
2023-10-18,1.06019,1.06019,1.03405,1.03813
2023-10-19,1.0267,1.0316,1.00383,1.00628
2023-10-20,0.994839,1.01117,0.988307,0.992391
2023-10-23,0.992391,1.01444,0.988307,0.999746
2023-10-24,1.00301,1.03813,1.00301,1.02017
2023-10-25,1.03487,1.06835,1.03487,1.04303
2023-10-26,1.03078,1.06508,1.02179,1.05855
2023-10-27,1.05447,1.06182,1.04221,1.04303
2023-10-30,1.04384,1.06591,1.04384,1.06019
2023-10-31,1.06019,1.09204,1.06019,1.0798
2023-11-02,1.08795,1.08795,1.06427,1.07325
2023-11-03,1.08061,1.09123,1.07243,1.08061
2023-11-06,1.08061,1.09612,1.07488,1.08223
2023-11-07,1.07488,1.08142,1.06591,1.07162
2023-11-08,1.06591,1.06591,1.03487,1.05121
2023-11-09,1.08223,1.08877,0.986671,0.986671
2023-11-10,0.980961,1.00056,0.980961,0.984232
2023-11-13,0.985045,1.00463,0.980138,0.983409
2023-11-14,0.983409,1.05121,0.983409,1.04876
2023-11-15,1.04876,1.05773,1.02996,1.03405
2023-11-16,1.03405,1.06753,1.03405,1.05529
2023-11-17,1.05202,1.07162,1.05038,1.07162
2023-11-20,1.07162,1.08632,1.06345,1.07896
2023-11-21,1.07243,1.08142,1.061,1.06672
2023-11-22,1.06508,1.06591,1.04876,1.05855
2023-11-23,1.05855,1.06182,1.0463,1.05038
2023-11-24,1.04711,1.05121,1.04303,1.04549
2023-11-27,1.04303,1.04303,1.02262,1.03405
2023-11-28,1.02588,1.06019,1.02588,1.05447
2023-11-29,1.05283,1.07488,1.04711,1.07325
2023-11-30,1.06999,1.07408,1.05855,1.06835
2023-12-01,1.06508,1.11736,1.06508,1.11409
2023-12-04,1.1092,1.12226,1.10593,1.10838
2023-12-05,1.10021,1.12389,1.10021,1.10838
2023-12-06,1.11082,1.12308,1.10021,1.11082
2023-12-07,1.10102,1.11082,1.08551,1.10755
2023-12-08,1.10102,1.11818,1.10102,1.11327
2023-12-11,1.11409,1.11736,1.10428,1.11327
2023-12-12,1.11409,1.11981,1.09695,1.10674
2023-12-13,1.10593,1.11164,1.10511,1.11082
2023-12-14,1.12144,1.12144,1.10593,1.11247
2023-12-15,1.11491,1.12063,1.09939,1.10428
2023-12-18,1.10021,1.1337,1.09939,1.13287
2023-12-19,1.1288,1.14512,1.12471,1.14105
2023-12-20,1.1394,1.15003,1.12635,1.13452
2023-12-21,1.12553,1.13859,1.12471,1.13043
2023-12-22,1.12798,1.13452,1.12635,1.13043
2023-12-27,1.13043,1.15739,1.13043,1.1533
2023-12-28,1.15575,1.15575,1.13452,1.13696
2023-12-29,1.13287,1.14023,1.12226,1.13124
2024-01-02,1.1288,1.12961,1.10102,1.11573
2024-01-03,1.11327,1.12471,1.10674,1.12471
2024-01-04,1.12144,1.12144,1.10021,1.11818
2024-01-05,1.10593,1.119,1.08061,1.11818
2024-01-08,1.11327,1.12961,1.10428,1.1288
2024-01-09,1.13207,1.13779,1.11,1.13779
2024-01-10,1.1337,1.13452,1.1092,1.11327
2024-01-11,1.12144,1.12226,1.08877,1.08877
2024-01-12,1.08959,1.11327,1.08959,1.11082
2024-01-15,1.11247,1.11247,1.08959,1.09939
2024-01-16,1.09123,1.09531,1.07815,1.09449
2024-01-17,1.08795,1.09776,1.07896,1.09204
2024-01-18,1.09367,1.11247,1.09367,1.11247
2024-01-19,1.11247,1.1288,1.11082,1.119
2024-01-22,1.12308,1.13124,1.11654,1.12308
2024-01-23,1.12389,1.12389,1.10755,1.11573
2024-01-24,1.12515,1.12599,1.11677,1.12431
2024-01-25,1.12346,1.12683,1.1134,1.12515
2024-01-26,1.12096,1.13689,1.12096,1.13689
2024-01-29,1.13689,1.13689,1.12346,1.12346
2024-01-30,1.13018,1.15198,1.12683,1.15198
2024-01-31,1.15198,1.17713,1.15198,1.17713
2024-02-01,1.1721,1.19138,1.16791,1.18131
2024-02-02,1.19724,1.23498,1.18131,1.23498
2024-02-05,1.23498,1.24839,1.22576,1.22743
2024-02-06,1.23078,1.24671,1.21821,1.22156
2024-02-07,1.22911,1.22911,1.20816,1.22324
2024-02-08,1.22324,1.22324,1.19809,1.20899
2024-02-09,1.20648,1.2115,1.19977,1.20312
2024-02-12,1.20479,1.2115,1.18719,1.20648
2024-02-13,1.19977,1.21654,1.19306,1.20061
2024-02-14,1.20061,1.23414,1.19977,1.23414
2024-02-15,1.24336,1.25091,1.21486,1.22072
2024-02-16,1.22324,1.2551,1.22324,1.24252
2024-02-19,1.22324,1.24671,1.22324,1.2442
2024-02-20,1.25091,1.27522,1.24588,1.27522
2024-02-21,1.27522,1.292,1.27271,1.27857
2024-02-22,1.28528,1.30289,1.28528,1.2945
2024-02-23,1.29787,1.3096,1.29283,1.30373
2024-02-26,1.30373,1.30456,1.2878,1.2878
2024-02-27,1.28696,1.2878,1.26684,1.27606
2024-02-28,1.27606,1.27606,1.25678,1.25678
2024-02-29,1.25595,1.29367,1.25595,1.28194
2024-03-01,1.292,1.29787,1.28361,1.29787
2024-03-04,1.30205,1.30624,1.29702,1.30205
2024-03-05,1.292,1.2945,1.27355,1.27355
2024-03-06,1.28194,1.28528,1.26181,1.27522
2024-03-07,1.26013,1.26013,1.20731,1.23917
2024-03-08,1.23414,1.23833,1.20144,1.23582
2024-03-11,1.22743,1.27522,1.22743,1.27438
2024-03-12,1.27438,1.31714,1.25762,1.31714
2024-03-13,1.30708,1.33307,1.30037,1.30456
2024-03-14,1.29787,1.3096,1.28864,1.30456
2024-03-15,1.29618,1.31966,1.26935,1.28194
2024-03-18,1.27438,1.28696,1.26516,1.28612
2024-03-19,1.28612,1.29618,1.25762,1.28025
2024-03-20,1.29618,1.30289,1.27522,1.30205
2024-03-21,1.32049,1.34566,1.31798,1.34566
2024-03-22,1.34566,1.35488,1.32973,1.33475
2024-03-25,1.33559,1.34313,1.32301,1.32301
2024-03-26,1.32217,1.35152,1.3138,1.34816
2024-03-27,1.33726,1.35655,1.33726,1.35319
2024-03-28,1.35068,1.38002,1.35068,1.37499
2024-04-02,1.37499,1.3926,1.36661,1.36661
2024-04-03,1.37081,1.38588,1.36242,1.37165
2024-04-04,1.37835,1.39176,1.37248,1.39008
2024-04-05,1.37415,1.3968,1.37415,1.39595
2024-04-08,1.39008,1.42446,1.39008,1.4144
2024-04-09,1.4144,1.4144,1.36828,1.37165
2024-04-10,1.39008,1.40266,1.37499,1.38841
2024-04-11,1.37835,1.38505,1.34566,1.34816
2024-04-12,1.36493,1.36745,1.33894,1.33894
2024-04-15,1.33894,1.35906,1.33894,1.34816
2024-04-16,1.32973,1.32973,1.28864,1.2945
2024-04-17,1.30456,1.349,1.30456,1.34229
2024-04-18,1.34649,1.36326,1.33475,1.36326
2024-04-19,1.35403,1.36995,1.34396,1.36995
2024-04-22,1.37415,1.40014,1.37415,1.3926
2024-04-23,1.39427,1.45799,1.39427,1.44961
2024-04-24,1.44793,1.45548,1.43704,1.45045
2024-04-25,1.44459,1.44793,1.42866,1.4362
2024-04-26,1.4429,1.44542,1.42446,1.42949
2024-04-29,1.42781,1.432,1.40098,1.4253
2024-04-30,1.43368,1.43368,1.40182,1.40601
2024-05-02,1.41356,1.42111,1.38254,1.39176
2024-05-06,1.3926,1.4253,1.37751,1.41775
2024-05-07,1.4253,1.42781,1.39763,1.40434
2024-05-08,1.39931,1.4102,1.39092,1.40769
2024-05-09,1.41775,1.42446,1.33392,1.33392
2024-05-10,1.34649,1.34649,1.26601,1.26601
2024-05-13,1.26935,1.27857,1.26097,1.2769
2024-05-14,1.27522,1.27941,1.25008,1.26851
2024-05-15,1.26601,1.27019,1.25426,1.26684
2024-05-16,1.26851,1.27606,1.25762,1.26432
2024-05-17,1.25678,1.25678,1.23749,1.2551
2024-05-20,1.25762,1.26601,1.25342,1.25845
2024-05-21,1.25762,1.25762,1.24588,1.25678
2024-05-22,1.25678,1.25678,1.24169,1.25426
2024-05-23,1.25762,1.29702,1.25678,1.28361
2024-05-24,1.27355,1.27774,1.26097,1.27606
2024-05-27,1.27606,1.28696,1.27522,1.28277
2024-05-28,1.28696,1.28696,1.26601,1.27438
2024-05-29,1.27271,1.27857,1.26348,1.26432
2024-05-31,1.27606,1.31966,1.27188,1.30541
2024-06-03,1.31966,1.31966,1.29787,1.29787
2024-06-04,1.30205,1.30205,1.22995,1.23582
2024-06-05,1.24085,1.25845,1.23833,1.25426
2024-06-06,1.26348,1.27188,1.2551,1.26935
2024-06-07,1.27355,1.27355,1.24169,1.25258
2024-06-10,1.25258,1.25258,1.2333,1.24336
2024-06-11,1.24756,1.2551,1.22995,1.23582
2024-06-12,1.24002,1.27355,1.24002,1.26097
2024-06-13,1.25595,1.26013,1.24671,1.24671
2024-06-14,1.24756,1.26097,1.24756,1.26013
2024-06-17,1.26181,1.28948,1.26181,1.28864
2024-06-18,1.29618,1.32386,1.29618,1.30289
2024-06-19,1.30205,1.33894,1.30205,1.33056
2024-06-20,1.34146,1.36409,1.33642,1.34816
2024-06-21,1.34985,1.35822,1.3314,1.33307
2024-06-24,1.33307,1.35655,1.32888,1.35235
2024-06-25,1.35235,1.38171,1.35235,1.37499
2024-06-26,1.37667,1.37919,1.36745,1.36995
2024-06-27,1.37415,1.37835,1.36745,1.37835
2024-06-28,1.37583,1.39427,1.37499,1.38421
2024-07-01,1.38421,1.38841,1.37499,1.37667
2024-07-02,1.37248,1.37248,1.35235,1.36074
2024-07-03,1.36995,1.37919,1.35488,1.35739
2024-07-04,1.37081,1.37081,1.35235,1.36074
2024-07-05,1.36409,1.36409,1.34062,1.34313
2024-07-08,1.33979,1.35822,1.33979,1.35235
2024-07-09,1.35739,1.36409,1.34733,1.35739
2024-07-10,1.35739,1.36409,1.34733,1.35068
2024-07-11,1.35403,1.35403,1.34313,1.34985
2024-07-12,1.35235,1.35235,1.34146,1.34816
2024-07-15,1.34229,1.34649,1.33475,1.34566
2024-07-16,1.3381,1.34396,1.31296,1.31296
2024-07-17,1.31127,1.32553,1.28109,1.29534
2024-07-18,1.3138,1.34229,1.30624,1.34146
2024-07-19,1.34146,1.34146,1.30037,1.32301
2024-07-22,1.33056,1.34146,1.32553,1.33726
2024-07-23,1.3314,1.3314,1.29702,1.30624
2024-07-24,1.29367,1.31966,1.29367,1.30373
2024-07-25,1.28528,1.30289,1.28528,1.30205
2024-07-26,1.2987,1.31127,1.2945,1.30121
2024-07-29,1.30541,1.32134,1.2987,1.30541
2024-07-30,1.3096,1.3138,1.28361,1.28444
2024-07-31,1.29702,1.30624,1.28948,1.29702
2024-08-01,1.30793,1.30793,1.26768,1.27522
2024-08-02,1.26097,1.26097,1.21821,1.22911
2024-08-05,1.1939,1.19557,1.16875,1.18886
2024-08-06,1.19809,1.19809,1.14443,1.15869
2024-08-07,1.17604,1.17604,1.15223,1.15311
2024-08-08,1.14783,1.17339,1.1249,1.17339
2024-08-09,1.1919,1.21659,1.1919,1.20072
2024-08-12,1.20954,1.25009,1.20866,1.25009
2024-08-13,1.25715,1.26684,1.24039,1.24215
2024-08-14,1.26508,1.26684,1.24215,1.26508
2024-08-16,1.27213,1.31798,1.27213,1.3118
2024-08-19,1.30651,1.32326,1.30122,1.3215
2024-08-20,1.3215,1.3215,1.28888,1.29505
2024-08-21,1.29064,1.3074,1.29064,1.29329
2024-08-22,1.33031,1.33208,1.30915,1.32855
2024-08-23,1.34707,1.36646,1.34354,1.35324
2024-08-26,1.35324,1.35324,1.32238,1.33384
2024-08-27,1.33472,1.33472,1.30298,1.32591
2024-08-28,1.32591,1.33119,1.31268,1.32767
2024-08-29,1.32767,1.36382,1.32767,1.35412
2024-08-30,1.36117,1.36117,1.34354,1.35852
2024-09-02,1.35147,1.38144,1.34089,1.3788
2024-09-03,1.37704,1.38409,1.36205,1.36205
2024-09-04,1.34354,1.36822,1.34354,1.36822
2024-09-05,1.36822,1.38056,1.35147,1.36029
2024-09-06,1.34971,1.35412,1.3215,1.3215
2024-09-09,1.32238,1.33737,1.31798,1.33472
2024-09-10,1.33472,1.34266,1.3118,1.32855
2024-09-11,1.30475,1.3118,1.26772,1.26772
2024-09-12,1.29858,1.29858,1.28447,1.29505
2024-09-13,1.30034,1.34266,1.30034,1.34266
2024-09-16,1.33296,1.33296,1.30828,1.31003
2024-09-17,1.32855,1.33472,1.30915,1.32238
2024-09-18,1.32591,1.33208,1.31885,1.32767
2024-09-19,1.33825,1.33825,1.31268,1.33825
2024-09-20,1.33913,1.33913,1.29945,1.30828
2024-09-23,1.31356,1.32503,1.29593,1.30828
2024-09-24,1.3215,1.35852,1.3215,1.34619
2024-09-25,1.33649,1.355,1.33031,1.34442
2024-09-26,1.35147,1.37616,1.34442,1.36558
2024-09-27,1.34971,1.37351,1.34971,1.36735
2024-09-30,1.36382,1.36382,1.31445,1.31445
2024-10-01,1.31798,1.31798,1.27918,1.288
2024-10-02,1.288,1.3021,1.28006,1.28624
2024-10-03,1.26772,1.27566,1.26155,1.26596
2024-10-04,1.26772,1.27389,1.25538,1.26948
2024-10-07,1.27918,1.27918,1.25273,1.27124
2024-10-08,1.26596,1.30387,1.25891,1.29152
2024-10-09,1.28094,1.33913,1.28094,1.33384
2024-10-10,1.33384,1.34442,1.32591,1.33649
2024-10-11,1.34354,1.37175,1.34354,1.36558
2024-10-14,1.3647,1.37792,1.3647,1.36646
2024-10-15,1.36822,1.37792,1.36205,1.36735
2024-10-16,1.36735,1.39379,1.36293,1.37616
2024-10-17,1.38497,1.38762,1.3453,1.34707
2024-10-18,1.34001,1.3691,1.34001,1.355
2024-10-21,1.35677,1.35677,1.31973,1.31973
2024-10-22,1.32591,1.32591,1.29593,1.30298
2024-10-23,1.2977,1.32238,1.2977,1.31709
2024-10-24,1.31798,1.33649,1.31003,1.31885
2024-10-25,1.31885,1.3215,1.30298,1.31356
2024-10-28,1.3215,1.32943,1.29593,1.30122
2024-10-29,1.30298,1.34971,1.30122,1.34971
2024-10-30,1.34354,1.34442,1.31268,1.31445
2024-10-31,1.30475,1.31973,1.30475,1.31003
2024-11-04,1.31885,1.36558,1.31885,1.36029
2024-11-05,1.36029,1.36382,1.35147,1.36117
2024-11-06,1.37086,1.40525,1.37086,1.38849
2024-11-07,1.38849,1.42553,1.31003,1.31003
2024-11-08,1.31268,1.31356,1.28359,1.30122
2024-11-12,1.30122,1.31445,1.28006,1.28094
2024-11-13,1.28182,1.28182,1.24833,1.25185
2024-11-14,1.25626,1.29417,1.25626,1.29152
2024-11-15,1.28976,1.28976,1.23157,1.23157
2024-11-18,1.23157,1.24745,1.21041,1.22099
2024-11-19,1.22099,1.22099,1.14959,1.17692
2024-11-20,1.18309,1.1972,1.17074,1.1778
2024-11-21,1.18573,1.18926,1.15929,1.18397
2024-11-22,1.17957,1.19278,1.15841,1.1875
2024-11-25,1.19631,1.19631,1.18044,1.1875
2024-11-26,1.1822,1.19984,1.18044,1.18573
2024-11-27,1.18132,1.1919,1.17251,1.18838
2024-11-28,1.18838,1.22188,1.18838,1.2113
2024-11-29,1.21218,1.22276,1.2113,1.22099
2024-12-02,1.22452,1.26331,1.22452,1.26331
2024-12-03,1.26684,1.27213,1.2545,1.26243
2024-12-04,1.25803,1.3021,1.25803,1.29064
2024-12-05,1.29064,1.31885,1.29064,1.31885
2024-12-06,1.3215,1.33208,1.31621,1.33208
2024-12-09,1.32679,1.35059,1.32503,1.33825
2024-12-10,1.33119,1.34442,1.32326,1.34001
2024-12-11,1.33119,1.34442,1.32679,1.32679
2024-12-12,1.32591,1.34266,1.32591,1.34001
2024-12-13,1.33737,1.34707,1.33472,1.33472
2024-12-16,1.33561,1.34001,1.32061,1.32767
2024-12-17,1.3215,1.3215,1.29682,1.29945
2024-12-18,1.30034,1.32238,1.30034,1.31709
2024-12-19,1.2924,1.32061,1.2924,1.32061
2024-12-20,1.32061,1.32061,1.29593,1.30298
2024-12-23,1.30915,1.31709,1.3074,1.3074
2024-12-27,1.29152,1.30915,1.29152,1.30651
2024-12-30,1.31003,1.31003,1.2977,1.30563
2025-01-02,1.31003,1.31092,1.28271,1.29417
2025-01-03,1.29945,1.31885,1.29945,1.31709
2025-01-07,1.32061,1.34266,1.31709,1.32503
2025-01-08,1.32503,1.33472,1.30828,1.31798
2025-01-09,1.31003,1.32238,1.30828,1.32238
2025-01-10,1.31709,1.33031,1.31709,1.32679
2025-01-13,1.32326,1.32326,1.3021,1.3118
2025-01-14,1.31268,1.31533,1.30475,1.3118
2025-01-15,1.31356,1.33208,1.30298,1.32855
2025-01-16,1.33031,1.33031,1.31621,1.3215
2025-01-17,1.32767,1.33913,1.32591,1.32855
2025-01-20,1.33561,1.3453,1.32238,1.34089
2025-01-21,1.34089,1.35765,1.34089,1.35765
2025-01-22,1.35852,1.42641,1.35852,1.41935
2025-01-23,1.41318,1.42376,1.41318,1.41671
2025-01-24,1.41759,1.42905,1.41759,1.42641
2025-01-27,1.41847,1.42553,1.40789,1.42553
2025-01-28,1.41935,1.45197,1.41935,1.45197
2025-01-29,1.45197,1.45462,1.44051,1.44581
2025-01-30,1.44492,1.47665,1.44492,1.4749
2025-01-31,1.47137,1.48018,1.46167,1.46167
2025-02-03,1.42641,1.44139,1.41935,1.43611
2025-02-04,1.43611,1.43611,1.41583,1.42465
2025-02-05,1.41671,1.41671,1.38409,1.39379
2025-02-06,1.40525,1.44669,1.40525,1.44669
2025-02-07,1.44844,1.47578,1.44844,1.47401
2025-02-10,1.47137,1.47313,1.46344,1.47137
2025-02-11,1.46608,1.50134,1.46167,1.49693
2025-02-12,1.50663,1.5366,1.50663,1.53396
2025-02-13,1.53748,1.57892,1.53748,1.56217
2025-02-14,1.56217,1.56217,1.5269,1.53485
2025-02-17,1.53308,1.54278,1.52074,1.53396
2025-02-18,1.54278,1.60008,1.54278,1.59743
2025-02-19,1.59831,1.60713,1.56746,1.57716
2025-02-20,1.56217,1.57011,1.54983,1.56041
2025-02-21,1.55776,1.56306,1.54718,1.54983
2025-02-24,1.54895,1.54895,1.49341,1.49781
2025-02-25,1.48371,1.51457,1.48195,1.50575
2025-02-26,1.51632,1.53572,1.50663,1.53396
2025-02-27,1.53396,1.5463,1.51809,1.5269
2025-02-28,1.50663,1.52074,1.49693,1.50927
2025-03-03,1.49869,1.5269,1.48548,1.5269
2025-03-04,1.50663,1.50663,1.43875,1.44051
2025-03-05,1.47665,1.52867,1.47665,1.52867
2025-03-06,1.53748,1.57275,1.53748,1.57275
2025-03-07,1.55071,1.59479,1.55071,1.59479
2025-03-10,1.59391,1.59391,1.53396,1.5463
2025-03-11,1.55071,1.56041,1.53043,1.53572
2025-03-12,1.55248,1.56482,1.54895,1.56482
2025-03-13,1.58333,1.62917,1.55688,1.55688
2025-03-14,1.55688,1.65121,1.55688,1.64328
2025-03-17,1.64328,1.66443,1.64328,1.66443
2025-03-18,1.67326,1.7041,1.66356,1.68383
2025-03-19,1.67854,1.69617,1.66003,1.66796
2025-03-20,1.66796,1.66796,1.63182,1.64768
2025-03-21,1.61331,1.63446,1.58773,1.60096
2025-03-24,1.61331,1.623,1.61066,1.61506
2025-03-25,1.64063,1.66179,1.61947,1.65562
2025-03-26,1.65473,1.66708,1.64152,1.65121
2025-03-27,1.6371,1.64328,1.61242,1.63887
2025-03-28,1.63005,1.63005,1.60713,1.61331
2025-03-31,1.60449,1.60449,1.56834,1.58245
2025-04-01,1.58597,1.60713,1.58509,1.59303
2025-04-02,1.58862,1.59038,1.56306,1.59038
2025-04-03,1.56482,1.56482,1.50751,1.5128
2025-04-04,1.50399,1.50399,1.34177,1.34707
2025-04-07,1.26419,1.36558,1.25891,1.36558
2025-04-08,1.38849,1.42376,1.35588,1.41935
2025-04-09,1.3691,1.38938,1.34266,1.35765
2025-04-10,1.47049,1.48195,1.43786,1.44228
2025-04-11,1.43963,1.46255,1.39732,1.39996
2025-04-14,1.43346,1.44581,1.42729,1.44316
2025-04-15,1.44669,1.49429,1.44669,1.4749
2025-04-16,1.46167,1.48811,1.45639,1.47137
2025-04-17,1.47225,1.51457,1.47225,1.48723
2025-04-22,1.48723,1.52074,1.48283,1.51809
2025-04-23,1.53572,1.60008,1.53572,1.60008
2025-04-24,1.60008,1.61594,1.56922,1.61154
2025-04-25,1.61947,1.62212,1.5992,1.60273
2025-04-28,1.60536,1.61683,1.5895,1.59479
2025-04-29,1.5992,1.61419,1.58421,1.59567
2025-04-30,1.5992,1.5992,1.52074,1.5225
2025-05-02,1.5463,1.57804,1.5463,1.57804
2025-05-05,1.57716,1.57716,1.54983,1.57187
2025-05-06,1.56922,1.56922,1.50839,1.53748
2025-05-07,1.53748,1.56658,1.53748,1.556
2025-05-08,1.56129,1.58597,1.55688,1.56834
2025-05-09,1.58245,1.6468,1.58245,1.6468
2025-05-12,1.6521,1.68735,1.64152,1.64152
2025-05-13,1.6424,1.64504,1.556,1.556
2025-05-14,1.56306,1.57187,1.54366,1.57099
2025-05-15,1.56482,1.56482,1.53925,1.54454
2025-05-16,1.54542,1.55776,1.51809,1.53572
2025-05-19,1.49429,1.50927,1.45991,1.50399
2025-05-20,1.51545,1.52338,1.50751,1.51192
2025-05-21,1.50839,1.5128,1.48195,1.49606
2025-05-22,1.49253,1.49253,1.47842,1.49076
2025-05-23,1.49076,1.49429,1.42465,1.4749
2025-05-26,1.50663,1.51369,1.49517,1.50839
2025-05-27,1.50663,1.53748,1.49693,1.53396
2025-05-28,1.5322,1.54806,1.52515,1.54806
2025-05-29,1.55159,1.55248,1.5128,1.5128
2025-05-30,1.49781,1.50046,1.46784,1.49781
2025-06-02,1.42288,1.45286,1.42112,1.45109
2025-06-03,1.44844,1.44844,1.41495,1.42905
2025-06-04,1.43346,1.43346,1.4123,1.42905
2025-06-05,1.42905,1.42905,1.39202,1.40172
2025-06-06,1.39644,1.39644,1.33825,1.37351
2025-06-09,1.37439,1.40172,1.3691,1.40172
2025-06-10,1.40172,1.46255,1.40084,1.45021
2025-06-11,1.45021,1.45021,1.42729,1.44581
2025-06-12,1.43346,1.46344,1.41054,1.42376
2025-06-13,1.39291,1.41495,1.39291,1.39996
2025-06-16,1.40789,1.42112,1.39202,1.39996
2025-06-17,1.39467,1.40437,1.38497,1.40172
2025-06-18,1.40172,1.40172,1.38321,1.39379
2025-06-20,1.38674,1.40613,1.38674,1.40349
2025-06-23,1.39819,1.39819,1.36029,1.36382
2025-06-24,1.38586,1.44669,1.38586,1.44669
2025-06-25,1.44139,1.44139,1.4123,1.41495
2025-06-26,1.42729,1.4696,1.42729,1.46608
2025-06-27,1.46872,1.47049,1.45021,1.46696
2025-06-30,1.47401,1.50311,1.47049,1.49693
2025-07-01,1.49693,1.50134,1.47753,1.47753
2025-07-02,1.48636,1.50663,1.48636,1.50134
2025-07-03,1.50134,1.54454,1.50134,1.5419
2025-07-04,1.53132,1.54013,1.50927,1.53043
2025-07-07,1.53043,1.5419,1.52515,1.53132
2025-07-08,1.5322,1.56217,1.5322,1.56217
2025-07-09,1.56569,1.58068,1.55953,1.5798
2025-07-10,1.5798,1.5798,1.54366,1.54366
2025-07-11,1.54366,1.55248,1.5322,1.54983
2025-07-14,1.54806,1.56129,1.54101,1.556
2025-07-15,1.56569,1.58597,1.55512,1.56217
2025-07-16,1.56217,1.57804,1.55071,1.57011
2025-07-17,1.57275,1.60713,1.57275,1.60449
2025-07-18,1.61154,1.64328,1.61154,1.63622
2025-07-21,1.64328,1.64328,1.59391,1.60273
2025-07-22,1.61154,1.61154,1.57892,1.58773
2025-07-23,1.61506,1.61506,1.58068,1.5895
2025-07-24,1.60184,1.6371,1.5992,1.6371
2025-07-25,1.63799,1.63887,1.62652,1.63887
2025-07-28,1.65121,1.65121,1.59391,1.5992
2025-07-29,1.58862,1.63358,1.58862,1.6327
2025-07-30,1.63975,1.6468,1.62652,1.6468
2025-07-31,1.6468,1.6468,1.63358,1.63887
2025-08-01,1.6371,1.6371,1.60096,1.61506
2025-08-04,1.61478,1.63747,1.61478,1.63747
2025-08-05,1.65827,1.65827,1.62802,1.6318
2025-08-06,1.6422,1.69609,1.6422,1.6942
2025-08-07,1.6942,1.74809,1.69231,1.73863
2025-08-08,1.73863,1.78968,1.73012,1.78212
2025-08-11,1.78212,1.78496,1.75943,1.76888
2025-08-12,1.77645,1.78685,1.75281,1.77928
2025-08-13,1.80292,1.93717,1.7963,1.93717
2025-08-14,1.91448,1.92015,1.88234,1.89463
2025-08-18,1.90219,1.90219,1.84736,1.87666
2025-08-19,1.87099,1.89935,1.86437,1.88706
2025-08-20,1.86248,1.89368,1.86248,1.87855
2025-08-21,1.8795,1.90503,1.87572,1.90503
2025-08-22,1.77267,1.77267,1.67245,1.67245
2025-08-25,1.6838,1.70271,1.6838,1.6942
2025-08-26,1.70176,1.70176,1.66678,1.69041
2025-08-27,1.69041,1.70176,1.66583,1.67907
2025-08-28,1.67812,1.69703,1.66583,1.66583
2025-08-29,1.66205,1.66205,1.60816,1.61573
2025-09-01,1.61573,1.6318,1.5798,1.59493
2025-09-02,1.59493,1.62329,1.56846,1.61856
2025-09-03,1.62707,1.64976,1.6214,1.62991
2025-09-04,1.62424,1.6838,1.60533,1.67434
2025-09-05,1.6838,1.68947,1.6214,1.6214
2025-09-08,1.63558,1.66962,1.63558,1.65733
2025-09-09,1.663,1.663,1.63369,1.6422
2025-09-10,1.62802,1.63274,1.59587,1.61856
2025-09-11,1.59493,1.66111,1.59493,1.65165
2025-09-12,1.65827,1.66583,1.63369,1.63558
2025-09-15,1.64882,1.64882,1.62518,1.63369
2025-09-16,1.63842,1.63842,1.60438,1.60533
2025-09-17,1.60533,1.60533,1.58831,1.59209
2025-09-18,1.59209,1.60722,1.58642,1.59115
2025-09-19,1.59587,1.59776,1.58831,1.59776
2025-09-22,1.58169,1.58264,1.56467,1.57035
2025-09-23,1.57696,1.59398,1.57696,1.57791
2025-09-24,1.57886,1.58453,1.54671,1.58075
2025-09-25,1.5902,1.5902,1.54387,1.55806
2025-09-26,1.55144,1.60816,1.55144,1.60438
2025-09-29,1.62234,1.62234,1.59209,1.59682
2025-09-30,1.58736,1.60344,1.58547,1.60344
2025-10-01,1.60438,1.62896,1.58736,1.61951
2025-10-02,1.62991,1.70649,1.62991,1.67907
2025-10-03,1.69609,1.69798,1.67056,1.67623
2025-10-06,1.67623,1.69325,1.66678,1.66772
2025-10-07,1.6838,1.70081,1.64976,1.6734
2025-10-08,1.67623,1.69987,1.67056,1.67529
2025-10-09,1.6838,1.68852,1.66489,1.66489
2025-10-10,1.66678,1.68947,1.66489,1.6838
2025-10-13,1.66583,1.69609,1.66583,1.69325
2025-10-14,1.69041,1.69041,1.6734,1.68002
2025-10-15,1.69136,1.7339,1.69136,1.72918
2025-10-16,1.74052,1.74052,1.70649,1.71594
2025-10-17,1.69231,1.7046,1.67151,1.6942
2025-10-20,1.71216,1.72823,1.70932,1.72067
2025-10-21,1.72634,1.72918,1.70838,1.71783
2025-10-22,1.71972,1.75187,1.71972,1.74147
2025-10-23,1.74241,1.76416,1.72445,1.76038
2025-10-24,1.7651,1.77739,1.75281,1.75281
2025-10-27,1.77172,1.77172,1.74052,1.74336
2025-10-28,1.75187,1.78023,1.74903,1.78023
2025-10-29,1.78874,1.78874,1.74998,1.76983
2025-10-30,1.77834,1.77834,1.74336,1.75281
2025-10-31,1.75943,1.75943,1.71972,1.72256
2025-11-03,1.73107,1.75281,1.73107,1.74714
2025-11-04,1.73012,1.74241,1.72067,1.73863
2025-11-05,1.7339,1.73769,1.71027,1.71689
2025-11-06,1.72918,1.76794,1.6422,1.6422
2025-11-07,1.64314,1.64882,1.61005,1.61005
2025-11-10,1.64598,1.6526,1.63369,1.64503
2025-11-12,1.6526,1.68191,1.63842,1.65733
2025-11-13,1.64882,1.67623,1.63464,1.63558
2025-11-14,1.62518,1.62518,1.59682,1.61194
2025-11-17,1.61478,1.61951,1.59493,1.59871
2025-11-18,1.58264,1.58831,1.56089,1.57318
2025-11-19,1.57129,1.61573,1.56656,1.61194
2025-11-20,1.62707,1.63274,1.60627,1.61005
2025-11-21,1.5798,1.59304,1.56751,1.57696
2025-11-24,1.59965,1.60155,1.57413,1.58831
2025-11-25,1.59776,1.64314,1.58831,1.64314
2025-11-26,1.65733,1.66394,1.63464,1.66394
2025-11-27,1.66394,1.66489,1.65827,1.66489
2025-11-28,1.65733,1.66394,1.64598,1.65543
2025-12-01,1.65543,1.66867,1.6526,1.66867
2025-12-02,1.66772,1.66772,1.63842,1.64409
2025-12-03,1.64409,1.66772,1.64031,1.65733
2025-12-04,1.66867,1.6734,1.65449,1.66016
2025-12-05,1.663,1.66394,1.64125,1.65354
2025-12-08,1.66205,1.68474,1.66111,1.66489
2025-12-09,1.66772,1.71027,1.66772,1.71027
2025-12-10,1.71027,1.72161,1.6942,1.72161
2025-12-11,1.72161,1.75187,1.70649,1.74052
2025-12-12,1.75376,1.76132,1.7358,1.7358
2025-12-15,1.7358,1.79725,1.7358,1.78496
2025-12-16,1.77456,1.79252,1.76888,1.77078
2025-12-17,1.77928,1.77928,1.75943,1.7651
2025-12-18,1.76416,1.79158,1.76132,1.79063
2025-12-19,1.7859,1.80954,1.78496,1.79914
2025-12-22,1.79914,1.82656,1.79914,1.81332
2025-12-23,1.81427,1.82561,1.79347,1.80576
2025-12-29,1.80576,1.82277,1.79819,1.80954
2025-12-30,1.81521,1.83979,1.81521,1.82088
2026-01-02,1.82088,1.89746,1.82088,1.88044
2026-01-05,1.88139,1.88801,1.86248,1.87005
2026-01-07,1.87194,1.88328,1.82845,1.85303
2026-01-08,1.83506,1.84736,1.82466,1.84736
2026-01-09,1.84357,1.8691,1.82183,1.86815
2026-01-12,1.87477,1.90313,1.87477,1.89746
2026-01-13,1.90503,1.90503,1.85586,1.86059
2026-01-14,1.86154,1.86626,1.83601,1.85681
2026-01-15,1.85681,1.88234,1.85303,1.86626
2026-01-16,1.87099,1.87099,1.84641,1.85397
2026-01-19,1.83885,1.86248,1.83034,1.86059
2026-01-20,1.8587,1.86721,1.83696,1.86721
2026-01-21,1.86626,1.8691,1.83506,1.86721
2026-01-22,1.87194,1.93055,1.87194,1.92772
2026-01-23,1.92393,1.92393,1.88612,1.88801
2026-01-26,1.88801,1.93906,1.88423,1.93717
2026-01-27,1.93717,1.99295,1.93717,1.9835
2026-01-28,1.98822,1.9939,1.97121,1.97593
2026-01-29,1.97593,1.99484,1.9419,1.9419
2026-01-30,1.94284,1.992,1.94284,1.97971
2026-02-02,1.94946,2.00051,1.94946,1.99957
2026-02-03,2.03171,2.07142,2.02415,2.06386
2026-02-04,2.06953,2.07237,2.03833,2.0544
2026-02-05,2.04589,2.0648,1.97971,1.98728
2026-02-06,1.98728,2.00051,1.97782,1.992
2026-02-09,2.02131,2.02131,1.9816,2.00619
2026-02-10,2.01753,2.01753,1.97877,1.97877
2026-02-11,1.98255,1.98255,1.95324,1.96553
2026-02-12,1.96742,1.9835,1.9627,1.96742
2026-02-13,1.96648,1.96648,1.89935,1.9107
2026-02-16,1.92015,1.92393,1.9003,1.91164
2026-02-17,1.90313,1.90692,1.88044,1.90692
2026-02-18,1.93339,1.93339,1.91353,1.91448
2026-02-19,1.92393,1.9419,1.91637,1.93906
2026-02-20,1.93528,1.95419,1.92677,1.95419
2026-02-23,1.95419,2.00146,1.95419,1.98633
2026-02-24,1.99011,1.99011,1.93717,1.95797
2026-02-25,1.98539,2.00997,1.96742,2.00051
2026-02-26,2.00051,2.0128,1.98917,2.00146
2026-02-27,2.00524,2.00524,1.96742,1.97688
2026-03-02,1.89652,1.93528,1.88706,1.90408
2026-03-03,1.89841,1.89841,1.82183,1.82183
2026-03-04,1.8171,1.89368,1.8171,1.88706
2026-03-05,1.89841,1.92677,1.86626,1.89652
2026-03-06,1.90124,1.90124,1.80292,1.80859
2026-03-09,1.77456,1.81899,1.76132,1.81899
2026-03-10,1.87099,1.90313,1.8691,1.87761
2026-03-11,1.88139,1.88801,1.85965,1.87288
2026-03-12,1.88234,1.88234,1.73769,1.73769
2026-03-13,1.73769,1.76794,1.72729,1.74714
2026-03-16,1.74714,1.76227,1.73012,1.75092
2026-03-17,1.73674,1.79252,1.73674,1.77361
2026-03-18,1.7963,1.84168,1.78685,1.78685
2026-03-19,1.78118,1.78118,1.74809,1.75565
2026-03-20,1.75754,1.76888,1.72067,1.72067
2026-03-23,1.70081,1.79536,1.67812,1.76605
2026-03-24,1.77456,1.77456,1.72918,1.73012
2026-03-25,1.76699,1.7755,1.74998,1.74998
2026-03-26,1.75092,1.75754,1.73201,1.74809
2026-03-27,1.75659,1.75659,1.7235,1.74052
2026-03-30,1.74052,1.74336,1.71972,1.72634
2026-03-31,1.73863,1.76794,1.73863,1.7547
2026-04-01,1.79725,1.81332,1.79158,1.80576
2026-04-02,1.79536,1.81805,1.78118,1.81805
2026-04-07,1.81805,1.86343,1.80954,1.83696
2026-04-08,1.87572,1.96459,1.87572,1.93906
2026-04-09,1.91826,1.93812,1.91353,1.93055
2026-04-10,1.94284,2.0043,1.92204,2.0043
2026-04-13,1.99579,2.00997,1.9835,2.00524
2026-04-14,2.01942,2.05818,2.01942,2.044
2026-04-15,2.02982,2.04968,2.01091,2.03171
2026-04-16,2.044,2.044,1.9939,2.01659
2026-04-17,2.01564,2.06764,2.0043,2.06008
2026-04-20,2.03077,2.04211,2.01753,2.03171
2026-04-21,2.02888,2.04306,2.02131,2.02131
2026-04-22,2.03549,2.03549,1.97688,1.98728
2026-04-23,2.00051,2.00051,1.93622,1.95324
2026-04-24,1.97121,1.97121,1.92583,1.95041
2026-04-27,1.95702,1.95797,1.94095,1.95608
2026-04-28,1.95419,1.98444,1.94852,1.94852
2026-04-29,1.96742,1.98066,1.93433,1.94379
2026-04-30,1.94473,1.94473,1.90408,1.91164
2026-05-04,1.91921,1.94379,1.89179,1.91448
2026-05-05,1.91826,1.92583,1.89368,1.92015
2026-05-06,1.9419,1.99106,1.9419,1.96081
2026-05-07,1.97499,1.97499,1.9315,1.94946
2026-05-08,1.94379,1.94379,1.90503,1.91164
2026-05-11,1.92299,1.9523,1.91637,1.9419
2026-05-12,1.93528,1.93528,1.90124,1.91921
2026-05-13,1.93906,1.95608,1.92393,1.95608
2026-05-14,1.96931,2.02037,1.96364,1.97404
2026-05-15,1.94852,1.94852,1.92015,1.92393
2026-05-18,1.9211,1.94662,1.90786,1.9419
2026-05-19,1.94473,1.9523,1.90975,1.91164
2026-05-20,1.92204,1.9835,1.90881,1.97404
2026-05-21,1.96175,1.98633,1.95324,1.9731
2026-05-22,1.9835,2.01659,1.9835,2.00997
2026-05-25,2.03266,2.07142,2.03266,2.07142
2026-05-26,2.06953,2.07426,2.05535,2.05629
2026-05-27,2.07142,2.08749,2.06197,2.06197
2026-05-28,2.06008,2.06291,2.03644,2.03644
2026-05-29,2.04684,2.06291,2.03266,2.03266
2026-06-01,2.05062,2.05062,1.97404,1.97404
2026-06-02,1.98255,2.00146,1.9419,1.96364
2026-06-03,1.96364,1.98066,1.96175,1.98066
2026-06-05,1.97404,1.97404,1.94001,1.94001
2026-06-08,1.93055,1.95891,1.92015,1.95891
2026-06-09,1.9731,1.99673,1.95419,1.97877
2026-06-10,1.98255,1.98255,1.93528,1.93812
2026-06-11,1.94379,1.96931,1.94379,1.96931
2026-06-12,1.99768,2.07047,1.99768,2.0648
2026-06-15,2.09222,2.10356,2.0336,2.0336
2026-06-16,2.04022,2.10073,2.04022,2.08938
2026-06-17,2.10451,2.11207,2.08655,2.10356
2026-06-18,2.10167,2.10167,2.07615,2.08182
2026-06-19,2.07237,2.08182,2.06008,2.07804
2026-06-22,2.08938,2.08938,2.04873,2.06858
2026-06-23,2.04684,2.06008,2.0232,2.06008
2026-06-24,2.06008,2.06008,2.02415,2.04022
2026-06-25,2.04211,2.06669,2.04211,2.05629
2026-06-26,2.05062,2.05062,2.02604,2.04495
2026-06-29,2.04589,2.04589,2.02415,2.03833
2026-06-30,2.05062,2.05062,2.01186,2.03549
2026-07-01,2.03549,2.0648,2.01942,2.0648
2026-07-02,2.08182,2.08182,2.05535,2.06858
2026-07-03,2.07709,2.08087,2.06575,2.07709
2026-07-06,2.08182,2.09411,2.07142,2.08844
2026-07-07,2.08655,2.08655,2.05535,2.06669
2026-07-08,2.05724,2.09222,2.03833,2.09222
2026-07-09,2.10073,2.14138,2.10073,2.12531
2026-07-10,2.13855,2.22741,2.13855,2.22741
2026-07-13,2.21985,2.22931,2.19905,2.20662
2026-07-14,2.19054,2.19054,2.15084,2.18109
2026-07-15,2.17069,2.18771,2.148,2.15273
2026-07-16,2.15273,2.16502,2.11302,2.13098
2026-07-17,2.1168,2.11964,2.08182,2.10735
2026-07-20,2.10546,2.12153,2.09316,2.1064
2026-07-21,2.12058,2.14894,2.11491,2.14894
2026-07-22,2.15273,2.15273,2.1272,2.14138
2026-07-23,2.14044,2.14327,2.10262,2.11585
2026-07-24,2.11964,2.14233,2.096,2.10356
2026-07-27,2.1272,2.15084,2.11018,2.13193
2026-07-28,2.14516,2.17542,2.14516,2.16974
2026-07-29,2.18109,2.18582,2.16124,2.16785
2026-07-30,2.16124,2.23876,2.15745,2.23876
2026-07-31,2.24821,2.24821,2.20094,2.20851
2026-08-03,2.23025,2.24349,2.21512,2.21985
2026-08-04,2.245,2.282,2.216,2.276
2026-08-05,2.285,2.285,2.24,2.263
2026-08-06,2.269,2.296,2.263,2.289
2026-08-07,2.29,2.293,2.262,2.275
2026-08-10,2.269,2.303,2.252,2.298
2026-08-11,2.296,2.31,2.276,2.276
2026-08-12,2.277,2.293,2.267,2.293
2026-08-13,2.296,2.446,2.284,2.446
2026-08-14,2.459,2.492,2.449,2.483
2026-08-17,2.492,2.493,2.462,2.491
2026-08-18,2.475,2.49,2.456,2.456
2026-08-19,2.467,2.576,2.446,2.571
2026-08-20,2.571,2.571,2.53,2.542
2026-08-21,2.549,2.578,2.548,2.548
2026-08-24,2.547,2.547,2.509,2.529
2026-08-25,2.544,2.557,2.536,2.538
2026-08-26,2.549,2.598,2.549,2.588
2026-08-27,2.604,2.604,2.51,2.511
2026-08-28,2.534,2.537,2.501,2.537
2026-08-31,2.533,2.569,2.533,2.548
2026-09-01,2.542,2.551,2.501,2.542
2026-09-02,2.528,2.557,2.526,2.554
2026-09-03,2.551,2.567,2.516,2.566
2026-09-04,2.571,2.618,2.571,2.613
2026-09-07,2.613,2.619,2.603,2.613
2026-09-08,2.607,2.636,2.588,2.636
2026-09-09,2.629,2.659,2.617,2.645
2026-09-10,2.649,2.675,2.649,2.67
2026-09-11,2.669,2.702,2.669,2.694
2026-09-14,2.683,2.706,2.679,2.681
2026-09-15,2.687,2.697,2.647,2.689
2026-09-16,2.698,2.698,2.668,2.674
