Data,Otwarcie,Najwyzszy,Najnizszy,Zamkniecie,Wolumen
2014-12-03,1000.0,1000.0,1000.0,1000.0,0
2014-12-04,992.6989538780338,992.6989538780338,992.6989538780338,992.6989538780338,0
2014-12-05,992.3160124026019,992.3160124026019,992.3160124026019,992.3160124026019,0
2014-12-08,990.4856228761174,990.4856228761174,990.4856228761174,990.4856228761174,0
2014-12-09,980.7649103966189,980.7649103966189,980.7649103966189,980.7649103966189,0
2014-12-10,971.1119062951487,971.1119062951487,971.1119062951487,971.1119062951487,0
2014-12-11,964.0617796064972,964.0617796064972,964.0617796064972,964.0617796064972,0
2014-12-12,953.5939117437007,953.5939117437007,953.5939117437007,953.5939117437007,0
2014-12-15,944.3614404516063,944.3614404516063,944.3614404516063,944.3614404516063,0
2014-12-16,923.5715805321948,923.5715805321948,923.5715805321948,923.5715805321948,0
2014-12-17,935.3355415554481,935.3355415554481,935.3355415554481,935.3355415554481,0
2014-12-18,954.5075678900832,954.5075678900832,954.5075678900832,954.5075678900832,0
2014-12-19,943.0951707082094,943.0951707082094,943.0951707082094,943.0951707082094,0
2014-12-22,950.4942963756994,950.4942963756994,950.4942963756994,950.4942963756994,0
2014-12-23,954.1361515556586,954.1361515556586,954.1361515556586,954.1361515556586,0
2014-12-29,947.5905074757037,947.5905074757037,947.5905074757037,947.5905074757037,0
2015-01-02,947.8355244108336,947.8355244108336,947.8355244108336,947.8355244108336,0
2015-01-05,928.6936292095429,928.6936292095429,928.6936292095429,928.6936292095429,0
2015-01-07,926.3866203231212,926.3866203231212,926.3866203231212,926.3866203231212,0
2015-01-08,943.9186675457995,943.9186675457995,943.9186675457995,943.9186675457995,0
2015-01-09,918.2317323480432,918.2317323480432,918.2317323480432,918.2317323480432,0
2015-01-12,920.2379979564643,920.2379979564643,920.2379979564643,920.2379979564643,0
2015-01-13,946.5730777108969,946.5730777108969,946.5730777108969,946.5730777108969,0
2015-01-14,934.9654407083186,934.9654407083186,934.9654407083186,934.9654407083186,0
2015-01-15,903.640920443693,903.640920443693,903.640920443693,903.640920443693,0
2015-01-16,896.3508637521246,896.3508637521246,896.3508637521246,896.3508637521246,0
2015-01-19,894.362258659483,894.362258659483,894.362258659483,894.362258659483,0
2015-01-20,893.9614359639464,893.9614359639464,893.9614359639464,893.9614359639464,0
2015-01-21,902.2809420684151,902.2809420684151,902.2809420684151,902.2809420684151,0
2015-01-22,914.0353090484457,914.0353090484457,914.0353090484457,914.0353090484457,0
2015-01-23,920.6715962721245,920.6715962721245,920.6715962721245,920.6715962721245,0
2015-01-26,909.9753916515697,909.9753916515697,909.9753916515697,909.9753916515697,0
2015-01-27,912.8946298951201,912.8946298951201,912.8946298951201,912.8946298951201,0
2015-01-28,927.987857148837,927.987857148837,927.987857148837,927.987857148837,0
2015-01-29,927.507772483137,927.507772483137,927.507772483137,927.507772483137,0
2015-01-30,915.5984462193964,915.5984462193964,915.5984462193964,915.5984462193964,0
2015-02-02,917.6941713907718,917.6941713907718,917.6941713907718,917.6941713907718,0
2015-02-03,914.7914901290748,914.7914901290748,914.7914901290748,914.7914901290748,0
2015-02-04,918.7958241380902,918.7958241380902,918.7958241380902,918.7958241380902,0
2015-02-05,912.3702481014323,912.3702481014323,912.3702481014323,912.3702481014323,0
2015-02-06,916.9817091317424,916.9817091317424,916.9817091317424,916.9817091317424,0
2015-02-09,908.9429209397376,908.9429209397376,908.9429209397376,908.9429209397376,0
2015-02-10,904.5186966043048,904.5186966043048,904.5186966043048,904.5186966043048,0
2015-02-11,888.6688551992372,888.6688551992372,888.6688551992372,888.6688551992372,0
2015-02-12,898.0289183684642,898.0289183684642,898.0289183684642,898.0289183684642,0
2015-02-13,907.3874488171188,907.3874488171188,907.3874488171188,907.3874488171188,0
2015-02-16,910.1656696540857,910.1656696540857,910.1656696540857,910.1656696540857,0
2015-02-17,905.8268437549581,905.8268437549581,905.8268437549581,905.8268437549581,0
2015-02-18,900.2447842500122,900.2447842500122,900.2447842500122,900.2447842500122,0
2015-02-19,907.5416269431632,907.5416269431632,907.5416269431632,907.5416269431632,0
2015-02-23,899.0179162922309,899.0179162922309,899.0179162922309,899.0179162922309,0
2015-02-24,907.1823476530363,907.1823476530363,907.1823476530363,907.1823476530363,0
2015-02-25,906.0717019237853,906.0717019237853,906.0717019237853,906.0717019237853,0
2015-02-26,909.8011471810091,909.8011471810091,909.8011471810091,909.8011471810091,0
2015-02-27,911.7417575394136,911.7417575394136,911.7417575394136,911.7417575394136,0
2015-03-02,911.5818116925984,911.5818116925984,911.5818116925984,911.5818116925984,0
2015-03-03,895.0622050872503,895.0622050872503,895.0622050872503,895.0622050872503,0
2015-03-04,918.8315820436479,918.8315820436479,918.8315820436479,918.8315820436479,0
2015-03-05,915.5636230326844,915.5636230326844,915.5636230326844,915.5636230326844,0
2015-03-06,910.0340056952399,910.0340056952399,910.0340056952399,910.0340056952399,0
2015-03-09,907.2353427094552,907.2353427094552,907.2353427094552,907.2353427094552,0
2015-03-10,905.6830726086287,905.6830726086287,905.6830726086287,905.6830726086287,0
2015-03-11,911.9464821534002,911.9464821534002,911.9464821534002,911.9464821534002,0
2015-03-12,913.2705643371025,913.2705643371025,913.2705643371025,913.2705643371025,0
2015-03-13,915.860084506975,915.860084506975,915.860084506975,915.860084506975,0
2015-03-16,912.0649592432135,912.0649592432135,912.0649592432135,912.0649592432135,0
2015-03-17,911.75946210375,911.75946210375,911.75946210375,911.75946210375,0
2015-03-18,908.5659008999485,908.5659008999485,908.5659008999485,908.5659008999485,0
2015-03-19,923.9658152774653,923.9658152774653,923.9658152774653,923.9658152774653,0
2015-03-20,937.711962401196,937.711962401196,937.711962401196,937.711962401196,0
2015-03-23,931.756440164311,931.756440164311,931.756440164311,931.756440164311,0
2015-03-24,931.6065601834418,931.6065601834418,931.6065601834418,931.6065601834418,0
2015-03-25,924.684214993698,924.684214993698,924.684214993698,924.684214993698,0
2015-03-26,917.0721449803301,917.0721449803301,917.0721449803301,917.0721449803301,0
2015-03-27,915.8718649611993,915.8718649611993,915.8718649611993,915.8718649611993,0
2015-03-30,915.8718649611993,915.8718649611993,915.8718649611993,915.8718649611993,0
2015-03-31,920.4769833544203,920.4769833544203,920.4769833544203,920.4769833544203,0
2015-04-01,925.6425238652353,925.6425238652353,925.6425238652353,925.6425238652353,0
2015-04-02,921.6753331725737,921.6753331725737,921.6753331725737,921.6753331725737,0
2015-04-07,924.2385078821127,924.2385078821127,924.2385078821127,924.2385078821127,0
2015-04-08,930.6149027349318,930.6149027349318,930.6149027349318,930.6149027349318,0
2015-04-09,947.8750321925323,947.8750321925323,947.8750321925323,947.8750321925323,0
2015-04-10,943.0924796831885,943.0924796831885,943.0924796831885,943.0924796831885,0
2015-04-13,941.8690749520575,941.8690749520575,941.8690749520575,941.8690749520575,0
2015-04-14,939.2318981654327,939.2318981654327,939.2318981654327,939.2318981654327,0
2015-04-15,965.4507204806897,965.4507204806897,965.4507204806897,965.4507204806897,0
2015-04-16,974.8230298517531,974.8230298517531,974.8230298517531,974.8230298517531,0
2015-04-17,952.785786490517,952.785786490517,952.785786490517,952.785786490517,0
2015-04-20,968.9929919156469,968.9929919156469,968.9929919156469,968.9929919156469,0
2015-04-21,962.6088317935233,962.6088317935233,962.6088317935233,962.6088317935233,0
2015-04-22,959.164413923967,959.164413923967,959.164413923967,959.164413923967,0
2015-04-23,960.0668860232165,960.0668860232165,960.0668860232165,960.0668860232165,0
2015-04-27,965.7669936857244,965.7669936857244,965.7669936857244,965.7669936857244,0
2015-04-28,935.9799973943645,935.9799973943645,935.9799973943645,935.9799973943645,0
2015-04-29,924.8959779727568,924.8959779727568,924.8959779727568,924.8959779727568,0
2015-04-30,920.0901551103753,920.0901551103753,920.0901551103753,920.0901551103753,0
2015-05-04,922.5138640568471,922.5138640568471,922.5138640568471,922.5138640568471,0
2015-05-05,924.861809863674,924.861809863674,924.861809863674,924.861809863674,0
2015-05-06,939.9422660943378,939.9422660943378,939.9422660943378,939.9422660943378,0
2015-05-07,944.9327404588037,944.9327404588037,944.9327404588037,944.9327404588037,0
2015-05-08,952.6216974968185,952.6216974968185,952.6216974968185,952.6216974968185,0
2015-05-11,946.817248015396,946.817248015396,946.817248015396,946.817248015396,0
2015-05-12,944.269017899691,944.269017899691,944.269017899691,944.269017899691,0
2015-05-13,935.6488055318849,935.6488055318849,935.6488055318849,935.6488055318849,0
2015-05-14,932.7613085418934,932.7613085418934,932.7613085418934,932.7613085418934,0
2015-05-18,930.2174042972235,930.2174042972235,930.2174042972235,930.2174042972235,0
2015-05-19,927.2407115071203,927.2407115071203,927.2407115071203,927.2407115071203,0
2015-05-20,929.2482182764908,929.2482182764908,929.2482182764908,929.2482182764908,0
2015-05-21,931.242740204791,931.242740204791,931.242740204791,931.242740204791,0
2015-05-22,920.3789708705601,920.3789708705601,920.3789708705601,920.3789708705601,0
2015-05-26,883.3554328471024,883.3554328471024,883.3554328471024,883.3554328471024,0
2015-05-27,894.7568760293265,894.7568760293265,894.7568760293265,894.7568760293265,0
2015-05-28,892.4775932658085,892.4775932658085,892.4775932658085,892.4775932658085,0
2015-06-01,894.3631468396285,894.3631468396285,894.3631468396285,894.3631468396285,0
2015-06-02,889.6019346508306,889.6019346508306,889.6019346508306,889.6019346508306,0
2015-06-03,881.6949730147433,881.6949730147433,881.6949730147433,881.6949730147433,0
2015-06-09,858.8059622219889,858.8059622219889,858.8059622219889,858.8059622219889,0
2015-06-10,879.3915547213054,879.3915547213054,879.3915547213054,879.3915547213054,0
2015-06-11,879.5779849815181,879.5779849815181,879.5779849815181,879.5779849815181,0
2015-06-12,872.4051991072148,872.4051991072148,872.4051991072148,872.4051991072148,0
2015-06-15,869.9869813030958,869.9869813030958,869.9869813030958,869.9869813030958,0
2015-06-17,847.8207172781255,847.8207172781255,847.8207172781255,847.8207172781255,0
2015-06-18,839.6087844980995,839.6087844980995,839.6087844980995,839.6087844980995,0
2015-06-19,840.2212647953207,840.2212647953207,840.2212647953207,840.2212647953207,0
2015-06-22,873.1796233491747,873.1796233491747,873.1796233491747,873.1796233491747,0
2015-06-23,872.9658602364011,872.9658602364011,872.9658602364011,872.9658602364011,0
2015-06-24,866.9539920230621,866.9539920230621,866.9539920230621,866.9539920230621,0
2015-06-25,862.3000846905359,862.3000846905359,862.3000846905359,862.3000846905359,0
2015-06-26,859.6121068693938,859.6121068693938,859.6121068693938,859.6121068693938,0
2015-06-29,840.5235405832334,840.5235405832334,840.5235405832334,840.5235405832334,0
2015-07-01,843.9922494316288,843.9922494316288,843.9922494316288,843.9922494316288,0
2015-07-03,840.0428310739258,840.0428310739258,840.0428310739258,840.0428310739258,0
2015-07-06,818.2838082566145,818.2838082566145,818.2838082566145,818.2838082566145,0
2015-07-07,796.5517700301493,796.5517700301493,796.5517700301493,796.5517700301493,0
2015-07-08,788.8196738015968,788.8196738015968,788.8196738015968,788.8196738015968,0
2015-07-10,817.2952624669547,817.2952624669547,817.2952624669547,817.2952624669547,0
2015-07-14,809.9639707446997,809.9639707446997,809.9639707446997,809.9639707446997,0
2015-07-15,811.6200248636435,811.6200248636435,811.6200248636435,811.6200248636435,0
2015-07-16,827.2518529642748,827.2518529642748,827.2518529642748,827.2518529642748,0
2015-07-20,811.1860290121805,811.1860290121805,811.1860290121805,811.1860290121805,0
2015-07-21,800.8844286530394,800.8844286530394,800.8844286530394,800.8844286530394,0
2015-07-22,779.2511341941735,779.2511341941735,779.2511341941735,779.2511341941735,0
2015-07-23,785.9404807043541,785.9404807043541,785.9404807043541,785.9404807043541,0
2015-07-27,774.5126374237116,774.5126374237116,774.5126374237116,774.5126374237116,0
2015-07-30,797.8790525861493,797.8790525861493,797.8790525861493,797.8790525861493,0
2015-07-31,799.9676686821725,799.9676686821725,799.9676686821725,799.9676686821725,0
2015-08-11,822.9630147567244,822.9630147567244,822.9630147567244,822.9630147567244,0
2015-08-12,821.2099858073539,821.2099858073539,821.2099858073539,821.2099858073539,0
2015-08-13,826.6824521245848,826.6824521245848,826.6824521245848,826.6824521245848,0
2015-08-14,816.7582384442021,816.7582384442021,816.7582384442021,816.7582384442021,0
2015-08-17,817.3164423941486,817.3164423941486,817.3164423941486,817.3164423941486,0
2015-08-19,824.4852696449079,824.4852696449079,824.4852696449079,824.4852696449079,0
2015-08-21,801.8788506939663,801.8788506939663,801.8788506939663,801.8788506939663,0
2015-08-24,760.7616601660343,760.7616601660343,760.7616601660343,760.7616601660343,0
2015-08-25,758.4150279904778,758.4150279904778,758.4150279904778,758.4150279904778,0
2015-08-27,793.7035568545421,793.7035568545421,793.7035568545421,793.7035568545421,0
2015-08-28,812.5201138016602,812.5201138016602,812.5201138016602,812.5201138016602,0
2015-09-01,798.6244323395752,798.6244323395752,798.6244323395752,798.6244323395752,0
2015-09-02,796.0312917080263,796.0312917080263,796.0312917080263,796.0312917080263,0
2015-09-04,793.7648043986671,793.7648043986671,793.7648043986671,793.7648043986671,0
2015-09-07,781.6309062165109,781.6309062165109,781.6309062165109,781.6309062165109,0
2015-09-08,777.7993348276972,777.7993348276972,777.7993348276972,777.7993348276972,0
2015-09-09,794.6025613213483,794.6025613213483,794.6025613213483,794.6025613213483,0
2015-09-10,801.9284840699153,801.9284840699153,801.9284840699153,801.9284840699153,0
2015-09-11,815.3698741106369,815.3698741106369,815.3698741106369,815.3698741106369,0
2015-09-15,797.2264081373539,797.2264081373539,797.2264081373539,797.2264081373539,0
2015-09-16,799.7880293104722,799.7880293104722,799.7880293104722,799.7880293104722,0
2015-09-17,811.822449100996,811.822449100996,811.822449100996,811.822449100996,0
2015-09-22,783.0628688095812,783.0628688095812,783.0628688095812,783.0628688095812,0
2015-09-23,774.8857754004537,774.8857754004537,774.8857754004537,774.8857754004537,0
2015-09-24,771.1418989929157,771.1418989929157,771.1418989929157,771.1418989929157,0
2015-09-25,776.0944279961392,776.0944279961392,776.0944279961392,776.0944279961392,0
2015-09-28,760.6850579035923,760.6850579035923,760.6850579035923,760.6850579035923,0
2015-09-29,746.4069792465746,746.4069792465746,746.4069792465746,746.4069792465746,0
2015-09-30,760.9776790651274,760.9776790651274,760.9776790651274,760.9776790651274,0
2015-10-01,765.118121211364,765.118121211364,765.118121211364,765.118121211364,0
2015-10-02,756.536247011525,756.536247011525,756.536247011525,756.536247011525,0
2015-10-06,789.812527252209,789.812527252209,789.812527252209,789.812527252209,0
2015-10-07,806.4822628504512,806.4822628504512,806.4822628504512,806.4822628504512,0
2015-10-08,803.3226154408553,803.3226154408553,803.3226154408553,803.3226154408553,0
2015-10-09,819.4818224053215,819.4818224053215,819.4818224053215,819.4818224053215,0
2015-10-12,822.3963028836017,822.3963028836017,822.3963028836017,822.3963028836017,0
2015-10-14,815.4857508794013,815.4857508794013,815.4857508794013,815.4857508794013,0
2015-10-15,819.095406350929,819.095406350929,819.095406350929,819.095406350929,0
2015-10-19,816.0382103493135,816.0382103493135,816.0382103493135,816.0382103493135,0
2015-10-20,821.8663447773215,821.8663447773215,821.8663447773215,821.8663447773215,0
2015-10-22,815.4559756795029,815.4559756795029,815.4559756795029,815.4559756795029,0
2015-10-23,811.4406665107923,811.4406665107923,811.4406665107923,811.4406665107923,0
2015-10-29,785.4785941949006,785.4785941949006,785.4785941949006,785.4785941949006,0
2015-10-30,779.5899861895774,779.5899861895774,779.5899861895774,779.5899861895774,0
2015-11-02,794.1147447010736,794.1147447010736,794.1147447010736,794.1147447010736,0
2015-11-04,775.9597475279313,775.9597475279313,775.9597475279313,775.9597475279313,0
2015-11-05,778.1748674933921,778.1748674933921,778.1748674933921,778.1748674933921,0
2015-11-06,760.2273568409116,760.2273568409116,760.2273568409116,760.2273568409116,0
2015-11-13,734.6827241138709,734.6827241138709,734.6827241138709,734.6827241138709,0
2015-11-19,737.0794747225754,737.0794747225754,737.0794747225754,737.0794747225754,0
2015-11-24,702.4285040605367,702.4285040605367,702.4285040605367,702.4285040605367,0
2015-11-26,719.081724237034,719.081724237034,719.081724237034,719.081724237034,0
2015-11-27,710.0791523001568,710.0791523001568,710.0791523001568,710.0791523001568,0
2015-12-03,695.6420289219476,695.6420289219476,695.6420289219476,695.6420289219476,0
2015-12-07,717.8718315714723,717.8718315714723,717.8718315714723,717.8718315714723,0
2015-12-08,693.0421636607961,693.0421636607961,693.0421636607961,693.0421636607961,0
2015-12-09,678.9673221909227,678.9673221909227,678.9673221909227,678.9673221909227,0
2015-12-11,691.0339176755328,691.0339176755328,691.0339176755328,691.0339176755328,0
2015-12-14,674.223821070594,674.223821070594,674.223821070594,674.223821070594,0
2015-12-15,683.8449462175807,683.8449462175807,683.8449462175807,683.8449462175807,0
2015-12-16,699.1636521428048,699.1636521428048,699.1636521428048,699.1636521428048,0
2015-12-17,708.6857020091778,708.6857020091778,708.6857020091778,708.6857020091778,0
2015-12-21,730.3737925567239,730.3737925567239,730.3737925567239,730.3737925567239,0
2015-12-23,722.4877462349407,722.4877462349407,722.4877462349407,722.4877462349407,0
2015-12-28,718.174312120902,718.174312120902,718.174312120902,718.174312120902,0
2015-12-29,728.3052928405845,728.3052928405845,728.3052928405845,728.3052928405845,0
2015-12-30,712.225461488285,712.225461488285,712.225461488285,712.225461488285,0
2016-01-04,701.2339441650612,701.2339441650612,701.2339441650612,701.2339441650612,0
2016-01-05,692.5293367999019,692.5293367999019,692.5293367999019,692.5293367999019,0
2016-01-07,675.0485638714584,675.0485638714584,675.0485638714584,675.0485638714584,0
2016-01-08,659.4303003923304,659.4303003923304,659.4303003923304,659.4303003923304,0
2016-01-12,674.5952713863664,674.5952713863664,674.5952713863664,674.5952713863664,0
2016-01-14,673.8803298571811,673.8803298571811,673.8803298571811,673.8803298571811,0
2016-01-15,652.876833386968,652.876833386968,652.876833386968,652.876833386968,0
2016-01-18,626.0496494226735,626.0496494226735,626.0496494226735,626.0496494226735,0
2016-01-21,613.2715146787306,613.2715146787306,613.2715146787306,613.2715146787306,0
2016-01-22,637.1037791990635,637.1037791990635,637.1037791990635,637.1037791990635,0
2016-01-26,634.5989122253292,634.5989122253292,634.5989122253292,634.5989122253292,0
2016-01-27,636.7600008662785,636.7600008662785,636.7600008662785,636.7600008662785,0
2016-01-28,654.8086811706032,654.8086811706032,654.8086811706032,654.8086811706032,0
2016-01-29,664.0334072970162,664.0334072970162,664.0334072970162,664.0334072970162,0
2016-02-02,645.4343092441138,645.4343092441138,645.4343092441138,645.4343092441138,0
2016-02-03,641.0065831180789,641.0065831180789,641.0065831180789,641.0065831180789,0
2016-02-04,653.8502454523251,653.8502454523251,653.8502454523251,653.8502454523251,0
2016-02-05,661.086443483093,661.086443483093,661.086443483093,661.086443483093,0
2016-02-08,647.248097684749,647.248097684749,647.248097684749,647.248097684749,0
2016-02-09,641.0575484179476,641.0575484179476,641.0575484179476,641.0575484179476,0
2016-02-10,641.747622369319,641.747622369319,641.747622369319,641.747622369319,0
2016-02-11,630.3209573362991,630.3209573362991,630.3209573362991,630.3209573362991,0
2016-02-12,640.8709859182002,640.8709859182002,640.8709859182002,640.8709859182002,0
2016-02-15,663.7256882174582,663.7256882174582,663.7256882174582,663.7256882174582,0
2016-02-16,662.2548468339145,662.2548468339145,662.2548468339145,662.2548468339145,0
2016-02-17,685.4665480160886,685.4665480160886,685.4665480160886,685.4665480160886,0
2016-02-18,687.8767285666727,687.8767285666727,687.8767285666727,687.8767285666727,0
2016-02-19,674.3231345129769,674.3231345129769,674.3231345129769,674.3231345129769,0
2016-02-22,688.0936856572432,688.0936856572432,688.0936856572432,688.0936856572432,0
2016-02-23,671.9284466395977,671.9284466395977,671.9284466395977,671.9284466395977,0
2016-02-24,671.7898390942298,671.7898390942298,671.7898390942298,671.7898390942298,0
2016-02-25,675.657253394398,675.657253394398,675.657253394398,675.657253394398,0
2016-02-26,673.6089976778673,673.6089976778673,673.6089976778673,673.6089976778673,0
2016-02-29,661.1575328390559,661.1575328390559,661.1575328390559,661.1575328390559,0
2016-03-01,662.8339516909718,662.8339516909718,662.8339516909718,662.8339516909718,0
2016-03-02,688.2771329015941,688.2771329015941,688.2771329015941,688.2771329015941,0
2016-03-03,699.2663306824696,699.2663306824696,699.2663306824696,699.2663306824696,0
2016-03-04,705.2982185407972,705.2982185407972,705.2982185407972,705.2982185407972,0
2016-03-07,708.7189559290237,708.7189559290237,708.7189559290237,708.7189559290237,0
2016-03-08,706.6759824363284,706.6759824363284,706.6759824363284,706.6759824363284,0
2016-03-10,714.1051774565691,714.1051774565691,714.1051774565691,714.1051774565691,0
2016-03-11,721.8579143857957,721.8579143857957,721.8579143857957,721.8579143857957,0
2016-03-14,731.2106353949937,731.2106353949937,731.2106353949937,731.2106353949937,0
2016-03-15,731.8819620753428,731.8819620753428,731.8819620753428,731.8819620753428,0
2016-03-16,720.7218305850631,720.7218305850631,720.7218305850631,720.7218305850631,0
2016-03-17,732.142379543519,732.142379543519,732.142379543519,732.142379543519,0
2016-03-18,731.1807416391165,731.1807416391165,731.1807416391165,731.1807416391165,0
2016-03-21,734.0009257122159,734.0009257122159,734.0009257122159,734.0009257122159,0
2016-03-23,724.0897045745736,724.0897045745736,724.0897045745736,724.0897045745736,0
2016-03-24,720.956247439543,720.956247439543,720.956247439543,720.956247439543,0
2016-03-29,719.4726545997214,719.4726545997214,719.4726545997214,719.4726545997214,0
2016-03-30,725.3957739474091,725.3957739474091,725.3957739474091,725.3957739474091,0
2016-03-31,717.9278720216765,717.9278720216765,717.9278720216765,717.9278720216765,0
2016-04-01,706.6966406918907,706.6966406918907,706.6966406918907,706.6966406918907,0
2016-04-04,716.7043196933812,716.7043196933812,716.7043196933812,716.7043196933812,0
2016-04-05,706.8571894573173,706.8571894573173,706.8571894573173,706.8571894573173,0
2016-04-06,691.5342397175538,691.5342397175538,691.5342397175538,691.5342397175538,0
2016-04-07,682.5173587140032,682.5173587140032,682.5173587140032,682.5173587140032,0
2016-04-08,690.8312663970903,690.8312663970903,690.8312663970903,690.8312663970903,0
2016-04-11,691.7604959072287,691.7604959072287,691.7604959072287,691.7604959072287,0
2016-04-12,684.8922259305726,684.8922259305726,684.8922259305726,684.8922259305726,0
2016-04-13,704.435285071711,704.435285071711,704.435285071711,704.435285071711,0
2016-04-14,709.1349140833377,709.1349140833377,709.1349140833377,709.1349140833377,0
2016-04-15,708.1531044404123,708.1531044404123,708.1531044404123,708.1531044404123,0
2016-04-19,717.3351751691094,717.3351751691094,717.3351751691094,717.3351751691094,0
2016-04-20,713.7770773390351,713.7770773390351,713.7770773390351,713.7770773390351,0
2016-04-21,715.6743733143708,715.6743733143708,715.6743733143708,715.6743733143708,0
2016-04-22,719.6164562720671,719.6164562720671,719.6164562720671,719.6164562720671,0
2016-04-27,716.8322940621559,716.8322940621559,716.8322940621559,716.8322940621559,0
2016-04-28,707.5411611497441,707.5411611497441,707.5411611497441,707.5411611497441,0
2016-05-05,688.8927804078813,688.8927804078813,688.8927804078813,688.8927804078813,0
2016-05-06,689.6185904211928,689.6185904211928,689.6185904211928,689.6185904211928,0
2016-05-09,673.4803776270577,673.4803776270577,673.4803776270577,673.4803776270577,0
2016-05-10,678.0155807739972,678.0155807739972,678.0155807739972,678.0155807739972,0
2016-05-11,672.31507101417,672.31507101417,672.31507101417,672.31507101417,0
2016-05-12,672.8311984846529,672.8311984846529,672.8311984846529,672.8311984846529,0
2016-05-13,675.0510182857167,675.0510182857167,675.0510182857167,675.0510182857167,0
2016-05-16,689.756942562748,689.756942562748,689.756942562748,689.756942562748,0
2016-05-18,683.1953982613229,683.1953982613229,683.1953982613229,683.1953982613229,0
2016-05-19,666.2261892035496,666.2261892035496,666.2261892035496,666.2261892035496,0
2016-05-20,670.2971815907772,670.2971815907772,670.2971815907772,670.2971815907772,0
2016-05-23,677.4776603952616,677.4776603952616,677.4776603952616,677.4776603952616,0
2016-05-24,685.9312581791199,685.9312581791199,685.9312581791199,685.9312581791199,0
2016-05-25,685.429945075441,685.429945075441,685.429945075441,685.429945075441,0
2016-05-27,686.87012119783,686.87012119783,686.87012119783,686.87012119783,0
2016-05-30,687.1356483974222,687.1356483974222,687.1356483974222,687.1356483974222,0
2016-06-01,664.2748921669315,664.2748921669315,664.2748921669315,664.2748921669315,0
2016-06-02,669.8147098754927,669.8147098754927,669.8147098754927,669.8147098754927,0
2016-06-03,682.1216739655428,682.1216739655428,682.1216739655428,682.1216739655428,0
2016-06-06,683.1374481446388,683.1374481446388,683.1374481446388,683.1374481446388,0
2016-06-07,701.8639709550989,701.8639709550989,701.8639709550989,701.8639709550989,0
2016-06-08,690.2288097190898,690.2288097190898,690.2288097190898,690.2288097190898,0
2016-06-09,684.806660080918,684.806660080918,684.806660080918,684.806660080918,0
2016-06-10,665.7245037414099,665.7245037414099,665.7245037414099,665.7245037414099,0
2016-06-13,671.6490576083715,671.6490576083715,671.6490576083715,671.6490576083715,0
2016-06-14,663.3070950542926,663.3070950542926,663.3070950542926,663.3070950542926,0
2016-06-15,662.0591392807851,662.0591392807851,662.0591392807851,662.0591392807851,0
2016-06-16,658.7144653994607,658.7144653994607,658.7144653994607,658.7144653994607,0
2016-06-17,676.5913474971619,676.5913474971619,676.5913474971619,676.5913474971619,0
2016-06-20,670.8648967046878,670.8648967046878,670.8648967046878,670.8648967046878,0
2016-06-21,676.4489632127481,676.4489632127481,676.4489632127481,676.4489632127481,0
2016-06-22,689.6122013157752,689.6122013157752,689.6122013157752,689.6122013157752,0
2016-06-23,709.8245035269982,709.8245035269982,709.8245035269982,709.8245035269982,0
2016-06-24,662.4224332335843,662.4224332335843,662.4224332335843,662.4224332335843,0
2016-06-27,643.3286522942971,643.3286522942971,643.3286522942971,643.3286522942971,0
2016-06-28,659.6506908314126,659.6506908314126,659.6506908314126,659.6506908314126,0
2016-06-29,655.3220848416764,655.3220848416764,655.3220848416764,655.3220848416764,0
2016-06-30,655.6912304134011,655.6912304134011,655.6912304134011,655.6912304134011,0
2016-07-01,651.7421203601087,651.7421203601087,651.7421203601087,651.7421203601087,0
2016-07-04,648.0872076046537,648.0872076046537,648.0872076046537,648.0872076046537,0
2016-07-05,642.2069227922815,642.2069227922815,642.2069227922815,642.2069227922815,0
2016-07-06,631.9258843002955,631.9258843002955,631.9258843002955,631.9258843002955,0
2016-07-07,641.8549894146049,641.8549894146049,641.8549894146049,641.8549894146049,0
2016-07-08,637.9610297895968,637.9610297895968,637.9610297895968,637.9610297895968,0
2016-07-11,658.3666589702663,658.3666589702663,658.3666589702663,658.3666589702663,0
2016-07-12,666.8674447322504,666.8674447322504,666.8674447322504,666.8674447322504,0
2016-07-13,651.8882471734382,651.8882471734382,651.8882471734382,651.8882471734382,0
2016-07-14,653.0892103352112,653.0892103352112,653.0892103352112,653.0892103352112,0
2016-07-15,661.0476860034528,661.0476860034528,661.0476860034528,661.0476860034528,0
2016-07-18,664.2198972939132,664.2198972939132,664.2198972939132,664.2198972939132,0
2016-07-19,666.8629229499713,666.8629229499713,666.8629229499713,666.8629229499713,0
2016-07-20,673.4494463178723,673.4494463178723,673.4494463178723,673.4494463178723,0
2016-07-21,669.6597087609307,669.6597087609307,669.6597087609307,669.6597087609307,0
2016-07-25,660.7641843388517,660.7641843388517,660.7641843388517,660.7641843388517,0
2016-07-26,663.2066319081251,663.2066319081251,663.2066319081251,663.2066319081251,0
2016-07-27,667.124670156543,667.124670156543,667.124670156543,667.124670156543,0
2016-07-28,664.5507620862052,664.5507620862052,664.5507620862052,664.5507620862052,0
2016-07-29,664.396366433803,664.396366433803,664.396366433803,664.396366433803,0
2016-08-01,658.720997414127,658.720997414127,658.720997414127,658.720997414127,0
2016-08-02,694.6401635204342,694.6401635204342,694.6401635204342,694.6401635204342,0
2016-08-03,698.7144419222237,698.7144419222237,698.7144419222237,698.7144419222237,0
2016-08-04,713.5173141861746,713.5173141861746,713.5173141861746,713.5173141861746,0
2016-08-05,715.0114892559477,715.0114892559477,715.0114892559477,715.0114892559477,0
2016-08-08,725.6235497937316,725.6235497937316,725.6235497937316,725.6235497937316,0
2016-08-10,736.584693900296,736.584693900296,736.584693900296,736.584693900296,0
2016-08-12,743.8718683306182,743.8718683306182,743.8718683306182,743.8718683306182,0
2016-08-16,739.8372901339424,739.8372901339424,739.8372901339424,739.8372901339424,0
2016-08-19,718.4493384728811,718.4493384728811,718.4493384728811,718.4493384728811,0
2016-08-22,722.4956576477297,722.4956576477297,722.4956576477297,722.4956576477297,0
2016-08-23,721.4552875628714,721.4552875628714,721.4552875628714,721.4552875628714,0
2016-08-24,725.8973333417847,725.8973333417847,725.8973333417847,725.8973333417847,0
2016-08-25,727.3185674002971,727.3185674002971,727.3185674002971,727.3185674002971,0
2016-08-26,731.2919566426798,731.2919566426798,731.2919566426798,731.2919566426798,0
2016-08-29,729.0411835889277,729.0411835889277,729.0411835889277,729.0411835889277,0
2016-08-30,751.4191219021731,751.4191219021731,751.4191219021731,751.4191219021731,0
2016-08-31,759.259760537787,759.259760537787,759.259760537787,759.259760537787,0
2016-09-01,741.46058830536,741.46058830536,741.46058830536,741.46058830536,0
2016-09-05,753.886436729775,753.886436729775,753.886436729775,753.886436729775,0
2016-09-06,752.254749656671,752.254749656671,752.254749656671,752.254749656671,0
2016-09-08,751.2282044555685,751.2282044555685,751.2282044555685,751.2282044555685,0
2016-09-09,718.0984145252877,718.0984145252877,718.0984145252877,718.0984145252877,0
2016-09-12,720.6548985332931,720.6548985332931,720.6548985332931,720.6548985332931,0
2016-09-13,715.659172774752,715.659172774752,715.659172774752,715.659172774752,0
2016-09-14,723.309733169913,723.309733169913,723.309733169913,723.309733169913,0
2016-09-15,728.6630650308939,728.6630650308939,728.6630650308939,728.6630650308939,0
2016-09-16,728.7670925245731,728.7670925245731,728.7670925245731,728.7670925245731,0
2016-09-19,729.6309482337657,729.6309482337657,729.6309482337657,729.6309482337657,0
2016-09-21,741.2256758296782,741.2256758296782,741.2256758296782,741.2256758296782,0
2016-09-22,749.5281403912193,749.5281403912193,749.5281403912193,749.5281403912193,0
2016-09-23,741.0554760792137,741.0554760792137,741.0554760792137,741.0554760792137,0
2016-09-26,739.2953837146191,739.2953837146191,739.2953837146191,739.2953837146191,0
2016-09-28,730.1056210055332,730.1056210055332,730.1056210055332,730.1056210055332,0
2016-09-29,734.8101619611741,734.8101619611741,734.8101619611741,734.8101619611741,0
2016-09-30,713.8811730275206,713.8811730275206,713.8811730275206,713.8811730275206,0
2016-10-03,726.6915857104741,726.6915857104741,726.6915857104741,726.6915857104741,0
2016-10-04,732.289629414745,732.289629414745,732.289629414745,732.289629414745,0
2016-10-06,736.075897927367,736.075897927367,736.075897927367,736.075897927367,0
2016-10-07,731.7755595222329,731.7755595222329,731.7755595222329,731.7755595222329,0
2016-10-10,728.6946932282223,728.6946932282223,728.6946932282223,728.6946932282223,0
2016-10-12,726.4944632217736,726.4944632217736,726.4944632217736,726.4944632217736,0
2016-10-13,713.1801248126972,713.1801248126972,713.1801248126972,713.1801248126972,0
2016-10-14,714.2676476594521,714.2676476594521,714.2676476594521,714.2676476594521,0
2016-10-18,712.8585246403919,712.8585246403919,712.8585246403919,712.8585246403919,0
2016-10-19,711.500711955217,711.500711955217,711.500711955217,711.500711955217,0
2016-10-20,716.7687485128338,716.7687485128338,716.7687485128338,716.7687485128338,0
2016-10-21,717.0679048263031,717.0679048263031,717.0679048263031,717.0679048263031,0
2016-10-24,738.3655773937176,738.3655773937176,738.3655773937176,738.3655773937176,0
2016-10-25,742.0162446746124,742.0162446746124,742.0162446746124,742.0162446746124,0
2016-10-26,732.3177362825288,732.3177362825288,732.3177362825288,732.3177362825288,0
2016-10-27,737.0150752581308,737.0150752581308,737.0150752581308,737.0150752581308,0
2016-10-28,746.1944170487915,746.1944170487915,746.1944170487915,746.1944170487915,0
2016-10-31,746.6062158493805,746.6062158493805,746.6062158493805,746.6062158493805,0
2016-11-02,724.8295657436345,724.8295657436345,724.8295657436345,724.8295657436345,0
2016-11-03,730.658139665619,730.658139665619,730.658139665619,730.658139665619,0
2016-11-08,728.099443557355,728.099443557355,728.099443557355,728.099443557355,0
2016-11-09,731.5968075937268,731.5968075937268,731.5968075937268,731.5968075937268,0
2016-11-10,743.3638561559861,743.3638561559861,743.3638561559861,743.3638561559861,0
2016-11-15,733.1510061605136,733.1510061605136,733.1510061605136,733.1510061605136,0
2016-11-16,727.6390622491336,727.6390622491336,727.6390622491336,727.6390622491336,0
2016-11-17,717.1919918009393,717.1919918009393,717.1919918009393,717.1919918009393,0
2016-11-18,710.120899041042,710.120899041042,710.120899041042,710.120899041042,0
2016-11-23,714.934673422218,714.934673422218,714.934673422218,714.934673422218,0
2016-11-24,717.8565503515553,717.8565503515553,717.8565503515553,717.8565503515553,0
2016-11-25,709.4572881799901,709.4572881799901,709.4572881799901,709.4572881799901,0
2016-11-28,703.1127584993735,703.1127584993735,703.1127584993735,703.1127584993735,0
2016-11-30,712.9507455506659,712.9507455506659,712.9507455506659,712.9507455506659,0
2016-12-01,707.2006425152169,707.2006425152169,707.2006425152169,707.2006425152169,0
2016-12-02,710.3839433543255,710.3839433543255,710.3839433543255,710.3839433543255,0
2016-12-06,754.85235191672,754.85235191672,754.85235191672,754.85235191672,0
2016-12-07,752.4935234567407,752.4935234567407,752.4935234567407,752.4935234567407,0
2016-12-08,768.6606050330442,768.6606050330442,768.6606050330442,768.6606050330442,0
2016-12-09,760.9123894884522,760.9123894884522,760.9123894884522,760.9123894884522,0
2016-12-13,770.4521029885382,770.4521029885382,770.4521029885382,770.4521029885382,0
2016-12-15,780.1240289376506,780.1240289376506,780.1240289376506,780.1240289376506,0
2016-12-19,772.5571080261469,772.5571080261469,772.5571080261469,772.5571080261469,0
2016-12-22,769.4443085335872,769.4443085335872,769.4443085335872,769.4443085335872,0
2016-12-23,765.327407599516,765.327407599516,765.327407599516,765.327407599516,0
2016-12-27,767.0809107601607,767.0809107601607,767.0809107601607,767.0809107601607,0
2016-12-28,764.7713918504109,764.7713918504109,764.7713918504109,764.7713918504109,0
2016-12-29,778.3966872302058,778.3966872302058,778.3966872302058,778.3966872302058,0
2017-01-03,796.9674410134651,796.9674410134651,796.9674410134651,796.9674410134651,0
2017-01-09,805.393803442606,805.393803442606,805.393803442606,805.393803442606,0
2017-01-13,813.6495874560736,813.6495874560736,813.6495874560736,813.6495874560736,0
2017-01-16,812.7991875730148,812.7991875730148,812.7991875730148,812.7991875730148,0
2017-01-17,807.3271042272977,807.3271042272977,807.3271042272977,807.3271042272977,0
2017-01-18,804.3596202248233,804.3596202248233,804.3596202248233,804.3596202248233,0
2017-01-25,855.7119664100152,855.7119664100152,855.7119664100152,855.7119664100152,0
2017-01-26,846.0840410555286,846.0840410555286,846.0840410555286,846.0840410555286,0
2017-01-27,857.5628915351309,857.5628915351309,857.5628915351309,857.5628915351309,0
2017-01-30,835.2366540859739,835.2366540859739,835.2366540859739,835.2366540859739,0
2017-01-31,854.8572690229269,854.8572690229269,854.8572690229269,854.8572690229269,0
2017-02-01,860.7323858514469,860.7323858514469,860.7323858514469,860.7323858514469,0
2017-02-03,866.0853222827294,866.0853222827294,866.0853222827294,866.0853222827294,0
2017-02-07,864.893636949943,864.893636949943,864.893636949943,864.893636949943,0
2017-02-08,857.3983515859142,857.3983515859142,857.3983515859142,857.3983515859142,0
2017-02-09,886.1242370841862,886.1242370841862,886.1242370841862,886.1242370841862,0
2017-02-10,887.9430745872237,887.9430745872237,887.9430745872237,887.9430745872237,0
2017-02-13,885.5827651140107,885.5827651140107,885.5827651140107,885.5827651140107,0
2017-02-14,888.3100852214507,888.3100852214507,888.3100852214507,888.3100852214507,0
2017-02-15,889.8259216039121,889.8259216039121,889.8259216039121,889.8259216039121,0
2017-02-16,894.8312943518345,894.8312943518345,894.8312943518345,894.8312943518345,0
2017-02-21,901.0590903775374,901.0590903775374,901.0590903775374,901.0590903775374,0
2017-02-22,912.0545786499554,912.0545786499554,912.0545786499554,912.0545786499554,0
2017-02-24,889.6790461062468,889.6790461062468,889.6790461062468,889.6790461062468,0
2017-02-27,886.163160477828,886.163160477828,886.163160477828,886.163160477828,0
2017-02-28,883.7446956660574,883.7446956660574,883.7446956660574,883.7446956660574,0
2017-03-01,911.7099889925546,911.7099889925546,911.7099889925546,911.7099889925546,0
2017-03-03,896.2311615403179,896.2311615403179,896.2311615403179,896.2311615403179,0
2017-03-06,888.9182735124768,888.9182735124768,888.9182735124768,888.9182735124768,0
2017-03-08,877.8936896169524,877.8936896169524,877.8936896169524,877.8936896169524,0
2017-03-09,867.3764055139039,867.3764055139039,867.3764055139039,867.3764055139039,0
2017-03-10,872.1896260903006,872.1896260903006,872.1896260903006,872.1896260903006,0
2017-03-16,900.6916452799109,900.6916452799109,900.6916452799109,900.6916452799109,0
2017-03-17,896.1998048338521,896.1998048338521,896.1998048338521,896.1998048338521,0
2017-03-21,889.0759927731319,889.0759927731319,889.0759927731319,889.0759927731319,0
2017-03-22,875.2175722704096,875.2175722704096,875.2175722704096,875.2175722704096,0
2017-03-23,882.9574198505621,882.9574198505621,882.9574198505621,882.9574198505621,0
2017-03-27,878.3674336552449,878.3674336552449,878.3674336552449,878.3674336552449,0
2017-03-28,888.1250689650599,888.1250689650599,888.1250689650599,888.1250689650599,0
2017-03-29,886.7857346584855,886.7857346584855,886.7857346584855,886.7857346584855,0
2017-03-31,860.8612468450078,860.8612468450078,860.8612468450078,860.8612468450078,0
2017-04-03,871.851185693113,871.851185693113,871.851185693113,871.851185693113,0
2017-04-04,878.5881299839897,878.5881299839897,878.5881299839897,878.5881299839897,0
2017-04-05,884.7959703174182,884.7959703174182,884.7959703174182,884.7959703174182,0
2017-04-06,882.5903462648262,882.5903462648262,882.5903462648262,882.5903462648262,0
2017-04-07,877.0973805066355,877.0973805066355,877.0973805066355,877.0973805066355,0
2017-04-10,876.4903476754284,876.4903476754284,876.4903476754284,876.4903476754284,0
2017-04-13,855.6148392957969,855.6148392957969,855.6148392957969,855.6148392957969,0
2017-04-18,855.4268439325972,855.4268439325972,855.4268439325972,855.4268439325972,0
2017-04-19,871.8115040542153,871.8115040542153,871.8115040542153,871.8115040542153,0
2017-04-20,879.4773899745518,879.4773899745518,879.4773899745518,879.4773899745518,0
2017-04-21,876.9379297333184,876.9379297333184,876.9379297333184,876.9379297333184,0
2017-04-24,889.4775126150713,889.4775126150713,889.4775126150713,889.4775126150713,0
2017-04-25,921.9811962682859,921.9811962682859,921.9811962682859,921.9811962682859,0
2017-04-27,937.6779412805392,937.6779412805392,937.6779412805392,937.6779412805392,0
2017-04-28,933.8192243518886,933.8192243518886,933.8192243518886,933.8192243518886,0
2017-05-02,935.064694463149,935.064694463149,935.064694463149,935.064694463149,0
2017-05-04,946.7819468687634,946.7819468687634,946.7819468687634,946.7819468687634,0
2017-05-05,946.2192390601713,946.2192390601713,946.2192390601713,946.2192390601713,0
2017-05-08,937.7272732670458,937.7272732670458,937.7272732670458,937.7272732670458,0
2017-05-09,961.3114850377945,961.3114850377945,961.3114850377945,961.3114850377945,0
2017-05-10,941.7536390860993,941.7536390860993,941.7536390860993,941.7536390860993,0
2017-05-12,932.9456359649243,932.9456359649243,932.9456359649243,932.9456359649243,0
2017-05-15,937.1411441222175,937.1411441222175,937.1411441222175,937.1411441222175,0
2017-05-17,924.1912486094556,924.1912486094556,924.1912486094556,924.1912486094556,0
2017-05-18,911.3893019557955,911.3893019557955,911.3893019557955,911.3893019557955,0
2017-05-19,911.3287735058846,911.3287735058846,911.3287735058846,911.3287735058846,0
2017-05-22,926.5362604686487,926.5362604686487,926.5362604686487,926.5362604686487,0
2017-05-23,904.6770599433542,904.6770599433542,904.6770599433542,904.6770599433542,0
2017-05-24,924.7071780352225,924.7071780352225,924.7071780352225,924.7071780352225,0
2017-05-25,923.8132789477022,923.8132789477022,923.8132789477022,923.8132789477022,0
2017-05-26,913.5043069105232,913.5043069105232,913.5043069105232,913.5043069105232,0
2017-05-30,904.1502258608806,904.1502258608806,904.1502258608806,904.1502258608806,0
2017-06-01,900.0738030518111,900.0738030518111,900.0738030518111,900.0738030518111,0
2017-06-02,918.9222259606731,918.9222259606731,918.9222259606731,918.9222259606731,0
2017-06-06,902.8779587396361,902.8779587396361,902.8779587396361,902.8779587396361,0
2017-06-07,905.8469971154267,905.8469971154267,905.8469971154267,905.8469971154267,0
2017-06-08,918.9190824015708,918.9190824015708,918.9190824015708,918.9190824015708,0
2017-06-09,914.1851638479053,914.1851638479053,914.1851638479053,914.1851638479053,0
2017-06-12,904.3620180498949,904.3620180498949,904.3620180498949,904.3620180498949,0
2017-06-13,905.7909645526524,905.7909645526524,905.7909645526524,905.7909645526524,0
2017-06-14,909.5126573461915,909.5126573461915,909.5126573461915,909.5126573461915,0
2017-06-16,913.7455898149245,913.7455898149245,913.7455898149245,913.7455898149245,0
2017-06-19,915.1565938238325,915.1565938238325,915.1565938238325,915.1565938238325,0
2017-06-27,931.4779230152127,931.4779230152127,931.4779230152127,931.4779230152127,0
2017-06-28,923.608485689506,923.608485689506,923.608485689506,923.608485689506,0
2017-06-30,915.5278853226029,915.5278853226029,915.5278853226029,915.5278853226029,0
2017-07-03,930.7917198575263,930.7917198575263,930.7917198575263,930.7917198575263,0
2017-07-04,917.5778492419377,917.5778492419377,917.5778492419377,917.5778492419377,0
2017-07-05,922.1385756936878,922.1385756936878,922.1385756936878,922.1385756936878,0
2017-07-06,925.6316555904822,925.6316555904822,925.6316555904822,925.6316555904822,0
2017-07-07,916.7628474487749,916.7628474487749,916.7628474487749,916.7628474487749,0
2017-07-10,928.2282749014167,928.2282749014167,928.2282749014167,928.2282749014167,0
2017-07-11,918.0741761640535,918.0741761640535,918.0741761640535,918.0741761640535,0
2017-07-13,938.3749102582608,938.3749102582608,938.3749102582608,938.3749102582608,0
2017-07-14,932.8795816095248,932.8795816095248,932.8795816095248,932.8795816095248,0
2017-07-17,939.6748985537843,939.6748985537843,939.6748985537843,939.6748985537843,0
2017-07-19,928.1070529912791,928.1070529912791,928.1070529912791,928.1070529912791,0
2017-07-20,944.0119301632582,944.0119301632582,944.0119301632582,944.0119301632582,0
2017-07-21,932.8617763607343,932.8617763607343,932.8617763607343,932.8617763607343,0
2017-07-24,932.994641446393,932.994641446393,932.994641446393,932.994641446393,0
2017-07-27,950.6502650690445,950.6502650690445,950.6502650690445,950.6502650690445,0
2017-07-28,960.3650798057531,960.3650798057531,960.3650798057531,960.3650798057531,0
2017-08-01,972.0292497669583,972.0292497669583,972.0292497669583,972.0292497669583,0
2017-08-03,949.0455871498174,949.0455871498174,949.0455871498174,949.0455871498174,0
2017-08-07,962.833080410185,962.833080410185,962.833080410185,962.833080410185,0
2017-08-09,962.1849493420495,962.1849493420495,962.1849493420495,962.1849493420495,0
2017-08-11,951.662950533004,951.662950533004,951.662950533004,951.662950533004,0
2017-08-14,949.7604677417644,949.7604677417644,949.7604677417644,949.7604677417644,0
2017-08-18,931.8613801862924,931.8613801862924,931.8613801862924,931.8613801862924,0
2017-08-23,934.1365333169813,934.1365333169813,934.1365333169813,934.1365333169813,0
2017-08-28,962.6819264653296,962.6819264653296,962.6819264653296,962.6819264653296,0
2017-08-31,962.9856197646253,962.9856197646253,962.9856197646253,962.9856197646253,0
2017-09-05,953.7362201723022,953.7362201723022,953.7362201723022,953.7362201723022,0
2017-09-06,946.7115671758376,946.7115671758376,946.7115671758376,946.7115671758376,0
2017-09-07,941.3955585070703,941.3955585070703,941.3955585070703,941.3955585070703,0
2017-09-08,946.6974142943192,946.6974142943192,946.6974142943192,946.6974142943192,0
2017-09-11,945.6201228019402,945.6201228019402,945.6201228019402,945.6201228019402,0
2017-09-12,946.7668384524114,946.7668384524114,946.7668384524114,946.7668384524114,0
2017-09-13,947.2488596997601,947.2488596997601,947.2488596997601,947.2488596997601,0
2017-09-14,954.4861127271357,954.4861127271357,954.4861127271357,954.4861127271357,0
2017-09-15,955.0028859031457,955.0028859031457,955.0028859031457,955.0028859031457,0
2017-09-18,958.64159738808,958.64159738808,958.64159738808,958.64159738808,0
2017-09-21,961.9790856337214,961.9790856337214,961.9790856337214,961.9790856337214,0
2017-09-26,956.9063520642377,956.9063520642377,956.9063520642377,956.9063520642377,0
2017-09-27,954.8912554303967,954.8912554303967,954.8912554303967,954.8912554303967,0
2017-09-28,954.8912554303967,954.8912554303967,954.8912554303967,954.8912554303967,0
2017-10-02,949.903719528236,949.903719528236,949.903719528236,949.903719528236,0
2017-10-03,947.5375499165491,947.5375499165491,947.5375499165491,947.5375499165491,0
2017-10-05,954.9281141155119,954.9281141155119,954.9281141155119,954.9281141155119,0
2017-10-09,951.4643803633217,951.4643803633217,951.4643803633217,951.4643803633217,0
2017-10-10,966.7920455864928,966.7920455864928,966.7920455864928,966.7920455864928,0
2017-10-12,974.2993945948328,974.2993945948328,974.2993945948328,974.2993945948328,0
2017-10-13,970.6345935718255,970.6345935718255,970.6345935718255,970.6345935718255,0
2017-10-16,969.9475244949922,969.9475244949922,969.9475244949922,969.9475244949922,0
2017-10-18,950.0545245302269,950.0545245302269,950.0545245302269,950.0545245302269,0
2017-10-24,934.4426957763283,934.4426957763283,934.4426957763283,934.4426957763283,0
2017-10-27,933.2009047950162,933.2009047950162,933.2009047950162,933.2009047950162,0
2017-10-30,951.1538455474195,951.1538455474195,951.1538455474195,951.1538455474195,0
2017-10-31,958.1409279517403,958.1409279517403,958.1409279517403,958.1409279517403,0
2017-11-03,945.4927051235509,945.4927051235509,945.4927051235509,945.4927051235509,0
2017-11-06,956.6129823210122,956.6129823210122,956.6129823210122,956.6129823210122,0
2017-11-08,961.5115845888799,961.5115845888799,961.5115845888799,961.5115845888799,0
2017-11-09,951.6474332502113,951.6474332502113,951.6474332502113,951.6474332502113,0
2017-11-10,944.8897621860831,944.8897621860831,944.8897621860831,944.8897621860831,0
2017-11-13,958.9930530346111,958.9930530346111,958.9930530346111,958.9930530346111,0
2017-11-14,951.1269596544345,951.1269596544345,951.1269596544345,951.1269596544345,0
2017-11-15,938.3398796255955,938.3398796255955,938.3398796255955,938.3398796255955,0
2017-11-16,949.1583658977055,949.1583658977055,949.1583658977055,949.1583658977055,0
2017-11-17,951.8253160952502,951.8253160952502,951.8253160952502,951.8253160952502,0
2017-11-21,970.2447218842979,970.2447218842979,970.2447218842979,970.2447218842979,0
2017-11-22,972.4123006845273,972.4123006845273,972.4123006845273,972.4123006845273,0
2017-11-23,976.2834708531117,976.2834708531117,976.2834708531117,976.2834708531117,0
2017-11-27,984.4644381701918,984.4644381701918,984.4644381701918,984.4644381701918,0
2017-11-28,1000.9033048155769,1000.9033048155769,1000.9033048155769,1000.9033048155769,0
2017-11-29,986.7038581778313,986.7038581778313,986.7038581778313,986.7038581778313,0
2017-12-04,985.24407580168,985.24407580168,985.24407580168,985.24407580168,0
2017-12-06,965.8222955676197,965.8222955676197,965.8222955676197,965.8222955676197,0
2017-12-07,950.0201807557316,950.0201807557316,950.0201807557316,950.0201807557316,0
2017-12-08,968.743845960198,968.743845960198,968.743845960198,968.743845960198,0
2017-12-11,970.7292529832554,970.7292529832554,970.7292529832554,970.7292529832554,0
2017-12-12,976.810074031172,976.810074031172,976.810074031172,976.810074031172,0
2017-12-13,981.1083160136911,981.1083160136911,981.1083160136911,981.1083160136911,0
2017-12-14,988.1555168813669,988.1555168813669,988.1555168813669,988.1555168813669,0
2017-12-15,980.5866009303522,980.5866009303522,980.5866009303522,980.5866009303522,0
2017-12-18,990.8150302124593,990.8150302124593,990.8150302124593,990.8150302124593,0
2017-12-19,994.198718406339,994.198718406339,994.198718406339,994.198718406339,0
2017-12-20,1001.6047079820326,1001.6047079820326,1001.6047079820326,1001.6047079820326,0
2017-12-21,996.282883411745,996.282883411745,996.282883411745,996.282883411745,0
2017-12-22,989.3962627620156,989.3962627620156,989.3962627620156,989.3962627620156,0
2017-12-27,1002.8448426493588,1002.8448426493588,1002.8448426493588,1002.8448426493588,0
2017-12-28,1000.6081927678661,1000.6081927678661,1000.6081927678661,1000.6081927678661,0
2017-12-29,994.9205645367798,994.9205645367798,994.9205645367798,994.9205645367798,0
2018-01-03,1000.2871368867434,1000.2871368867434,1000.2871368867434,1000.2871368867434,0
2018-01-04,1023.4157320665787,1023.4157320665787,1023.4157320665787,1023.4157320665787,0
2018-01-08,1030.9251522698726,1030.9251522698726,1030.9251522698726,1030.9251522698726,0
2018-01-09,1028.4410358747934,1028.4410358747934,1028.4410358747934,1028.4410358747934,0
2018-01-11,1030.5486057381709,1030.5486057381709,1030.5486057381709,1030.5486057381709,0
2018-01-12,1027.3793793164625,1027.3793793164625,1027.3793793164625,1027.3793793164625,0
2018-01-15,1032.6860940552065,1032.6860940552065,1032.6860940552065,1032.6860940552065,0
2018-01-22,1060.573676198722,1060.573676198722,1060.573676198722,1060.573676198722,0
2018-01-24,1076.96966707984,1076.96966707984,1076.96966707984,1076.96966707984,0
2018-01-26,1068.4402050476551,1068.4402050476551,1068.4402050476551,1068.4402050476551,0
2018-01-29,1063.6120072539363,1063.6120072539363,1063.6120072539363,1063.6120072539363,0
2018-01-30,1043.1742851381568,1043.1742851381568,1043.1742851381568,1043.1742851381568,0
2018-01-31,1058.0706972041958,1058.0706972041958,1058.0706972041958,1058.0706972041958,0
2018-02-02,1044.6351914482161,1044.6351914482161,1044.6351914482161,1044.6351914482161,0
2018-02-05,1044.6942146960519,1044.6942146960519,1044.6942146960519,1044.6942146960519,0
2018-02-06,1014.1249838936579,1014.1249838936579,1014.1249838936579,1014.1249838936579,0
2018-02-07,1009.9415854087702,1009.9415854087702,1009.9415854087702,1009.9415854087702,0
2018-02-09,984.9147349160622,984.9147349160622,984.9147349160622,984.9147349160622,0
2018-02-12,983.3954370749254,983.3954370749254,983.3954370749254,983.3954370749254,0
2018-02-13,988.4193523113466,988.4193523113466,988.4193523113466,988.4193523113466,0
2018-02-19,989.7583335848096,989.7583335848096,989.7583335848096,989.7583335848096,0
2018-02-21,979.4523254750744,979.4523254750744,979.4523254750744,979.4523254750744,0
2018-02-22,1000.3543332421281,1000.3543332421281,1000.3543332421281,1000.3543332421281,0
2018-02-23,990.2191831338822,990.2191831338822,990.2191831338822,990.2191831338822,0
2018-02-27,983.4363942387148,983.4363942387148,983.4363942387148,983.4363942387148,0
2018-03-02,946.3093324954093,946.3093324954093,946.3093324954093,946.3093324954093,0
2018-03-05,959.0175302715652,959.0175302715652,959.0175302715652,959.0175302715652,0
2018-03-06,963.7551017512163,963.7551017512163,963.7551017512163,963.7551017512163,0
2018-03-09,945.090980652871,945.090980652871,945.090980652871,945.090980652871,0
2018-03-12,946.851230802239,946.851230802239,946.851230802239,946.851230802239,0
2018-03-14,941.7676031732627,941.7676031732627,941.7676031732627,941.7676031732627,0
2018-03-19,921.4102420613168,921.4102420613168,921.4102420613168,921.4102420613168,0
2018-03-20,930.0104621254284,930.0104621254284,930.0104621254284,930.0104621254284,0
2018-03-22,918.458488778284,918.458488778284,918.458488778284,918.458488778284,0
2018-03-26,918.4530740268749,918.4530740268749,918.4530740268749,918.4530740268749,0
2018-03-28,899.5232083533372,899.5232083533372,899.5232083533372,899.5232083533372,0
2018-04-04,901.7018404814664,901.7018404814664,901.7018404814664,901.7018404814664,0
2018-04-05,912.8634963612817,912.8634963612817,912.8634963612817,912.8634963612817,0
2018-04-16,919.1472361242619,919.1472361242619,919.1472361242619,919.1472361242619,0
2018-04-23,926.1849799435796,926.1849799435796,926.1849799435796,926.1849799435796,0
2018-04-24,930.5612717343225,930.5612717343225,930.5612717343225,930.5612717343225,0
2018-04-25,915.8994465701027,915.8994465701027,915.8994465701027,915.8994465701027,0
2018-04-26,922.8278397399955,922.8278397399955,922.8278397399955,922.8278397399955,0
2018-04-27,919.306227994254,919.306227994254,919.306227994254,919.306227994254,0
2018-04-30,915.980706599456,915.980706599456,915.980706599456,915.980706599456,0
2018-05-04,905.2435410898623,905.2435410898623,905.2435410898623,905.2435410898623,0
2018-05-07,904.4645301731894,904.4645301731894,904.4645301731894,904.4645301731894,0
2018-05-14,939.6405018299621,939.6405018299621,939.6405018299621,939.6405018299621,0
2018-05-18,911.0149662708965,911.0149662708965,911.0149662708965,911.0149662708965,0
2018-05-21,918.0756850385404,918.0756850385404,918.0756850385404,918.0756850385404,0
2018-05-23,901.1792922994061,901.1792922994061,901.1792922994061,901.1792922994061,0
2018-05-24,882.0063911664262,882.0063911664262,882.0063911664262,882.0063911664262,0
2018-05-25,882.7656884931007,882.7656884931007,882.7656884931007,882.7656884931007,0
2018-05-28,879.4239835668278,879.4239835668278,879.4239835668278,879.4239835668278,0
2018-05-29,866.7437733428394,866.7437733428394,866.7437733428394,866.7437733428394,0
2018-06-01,878.5392944288543,878.5392944288543,878.5392944288543,878.5392944288543,0
2018-06-04,872.4226288425025,872.4226288425025,872.4226288425025,872.4226288425025,0
2018-06-05,889.6069438928067,889.6069438928067,889.6069438928067,889.6069438928067,0
2018-06-06,886.8050322584987,886.8050322584987,886.8050322584987,886.8050322584987,0
2018-06-11,897.4503195520861,897.4503195520861,897.4503195520861,897.4503195520861,0
2018-06-20,849.0271084900661,849.0271084900661,849.0271084900661,849.0271084900661,0
2018-06-26,843.2801429327814,843.2801429327814,843.2801429327814,843.2801429327814,0
2018-06-28,832.039605727726,832.039605727726,832.039605727726,832.039605727726,0
2018-07-04,848.6652151377518,848.6652151377518,848.6652151377518,848.6652151377518,0
2018-07-06,846.1443078415455,846.1443078415455,846.1443078415455,846.1443078415455,0
2018-07-13,839.3669517328412,839.3669517328412,839.3669517328412,839.3669517328412,0
2018-07-16,832.0111136262923,832.0111136262923,832.0111136262923,832.0111136262923,0
2018-07-26,879.7979752910345,879.7979752910345,879.7979752910345,879.7979752910345,0
2018-07-27,880.9041199742992,880.9041199742992,880.9041199742992,880.9041199742992,0
2018-07-30,888.1075940626793,888.1075940626793,888.1075940626793,888.1075940626793,0
2018-07-31,898.1931020331599,898.1931020331599,898.1931020331599,898.1931020331599,0
2018-08-02,882.392174469936,882.392174469936,882.392174469936,882.392174469936,0
2018-08-03,879.135214521853,879.135214521853,879.135214521853,879.135214521853,0
2018-08-09,901.3414777054721,901.3414777054721,901.3414777054721,901.3414777054721,0
2018-08-10,877.8873573247746,877.8873573247746,877.8873573247746,877.8873573247746,0
2018-08-13,874.7399960337507,874.7399960337507,874.7399960337507,874.7399960337507,0
2018-08-16,873.6688285886156,873.6688285886156,873.6688285886156,873.6688285886156,0
2018-08-17,858.0524227242676,858.0524227242676,858.0524227242676,858.0524227242676,0
2018-08-20,860.3491759538282,860.3491759538282,860.3491759538282,860.3491759538282,0
2018-08-22,878.3036225184832,878.3036225184832,878.3036225184832,878.3036225184832,0
2018-08-28,901.1907410264834,901.1907410264834,901.1907410264834,901.1907410264834,0
2018-08-29,907.9770923149027,907.9770923149027,907.9770923149027,907.9770923149027,0
2018-08-30,900.2275347373651,900.2275347373651,900.2275347373651,900.2275347373651,0
2018-08-31,892.1067387023644,892.1067387023644,892.1067387023644,892.1067387023644,0
2018-09-03,917.4372154580175,917.4372154580175,917.4372154580175,917.4372154580175,0
2018-09-04,887.444150027659,887.444150027659,887.444150027659,887.444150027659,0
2018-09-05,889.16253404004,889.16253404004,889.16253404004,889.16253404004,0
2018-09-06,890.0651573428929,890.0651573428929,890.0651573428929,890.0651573428929,0
2018-09-07,861.0467682242132,861.0467682242132,861.0467682242132,861.0467682242132,0
2018-09-10,889.2270761761553,889.2270761761553,889.2270761761553,889.2270761761553,0
2018-09-11,879.1461156045291,879.1461156045291,879.1461156045291,879.1461156045291,0
2018-09-12,849.3877864735556,849.3877864735556,849.3877864735556,849.3877864735556,0
2018-09-13,857.8721112186832,857.8721112186832,857.8721112186832,857.8721112186832,0
2018-09-17,869.2470810993749,869.2470810993749,869.2470810993749,869.2470810993749,0
2018-09-18,862.8063368575289,862.8063368575289,862.8063368575289,862.8063368575289,0
2018-09-21,884.8225040017965,884.8225040017965,884.8225040017965,884.8225040017965,0
2018-09-24,894.3187116017045,894.3187116017045,894.3187116017045,894.3187116017045,0
2018-09-25,905.2522925865762,905.2522925865762,905.2522925865762,905.2522925865762,0
2018-09-26,912.0072996195316,912.0072996195316,912.0072996195316,912.0072996195316,0
2018-09-27,907.4498967344455,907.4498967344455,907.4498967344455,907.4498967344455,0
2018-09-28,899.0988612697224,899.0988612697224,899.0988612697224,899.0988612697224,0
2018-10-01,902.2432756812343,902.2432756812343,902.2432756812343,902.2432756812343,0
2018-10-04,902.6332479657915,902.6332479657915,902.6332479657915,902.6332479657915,0
2018-10-05,891.2634358092103,891.2634358092103,891.2634358092103,891.2634358092103,0
2018-10-08,877.7062498533608,877.7062498533608,877.7062498533608,877.7062498533608,0
2018-10-09,878.3857695186662,878.3857695186662,878.3857695186662,878.3857695186662,0
2018-10-10,858.4761303585775,858.4761303585775,858.4761303585775,858.4761303585775,0
2018-10-11,853.1514876417477,853.1514876417477,853.1514876417477,853.1514876417477,0
2018-10-12,845.2491698802794,845.2491698802794,845.2491698802794,845.2491698802794,0
2018-10-15,843.0569083885696,843.0569083885696,843.0569083885696,843.0569083885696,0
2018-10-16,850.1473707254794,850.1473707254794,850.1473707254794,850.1473707254794,0
2018-10-17,856.5065082710786,856.5065082710786,856.5065082710786,856.5065082710786,0
2018-10-18,848.5727950895988,848.5727950895988,848.5727950895988,848.5727950895988,0
2018-10-19,858.7360960181484,858.7360960181484,858.7360960181484,858.7360960181484,0
2018-10-22,843.9296461537207,843.9296461537207,843.9296461537207,843.9296461537207,0
2018-10-24,840.581610971194,840.581610971194,840.581610971194,840.581610971194,0
2018-10-25,850.0468528091483,850.0468528091483,850.0468528091483,850.0468528091483,0
2018-10-29,822.3614209237575,822.3614209237575,822.3614209237575,822.3614209237575,0
2018-10-30,820.4899817256301,820.4899817256301,820.4899817256301,820.4899817256301,0
2018-11-05,854.3233282240011,854.3233282240011,854.3233282240011,854.3233282240011,0
2018-11-06,860.9337365685686,860.9337365685686,860.9337365685686,860.9337365685686,0
2018-11-07,862.5643312803743,862.5643312803743,862.5643312803743,862.5643312803743,0
2018-11-08,879.2869735528673,879.2869735528673,879.2869735528673,879.2869735528673,0
2018-11-14,864.7031277370869,864.7031277370869,864.7031277370869,864.7031277370869,0
2018-11-15,848.7233764568825,848.7233764568825,848.7233764568825,848.7233764568825,0
2018-11-21,843.6349333610348,843.6349333610348,843.6349333610348,843.6349333610348,0
2018-11-22,836.3800418515015,836.3800418515015,836.3800418515015,836.3800418515015,0
2018-11-23,838.5017168525603,838.5017168525603,838.5017168525603,838.5017168525603,0
2018-11-26,839.5780278357366,839.5780278357366,839.5780278357366,839.5780278357366,0
2018-11-27,852.3446871155311,852.3446871155311,852.3446871155311,852.3446871155311,0
2018-11-28,859.0271202413718,859.0271202413718,859.0271202413718,859.0271202413718,0
2018-11-30,867.487678678608,867.487678678608,867.487678678608,867.487678678608,0
2018-12-03,878.684932273313,878.684932273313,878.684932273313,878.684932273313,0
2018-12-04,881.1240198247905,881.1240198247905,881.1240198247905,881.1240198247905,0
2018-12-05,889.2445881415945,889.2445881415945,889.2445881415945,889.2445881415945,0
2018-12-06,858.5940699409841,858.5940699409841,858.5940699409841,858.5940699409841,0
2018-12-07,850.4595355162646,850.4595355162646,850.4595355162646,850.4595355162646,0
2018-12-10,835.7687401564226,835.7687401564226,835.7687401564226,835.7687401564226,0
2018-12-11,823.9476560521811,823.9476560521811,823.9476560521811,823.9476560521811,0
2018-12-12,849.3147646412585,849.3147646412585,849.3147646412585,849.3147646412585,0
2018-12-13,858.3255269081698,858.3255269081698,858.3255269081698,858.3255269081698,0
2018-12-14,860.5622981460408,860.5622981460408,860.5622981460408,860.5622981460408,0
2018-12-18,877.6105417789763,877.6105417789763,877.6105417789763,877.6105417789763,0
2018-12-19,881.8745497899874,881.8745497899874,881.8745497899874,881.8745497899874,0
2018-12-20,865.5109329374606,865.5109329374606,865.5109329374606,865.5109329374606,0
2018-12-21,855.2428547015022,855.2428547015022,855.2428547015022,855.2428547015022,0
2018-12-27,845.6610918985772,845.6610918985772,845.6610918985772,845.6610918985772,0
2018-12-28,846.7235745053841,846.7235745053841,846.7235745053841,846.7235745053841,0
2019-01-02,862.235538575638,862.235538575638,862.235538575638,862.235538575638,0
2019-01-03,850.4132889504366,850.4132889504366,850.4132889504366,850.4132889504366,0
2019-01-04,868.0906734049297,868.0906734049297,868.0906734049297,868.0906734049297,0
2019-01-07,878.9366621101196,878.9366621101196,878.9366621101196,878.9366621101196,0
2019-01-09,881.5316101762384,881.5316101762384,881.5316101762384,881.5316101762384,0
2019-01-10,880.4810102204975,880.4810102204975,880.4810102204975,880.4810102204975,0
2019-01-11,878.6557205927116,878.6557205927116,878.6557205927116,878.6557205927116,0
2019-01-14,879.4898056545248,879.4898056545248,879.4898056545248,879.4898056545248,0
2019-01-15,888.5072565108786,888.5072565108786,888.5072565108786,888.5072565108786,0
2019-01-16,893.5252747244739,893.5252747244739,893.5252747244739,893.5252747244739,0
2019-01-17,899.1576973444915,899.1576973444915,899.1576973444915,899.1576973444915,0
2019-01-18,906.1460994296815,906.1460994296815,906.1460994296815,906.1460994296815,0
2019-01-21,901.6003415286286,901.6003415286286,901.6003415286286,901.6003415286286,0
2019-01-22,896.0466727230917,896.0466727230917,896.0466727230917,896.0466727230917,0
2019-01-24,911.0091068237923,911.0091068237923,911.0091068237923,911.0091068237923,0
2019-01-25,897.5939301886342,897.5939301886342,897.5939301886342,897.5939301886342,0
2019-01-28,893.5155302346809,893.5155302346809,893.5155302346809,893.5155302346809,0
2019-01-29,888.4190072588206,888.4190072588206,888.4190072588206,888.4190072588206,0
2019-01-30,875.6105435742546,875.6105435742546,875.6105435742546,875.6105435742546,0
2019-01-31,875.544397874452,875.544397874452,875.544397874452,875.544397874452,0
2019-02-01,882.6285707724737,882.6285707724737,882.6285707724737,882.6285707724737,0
2019-02-04,878.5389713690935,878.5389713690935,878.5389713690935,878.5389713690935,0
2019-02-05,881.7253246553187,881.7253246553187,881.7253246553187,881.7253246553187,0
2019-02-06,888.885107566437,888.885107566437,888.885107566437,888.885107566437,0
2019-02-07,875.2038038113103,875.2038038113103,875.2038038113103,875.2038038113103,0
2019-02-08,866.916268501509,866.916268501509,866.916268501509,866.916268501509,0
2019-02-11,869.160949326218,869.160949326218,869.160949326218,869.160949326218,0
2019-02-12,880.1257391656948,880.1257391656948,880.1257391656948,880.1257391656948,0
2019-02-13,855.4301850772856,855.4301850772856,855.4301850772856,855.4301850772856,0
2019-02-14,854.286291781142,854.286291781142,854.286291781142,854.286291781142,0
2019-02-15,857.6256629205051,857.6256629205051,857.6256629205051,857.6256629205051,0
2019-02-18,859.5317520647603,859.5317520647603,859.5317520647603,859.5317520647603,0
2019-02-19,856.131995720688,856.131995720688,856.131995720688,856.131995720688,0
2019-02-20,866.4358811971969,866.4358811971969,866.4358811971969,866.4358811971969,0
2019-02-22,861.7469380549018,861.7469380549018,861.7469380549018,861.7469380549018,0
2019-02-25,867.4273311016439,867.4273311016439,867.4273311016439,867.4273311016439,0
2019-02-26,869.3581943382327,869.3581943382327,869.3581943382327,869.3581943382327,0
2019-02-27,850.6632029718596,850.6632029718596,850.6632029718596,850.6632029718596,0
2019-02-28,848.4416360789716,848.4416360789716,848.4416360789716,848.4416360789716,0
2019-03-01,849.0498105760729,849.0498105760729,849.0498105760729,849.0498105760729,0
2019-03-04,845.9933252058701,845.9933252058701,845.9933252058701,845.9933252058701,0
2019-03-05,842.0751233357378,842.0751233357378,842.0751233357378,842.0751233357378,0
2019-03-06,845.2958200751423,845.2958200751423,845.2958200751423,845.2958200751423,0
2019-03-07,838.8852175238927,838.8852175238927,838.8852175238927,838.8852175238927,0
2019-03-08,830.1731263230122,830.1731263230122,830.1731263230122,830.1731263230122,0
2019-03-11,830.1731263230122,830.1731263230122,830.1731263230122,830.1731263230122,0
2019-03-12,836.6483626865835,836.6483626865835,836.6483626865835,836.6483626865835,0
2019-03-13,840.367560351275,840.367560351275,840.367560351275,840.367560351275,0
2019-03-14,845.9441325635023,845.9441325635023,845.9441325635023,845.9441325635023,0
2019-03-15,855.0115297139445,855.0115297139445,855.0115297139445,855.0115297139445,0
2019-03-18,851.6524953550311,851.6524953550311,851.6524953550311,851.6524953550311,0
2019-03-19,856.7042527545223,856.7042527545223,856.7042527545223,856.7042527545223,0
2019-03-20,863.5032935636328,863.5032935636328,863.5032935636328,863.5032935636328,0
2019-03-21,860.7630103315963,860.7630103315963,860.7630103315963,860.7630103315963,0
2019-03-22,849.0190866983734,849.0190866983734,849.0190866983734,849.0190866983734,0
2019-03-25,849.4311165483293,849.4311165483293,849.4311165483293,849.4311165483293,0
2019-03-26,842.9139808371231,842.9139808371231,842.9139808371231,842.9139808371231,0
2019-03-27,840.7948775803261,840.7948775803261,840.7948775803261,840.7948775803261,0
2019-03-28,837.0227348408202,837.0227348408202,837.0227348408202,837.0227348408202,0
2019-03-29,833.3760558232774,833.3760558232774,833.3760558232774,833.3760558232774,0
2019-04-01,840.3083352297153,840.3083352297153,840.3083352297153,840.3083352297153,0
2019-04-02,844.4682962175934,844.4682962175934,844.4682962175934,844.4682962175934,0
2019-04-03,859.6308942730855,859.6308942730855,859.6308942730855,859.6308942730855,0
2019-04-04,862.296534381935,862.296534381935,862.296534381935,862.296534381935,0
2019-04-05,859.6671526088109,859.6671526088109,859.6671526088109,859.6671526088109,0
2019-04-08,856.983220639302,856.983220639302,856.983220639302,856.983220639302,0
2019-04-09,864.7148765521988,864.7148765521988,864.7148765521988,864.7148765521988,0
2019-04-10,869.5847540324208,869.5847540324208,869.5847540324208,869.5847540324208,0
2019-04-11,864.4890782732577,864.4890782732577,864.4890782732577,864.4890782732577,0
2019-04-12,868.5399369606399,868.5399369606399,868.5399369606399,868.5399369606399,0
2019-04-15,871.9610301497405,871.9610301497405,871.9610301497405,871.9610301497405,0
2019-04-16,876.1043405847529,876.1043405847529,876.1043405847529,876.1043405847529,0
2019-04-17,879.4965143195749,879.4965143195749,879.4965143195749,879.4965143195749,0
2019-04-23,874.5846497790839,874.5846497790839,874.5846497790839,874.5846497790839,0
2019-04-24,876.5477575115198,876.5477575115198,876.5477575115198,876.5477575115198,0
2019-04-25,871.9985176670699,871.9985176670699,871.9985176670699,871.9985176670699,0
2019-04-26,874.8436821399519,874.8436821399519,874.8436821399519,874.8436821399519,0
2019-04-29,880.8261321005074,880.8261321005074,880.8261321005074,880.8261321005074,0
2019-04-30,863.5938977362237,863.5938977362237,863.5938977362237,863.5938977362237,0
2019-05-02,864.0796489933911,864.0796489933911,864.0796489933911,864.0796489933911,0
2019-05-06,852.1727658265247,852.1727658265247,852.1727658265247,852.1727658265247,0
2019-05-07,834.5751531538741,834.5751531538741,834.5751531538741,834.5751531538741,0
2019-05-08,828.4197673123402,828.4197673123402,828.4197673123402,828.4197673123402,0
2019-05-09,812.9002146143268,812.9002146143268,812.9002146143268,812.9002146143268,0
2019-05-10,818.3793803343582,818.3793803343582,818.3793803343582,818.3793803343582,0
2019-05-13,808.1164317555207,808.1164317555207,808.1164317555207,808.1164317555207,0
2019-05-14,798.4813189518874,798.4813189518874,798.4813189518874,798.4813189518874,0
2019-05-15,792.5000231796604,792.5000231796604,792.5000231796604,792.5000231796604,0
2019-05-16,803.8443932298092,803.8443932298092,803.8443932298092,803.8443932298092,0
2019-05-17,806.3060087005808,806.3060087005808,806.3060087005808,806.3060087005808,0
2019-05-21,807.9408327076644,807.9408327076644,807.9408327076644,807.9408327076644,0
2019-05-22,812.8767355294357,812.8767355294357,812.8767355294357,812.8767355294357,0
2019-05-23,794.0596551998879,794.0596551998879,794.0596551998879,794.0596551998879,0
2019-05-24,798.4262803577384,798.4262803577384,798.4262803577384,798.4262803577384,0
2019-05-27,796.0184332229961,796.0184332229961,796.0184332229961,796.0184332229961,0
2019-05-28,803.4871282434099,803.4871282434099,803.4871282434099,803.4871282434099,0
2019-05-29,798.588660150853,798.588660150853,798.588660150853,798.588660150853,0
2019-05-30,807.6004946277068,807.6004946277068,807.6004946277068,807.6004946277068,0
2019-05-31,815.0550164463815,815.0550164463815,815.0550164463815,815.0550164463815,0
2019-06-03,809.2243995640017,809.2243995640017,809.2243995640017,809.2243995640017,0
2019-06-04,811.4311600952074,811.4311600952074,811.4311600952074,811.4311600952074,0
2019-06-05,813.6163833828367,813.6163833828367,813.6163833828367,813.6163833828367,0
2019-06-06,833.646757606382,833.646757606382,833.646757606382,833.646757606382,0
2019-06-07,844.3422404565683,844.3422404565683,844.3422404565683,844.3422404565683,0
2019-06-10,839.0483895469731,839.0483895469731,839.0483895469731,839.0483895469731,0
2019-06-11,851.9191791970464,851.9191791970464,851.9191791970464,851.9191791970464,0
2019-06-12,841.523186773546,841.523186773546,841.523186773546,841.523186773546,0
2019-06-13,860.4175809275557,860.4175809275557,860.4175809275557,860.4175809275557,0
2019-06-14,849.0227052712928,849.0227052712928,849.0227052712928,849.0227052712928,0
2019-06-17,842.4983762848964,842.4983762848964,842.4983762848964,842.4983762848964,0
2019-06-18,853.2893819122285,853.2893819122285,853.2893819122285,853.2893819122285,0
2019-06-19,854.6341915790314,854.6341915790314,854.6341915790314,854.6341915790314,0
2019-06-24,859.1345977292495,859.1345977292495,859.1345977292495,859.1345977292495,0
2019-06-25,845.9006293957875,845.9006293957875,845.9006293957875,845.9006293957875,0
2019-06-26,850.3599182188839,850.3599182188839,850.3599182188839,850.3599182188839,0
2019-06-27,861.0626932864814,861.0626932864814,861.0626932864814,861.0626932864814,0
2019-06-28,860.8583656113059,860.8583656113059,860.8583656113059,860.8583656113059,0
2019-07-01,862.5341045211525,862.5341045211525,862.5341045211525,862.5341045211525,0
2019-07-02,863.1141112655304,863.1141112655304,863.1141112655304,863.1141112655304,0
2019-07-03,852.5989219754675,852.5989219754675,852.5989219754675,852.5989219754675,0
2019-07-04,849.4977325248011,849.4977325248011,849.4977325248011,849.4977325248011,0
2019-07-05,846.18039664543,846.18039664543,846.18039664543,846.18039664543,0
2019-07-08,845.7597198832483,845.7597198832483,845.7597198832483,845.7597198832483,0
2019-07-09,848.7016064376056,848.7016064376056,848.7016064376056,848.7016064376056,0
2019-07-10,844.2643907806851,844.2643907806851,844.2643907806851,844.2643907806851,0
2019-07-11,843.9311724496018,843.9311724496018,843.9311724496018,843.9311724496018,0
2019-07-12,840.6167082269407,840.6167082269407,840.6167082269407,840.6167082269407,0
2019-07-15,833.9118802943575,833.9118802943575,833.9118802943575,833.9118802943575,0
2019-07-16,833.226542615172,833.226542615172,833.226542615172,833.226542615172,0
2019-07-18,837.7256466717733,837.7256466717733,837.7256466717733,837.7256466717733,0
2019-07-19,834.9841295782201,834.9841295782201,834.9841295782201,834.9841295782201,0
2019-07-22,830.0233004403603,830.0233004403603,830.0233004403603,830.0233004403603,0
2019-07-24,829.1083834251831,829.1083834251831,829.1083834251831,829.1083834251831,0
2019-07-25,823.8149247825738,823.8149247825738,823.8149247825738,823.8149247825738,0
2019-07-29,818.6924065612193,818.6924065612193,818.6924065612193,818.6924065612193,0
2019-07-30,808.1810033408672,808.1810033408672,808.1810033408672,808.1810033408672,0
2019-07-31,804.1892692659425,804.1892692659425,804.1892692659425,804.1892692659425,0
2019-08-01,780.1433062063509,780.1433062063509,780.1433062063509,780.1433062063509,0
2019-08-02,770.8743699736117,770.8743699736117,770.8743699736117,770.8743699736117,0
2019-08-05,754.9993462511803,754.9993462511803,754.9993462511803,754.9993462511803,0
2019-08-06,754.4316233831435,754.4316233831435,754.4316233831435,754.4316233831435,0
2019-08-07,759.1437414266287,759.1437414266287,759.1437414266287,759.1437414266287,0
2019-08-08,767.2160656228378,767.2160656228378,767.2160656228378,767.2160656228378,0
2019-08-09,754.9058259719961,754.9058259719961,754.9058259719961,754.9058259719961,0
2019-08-12,749.6748981992309,749.6748981992309,749.6748981992309,749.6748981992309,0
2019-08-13,757.1261832141976,757.1261832141976,757.1261832141976,757.1261832141976,0
2019-08-14,743.9301112986562,743.9301112986562,743.9301112986562,743.9301112986562,0
2019-08-16,745.4320195051283,745.4320195051283,745.4320195051283,745.4320195051283,0
2019-08-19,755.6344480196564,755.6344480196564,755.6344480196564,755.6344480196564,0
2019-08-20,762.1252805635145,762.1252805635145,762.1252805635145,762.1252805635145,0
2019-08-21,760.7591052908701,760.7591052908701,760.7591052908701,760.7591052908701,0
2019-08-22,763.7857956835965,763.7857956835965,763.7857956835965,763.7857956835965,0
2019-08-23,758.2926566265886,758.2926566265886,758.2926566265886,758.2926566265886,0
2019-08-26,758.3709327660239,758.3709327660239,758.3709327660239,758.3709327660239,0
2019-08-27,766.6062288245475,766.6062288245475,766.6062288245475,766.6062288245475,0
2019-08-28,745.1195890731591,745.1195890731591,745.1195890731591,745.1195890731591,0
2019-09-03,755.207071255023,755.207071255023,755.207071255023,755.207071255023,0
2019-09-04,746.2792661708453,746.2792661708453,746.2792661708453,746.2792661708453,0
2019-09-05,752.6810472454711,752.6810472454711,752.6810472454711,752.6810472454711,0
2019-09-06,752.0173967620404,752.0173967620404,752.0173967620404,752.0173967620404,0
2019-09-09,775.3794816217635,775.3794816217635,775.3794816217635,775.3794816217635,0
2019-09-11,790.3209014297668,790.3209014297668,790.3209014297668,790.3209014297668,0
2019-09-12,794.5712982306048,794.5712982306048,794.5712982306048,794.5712982306048,0
2019-09-13,798.4010223809269,798.4010223809269,798.4010223809269,798.4010223809269,0
2019-09-16,803.2464976997146,803.2464976997146,803.2464976997146,803.2464976997146,0
2019-09-17,796.466012367309,796.466012367309,796.466012367309,796.466012367309,0
2019-09-18,794.3085275826551,794.3085275826551,794.3085275826551,794.3085275826551,0
2019-09-19,796.3342486156644,796.3342486156644,796.3342486156644,796.3342486156644,0
2019-09-20,788.310049159526,788.310049159526,788.310049159526,788.310049159526,0
2019-09-23,778.3371417081471,778.3371417081471,778.3371417081471,778.3371417081471,0
2019-09-24,788.889577661422,788.889577661422,788.889577661422,788.889577661422,0
2019-09-25,794.4989842772472,794.4989842772472,794.4989842772472,794.4989842772472,0
2019-09-26,790.0579421210025,790.0579421210025,790.0579421210025,790.0579421210025,0
2019-09-27,806.4330006694315,806.4330006694315,806.4330006694315,806.4330006694315,0
2019-09-30,800.3114300422849,800.3114300422849,800.3114300422849,800.3114300422849,0
2019-10-02,782.1551642203927,782.1551642203927,782.1551642203927,782.1551642203927,0
2019-10-03,774.0597960210787,774.0597960210787,774.0597960210787,774.0597960210787,0
2019-10-04,781.8624782235146,781.8624782235146,781.8624782235146,781.8624782235146,0
2019-10-08,777.5173457589823,777.5173457589823,777.5173457589823,777.5173457589823,0
2019-10-10,787.425658287296,787.425658287296,787.425658287296,787.425658287296,0
2019-10-11,802.5242171630897,802.5242171630897,802.5242171630897,802.5242171630897,0
2019-10-15,807.503981665432,807.503981665432,807.503981665432,807.503981665432,0
2019-10-16,813.7533388996331,813.7533388996331,813.7533388996331,813.7533388996331,0
2019-10-17,824.6249914752116,824.6249914752116,824.6249914752116,824.6249914752116,0
2019-10-18,822.6307909055826,822.6307909055826,822.6307909055826,822.6307909055826,0
2019-10-21,817.370131081728,817.370131081728,817.370131081728,817.370131081728,0
2019-10-22,833.0404831515295,833.0404831515295,833.0404831515295,833.0404831515295,0
2019-10-23,835.890417584054,835.890417584054,835.890417584054,835.890417584054,0
2019-10-24,841.1388499314417,841.1388499314417,841.1388499314417,841.1388499314417,0
2019-10-25,817.9701687519217,817.9701687519217,817.9701687519217,817.9701687519217,0
2019-10-28,827.486714281757,827.486714281757,827.486714281757,827.486714281757,0
2019-10-29,835.7932958172747,835.7932958172747,835.7932958172747,835.7932958172747,0
2019-10-30,829.4689711591739,829.4689711591739,829.4689711591739,829.4689711591739,0
2019-10-31,794.3458913227815,794.3458913227815,794.3458913227815,794.3458913227815,0
2019-11-04,817.4680670570248,817.4680670570248,817.4680670570248,817.4680670570248,0
2019-11-05,821.051158209952,821.051158209952,821.051158209952,821.051158209952,0
2019-11-07,795.368470442537,795.368470442537,795.368470442537,795.368470442537,0
2019-11-08,790.9785671623769,790.9785671623769,790.9785671623769,790.9785671623769,0
2019-11-12,792.5689896400273,792.5689896400273,792.5689896400273,792.5689896400273,0
2019-11-13,786.1018229628953,786.1018229628953,786.1018229628953,786.1018229628953,0
2019-11-14,776.37907248164,776.37907248164,776.37907248164,776.37907248164,0
2019-11-15,779.793550046547,779.793550046547,779.793550046547,779.793550046547,0
2019-11-18,780.5849264295018,780.5849264295018,780.5849264295018,780.5849264295018,0
2019-11-19,776.0378297706891,776.0378297706891,776.0378297706891,776.0378297706891,0
2019-11-20,783.6390036729148,783.6390036729148,783.6390036729148,783.6390036729148,0
2019-11-21,776.617402803789,776.617402803789,776.617402803789,776.617402803789,0
2019-11-22,786.8593350689002,786.8593350689002,786.8593350689002,786.8593350689002,0
2019-11-25,784.3845372539622,784.3845372539622,784.3845372539622,784.3845372539622,0
2019-11-27,770.0230780426473,770.0230780426473,770.0230780426473,770.0230780426473,0
2019-11-28,770.7740286924402,770.7740286924402,770.7740286924402,770.7740286924402,0
2019-11-29,764.4305996565072,764.4305996565072,764.4305996565072,764.4305996565072,0
2019-12-02,746.2207118817746,746.2207118817746,746.2207118817746,746.2207118817746,0
2019-12-03,739.0123058994664,739.0123058994664,739.0123058994664,739.0123058994664,0
2019-12-04,737.2150381384854,737.2150381384854,737.2150381384854,737.2150381384854,0
2019-12-05,736.502311443645,736.502311443645,736.502311443645,736.502311443645,0
2019-12-06,737.6928608201839,737.6928608201839,737.6928608201839,737.6928608201839,0
2019-12-09,738.6314137895511,738.6314137895511,738.6314137895511,738.6314137895511,0
2019-12-10,739.068958481979,739.068958481979,739.068958481979,739.068958481979,0
2019-12-11,738.6874533850404,738.6874533850404,738.6874533850404,738.6874533850404,0
2019-12-12,755.4752447216325,755.4752447216325,755.4752447216325,755.4752447216325,0
2019-12-13,757.1199662787955,757.1199662787955,757.1199662787955,757.1199662787955,0
2019-12-16,753.1076779467829,753.1076779467829,753.1076779467829,753.1076779467829,0
2019-12-17,757.7174387056054,757.7174387056054,757.7174387056054,757.7174387056054,0
2019-12-18,762.416625903643,762.416625903643,762.416625903643,762.416625903643,0
2019-12-19,768.9037372042558,768.9037372042558,768.9037372042558,768.9037372042558,0
2019-12-20,769.3279380771708,769.3279380771708,769.3279380771708,769.3279380771708,0
2019-12-23,777.7800901945108,777.7800901945108,777.7800901945108,777.7800901945108,0
2019-12-27,775.7096056119492,775.7096056119492,775.7096056119492,775.7096056119492,0
2019-12-30,772.3780840529231,772.3780840529231,772.3780840529231,772.3780840529231,0
2020-01-02,786.3916669287574,786.3916669287574,786.3916669287574,786.3916669287574,0
2020-01-03,786.8401180703806,786.8401180703806,786.8401180703806,786.8401180703806,0
2020-01-07,780.0739853109369,780.0739853109369,780.0739853109369,780.0739853109369,0
2020-01-08,769.24485317557,769.24485317557,769.24485317557,769.24485317557,0
2020-01-10,778.6552075560056,778.6552075560056,778.6552075560056,778.6552075560056,0
2020-01-13,782.875796298525,782.875796298525,782.875796298525,782.875796298525,0
2020-01-14,782.6031787458379,782.6031787458379,782.6031787458379,782.6031787458379,0
2020-01-15,774.6146147310664,774.6146147310664,774.6146147310664,774.6146147310664,0
2020-01-16,777.2985263157788,777.2985263157788,777.2985263157788,777.2985263157788,0
2020-01-17,781.2525221469281,781.2525221469281,781.2525221469281,781.2525221469281,0
2020-01-20,777.067714254596,777.067714254596,777.067714254596,777.067714254596,0
2020-01-21,777.2779643730099,777.2779643730099,777.2779643730099,777.2779643730099,0
2020-01-22,767.0433908193521,767.0433908193521,767.0433908193521,767.0433908193521,0
2020-01-23,773.3662458133281,773.3662458133281,773.3662458133281,773.3662458133281,0
2020-01-24,776.2577965286803,776.2577965286803,776.2577965286803,776.2577965286803,0
2020-01-27,756.5474620411944,756.5474620411944,756.5474620411944,756.5474620411944,0
2020-01-28,759.3370839032744,759.3370839032744,759.3370839032744,759.3370839032744,0
2020-01-29,760.7155240726174,760.7155240726174,760.7155240726174,760.7155240726174,0
2020-01-30,753.8313067405013,753.8313067405013,753.8313067405013,753.8313067405013,0
2020-01-31,754.3075849434812,754.3075849434812,754.3075849434812,754.3075849434812,0
2020-02-03,755.1234745745758,755.1234745745758,755.1234745745758,755.1234745745758,0
2020-02-04,764.0040252974534,764.0040252974534,764.0040252974534,764.0040252974534,0
2020-02-05,773.465402408322,773.465402408322,773.465402408322,773.465402408322,0
2020-02-06,775.8895827929231,775.8895827929231,775.8895827929231,775.8895827929231,0
2020-02-07,776.3278280597486,776.3278280597486,776.3278280597486,776.3278280597486,0
2020-02-10,783.1184083521143,783.1184083521143,783.1184083521143,783.1184083521143,0
2020-02-11,780.0253090826021,780.0253090826021,780.0253090826021,780.0253090826021,0
2020-02-12,774.5412353874683,774.5412353874683,774.5412353874683,774.5412353874683,0
2020-02-14,771.9055253209178,771.9055253209178,771.9055253209178,771.9055253209178,0
2020-02-17,773.3106643977704,773.3106643977704,773.3106643977704,773.3106643977704,0
2020-02-18,769.626623604676,769.626623604676,769.626623604676,769.626623604676,0
2020-02-19,768.940996116979,768.940996116979,768.940996116979,768.940996116979,0
2020-02-20,767.6627247808647,767.6627247808647,767.6627247808647,767.6627247808647,0
2020-02-21,763.7202056461495,763.7202056461495,763.7202056461495,763.7202056461495,0
2020-02-24,739.8448032821457,739.8448032821457,739.8448032821457,739.8448032821457,0
2020-02-25,713.8859325308915,713.8859325308915,713.8859325308915,713.8859325308915,0
2020-02-26,713.4734579138171,713.4734579138171,713.4734579138171,713.4734579138171,0
2020-02-27,696.5246244799099,696.5246244799099,696.5246244799099,696.5246244799099,0
2020-02-28,667.4255653500186,667.4255653500186,667.4255653500186,667.4255653500186,0
2020-03-02,669.7740113512217,669.7740113512217,669.7740113512217,669.7740113512217,0
2020-03-03,704.3688258528528,704.3688258528528,704.3688258528528,704.3688258528528,0
2020-03-04,690.641408246466,690.641408246466,690.641408246466,690.641408246466,0
2020-03-05,672.0786435129107,672.0786435129107,672.0786435129107,672.0786435129107,0
2020-03-06,656.35112942864,656.35112942864,656.35112942864,656.35112942864,0
2020-03-09,594.658468335959,594.658468335959,594.658468335959,594.658468335959,0
2020-03-10,580.6565865789869,580.6565865789869,580.6565865789869,580.6565865789869,0
2020-03-11,557.49566124577,557.49566124577,557.49566124577,557.49566124577,0
2020-03-12,480.2382424355094,480.2382424355094,480.2382424355094,480.2382424355094,0
2020-03-13,492.1746602338163,492.1746602338163,492.1746602338163,492.1746602338163,0
2020-03-16,450.120196673147,450.120196673147,450.120196673147,450.120196673147,0
2020-03-17,484.4865281087735,484.4865281087735,484.4865281087735,484.4865281087735,0
2020-03-18,475.30500826116025,475.30500826116025,475.30500826116025,475.30500826116025,0
2020-03-19,489.0496487792906,489.0496487792906,489.0496487792906,489.0496487792906,0
2020-03-20,497.47717523138454,497.47717523138454,497.47717523138454,497.47717523138454,0
2020-03-23,473.1679105473279,473.1679105473279,473.1679105473279,473.1679105473279,0
2020-03-24,492.3847649120067,492.3847649120067,492.3847649120067,492.3847649120067,0
2020-03-25,496.4090535433183,496.4090535433183,496.4090535433183,496.4090535433183,0
2020-03-26,510.40402402414185,510.40402402414185,510.40402402414185,510.40402402414185,0
2020-03-27,498.0769424908537,498.0769424908537,498.0769424908537,498.0769424908537,0
2020-03-30,497.56622280122275,497.56622280122275,497.56622280122275,497.56622280122275,0
2020-03-31,489.602504428286,489.602504428286,489.602504428286,489.602504428286,0
2020-04-01,477.68015189940303,477.68015189940303,477.68015189940303,477.68015189940303,0
2020-04-02,472.2780798219519,472.2780798219519,472.2780798219519,472.2780798219519,0
2020-04-03,468.7480430506362,468.7480430506362,468.7480430506362,468.7480430506362,0
2020-04-06,485.2364456008668,485.2364456008668,485.2364456008668,485.2364456008668,0
2020-04-07,500.61710190246845,500.61710190246845,500.61710190246845,500.61710190246845,0
2020-04-08,478.1094547908013,478.1094547908013,478.1094547908013,478.1094547908013,0
2020-04-09,484.1684091854867,484.1684091854867,484.1684091854867,484.1684091854867,0
2020-04-14,492.828177649902,492.828177649902,492.828177649902,492.828177649902,0
2020-04-15,474.23387324041715,474.23387324041715,474.23387324041715,474.23387324041715,0
2020-04-16,468.6850279665187,468.6850279665187,468.6850279665187,468.6850279665187,0
2020-04-17,465.26541587758027,465.26541587758027,465.26541587758027,465.26541587758027,0
2020-04-20,464.3217060112581,464.3217060112581,464.3217060112581,464.3217060112581,0
2020-04-21,447.55088989308825,447.55088989308825,447.55088989308825,447.55088989308825,0
2020-04-22,448.3580080885884,448.3580080885884,448.3580080885884,448.3580080885884,0
2020-04-23,447.9053829503615,447.9053829503615,447.9053829503615,447.9053829503615,0
2020-04-24,442.38528314591497,442.38528314591497,442.38528314591497,442.38528314591497,0
2020-04-27,432.08092197512514,432.08092197512514,432.08092197512514,432.08092197512514,0
2020-04-28,440.84594774669876,440.84594774669876,440.84594774669876,440.84594774669876,0
2020-04-29,465.814360815418,465.814360815418,465.814360815418,465.814360815418,0
2020-04-30,465.0024549361483,465.0024549361483,465.0024549361483,465.0024549361483,0
2020-05-04,446.5291328509021,446.5291328509021,446.5291328509021,446.5291328509021,0
2020-05-05,440.4593103713777,440.4593103713777,440.4593103713777,440.4593103713777,0
2020-05-06,432.4553391678853,432.4553391678853,432.4553391678853,432.4553391678853,0
2020-05-07,435.23267212302534,435.23267212302534,435.23267212302534,435.23267212302534,0
2020-05-08,425.9899311138734,425.9899311138734,425.9899311138734,425.9899311138734,0
2020-05-11,415.7590651957535,415.7590651957535,415.7590651957535,415.7590651957535,0
2020-05-12,425.6892135277215,425.6892135277215,425.6892135277215,425.6892135277215,0
2020-05-13,426.9487525654531,426.9487525654531,426.9487525654531,426.9487525654531,0
2020-05-14,415.1346176675388,415.1346176675388,415.1346176675388,415.1346176675388,0
2020-05-15,415.1346176675388,415.1346176675388,415.1346176675388,415.1346176675388,0
2020-05-18,426.5400139036619,426.5400139036619,426.5400139036619,426.5400139036619,0
2020-05-19,424.21616506296954,424.21616506296954,424.21616506296954,424.21616506296954,0
2020-05-20,424.21616506296954,424.21616506296954,424.21616506296954,424.21616506296954,0
2020-05-21,424.50673834475566,424.50673834475566,424.50673834475566,424.50673834475566,0
2020-05-22,419.73286826881287,419.73286826881287,419.73286826881287,419.73286826881287,0
2020-05-25,423.69996403533787,423.69996403533787,423.69996403533787,423.69996403533787,0
2020-05-26,440.67697789826474,440.67697789826474,440.67697789826474,440.67697789826474,0
2020-05-27,461.30316742241195,461.30316742241195,461.30316742241195,461.30316742241195,0
2020-05-28,458.13764284067,458.13764284067,458.13764284067,458.13764284067,0
2020-05-29,448.37390317163056,448.37390317163056,448.37390317163056,448.37390317163056,0
2020-06-01,455.9052348568096,455.9052348568096,455.9052348568096,455.9052348568096,0
2020-06-02,455.5124722354117,455.5124722354117,455.5124722354117,455.5124722354117,0
2020-06-03,468.33233698144744,468.33233698144744,468.33233698144744,468.33233698144744,0
2020-06-04,476.2683382046755,476.2683382046755,476.2683382046755,476.2683382046755,0
2020-06-05,503.58981349005506,503.58981349005506,503.58981349005506,503.58981349005506,0
2020-06-08,522.7159878987366,522.7159878987366,522.7159878987366,522.7159878987366,0
2020-06-09,516.5146506690659,516.5146506690659,516.5146506690659,516.5146506690659,0
2020-06-10,506.3255621274392,506.3255621274392,506.3255621274392,506.3255621274392,0
2020-06-12,482.6026525341173,482.6026525341173,482.6026525341173,482.6026525341173,0
2020-06-15,466.6002361634247,466.6002361634247,466.6002361634247,466.6002361634247,0
2020-06-16,489.63900985967257,489.63900985967257,489.63900985967257,489.63900985967257,0
2020-06-17,485.8877279008733,485.8877279008733,485.8877279008733,485.8877279008733,0
2020-06-18,483.90043600631424,483.90043600631424,483.90043600631424,483.90043600631424,0
2020-06-19,484.08114199680597,484.08114199680597,484.08114199680597,484.08114199680597,0
2020-06-22,470.6871692090538,470.6871692090538,470.6871692090538,470.6871692090538,0
2020-06-23,487.9447054477253,487.9447054477253,487.9447054477253,487.9447054477253,0
2020-06-24,476.0303937713704,476.0303937713704,476.0303937713704,476.0303937713704,0
2020-06-25,475.3636048746635,475.3636048746635,475.3636048746635,475.3636048746635,0
2020-06-26,466.5526414520018,466.5526414520018,466.5526414520018,466.5526414520018,0
2020-06-29,474.68450307655496,474.68450307655496,474.68450307655496,474.68450307655496,0
2020-06-30,465.65334706722797,465.65334706722797,465.65334706722797,465.65334706722797,0
2020-07-01,471.22998967575387,471.22998967575387,471.22998967575387,471.22998967575387,0
2020-07-02,482.639704354512,482.639704354512,482.639704354512,482.639704354512,0
2020-07-03,482.9596916252452,482.9596916252452,482.9596916252452,482.9596916252452,0
2020-07-06,488.4214539447682,488.4214539447682,488.4214539447682,488.4214539447682,0
2020-07-07,484.3511432698136,484.3511432698136,484.3511432698136,484.3511432698136,0
2020-07-08,477.8391411148305,477.8391411148305,477.8391411148305,477.8391411148305,0
2020-07-09,477.31359013210925,477.31359013210925,477.31359013210925,477.31359013210925,0
2020-07-10,481.19180168020875,481.19180168020875,481.19180168020875,481.19180168020875,0
2020-07-13,485.1220761578636,485.1220761578636,485.1220761578636,485.1220761578636,0
2020-07-14,473.81933254778056,473.81933254778056,473.81933254778056,473.81933254778056,0
2020-07-15,482.16697387368106,482.16697387368106,482.16697387368106,482.16697387368106,0
2020-07-16,478.5233833201153,478.5233833201153,478.5233833201153,478.5233833201153,0
2020-07-17,470.57656668018194,470.57656668018194,470.57656668018194,470.57656668018194,0
2020-07-20,472.640146406275,472.640146406275,472.640146406275,472.640146406275,0
2020-07-21,479.8159931940903,479.8159931940903,479.8159931940903,479.8159931940903,0
2020-07-22,472.2222679814299,472.2222679814299,472.2222679814299,472.2222679814299,0
2020-07-23,462.6923220882844,462.6923220882844,462.6923220882844,462.6923220882844,0
2020-07-24,462.58699231416097,462.58699231416097,462.58699231416097,462.58699231416097,0
2020-07-27,451.3373853023426,451.3373853023426,451.3373853023426,451.3373853023426,0
2020-07-28,450.4995379465606,450.4995379465606,450.4995379465606,450.4995379465606,0
2020-07-29,457.3996670200887,457.3996670200887,457.3996670200887,457.3996670200887,0
2020-07-30,434.90792997120303,434.90792997120303,434.90792997120303,434.90792997120303,0
2020-07-31,430.80698485807267,430.80698485807267,430.80698485807267,430.80698485807267,0
2020-08-03,434.9687249177242,434.9687249177242,434.9687249177242,434.9687249177242,0
2020-08-04,441.72466044869725,441.72466044869725,441.72466044869725,441.72466044869725,0
2020-08-05,435.21616551764185,435.21616551764185,435.21616551764185,435.21616551764185,0
2020-08-06,425.21704913472814,425.21704913472814,425.21704913472814,425.21704913472814,0
2020-08-07,423.43106443026863,423.43106443026863,423.43106443026863,423.43106443026863,0
2020-08-10,435.50689910430407,435.50689910430407,435.50689910430407,435.50689910430407,0
2020-08-11,453.27403640502325,453.27403640502325,453.27403640502325,453.27403640502325,0
2020-08-12,453.76433548619246,453.76433548619246,453.76433548619246,453.76433548619246,0
2020-08-13,455.1795610036748,455.1795610036748,455.1795610036748,455.1795610036748,0
2020-08-14,454.7583666164161,454.7583666164161,454.7583666164161,454.7583666164161,0
2020-08-17,451.2602253347514,451.2602253347514,451.2602253347514,451.2602253347514,0
2020-08-18,442.76987478166456,442.76987478166456,442.76987478166456,442.76987478166456,0
2020-08-19,439.4248332648571,439.4248332648571,439.4248332648571,439.4248332648571,0
2020-08-20,434.7317295312474,434.7317295312474,434.7317295312474,434.7317295312474,0
2020-08-21,432.0714401324394,432.0714401324394,432.0714401324394,432.0714401324394,0
2020-08-24,437.98798522000544,437.98798522000544,437.98798522000544,437.98798522000544,0
2020-08-25,434.22408177631905,434.22408177631905,434.22408177631905,434.22408177631905,0
2020-08-26,435.24297020732854,435.24297020732854,435.24297020732854,435.24297020732854,0
2020-08-27,435.24297020732854,435.24297020732854,435.24297020732854,435.24297020732854,0
2020-08-28,433.01898941595067,433.01898941595067,433.01898941595067,433.01898941595067,0
2020-08-31,427.5161827314218,427.5161827314218,427.5161827314218,427.5161827314218,0
2020-09-01,418.53202575174856,418.53202575174856,418.53202575174856,418.53202575174856,0
2020-09-02,419.0727598690189,419.0727598690189,419.0727598690189,419.0727598690189,0
2020-09-03,421.3378550372087,421.3378550372087,421.3378550372087,421.3378550372087,0
2020-09-04,417.2885390246309,417.2885390246309,417.2885390246309,417.2885390246309,0
2020-09-07,419.54399044977504,419.54399044977504,419.54399044977504,419.54399044977504,0
2020-09-08,407.03858516697244,407.03858516697244,407.03858516697244,407.03858516697244,0
2020-09-09,422.3088768088839,422.3088768088839,422.3088768088839,422.3088768088839,0
2020-09-10,427.1562136193715,427.1562136193715,427.1562136193715,427.1562136193715,0
2020-09-11,426.76538145866743,426.76538145866743,426.76538145866743,426.76538145866743,0
2020-09-14,427.8995283923687,427.8995283923687,427.8995283923687,427.8995283923687,0
2020-09-15,423.7731256025507,423.7731256025507,423.7731256025507,423.7731256025507,0
2020-09-16,418.98521085383106,418.98521085383106,418.98521085383106,418.98521085383106,0
2020-09-17,419.66966412993895,419.66966412993895,419.66966412993895,419.66966412993895,0
2020-09-18,412.24016659864475,412.24016659864475,412.24016659864475,412.24016659864475,0
2020-09-21,392.1176363316739,392.1176363316739,392.1176363316739,392.1176363316739,0
2020-09-22,389.7439109366151,389.7439109366151,389.7439109366151,389.7439109366151,0
2020-09-23,385.67449369589804,385.67449369589804,385.67449369589804,385.67449369589804,0
2020-09-24,388.5695490382917,388.5695490382917,388.5695490382917,388.5695490382917,0
2020-09-25,378.3722036193996,378.3722036193996,378.3722036193996,378.3722036193996,0
2020-09-28,397.53642580360923,397.53642580360923,397.53642580360923,397.53642580360923,0
2020-09-29,393.50373352312465,393.50373352312465,393.50373352312465,393.50373352312465,0
2020-09-30,396.32150354834636,396.32150354834636,396.32150354834636,396.32150354834636,0
2020-10-01,395.24558615972165,395.24558615972165,395.24558615972165,395.24558615972165,0
2020-10-02,393.4072345961881,393.4072345961881,393.4072345961881,393.4072345961881,0
2020-10-05,402.6333669169013,402.6333669169013,402.6333669169013,402.6333669169013,0
2020-10-06,416.52288890883955,416.52288890883955,416.52288890883955,416.52288890883955,0
2020-10-07,419.65964179601986,419.65964179601986,419.65964179601986,419.65964179601986,0
2020-10-08,417.48339124875065,417.48339124875065,417.48339124875065,417.48339124875065,0
2020-10-09,410.3872238901623,410.3872238901623,410.3872238901623,410.3872238901623,0
2020-10-12,406.5084582713403,406.5084582713403,406.5084582713403,406.5084582713403,0
2020-10-13,396.2255582138613,396.2255582138613,396.2255582138613,396.2255582138613,0
2020-10-14,394.8752932802281,394.8752932802281,394.8752932802281,394.8752932802281,0
2020-10-15,379.1517954332981,379.1517954332981,379.1517954332981,379.1517954332981,0
2020-10-16,382.5664520893603,382.5664520893603,382.5664520893603,382.5664520893603,0
2020-10-19,381.22172659199924,381.22172659199924,381.22172659199924,381.22172659199924,0
2020-10-20,385.2798284546541,385.2798284546541,385.2798284546541,385.2798284546541,0
2020-10-21,379.54432001880633,379.54432001880633,379.54432001880633,379.54432001880633,0
2020-10-22,380.0204207288537,380.0204207288537,380.0204207288537,380.0204207288537,0
2020-10-23,381.58438966547016,381.58438966547016,381.58438966547016,381.58438966547016,0
2020-10-26,383.64700798798617,383.64700798798617,383.64700798798617,383.64700798798617,0
2020-10-27,372.73748647996814,372.73748647996814,372.73748647996814,372.73748647996814,0
2020-10-28,347.2281035407547,347.2281035407547,347.2281035407547,347.2281035407547,0
2020-10-29,340.11675857870244,340.11675857870244,340.11675857870244,340.11675857870244,0
2020-10-30,339.85010714973305,339.85010714973305,339.85010714973305,339.85010714973305,0
2020-11-02,346.75194858458707,346.75194858458707,346.75194858458707,346.75194858458707,0
2020-11-03,372.4712668312184,372.4712668312184,372.4712668312184,372.4712668312184,0
2020-11-04,361.86566809820226,361.86566809820226,361.86566809820226,361.86566809820226,0
2020-11-05,370.44466747583,370.44466747583,370.44466747583,370.44466747583,0
2020-11-06,370.98925814021175,370.98925814021175,370.98925814021175,370.98925814021175,0
2020-11-09,418.7915776660922,418.7915776660922,418.7915776660922,418.7915776660922,0
2020-11-10,449.2020596509119,449.2020596509119,449.2020596509119,449.2020596509119,0
2020-11-12,455.6216415686793,455.6216415686793,455.6216415686793,455.6216415686793,0
2020-11-13,457.451579316641,457.451579316641,457.451579316641,457.451579316641,0
2020-11-16,484.69752393979326,484.69752393979326,484.69752393979326,484.69752393979326,0
2020-11-17,482.9651914486314,482.9651914486314,482.9651914486314,482.9651914486314,0
2020-11-18,478.8311899298783,478.8311899298783,478.8311899298783,478.8311899298783,0
2020-11-19,471.73035882676214,471.73035882676214,471.73035882676214,471.73035882676214,0
2020-11-20,475.643505882534,475.643505882534,475.643505882534,475.643505882534,0
2020-11-23,486.0338239866273,486.0338239866273,486.0338239866273,486.0338239866273,0
2020-11-24,492.38978324776076,492.38978324776076,492.38978324776076,492.38978324776076,0
2020-11-25,493.12940562198185,493.12940562198185,493.12940562198185,493.12940562198185,0
2020-11-26,491.22807704922764,491.22807704922764,491.22807704922764,491.22807704922764,0
2020-11-27,485.5563831880586,485.5563831880586,485.5563831880586,485.5563831880586,0
2020-11-30,470.7530826434968,470.7530826434968,470.7530826434968,470.7530826434968,0
2020-12-01,475.9732639388866,475.9732639388866,475.9732639388866,475.9732639388866,0
2020-12-02,488.96439329513174,488.96439329513174,488.96439329513174,488.96439329513174,0
2020-12-03,495.8641412388576,495.8641412388576,495.8641412388576,495.8641412388576,0
2020-12-04,511.67880658220145,511.67880658220145,511.67880658220145,511.67880658220145,0
2020-12-07,515.2776100298441,515.2776100298441,515.2776100298441,515.2776100298441,0
2020-12-08,513.5056821715971,513.5056821715971,513.5056821715971,513.5056821715971,0
2020-12-09,532.2378399231638,532.2378399231638,532.2378399231638,532.2378399231638,0
2020-12-10,517.0783964188075,517.0783964188075,517.0783964188075,517.0783964188075,0
2020-12-11,517.4934677409525,517.4934677409525,517.4934677409525,517.4934677409525,0
2020-12-14,515.2227555963369,515.2227555963369,515.2227555963369,515.2227555963369,0
2020-12-15,519.289032053671,519.289032053671,519.289032053671,519.289032053671,0
2020-12-16,529.5839058257629,529.5839058257629,529.5839058257629,529.5839058257629,0
2020-12-17,516.6979594156647,516.6979594156647,516.6979594156647,516.6979594156647,0
2020-12-18,511.9643142618744,511.9643142618744,511.9643142618744,511.9643142618744,0
2020-12-21,494.0223176063315,494.0223176063315,494.0223176063315,494.0223176063315,0
2020-12-22,507.70086562011886,507.70086562011886,507.70086562011886,507.70086562011886,0
2020-12-23,520.1429015836966,520.1429015836966,520.1429015836966,520.1429015836966,0
2020-12-28,534.4998979381543,534.4998979381543,534.4998979381543,534.4998979381543,0
2020-12-29,539.0093184748592,539.0093184748592,539.0093184748592,539.0093184748592,0
2020-12-30,525.3143934766974,525.3143934766974,525.3143934766974,525.3143934766974,0
2021-01-04,529.3850996681614,529.3850996681614,529.3850996681614,529.3850996681614,0
2021-01-05,530.5159304646181,530.5159304646181,530.5159304646181,530.5159304646181,0
2021-01-07,566.4429087660563,566.4429087660563,566.4429087660563,566.4429087660563,0
2021-01-08,582.520380028142,582.520380028142,582.520380028142,582.520380028142,0
2021-01-11,590.7108595397127,590.7108595397127,590.7108595397127,590.7108595397127,0
2021-01-12,580.9967709970093,580.9967709970093,580.9967709970093,580.9967709970093,0
2021-01-13,575.0550146121291,575.0550146121291,575.0550146121291,575.0550146121291,0
2021-01-14,577.279757506267,577.279757506267,577.279757506267,577.279757506267,0
2021-01-15,560.3539007509073,560.3539007509073,560.3539007509073,560.3539007509073,0
2021-01-18,571.1754963970437,571.1754963970437,571.1754963970437,571.1754963970437,0
2021-01-19,564.2505249512523,564.2505249512523,564.2505249512523,564.2505249512523,0
2021-01-20,563.2696658884029,563.2696658884029,563.2696658884029,563.2696658884029,0
2021-01-21,554.9036237211241,554.9036237211241,554.9036237211241,554.9036237211241,0
2021-01-22,553.4475866058121,553.4475866058121,553.4475866058121,553.4475866058121,0
2021-01-25,538.5635514123646,538.5635514123646,538.5635514123646,538.5635514123646,0
2021-01-26,545.4893937001352,545.4893937001352,545.4893937001352,545.4893937001352,0
2021-01-27,530.7507180397266,530.7507180397266,530.7507180397266,530.7507180397266,0
2021-01-28,533.6845384699445,533.6845384699445,533.6845384699445,533.6845384699445,0
2021-01-29,533.8645911327918,533.8645911327918,533.8645911327918,533.8645911327918,0
2021-02-01,535.9488190880472,535.9488190880472,535.9488190880472,535.9488190880472,0
2021-02-02,543.1306126305823,543.1306126305823,543.1306126305823,543.1306126305823,0
2021-02-03,538.2627242371018,538.2627242371018,538.2627242371018,538.2627242371018,0
2021-02-04,539.9862660750078,539.9862660750078,539.9862660750078,539.9862660750078,0
2021-02-05,551.8770782593512,551.8770782593512,551.8770782593512,551.8770782593512,0
2021-02-08,549.8697871685297,549.8697871685297,549.8697871685297,549.8697871685297,0
2021-02-09,550.3303812082528,550.3303812082528,550.3303812082528,550.3303812082528,0
2021-02-10,545.0489460197807,545.0489460197807,545.0489460197807,545.0489460197807,0
2021-02-11,549.3617407031632,549.3617407031632,549.3617407031632,549.3617407031632,0
2021-02-12,542.238892023509,542.238892023509,542.238892023509,542.238892023509,0
2021-02-15,565.9707757529636,565.9707757529636,565.9707757529636,565.9707757529636,0
2021-02-16,598.589353531092,598.589353531092,598.589353531092,598.589353531092,0
2021-02-17,593.8084327241427,593.8084327241427,593.8084327241427,593.8084327241427,0
2021-02-18,591.0464570128637,591.0464570128637,591.0464570128637,591.0464570128637,0
2021-02-19,594.2397525518459,594.2397525518459,594.2397525518459,594.2397525518459,0
2021-02-22,583.5340788129083,583.5340788129083,583.5340788129083,583.5340788129083,0
2021-02-23,575.4133545043245,575.4133545043245,575.4133545043245,575.4133545043245,0
2021-02-24,585.3078798578684,585.3078798578684,585.3078798578684,585.3078798578684,0
2021-02-25,597.1813091329213,597.1813091329213,597.1813091329213,597.1813091329213,0
2021-02-26,586.3001027302128,586.3001027302128,586.3001027302128,586.3001027302128,0
2021-03-01,608.3939967617198,608.3939967617198,608.3939967617198,608.3939967617198,0
2021-03-02,606.9792741302969,606.9792741302969,606.9792741302969,606.9792741302969,0
2021-03-03,606.7468197084594,606.7468197084594,606.7468197084594,606.7468197084594,0
2021-03-04,605.2518676026167,605.2518676026167,605.2518676026167,605.2518676026167,0
2021-03-05,608.599863093575,608.599863093575,608.599863093575,608.599863093575,0
2021-03-08,618.9432260574303,618.9432260574303,618.9432260574303,618.9432260574303,0
2021-03-09,620.4730461365016,620.4730461365016,620.4730461365016,620.4730461365016,0
2021-03-10,622.463359919637,622.463359919637,622.463359919637,622.463359919637,0
2021-03-11,610.1253634703326,610.1253634703326,610.1253634703326,610.1253634703326,0
2021-03-12,617.1550298015572,617.1550298015572,617.1550298015572,617.1550298015572,0
2021-03-15,615.2139790302689,615.2139790302689,615.2139790302689,615.2139790302689,0
2021-03-16,603.723665489462,603.723665489462,603.723665489462,603.723665489462,0
2021-03-17,594.4515832056593,594.4515832056593,594.4515832056593,594.4515832056593,0
2021-03-18,600.8801075433231,600.8801075433231,600.8801075433231,600.8801075433231,0
2021-03-19,591.2455018738287,591.2455018738287,591.2455018738287,591.2455018738287,0
2021-03-22,586.7360929353299,586.7360929353299,586.7360929353299,586.7360929353299,0
2021-03-23,600.6348711769715,600.6348711769715,600.6348711769715,600.6348711769715,0
2021-03-24,591.8866953706739,591.8866953706739,591.8866953706739,591.8866953706739,0
2021-03-25,582.7782763849024,582.7782763849024,582.7782763849024,582.7782763849024,0
2021-03-26,593.174141128385,593.174141128385,593.174141128385,593.174141128385,0
2021-03-29,597.3215870763306,597.3215870763306,597.3215870763306,597.3215870763306,0
2021-03-30,595.6401549797058,595.6401549797058,595.6401549797058,595.6401549797058,0
2021-03-31,591.4416254372157,591.4416254372157,591.4416254372157,591.4416254372157,0
2021-04-01,592.1165294938884,592.1165294938884,592.1165294938884,592.1165294938884,0
2021-04-06,607.2918832305024,607.2918832305024,607.2918832305024,607.2918832305024,0
2021-04-07,603.7568086229561,603.7568086229561,603.7568086229561,603.7568086229561,0
2021-04-08,600.8349889112664,600.8349889112664,600.8349889112664,600.8349889112664,0
2021-04-09,600.4652216192237,600.4652216192237,600.4652216192237,600.4652216192237,0
2021-04-12,603.7688359757021,603.7688359757021,603.7688359757021,603.7688359757021,0
2021-04-13,598.2997021265403,598.2997021265403,598.2997021265403,598.2997021265403,0
2021-04-14,602.9526059860152,602.9526059860152,602.9526059860152,602.9526059860152,0
2021-04-15,602.5705489601346,602.5705489601346,602.5705489601346,602.5705489601346,0
2021-04-16,604.1141405058734,604.1141405058734,604.1141405058734,604.1141405058734,0
2021-04-19,608.810841103472,608.810841103472,608.810841103472,608.810841103472,0
2021-04-20,603.991053115721,603.991053115721,603.991053115721,603.991053115721,0
2021-04-21,597.5341808000987,597.5341808000987,597.5341808000987,597.5341808000987,0
2021-04-22,599.5351061850708,599.5351061850708,599.5351061850708,599.5351061850708,0
2021-04-23,598.9634138900246,598.9634138900246,598.9634138900246,598.9634138900246,0
2021-04-26,607.8818450182167,607.8818450182167,607.8818450182167,607.8818450182167,0
2021-04-27,606.8289092830535,606.8289092830535,606.8289092830535,606.8289092830535,0
2021-04-28,621.039467551568,621.039467551568,621.039467551568,621.039467551568,0
2021-04-29,661.4780122540338,661.4780122540338,661.4780122540338,661.4780122540338,0
2021-04-30,658.3063988556107,658.3063988556107,658.3063988556107,658.3063988556107,0
2021-05-04,649.4605083471456,649.4605083471456,649.4605083471456,649.4605083471456,0
2021-05-05,660.9329079730312,660.9329079730312,660.9329079730312,660.9329079730312,0
2021-05-06,675.9859455098682,675.9859455098682,675.9859455098682,675.9859455098682,0
2021-05-07,685.4564389230901,685.4564389230901,685.4564389230901,685.4564389230901,0
2021-05-10,708.2053071405988,708.2053071405988,708.2053071405988,708.2053071405988,0
2021-05-11,693.8133749607757,693.8133749607757,693.8133749607757,693.8133749607757,0
2021-05-12,703.0157744469699,703.0157744469699,703.0157744469699,703.0157744469699,0
2021-05-13,694.0215607043384,694.0215607043384,694.0215607043384,694.0215607043384,0
2021-05-14,705.7583517350347,705.7583517350347,705.7583517350347,705.7583517350347,0
2021-05-17,717.1624369658915,717.1624369658915,717.1624369658915,717.1624369658915,0
2021-05-18,725.138489592448,725.138489592448,725.138489592448,725.138489592448,0
2021-05-19,720.8412130548564,720.8412130548564,720.8412130548564,720.8412130548564,0
2021-05-20,727.3094239690964,727.3094239690964,727.3094239690964,727.3094239690964,0
2021-05-21,750.9411392567335,750.9411392567335,750.9411392567335,750.9411392567335,0
2021-05-24,743.8571391774004,743.8571391774004,743.8571391774004,743.8571391774004,0
2021-05-25,745.2645694510269,745.2645694510269,745.2645694510269,745.2645694510269,0
2021-05-26,750.0106883749592,750.0106883749592,750.0106883749592,750.0106883749592,0
2021-05-27,763.017036697749,763.017036697749,763.017036697749,763.017036697749,0
2021-05-28,771.4628870500189,771.4628870500189,771.4628870500189,771.4628870500189,0
2021-05-31,781.8850424803728,781.8850424803728,781.8850424803728,781.8850424803728,0
2021-06-01,781.4588162477686,781.4588162477686,781.4588162477686,781.4588162477686,0
2021-06-02,773.6378991051273,773.6378991051273,773.6378991051273,773.6378991051273,0
2021-06-04,776.0037748015044,776.0037748015044,776.0037748015044,776.0037748015044,0
2021-06-07,778.1805385439193,778.1805385439193,778.1805385439193,778.1805385439193,0
2021-06-08,768.4551918717347,768.4551918717347,768.4551918717347,768.4551918717347,0
2021-06-09,763.9838291742693,763.9838291742693,763.9838291742693,763.9838291742693,0
2021-06-10,775.1979446686572,775.1979446686572,775.1979446686572,775.1979446686572,0
2021-06-11,770.3415553515437,770.3415553515437,770.3415553515437,770.3415553515437,0
2021-06-14,786.4045101605818,786.4045101605818,786.4045101605818,786.4045101605818,0
2021-06-15,775.4906572958029,775.4906572958029,775.4906572958029,775.4906572958029,0
2021-06-16,770.7882750704066,770.7882750704066,770.7882750704066,770.7882750704066,0
2021-06-17,775.479961220103,775.479961220103,775.479961220103,775.479961220103,0
2021-06-18,771.0045376339054,771.0045376339054,771.0045376339054,771.0045376339054,0
2021-06-21,776.869992020264,776.869992020264,776.869992020264,776.869992020264,0
2021-06-22,784.0844200144695,784.0844200144695,784.0844200144695,784.0844200144695,0
2021-06-23,794.5978803436448,794.5978803436448,794.5978803436448,794.5978803436448,0
2021-06-24,810.2195530796918,810.2195530796918,810.2195530796918,810.2195530796918,0
2021-06-25,813.5055029310555,813.5055029310555,813.5055029310555,813.5055029310555,0
2021-06-28,803.7479336648267,803.7479336648267,803.7479336648267,803.7479336648267,0
2021-06-29,793.2636881216986,793.2636881216986,793.2636881216986,793.2636881216986,0
2021-06-30,756.5137262852935,756.5137262852935,756.5137262852935,756.5137262852935,0
2021-07-01,763.6388817381758,763.6388817381758,763.6388817381758,763.6388817381758,0
2021-07-02,760.3554239489151,760.3554239489151,760.3554239489151,760.3554239489151,0
2021-07-05,765.735676706671,765.735676706671,765.735676706671,765.735676706671,0
2021-07-06,748.2850713471745,748.2850713471745,748.2850713471745,748.2850713471745,0
2021-07-07,753.6682365356535,753.6682365356535,753.6682365356535,753.6682365356535,0
2021-07-08,731.8627245619796,731.8627245619796,731.8627245619796,731.8627245619796,0
2021-07-09,744.7479178595289,744.7479178595289,744.7479178595289,744.7479178595289,0
2021-07-12,730.0311700188093,730.0311700188093,730.0311700188093,730.0311700188093,0
2021-07-13,732.4335071124098,732.4335071124098,732.4335071124098,732.4335071124098,0
2021-07-14,736.3401177081756,736.3401177081756,736.3401177081756,736.3401177081756,0
2021-07-15,731.5872709869409,731.5872709869409,731.5872709869409,731.5872709869409,0
2021-07-16,734.2907032715063,734.2907032715063,734.2907032715063,734.2907032715063,0
2021-07-19,713.1200985343046,713.1200985343046,713.1200985343046,713.1200985343046,0
2021-07-20,719.6228007325495,719.6228007325495,719.6228007325495,719.6228007325495,0
2021-07-21,745.9437176867006,745.9437176867006,745.9437176867006,745.9437176867006,0
2021-07-22,738.8793729424042,738.8793729424042,738.8793729424042,738.8793729424042,0
2021-07-23,740.6946438135082,740.6946438135082,740.6946438135082,740.6946438135082,0
2021-07-26,744.5106906667777,744.5106906667777,744.5106906667777,744.5106906667777,0
2021-07-27,743.0035502686138,743.0035502686138,743.0035502686138,743.0035502686138,0
2021-07-28,744.9310292024502,744.9310292024502,744.9310292024502,744.9310292024502,0
2021-07-29,756.3575642044141,756.3575642044141,756.3575642044141,756.3575642044141,0
2021-07-30,753.9887079040741,753.9887079040741,753.9887079040741,753.9887079040741,0
2021-08-02,756.5739198120667,756.5739198120667,756.5739198120667,756.5739198120667,0
2021-08-03,746.9103186812583,746.9103186812583,746.9103186812583,746.9103186812583,0
2021-08-04,766.4798158057143,766.4798158057143,766.4798158057143,766.4798158057143,0
2021-08-05,763.482574466627,763.482574466627,763.482574466627,763.482574466627,0
2021-08-06,779.8183951424938,779.8183951424938,779.8183951424938,779.8183951424938,0
2021-08-09,790.076341184017,790.076341184017,790.076341184017,790.076341184017,0
2021-08-10,794.8211821358173,794.8211821358173,794.8211821358173,794.8211821358173,0
2021-08-11,804.9258602426631,804.9258602426631,804.9258602426631,804.9258602426631,0
2021-08-12,799.8029623610694,799.8029623610694,799.8029623610694,799.8029623610694,0
2021-08-13,807.1984223282799,807.1984223282799,807.1984223282799,807.1984223282799,0
2021-08-16,801.5100750212004,801.5100750212004,801.5100750212004,801.5100750212004,0
2021-08-17,798.708428231346,798.708428231346,798.708428231346,798.708428231346,0
2021-08-18,793.8669506085994,793.8669506085994,793.8669506085994,793.8669506085994,0
2021-08-19,779.415373859661,779.415373859661,779.415373859661,779.415373859661,0
2021-08-20,780.4635052920858,780.4635052920858,780.4635052920858,780.4635052920858,0
2021-08-23,792.9098308121095,792.9098308121095,792.9098308121095,792.9098308121095,0
2021-08-24,795.7286614350655,795.7286614350655,795.7286614350655,795.7286614350655,0
2021-08-25,810.15272618992,810.15272618992,810.15272618992,810.15272618992,0
2021-08-26,809.8218903672324,809.8218903672324,809.8218903672324,809.8218903672324,0
2021-08-27,813.6129322132246,813.6129322132246,813.6129322132246,813.6129322132246,0
2021-08-30,829.4571590394218,829.4571590394218,829.4571590394218,829.4571590394218,0
2021-08-31,839.8117869604315,839.8117869604315,839.8117869604315,839.8117869604315,0
2021-09-01,853.8763799441465,853.8763799441465,853.8763799441465,853.8763799441465,0
2021-09-02,851.5504380636477,851.5504380636477,851.5504380636477,851.5504380636477,0
2021-09-03,846.0507547426001,846.0507547426001,846.0507547426001,846.0507547426001,0
2021-09-06,859.3933861587167,859.3933861587167,859.3933861587167,859.3933861587167,0
2021-09-07,860.6538912956441,860.6538912956441,860.6538912956441,860.6538912956441,0
2021-09-08,849.5894020670186,849.5894020670186,849.5894020670186,849.5894020670186,0
2021-09-09,845.9675727588098,845.9675727588098,845.9675727588098,845.9675727588098,0
2021-09-10,842.2043832068199,842.2043832068199,842.2043832068199,842.2043832068199,0
2021-09-13,857.0255507909228,857.0255507909228,857.0255507909228,857.0255507909228,0
2021-09-14,861.0446836199502,861.0446836199502,861.0446836199502,861.0446836199502,0
2021-09-15,852.8404595354453,852.8404595354453,852.8404595354453,852.8404595354453,0
2021-09-16,863.5140100904825,863.5140100904825,863.5140100904825,863.5140100904825,0
2021-09-17,851.9874703197089,851.9874703197089,851.9874703197089,851.9874703197089,0
2021-09-20,818.9003195662328,818.9003195662328,818.9003195662328,818.9003195662328,0
2021-09-21,826.2402314140502,826.2402314140502,826.2402314140502,826.2402314140502,0
2021-09-22,849.248805758929,849.248805758929,849.248805758929,849.248805758929,0
2021-09-23,852.5581926992952,852.5581926992952,852.5581926992952,852.5581926992952,0
2021-09-24,856.6013574134189,856.6013574134189,856.6013574134189,856.6013574134189,0
2021-09-27,870.3743737479539,870.3743737479539,870.3743737479539,870.3743737479539,0
2021-09-28,852.7592911828518,852.7592911828518,852.7592911828518,852.7592911828518,0
2021-09-29,860.1729240497305,860.1729240497305,860.1729240497305,860.1729240497305,0
2021-09-30,858.2660908709363,858.2660908709363,858.2660908709363,858.2660908709363,0
2021-10-01,881.0087551584722,881.0087551584722,881.0087551584722,881.0087551584722,0
2021-10-04,890.9121186143182,890.9121186143182,890.9121186143182,890.9121186143182,0
2021-10-05,908.2926082752687,908.2926082752687,908.2926082752687,908.2926082752687,0
2021-10-06,944.2618426157866,944.2618426157866,944.2618426157866,944.2618426157866,0
2021-10-07,951.1685930458945,951.1685930458945,951.1685930458945,951.1685930458945,0
2021-10-08,961.8111849723222,961.8111849723222,961.8111849723222,961.8111849723222,0
2021-10-11,965.1251983938749,965.1251983938749,965.1251983938749,965.1251983938749,0
2021-10-12,983.6159073851308,983.6159073851308,983.6159073851308,983.6159073851308,0
2021-10-13,967.8675251157514,967.8675251157514,967.8675251157514,967.8675251157514,0
2021-10-14,978.0697849859356,978.0697849859356,978.0697849859356,978.0697849859356,0
2021-10-15,983.642132361076,983.642132361076,983.642132361076,983.642132361076,0
2021-10-18,989.1186365340947,989.1186365340947,989.1186365340947,989.1186365340947,0
2021-10-19,984.5997138764362,984.5997138764362,984.5997138764362,984.5997138764362,0
2021-10-20,992.4707768241229,992.4707768241229,992.4707768241229,992.4707768241229,0
2021-10-21,999.4103224689002,999.4103224689002,999.4103224689002,999.4103224689002,0
2021-10-22,992.0939748636945,992.0939748636945,992.0939748636945,992.0939748636945,0
2021-10-25,998.9492017746475,998.9492017746475,998.9492017746475,998.9492017746475,0
2021-10-26,1007.825174998104,1007.825174998104,1007.825174998104,1007.825174998104,0
2021-10-27,1008.7406881963392,1008.7406881963392,1008.7406881963392,1008.7406881963392,0
2021-10-28,1009.9694672746573,1009.9694672746573,1009.9694672746573,1009.9694672746573,0
2021-10-29,1034.8338675698367,1034.8338675698367,1034.8338675698367,1034.8338675698367,0
2021-11-02,1042.5760595828267,1042.5760595828267,1042.5760595828267,1042.5760595828267,0
2021-11-03,1009.4547918314433,1009.4547918314433,1009.4547918314433,1009.4547918314433,0
2021-11-04,1046.9864179127399,1046.9864179127399,1046.9864179127399,1046.9864179127399,0
2021-11-05,1055.116814746666,1055.116814746666,1055.116814746666,1055.116814746666,0
2021-11-08,1047.136848441119,1047.136848441119,1047.136848441119,1047.136848441119,0
2021-11-09,1029.21642026961,1029.21642026961,1029.21642026961,1029.21642026961,0
2021-11-10,1026.240210502592,1026.240210502592,1026.240210502592,1026.240210502592,0
2021-11-12,1023.7957013238572,1023.7957013238572,1023.7957013238572,1023.7957013238572,0
2021-11-15,1023.7957013238572,1023.7957013238572,1023.7957013238572,1023.7957013238572,0
2021-11-16,1026.5634911649508,1026.5634911649508,1026.5634911649508,1026.5634911649508,0
2021-11-17,1016.3062476686455,1016.3062476686455,1016.3062476686455,1016.3062476686455,0
2021-11-18,980.1189649319,980.1189649319,980.1189649319,980.1189649319,0
2021-11-19,962.4048984827231,962.4048984827231,962.4048984827231,962.4048984827231,0
2021-11-22,974.6503707690175,974.6503707690175,974.6503707690175,974.6503707690175,0
2021-11-23,969.4459560917928,969.4459560917928,969.4459560917928,969.4459560917928,0
2021-11-24,971.7276078646352,971.7276078646352,971.7276078646352,971.7276078646352,0
2021-11-25,975.4690087385703,975.4690087385703,975.4690087385703,975.4690087385703,0
2021-11-26,922.4463586538952,922.4463586538952,922.4463586538952,922.4463586538952,0
2021-11-29,927.7486343686144,927.7486343686144,927.7486343686144,927.7486343686144,0
2021-11-30,933.9697993401834,933.9697993401834,933.9697993401834,933.9697993401834,0
2021-12-01,927.2503904599446,927.2503904599446,927.2503904599446,927.2503904599446,0
2021-12-02,937.1734386255815,937.1734386255815,937.1734386255815,937.1734386255815,0
2021-12-03,927.819705848817,927.819705848817,927.819705848817,927.819705848817,0
2021-12-06,944.0829225927612,944.0829225927612,944.0829225927612,944.0829225927612,0
2021-12-07,948.500941342134,948.500941342134,948.500941342134,948.500941342134,0
2021-12-08,934.508067793582,934.508067793582,934.508067793582,934.508067793582,0
2021-12-09,915.0596705811934,915.0596705811934,915.0596705811934,915.0596705811934,0
2021-12-10,910.2687102947044,910.2687102947044,910.2687102947044,910.2687102947044,0
2021-12-13,899.7254486375786,899.7254486375786,899.7254486375786,899.7254486375786,0
2021-12-14,888.1391841698506,888.1391841698506,888.1391841698506,888.1391841698506,0
2021-12-15,874.9299122294898,874.9299122294898,874.9299122294898,874.9299122294898,0
2021-12-16,899.0591546077865,899.0591546077865,899.0591546077865,899.0591546077865,0
2021-12-17,886.0056125855104,886.0056125855104,886.0056125855104,886.0056125855104,0
2021-12-20,890.5580930962792,890.5580930962792,890.5580930962792,890.5580930962792,0
2021-12-21,892.4100596942224,892.4100596942224,892.4100596942224,892.4100596942224,0
2021-12-22,897.3571297250237,897.3571297250237,897.3571297250237,897.3571297250237,0
2021-12-23,919.6356766359153,919.6356766359153,919.6356766359153,919.6356766359153,0
2021-12-27,925.5971264835703,925.5971264835703,925.5971264835703,925.5971264835703,0
2021-12-28,938.2862733921486,938.2862733921486,938.2862733921486,938.2862733921486,0
2021-12-29,943.1349147694038,943.1349147694038,943.1349147694038,943.1349147694038,0
2021-12-30,945.7897346240702,945.7897346240702,945.7897346240702,945.7897346240702,0
2022-01-03,965.1470211092937,965.1470211092937,965.1470211092937,965.1470211092937,0
2022-01-04,969.2881859001911,969.2881859001911,969.2881859001911,969.2881859001911,0
2022-01-05,968.364944617088,968.364944617088,968.364944617088,968.364944617088,0
2022-01-07,993.3052058812979,993.3052058812979,993.3052058812979,993.3052058812979,0
2022-01-10,999.71688240422,999.71688240422,999.71688240422,999.71688240422,0
2022-01-11,1021.2539323140551,1021.2539323140551,1021.2539323140551,1021.2539323140551,0
2022-01-12,1039.1328053448515,1039.1328053448515,1039.1328053448515,1039.1328053448515,0
2022-01-13,1038.5294927151665,1038.5294927151665,1038.5294927151665,1038.5294927151665,0
2022-01-14,1022.2558348284374,1022.2558348284374,1022.2558348284374,1022.2558348284374,0
2022-01-17,1022.376159928832,1022.376159928832,1022.376159928832,1022.376159928832,0
2022-01-18,1001.1912294919437,1001.1912294919437,1001.1912294919437,1001.1912294919437,0
2022-01-19,1007.8329179314189,1007.8329179314189,1007.8329179314189,1007.8329179314189,0
2022-01-20,996.6889643176477,996.6889643176477,996.6889643176477,996.6889643176477,0
2022-01-21,987.1002711478201,987.1002711478201,987.1002711478201,987.1002711478201,0
2022-01-24,952.9556065715997,952.9556065715997,952.9556065715997,952.9556065715997,0
2022-01-25,975.2625669141531,975.2625669141531,975.2625669141531,975.2625669141531,0
2022-01-26,1002.2828899901979,1002.2828899901979,1002.2828899901979,1002.2828899901979,0
2022-01-27,1014.6229969323762,1014.6229969323762,1014.6229969323762,1014.6229969323762,0
2022-01-28,1003.0231289488718,1003.0231289488718,1003.0231289488718,1003.0231289488718,0
2022-01-31,1004.1883930804806,1004.1883930804806,1004.1883930804806,1004.1883930804806,0
2022-02-01,1025.421811818297,1025.421811818297,1025.421811818297,1025.421811818297,0
2022-02-02,1029.3243613822744,1029.3243613822744,1029.3243613822744,1029.3243613822744,0
2022-02-03,1106.5196025658986,1106.5196025658986,1106.5196025658986,1106.5196025658986,0
2022-02-04,1091.649164387515,1091.649164387515,1091.649164387515,1091.649164387515,0
2022-02-07,1085.410709217669,1085.410709217669,1085.410709217669,1085.410709217669,0
2022-02-08,1156.671424457613,1156.671424457613,1156.671424457613,1156.671424457613,0
2022-02-09,1153.8419197157189,1153.8419197157189,1153.8419197157189,1153.8419197157189,0
2022-02-10,1153.8882892441925,1153.8882892441925,1153.8882892441925,1153.8882892441925,0
2022-02-11,1140.1237742371272,1140.1237742371272,1140.1237742371272,1140.1237742371272,0
2022-02-14,1105.1472927621808,1105.1472927621808,1105.1472927621808,1105.1472927621808,0
2022-02-15,1130.7748533185872,1130.7748533185872,1130.7748533185872,1130.7748533185872,0
2022-02-16,1137.379399053508,1137.379399053508,1137.379399053508,1137.379399053508,0
2022-02-17,1108.3175211057546,1108.3175211057546,1108.3175211057546,1108.3175211057546,0
2022-02-18,1095.997408544592,1095.997408544592,1095.997408544592,1095.997408544592,0
2022-02-21,1049.4075925947222,1049.4075925947222,1049.4075925947222,1049.4075925947222,0
2022-02-22,1058.289703380959,1058.289703380959,1058.289703380959,1058.289703380959,0
2022-02-24,916.3387083781715,916.3387083781715,916.3387083781715,916.3387083781715,0
2022-02-25,1013.120872139359,1013.120872139359,1013.120872139359,1013.120872139359,0
2022-02-28,1006.1901910817575,1006.1901910817575,1006.1901910817575,1006.1901910817575,0
2022-03-01,951.2375831482866,951.2375831482866,951.2375831482866,951.2375831482866,0
2022-03-02,949.0086565210406,949.0086565210406,949.0086565210406,949.0086565210406,0
2022-03-03,938.3395566116825,938.3395566116825,938.3395566116825,938.3395566116825,0
2022-03-04,874.6798578614562,874.6798578614562,874.6798578614562,874.6798578614562,0
2022-03-07,873.3336706909755,873.3336706909755,873.3336706909755,873.3336706909755,0
2022-03-08,869.4861310414555,869.4861310414555,869.4861310414555,869.4861310414555,0
2022-03-09,941.3863441734009,941.3863441734009,941.3863441734009,941.3863441734009,0
2022-03-10,921.7694063227273,921.7694063227273,921.7694063227273,921.7694063227273,0
2022-03-11,942.7480039786767,942.7480039786767,942.7480039786767,942.7480039786767,0
2022-03-14,934.7871113864824,934.7871113864824,934.7871113864824,934.7871113864824,0
2022-03-15,938.4607000807877,938.4607000807877,938.4607000807877,938.4607000807877,0
2022-03-16,1000.5837459558387,1000.5837459558387,1000.5837459558387,1000.5837459558387,0
2022-03-17,1008.9506522452025,1008.9506522452025,1008.9506522452025,1008.9506522452025,0
2022-03-18,979.3532720655699,979.3532720655699,979.3532720655699,979.3532720655699,0
2022-03-21,968.3485202922318,968.3485202922318,968.3485202922318,968.3485202922318,0
2022-03-22,975.3627306179554,975.3627306179554,975.3627306179554,975.3627306179554,0
2022-03-23,973.1245718985318,973.1245718985318,973.1245718985318,973.1245718985318,0
2022-03-24,961.3443395555522,961.3443395555522,961.3443395555522,961.3443395555522,0
2022-03-25,956.0805269504892,956.0805269504892,956.0805269504892,956.0805269504892,0
2022-03-28,954.4368563375206,954.4368563375206,954.4368563375206,954.4368563375206,0
2022-03-29,1008.8799010966942,1008.8799010966942,1008.8799010966942,1008.8799010966942,0
2022-03-30,1003.0960478158386,1003.0960478158386,1003.0960478158386,1003.0960478158386,0
2022-03-31,987.4627750192993,987.4627750192993,987.4627750192993,987.4627750192993,0
2022-04-01,1019.4396225422015,1019.4396225422015,1019.4396225422015,1019.4396225422015,0
2022-04-04,1027.141663235168,1027.141663235168,1027.141663235168,1027.141663235168,0
2022-04-05,1005.691272565046,1005.691272565046,1005.691272565046,1005.691272565046,0
2022-04-06,989.947304892801,989.947304892801,989.947304892801,989.947304892801,0
2022-04-07,988.2937164934297,988.2937164934297,988.2937164934297,988.2937164934297,0
2022-04-08,981.8277400360432,981.8277400360432,981.8277400360432,981.8277400360432,0
2022-04-11,992.1457086816554,992.1457086816554,992.1457086816554,992.1457086816554,0
2022-04-12,970.2810729380884,970.2810729380884,970.2810729380884,970.2810729380884,0
2022-04-13,968.101623028702,968.101623028702,968.101623028702,968.101623028702,0
2022-04-14,958.8716404618444,958.8716404618444,958.8716404618444,958.8716404618444,0
2022-04-19,948.848212325872,948.848212325872,948.848212325872,948.848212325872,0
2022-04-20,957.1307256721922,957.1307256721922,957.1307256721922,957.1307256721922,0
2022-04-21,968.55549605804,968.55549605804,968.55549605804,968.55549605804,0
2022-04-22,950.5537514541904,950.5537514541904,950.5537514541904,950.5537514541904,0
2022-04-25,902.9955831204113,902.9955831204113,902.9955831204113,902.9955831204113,0
2022-04-26,886.95716929376,886.95716929376,886.95716929376,886.95716929376,0
2022-04-27,848.0183152067009,848.0183152067009,848.0183152067009,848.0183152067009,0
2022-04-28,844.0976706915925,844.0976706915925,844.0976706915925,844.0976706915925,0
2022-04-29,850.306376406515,850.306376406515,850.306376406515,850.306376406515,0
2022-05-02,835.132716105934,835.132716105934,835.132716105934,835.132716105934,0
2022-05-04,819.9605563666224,819.9605563666224,819.9605563666224,819.9605563666224,0
2022-05-05,805.8399154309519,805.8399154309519,805.8399154309519,805.8399154309519,0
2022-05-06,794.2967644658027,794.2967644658027,794.2967644658027,794.2967644658027,0
2022-05-09,807.7486393069714,807.7486393069714,807.7486393069714,807.7486393069714,0
2022-05-10,802.650476954031,802.650476954031,802.650476954031,802.650476954031,0
2022-05-11,799.4738050297257,799.4738050297257,799.4738050297257,799.4738050297257,0
2022-05-12,790.4369917446787,790.4369917446787,790.4369917446787,790.4369917446787,0
2022-05-13,832.4336360928129,832.4336360928129,832.4336360928129,832.4336360928129,0
2022-05-16,824.0358478256263,824.0358478256263,824.0358478256263,824.0358478256263,0
2022-05-17,846.3511458416765,846.3511458416765,846.3511458416765,846.3511458416765,0
2022-05-18,845.3816308323513,845.3816308323513,845.3816308323513,845.3816308323513,0
2022-05-19,829.4674821742803,829.4674821742803,829.4674821742803,829.4674821742803,0
2022-05-20,829.7282013488419,829.7282013488419,829.7282013488419,829.7282013488419,0
2022-05-23,860.933833780817,860.933833780817,860.933833780817,860.933833780817,0
2022-05-24,857.7445920796423,857.7445920796423,857.7445920796423,857.7445920796423,0
2022-05-25,855.3309388790803,855.3309388790803,855.3309388790803,855.3309388790803,0
2022-05-26,865.3319406312065,865.3319406312065,865.3319406312065,865.3319406312065,0
2022-05-27,859.1766426285462,859.1766426285462,859.1766426285462,859.1766426285462,0
2022-05-30,881.1887296806524,881.1887296806524,881.1887296806524,881.1887296806524,0
2022-05-31,865.8551488782758,865.8551488782758,865.8551488782758,865.8551488782758,0
2022-06-01,863.8490066805864,863.8490066805864,863.8490066805864,863.8490066805864,0
2022-06-02,865.4678672077384,865.4678672077384,865.4678672077384,865.4678672077384,0
2022-06-03,853.7208043368089,853.7208043368089,853.7208043368089,853.7208043368089,0
2022-06-06,872.7215211836838,872.7215211836838,872.7215211836838,872.7215211836838,0
2022-06-07,857.2378101120368,857.2378101120368,857.2378101120368,857.2378101120368,0
2022-06-08,838.5498536107652,838.5498536107652,838.5498536107652,838.5498536107652,0
2022-06-09,821.2972646446933,821.2972646446933,821.2972646446933,821.2972646446933,0
2022-06-10,788.2735200539557,788.2735200539557,788.2735200539557,788.2735200539557,0
2022-06-13,755.209149782866,755.209149782866,755.209149782866,755.209149782866,0
2022-06-14,764.7778398642267,764.7778398642267,764.7778398642267,764.7778398642267,0
2022-06-15,777.908068673867,777.908068673867,777.908068673867,777.908068673867,0
2022-06-17,765.5353062626513,765.5353062626513,765.5353062626513,765.5353062626513,0
2022-06-20,783.8730895742589,783.8730895742589,783.8730895742589,783.8730895742589,0
2022-06-21,789.6659871263488,789.6659871263488,789.6659871263488,789.6659871263488,0
2022-06-22,783.4293213649643,783.4293213649643,783.4293213649643,783.4293213649643,0
2022-06-23,770.6205836736976,770.6205836736976,770.6205836736976,770.6205836736976,0
2022-06-24,781.1339465831958,781.1339465831958,781.1339465831958,781.1339465831958,0
2022-06-27,777.8406253611402,777.8406253611402,777.8406253611402,777.8406253611402,0
2022-06-28,785.8819387601847,785.8819387601847,785.8819387601847,785.8819387601847,0
2022-06-29,781.5217567268052,781.5217567268052,781.5217567268052,781.5217567268052,0
2022-06-30,754.2959807351324,754.2959807351324,754.2959807351324,754.2959807351324,0
2022-07-01,751.2525774083019,751.2525774083019,751.2525774083019,751.2525774083019,0
2022-07-04,745.9291412425964,745.9291412425964,745.9291412425964,745.9291412425964,0
2022-07-05,722.071501147771,722.071501147771,722.071501147771,722.071501147771,0
2022-07-06,715.2199426851898,715.2199426851898,715.2199426851898,715.2199426851898,0
2022-07-07,744.0469377624312,744.0469377624312,744.0469377624312,744.0469377624312,0
2022-07-08,757.752611586001,757.752611586001,757.752611586001,757.752611586001,0
2022-07-11,745.050410408798,745.050410408798,745.050410408798,745.050410408798,0
2022-07-12,708.9426930704456,708.9426930704456,708.9426930704456,708.9426930704456,0
2022-07-13,701.6307576129759,701.6307576129759,701.6307576129759,701.6307576129759,0
2022-07-14,668.0682875967548,668.0682875967548,668.0682875967548,668.0682875967548,0
2022-07-15,676.4893188305936,676.4893188305936,676.4893188305936,676.4893188305936,0
2022-07-18,690.5280088315146,690.5280088315146,690.5280088315146,690.5280088315146,0
2022-07-19,704.6954769366426,704.6954769366426,704.6954769366426,704.6954769366426,0
2022-07-20,710.4391482026857,710.4391482026857,710.4391482026857,710.4391482026857,0
2022-07-21,710.1789223383389,710.1789223383389,710.1789223383389,710.1789223383389,0
2022-07-22,705.3401569556445,705.3401569556445,705.3401569556445,705.3401569556445,0
2022-07-25,717.6098961898492,717.6098961898492,717.6098961898492,717.6098961898492,0
2022-07-26,700.9427847612976,700.9427847612976,700.9427847612976,700.9427847612976,0
2022-07-27,695.595405295239,695.595405295239,695.595405295239,695.595405295239,0
2022-07-28,698.6978412747277,698.6978412747277,698.6978412747277,698.6978412747277,0
2022-07-29,733.595714491302,733.595714491302,733.595714491302,733.595714491302,0
2022-08-01,737.5107847147535,737.5107847147535,737.5107847147535,737.5107847147535,0
2022-08-02,724.0251301777671,724.0251301777671,724.0251301777671,724.0251301777671,0
2022-08-03,727.6066892388187,727.6066892388187,727.6066892388187,727.6066892388187,0
2022-08-04,783.8579513500015,783.8579513500015,783.8579513500015,783.8579513500015,0
2022-08-05,784.9093827732991,784.9093827732991,784.9093827732991,784.9093827732991,0
2022-08-08,821.1028129907503,821.1028129907503,821.1028129907503,821.1028129907503,0
2022-08-09,822.8597577468659,822.8597577468659,822.8597577468659,822.8597577468659,0
2022-08-10,832.8437097587009,832.8437097587009,832.8437097587009,832.8437097587009,0
2022-08-11,842.410972252562,842.410972252562,842.410972252562,842.410972252562,0
2022-08-12,846.7310285205239,846.7310285205239,846.7310285205239,846.7310285205239,0
2022-08-16,852.8135915146867,852.8135915146867,852.8135915146867,852.8135915146867,0
2022-08-17,822.7461136597298,822.7461136597298,822.7461136597298,822.7461136597298,0
2022-08-18,861.5708928328805,861.5708928328805,861.5708928328805,861.5708928328805,0
2022-08-19,842.6385016427258,842.6385016427258,842.6385016427258,842.6385016427258,0
2022-08-22,824.3894304540876,824.3894304540876,824.3894304540876,824.3894304540876,0
2022-08-23,816.8505332335861,816.8505332335861,816.8505332335861,816.8505332335861,0
2022-08-24,797.8875350792301,797.8875350792301,797.8875350792301,797.8875350792301,0
2022-08-25,818.3466961354268,818.3466961354268,818.3466961354268,818.3466961354268,0
2022-08-26,791.9499138627127,791.9499138627127,791.9499138627127,791.9499138627127,0
2022-08-29,775.0121879230315,775.0121879230315,775.0121879230315,775.0121879230315,0
2022-08-30,760.450725312436,760.450725312436,760.450725312436,760.450725312436,0
2022-08-31,767.8132972111755,767.8132972111755,767.8132972111755,767.8132972111755,0
2022-09-01,745.098911831012,745.098911831012,745.098911831012,745.098911831012,0
2022-09-02,772.7125789866717,772.7125789866717,772.7125789866717,772.7125789866717,0
2022-09-05,768.3370037102223,768.3370037102223,768.3370037102223,768.3370037102223,0
2022-09-06,765.4767877412582,765.4767877412582,765.4767877412582,765.4767877412582,0
2022-09-07,764.6029991873255,764.6029991873255,764.6029991873255,764.6029991873255,0
2022-09-08,794.5976247008997,794.5976247008997,794.5976247008997,794.5976247008997,0
2022-09-09,832.3808923898267,832.3808923898267,832.3808923898267,832.3808923898267,0
2022-09-12,863.1511964457648,863.1511964457648,863.1511964457648,863.1511964457648,0
2022-09-13,841.4729010798981,841.4729010798981,841.4729010798981,841.4729010798981,0
2022-09-14,843.9947474669177,843.9947474669177,843.9947474669177,843.9947474669177,0
2022-09-15,856.8453026207897,856.8453026207897,856.8453026207897,856.8453026207897,0
2022-09-16,826.125317800143,826.125317800143,826.125317800143,826.125317800143,0
2022-09-19,841.7108499390887,841.7108499390887,841.7108499390887,841.7108499390887,0
2022-09-20,822.8996841019091,822.8996841019091,822.8996841019091,822.8996841019091,0
2022-09-22,809.8775917368092,809.8775917368092,809.8775917368092,809.8775917368092,0
2022-09-23,780.6075266877941,780.6075266877941,780.6075266877941,780.6075266877941,0
2022-09-26,778.8398858191916,778.8398858191916,778.8398858191916,778.8398858191916,0
2022-09-27,777.2538985401513,777.2538985401513,777.2538985401513,777.2538985401513,0
2022-09-28,767.0623199909985,767.0623199909985,767.0623199909985,767.0623199909985,0
2022-09-29,742.4943509563451,742.4943509563451,742.4943509563451,742.4943509563451,0
2022-09-30,746.4286578945835,746.4286578945835,746.4286578945835,746.4286578945835,0
2022-10-03,744.8963930776479,744.8963930776479,744.8963930776479,744.8963930776479,0
2022-10-04,788.8453016275013,788.8453016275013,788.8453016275013,788.8453016275013,0
2022-10-05,761.0143541866082,761.0143541866082,761.0143541866082,761.0143541866082,0
2022-10-06,760.3901809179123,760.3901809179123,760.3901809179123,760.3901809179123,0
2022-10-07,752.1894973923853,752.1894973923853,752.1894973923853,752.1894973923853,0
2022-10-10,741.8259268362912,741.8259268362912,741.8259268362912,741.8259268362912,0
2022-10-11,743.0762332548638,743.0762332548638,743.0762332548638,743.0762332548638,0
2022-10-12,740.2731811113428,740.2731811113428,740.2731811113428,740.2731811113428,0
2022-10-13,734.2722275987754,734.2722275987754,734.2722275987754,734.2722275987754,0
2022-10-14,760.4577398827895,760.4577398827895,760.4577398827895,760.4577398827895,0
2022-10-17,774.840874796088,774.840874796088,774.840874796088,774.840874796088,0
2022-10-18,806.875899876104,806.875899876104,806.875899876104,806.875899876104,0
2022-10-19,797.7192796601908,797.7192796601908,797.7192796601908,797.7192796601908,0
2022-10-20,827.6590441283684,827.6590441283684,827.6590441283684,827.6590441283684,0
2022-10-21,828.4929544069726,828.4929544069726,828.4929544069726,828.4929544069726,0
2022-10-24,841.0999411412041,841.0999411412041,841.0999411412041,841.0999411412041,0
2022-10-25,851.9031950400002,851.9031950400002,851.9031950400002,851.9031950400002,0
2022-10-26,862.0433380042986,862.0433380042986,862.0433380042986,862.0433380042986,0
2022-10-27,875.6958250138059,875.6958250138059,875.6958250138059,875.6958250138059,0
2022-10-28,887.0340851985367,887.0340851985367,887.0340851985367,887.0340851985367,0
2022-10-31,909.1891505058751,909.1891505058751,909.1891505058751,909.1891505058751,0
2022-11-02,914.651992332061,914.651992332061,914.651992332061,914.651992332061,0
2022-11-03,904.4791661835899,904.4791661835899,904.4791661835899,904.4791661835899,0
2022-11-04,924.4162257672882,924.4162257672882,924.4162257672882,924.4162257672882,0
2022-11-07,941.7070481108643,941.7070481108643,941.7070481108643,941.7070481108643,0
2022-11-08,982.4682415099546,982.4682415099546,982.4682415099546,982.4682415099546,0
2022-11-09,993.1488075152556,993.1488075152556,993.1488075152556,993.1488075152556,0
2022-11-10,997.9212556651664,997.9212556651664,997.9212556651664,997.9212556651664,0
2022-11-14,1046.6213588091482,1046.6213588091482,1046.6213588091482,1046.6213588091482,0
2022-11-15,1055.4595969524078,1055.4595969524078,1055.4595969524078,1055.4595969524078,0
2022-11-16,1031.2184529125946,1031.2184529125946,1031.2184529125946,1031.2184529125946,0
2022-11-17,1007.9079756114432,1007.9079756114432,1007.9079756114432,1007.9079756114432,0
2022-11-18,1005.2820324666658,1005.2820324666658,1005.2820324666658,1005.2820324666658,0
2022-11-21,1005.8063322955276,1005.8063322955276,1005.8063322955276,1005.8063322955276,0
2022-11-22,1013.3987858695828,1013.3987858695828,1013.3987858695828,1013.3987858695828,0
2022-11-23,1017.3249714182695,1017.3249714182695,1017.3249714182695,1017.3249714182695,0
2022-11-24,1039.7158574830567,1039.7158574830567,1039.7158574830567,1039.7158574830567,0
2022-11-25,1040.038184783242,1040.038184783242,1040.038184783242,1040.038184783242,0
2022-11-28,1029.8445952059944,1029.8445952059944,1029.8445952059944,1029.8445952059944,0
2022-11-29,1027.8531742013365,1027.8531742013365,1027.8531742013365,1027.8531742013365,0
2022-11-30,1027.8531742013365,1027.8531742013365,1027.8531742013365,1027.8531742013365,0
2022-12-01,1049.658774311977,1049.658774311977,1049.658774311977,1049.658774311977,0
2022-12-02,1031.013363677502,1031.013363677502,1031.013363677502,1031.013363677502,0
2022-12-05,1036.7274856111114,1036.7274856111114,1036.7274856111114,1036.7274856111114,0
2022-12-06,1007.5565896132534,1007.5565896132534,1007.5565896132534,1007.5565896132534,0
2022-12-07,1007.6879249000366,1007.6879249000366,1007.6879249000366,1007.6879249000366,0
2022-12-08,988.6776928023087,988.6776928023087,988.6776928023087,988.6776928023087,0
2022-12-09,989.70689811258,989.70689811258,989.70689811258,989.70689811258,0
2022-12-12,1002.4233344843658,1002.4233344843658,1002.4233344843658,1002.4233344843658,0
2022-12-13,1011.47681862083,1011.47681862083,1011.47681862083,1011.47681862083,0
2022-12-14,1017.8705554042344,1017.8705554042344,1017.8705554042344,1017.8705554042344,0
2022-12-15,992.479152182757,992.479152182757,992.479152182757,992.479152182757,0
2022-12-16,984.4850637147428,984.4850637147428,984.4850637147428,984.4850637147428,0
2022-12-19,985.797608885404,985.797608885404,985.797608885404,985.797608885404,0
2022-12-20,1008.4263051780675,1008.4263051780675,1008.4263051780675,1008.4263051780675,0
2022-12-21,1031.2610845379947,1031.2610845379947,1031.2610845379947,1031.2610845379947,0
2022-12-22,1041.0811936931475,1041.0811936931475,1041.0811936931475,1041.0811936931475,0
2022-12-23,1030.7936550035695,1030.7936550035695,1030.7936550035695,1030.7936550035695,0
2022-12-27,1022.5857187941115,1022.5857187941115,1022.5857187941115,1022.5857187941115,0
2022-12-29,1043.263013714658,1043.263013714658,1043.263013714658,1043.263013714658,0
2022-12-30,1033.6902062302327,1033.6902062302327,1033.6902062302327,1033.6902062302327,0
2023-01-02,1034.8706526014344,1034.8706526014344,1034.8706526014344,1034.8706526014344,0
2023-01-03,1085.6245767101177,1085.6245767101177,1085.6245767101177,1085.6245767101177,0
2023-01-04,1117.6679561131405,1117.6679561131405,1117.6679561131405,1117.6679561131405,0
2023-01-05,1131.1679697792954,1131.1679697792954,1131.1679697792954,1131.1679697792954,0
2023-01-09,1161.7427935929852,1161.7427935929852,1161.7427935929852,1161.7427935929852,0
2023-01-10,1178.2482847888393,1178.2482847888393,1178.2482847888393,1178.2482847888393,0
2023-01-11,1160.0056078942566,1160.0056078942566,1160.0056078942566,1160.0056078942566,0
2023-01-12,1182.1215400392975,1182.1215400392975,1182.1215400392975,1182.1215400392975,0
2023-01-13,1176.7258634386646,1176.7258634386646,1176.7258634386646,1176.7258634386646,0
2023-01-16,1188.2779803708513,1188.2779803708513,1188.2779803708513,1188.2779803708513,0
2023-01-17,1153.7351855225595,1153.7351855225595,1153.7351855225595,1153.7351855225595,0
2023-01-18,1139.8524306015397,1139.8524306015397,1139.8524306015397,1139.8524306015397,0
2023-01-19,1134.6231648474181,1134.6231648474181,1134.6231648474181,1134.6231648474181,0
2023-01-20,1135.6846855371552,1135.6846855371552,1135.6846855371552,1135.6846855371552,0
2023-01-23,1137.7878114938458,1137.7878114938458,1137.7878114938458,1137.7878114938458,0
2023-01-24,1142.25441946713,1142.25441946713,1142.25441946713,1142.25441946713,0
2023-01-25,1103.4219084176232,1103.4219084176232,1103.4219084176232,1103.4219084176232,0
2023-01-26,1122.1401114259393,1122.1401114259393,1122.1401114259393,1122.1401114259393,0
2023-01-27,1109.8984640085596,1109.8984640085596,1109.8984640085596,1109.8984640085596,0
2023-01-30,1088.465282080865,1088.465282080865,1088.465282080865,1088.465282080865,0
2023-01-31,1120.9502667672039,1120.9502667672039,1120.9502667672039,1120.9502667672039,0
2023-02-01,1118.9042542710367,1118.9042542710367,1118.9042542710367,1118.9042542710367,0
2023-02-02,1137.9798345251397,1137.9798345251397,1137.9798345251397,1137.9798345251397,0
2023-02-03,1150.339842384469,1150.339842384469,1150.339842384469,1150.339842384469,0
2023-02-06,1127.9121491501846,1127.9121491501846,1127.9121491501846,1127.9121491501846,0
2023-02-07,1127.3184129070753,1127.3184129070753,1127.3184129070753,1127.3184129070753,0
2023-02-08,1143.7169871308133,1143.7169871308133,1143.7169871308133,1143.7169871308133,0
2023-02-09,1157.41965722073,1157.41965722073,1157.41965722073,1157.41965722073,0
2023-02-10,1129.3978338310053,1129.3978338310053,1129.3978338310053,1129.3978338310053,0
2023-02-13,1131.2712026812144,1131.2712026812144,1131.2712026812144,1131.2712026812144,0
2023-02-14,1139.5945477697271,1139.5945477697271,1139.5945477697271,1139.5945477697271,0
2023-02-15,1146.0206723558817,1146.0206723558817,1146.0206723558817,1146.0206723558817,0
2023-02-16,1157.273116978485,1157.273116978485,1157.273116978485,1157.273116978485,0
2023-02-17,1138.2058959397623,1138.2058959397623,1138.2058959397623,1138.2058959397623,0
2023-02-20,1123.7330388452006,1123.7330388452006,1123.7330388452006,1123.7330388452006,0
2023-02-21,1113.201391234319,1113.201391234319,1113.201391234319,1113.201391234319,0
2023-02-22,1087.6778182378118,1087.6778182378118,1087.6778182378118,1087.6778182378118,0
2023-02-23,1105.873952725169,1105.873952725169,1105.873952725169,1105.873952725169,0
2023-02-24,1111.652551053481,1111.652551053481,1111.652551053481,1111.652551053481,0
2023-02-27,1118.2604526911828,1118.2604526911828,1118.2604526911828,1118.2604526911828,0
2023-02-28,1146.558729152589,1146.558729152589,1146.558729152589,1146.558729152589,0
2023-03-01,1146.322398198104,1146.322398198104,1146.322398198104,1146.322398198104,0
2023-03-02,1098.5319960441625,1098.5319960441625,1098.5319960441625,1098.5319960441625,0
2023-03-03,1101.2430703887264,1101.2430703887264,1101.2430703887264,1101.2430703887264,0
2023-03-06,1126.0199542046325,1126.0199542046325,1126.0199542046325,1126.0199542046325,0
2023-03-07,1116.4847014959212,1116.4847014959212,1116.4847014959212,1116.4847014959212,0
2023-03-08,1113.028799195677,1113.028799195677,1113.028799195677,1113.028799195677,0
2023-03-09,1106.6133563322464,1106.6133563322464,1106.6133563322464,1106.6133563322464,0
2023-03-10,1045.3784650881269,1045.3784650881269,1045.3784650881269,1045.3784650881269,0
2023-03-13,1003.4806283053003,1003.4806283053003,1003.4806283053003,1003.4806283053003,0
2023-03-14,1009.8162234429269,1009.8162234429269,1009.8162234429269,1009.8162234429269,0
2023-03-15,970.0542322274879,970.0542322274879,970.0542322274879,970.0542322274879,0
2023-03-16,958.3048153204279,958.3048153204279,958.3048153204279,958.3048153204279,0
2023-03-17,938.1898792714712,938.1898792714712,938.1898792714712,938.1898792714712,0
2023-03-20,908.5444844064672,908.5444844064672,908.5444844064672,908.5444844064672,0
2023-03-21,943.7835970429936,943.7835970429936,943.7835970429936,943.7835970429936,0
2023-03-22,930.6652919064177,930.6652919064177,930.6652919064177,930.6652919064177,0
2023-03-23,934.0648445751539,934.0648445751539,934.0648445751539,934.0648445751539,0
2023-03-24,903.9769802511222,903.9769802511222,903.9769802511222,903.9769802511222,0
2023-03-27,916.2251809163643,916.2251809163643,916.2251809163643,916.2251809163643,0
2023-03-28,931.145475389619,931.145475389619,931.145475389619,931.145475389619,0
2023-03-29,944.5295985550293,944.5295985550293,944.5295985550293,944.5295985550293,0
2023-03-30,971.3043626832222,971.3043626832222,971.3043626832222,971.3043626832222,0
2023-03-31,971.991174678239,971.991174678239,971.991174678239,971.991174678239,0
2023-04-03,992.5562268246788,992.5562268246788,992.5562268246788,992.5562268246788,0
2023-04-04,991.5109292309935,991.5109292309935,991.5109292309935,991.5109292309935,0
2023-04-05,985.2097930757486,985.2097930757486,985.2097930757486,985.2097930757486,0
2023-04-06,985.6492914600062,985.6492914600062,985.6492914600062,985.6492914600062,0
2023-04-11,1005.0021037115453,1005.0021037115453,1005.0021037115453,1005.0021037115453,0
2023-04-12,1024.7226406684106,1024.7226406684106,1024.7226406684106,1024.7226406684106,0
2023-04-13,1038.9758914286222,1038.9758914286222,1038.9758914286222,1038.9758914286222,0
2023-04-14,1052.956167822186,1052.956167822186,1052.956167822186,1052.956167822186,0
2023-04-17,1052.6448238066207,1052.6448238066207,1052.6448238066207,1052.6448238066207,0
2023-04-18,1067.7738395334168,1067.7738395334168,1067.7738395334168,1067.7738395334168,0
2023-04-19,1074.6616878337215,1074.6616878337215,1074.6616878337215,1074.6616878337215,0
2023-04-20,1074.324733845435,1074.324733845435,1074.324733845435,1074.324733845435,0
2023-04-21,1068.6871960856035,1068.6871960856035,1068.6871960856035,1068.6871960856035,0
2023-04-24,1065.4950184738677,1065.4950184738677,1065.4950184738677,1065.4950184738677,0
2023-04-25,1040.0880261810148,1040.0880261810148,1040.0880261810148,1040.0880261810148,0
2023-04-26,1019.7020888033356,1019.7020888033356,1019.7020888033356,1019.7020888033356,0
2023-04-27,1024.9396105923438,1024.9396105923438,1024.9396105923438,1024.9396105923438,0
2023-04-28,996.4123327359716,996.4123327359716,996.4123327359716,996.4123327359716,0
2023-05-02,985.6696868746664,985.6696868746664,985.6696868746664,985.6696868746664,0
2023-05-04,961.0966081222025,961.0966081222025,961.0966081222025,961.0966081222025,0
2023-05-05,985.7221168599377,985.7221168599377,985.7221168599377,985.7221168599377,0
2023-05-08,1001.6301954410735,1001.6301954410735,1001.6301954410735,1001.6301954410735,0
2023-05-09,1006.7563436163147,1006.7563436163147,1006.7563436163147,1006.7563436163147,0
2023-05-10,1013.2674087940671,1013.2674087940671,1013.2674087940671,1013.2674087940671,0
2023-05-11,965.9766682024385,965.9766682024385,965.9766682024385,965.9766682024385,0
2023-05-12,969.9354431330104,969.9354431330104,969.9354431330104,969.9354431330104,0
2023-05-15,961.3952756648206,961.3952756648206,961.3952756648206,961.3952756648206,0
2023-05-16,970.5892793982257,970.5892793982257,970.5892793982257,970.5892793982257,0
2023-05-17,972.1216983115727,972.1216983115727,972.1216983115727,972.1216983115727,0
2023-05-18,959.1856090569978,959.1856090569978,959.1856090569978,959.1856090569978,0
2023-05-19,993.2359385009516,993.2359385009516,993.2359385009516,993.2359385009516,0
2023-05-22,995.7344342931376,995.7344342931376,995.7344342931376,995.7344342931376,0
2023-05-23,1005.6934917309062,1005.6934917309062,1005.6934917309062,1005.6934917309062,0
2023-05-24,973.6931184235076,973.6931184235076,973.6931184235076,973.6931184235076,0
2023-05-25,984.3907607607416,984.3907607607416,984.3907607607416,984.3907607607416,0
2023-05-26,1002.188642507776,1002.188642507776,1002.188642507776,1002.188642507776,0
2023-05-29,999.1373683337367,999.1373683337367,999.1373683337367,999.1373683337367,0
2023-05-30,975.6028294147143,975.6028294147143,975.6028294147143,975.6028294147143,0
2023-05-31,948.0628703554016,948.0628703554016,948.0628703554016,948.0628703554016,0
2023-06-01,966.5452774549655,966.5452774549655,966.5452774549655,966.5452774549655,0
2023-06-02,1009.2294511815396,1009.2294511815396,1009.2294511815396,1009.2294511815396,0
2023-06-05,1002.2708082514841,1002.2708082514841,1002.2708082514841,1002.2708082514841,0
2023-06-06,1024.8390975988125,1024.8390975988125,1024.8390975988125,1024.8390975988125,0
2023-06-07,1014.9230454836988,1014.9230454836988,1014.9230454836988,1014.9230454836988,0
2023-06-09,1031.3661823989426,1031.3661823989426,1031.3661823989426,1031.3661823989426,0
2023-06-12,1024.4292214883258,1024.4292214883258,1024.4292214883258,1024.4292214883258,0
2023-06-13,1008.5968991870855,1008.5968991870855,1008.5968991870855,1008.5968991870855,0
2023-06-14,1040.0807416606228,1040.0807416606228,1040.0807416606228,1040.0807416606228,0
2023-06-15,1045.3496640569986,1045.3496640569986,1045.3496640569986,1045.3496640569986,0
2023-06-16,1056.1611122362822,1056.1611122362822,1056.1611122362822,1056.1611122362822,0
2023-06-19,1051.9093045483971,1051.9093045483971,1051.9093045483971,1051.9093045483971,0
2023-06-20,1050.4215999716712,1050.4215999716712,1050.4215999716712,1050.4215999716712,0
2023-06-21,1054.9333106921474,1054.9333106921474,1054.9333106921474,1054.9333106921474,0
2023-06-22,1054.7428015578078,1054.7428015578078,1054.7428015578078,1054.7428015578078,0
2023-06-23,1021.6602143948475,1021.6602143948475,1021.6602143948475,1021.6602143948475,0
2023-06-26,1055.9139962717966,1055.9139962717966,1055.9139962717966,1055.9139962717966,0
2023-06-27,1044.9585142027486,1044.9585142027486,1044.9585142027486,1044.9585142027486,0
2023-06-28,1048.6559313337875,1048.6559313337875,1048.6559313337875,1048.6559313337875,0
2023-06-29,1065.9603126559382,1065.9603126559382,1065.9603126559382,1065.9603126559382,0
2023-06-30,1078.282489986944,1078.282489986944,1078.282489986944,1078.282489986944,0
2023-07-03,1086.1528611749286,1086.1528611749286,1086.1528611749286,1086.1528611749286,0
2023-07-04,1081.07684735842,1081.07684735842,1081.07684735842,1081.07684735842,0
2023-07-05,1064.1189662724983,1064.1189662724983,1064.1189662724983,1064.1189662724983,0
2023-07-06,1059.5009734840187,1059.5009734840187,1059.5009734840187,1059.5009734840187,0
2023-07-07,1072.164959216625,1072.164959216625,1072.164959216625,1072.164959216625,0
2023-07-10,1080.3365014315339,1080.3365014315339,1080.3365014315339,1080.3365014315339,0
2023-07-11,1090.9471511549898,1090.9471511549898,1090.9471511549898,1090.9471511549898,0
2023-07-12,1137.2329270426776,1137.2329270426776,1137.2329270426776,1137.2329270426776,0
2023-07-13,1144.4848877888326,1144.4848877888326,1144.4848877888326,1144.4848877888326,0
2023-07-14,1156.7573451344467,1156.7573451344467,1156.7573451344467,1156.7573451344467,0
2023-07-17,1149.0409124953117,1149.0409124953117,1149.0409124953117,1149.0409124953117,0
2023-07-18,1174.4200903694943,1174.4200903694943,1174.4200903694943,1174.4200903694943,0
2023-07-19,1171.6633443765154,1171.6633443765154,1171.6633443765154,1171.6633443765154,0
2023-07-20,1171.0760023861371,1171.0760023861371,1171.0760023861371,1171.0760023861371,0
2023-07-21,1165.9441324464171,1165.9441324464171,1165.9441324464171,1165.9441324464171,0
2023-07-24,1170.9727274704105,1170.9727274704105,1170.9727274704105,1170.9727274704105,0
2023-07-25,1168.0023962748996,1168.0023962748996,1168.0023962748996,1168.0023962748996,0
2023-07-26,1170.329305360682,1170.329305360682,1170.329305360682,1170.329305360682,0
2023-07-27,1186.414287375828,1186.414287375828,1186.414287375828,1186.414287375828,0
2023-07-28,1188.0978456137611,1188.0978456137611,1188.0978456137611,1188.0978456137611,0
2023-07-31,1197.0686746394763,1197.0686746394763,1197.0686746394763,1197.0686746394763,0
2023-08-01,1174.945795990811,1174.945795990811,1174.945795990811,1174.945795990811,0
2023-08-02,1146.2179607551477,1146.2179607551477,1146.2179607551477,1146.2179607551477,0
2023-08-03,1126.3184048649478,1126.3184048649478,1126.3184048649478,1126.3184048649478,0
2023-08-04,1137.371148840264,1137.371148840264,1137.371148840264,1137.371148840264,0
2023-08-07,1127.3449078477008,1127.3449078477008,1127.3449078477008,1127.3449078477008,0
2023-08-08,1097.9715234423802,1097.9715234423802,1097.9715234423802,1097.9715234423802,0
2023-08-09,1094.0253224762725,1094.0253224762725,1094.0253224762725,1094.0253224762725,0
2023-08-10,1109.998567100472,1109.998567100472,1109.998567100472,1109.998567100472,0
2023-08-11,1107.7316462881101,1107.7316462881101,1107.7316462881101,1107.7316462881101,0
2023-08-14,1108.2470737001652,1108.2470737001652,1108.2470737001652,1108.2470737001652,0
2023-08-16,1079.3893553908617,1079.3893553908617,1079.3893553908617,1079.3893553908617,0
2023-08-17,1060.0002891605643,1060.0002891605643,1060.0002891605643,1060.0002891605643,0
2023-08-18,1058.754711524069,1058.754711524069,1058.754711524069,1058.754711524069,0
2023-08-21,1069.960709743094,1069.960709743094,1069.960709743094,1069.960709743094,0
2023-08-22,1062.156597113018,1062.156597113018,1062.156597113018,1062.156597113018,0
2023-08-24,1052.7336741047948,1052.7336741047948,1052.7336741047948,1052.7336741047948,0
2023-08-25,1042.9869705654628,1042.9869705654628,1042.9869705654628,1042.9869705654628,0
2023-08-28,1069.1721933697027,1069.1721933697027,1069.1721933697027,1069.1721933697027,0
2023-08-29,1073.5466733064573,1073.5466733064573,1073.5466733064573,1073.5466733064573,0
2023-08-30,1082.8808480377693,1082.8808480377693,1082.8808480377693,1082.8808480377693,0
2023-09-01,1066.6076884923157,1066.6076884923157,1066.6076884923157,1066.6076884923157,0
2023-09-04,1054.8259920067724,1054.8259920067724,1054.8259920067724,1054.8259920067724,0
2023-09-05,1044.5160546053476,1044.5160546053476,1044.5160546053476,1044.5160546053476,0
2023-09-06,1012.9730841510318,1012.9730841510318,1012.9730841510318,1012.9730841510318,0
2023-09-07,1009.0483669192957,1009.0483669192957,1009.0483669192957,1009.0483669192957,0
2023-09-08,1016.626105634846,1016.626105634846,1016.626105634846,1016.626105634846,0
2023-09-11,1016.7183471488122,1016.7183471488122,1016.7183471488122,1016.7183471488122,0
2023-09-12,1007.9313728393238,1007.9313728393238,1007.9313728393238,1007.9313728393238,0
2023-09-13,1023.9460307149233,1023.9460307149233,1023.9460307149233,1023.9460307149233,0
2023-09-14,1027.9336971326368,1027.9336971326368,1027.9336971326368,1027.9336971326368,0
2023-09-15,1029.3001470441766,1029.3001470441766,1029.3001470441766,1029.3001470441766,0
2023-09-18,1007.3299615253146,1007.3299615253146,1007.3299615253146,1007.3299615253146,0
2023-09-19,1017.1951995163771,1017.1951995163771,1017.1951995163771,1017.1951995163771,0
2023-09-20,1029.9656159675412,1029.9656159675412,1029.9656159675412,1029.9656159675412,0
2023-09-21,1010.0200510584875,1010.0200510584875,1010.0200510584875,1010.0200510584875,0
2023-09-22,996.3095095954022,996.3095095954022,996.3095095954022,996.3095095954022,0
2023-09-25,984.4320577076244,984.4320577076244,984.4320577076244,984.4320577076244,0
2023-09-26,995.6258304988178,995.6258304988178,995.6258304988178,995.6258304988178,0
2023-09-27,980.4086815938897,980.4086815938897,980.4086815938897,980.4086815938897,0
2023-09-28,989.2536526635988,989.2536526635988,989.2536526635988,989.2536526635988,0
2023-09-29,1011.6130808687689,1011.6130808687689,1011.6130808687689,1011.6130808687689,0
2023-10-02,981.6148637875544,981.6148637875544,981.6148637875544,981.6148637875544,0
2023-10-03,984.6260986464231,984.6260986464231,984.6260986464231,984.6260986464231,0
2023-10-04,999.1585399142658,999.1585399142658,999.1585399142658,999.1585399142658,0
2023-10-05,1007.9223049863033,1007.9223049863033,1007.9223049863033,1007.9223049863033,0
2023-10-06,1040.3726827088506,1040.3726827088506,1040.3726827088506,1040.3726827088506,0
2023-10-09,1060.9723801301027,1060.9723801301027,1060.9723801301027,1060.9723801301027,0
2023-10-10,1077.7973055339241,1077.7973055339241,1077.7973055339241,1077.7973055339241,0
2023-10-11,1097.649335849017,1097.649335849017,1097.649335849017,1097.649335849017,0
2023-10-12,1091.440561144608,1091.440561144608,1091.440561144608,1091.440561144608,0
2023-10-13,1092.9125014331253,1092.9125014331253,1092.9125014331253,1092.9125014331253,0
2023-10-16,1184.5379236180845,1184.5379236180845,1184.5379236180845,1184.5379236180845,0
2023-10-17,1193.2100961957594,1193.2100961957594,1193.2100961957594,1193.2100961957594,0
2023-10-18,1179.3079113681536,1179.3079113681536,1179.3079113681536,1179.3079113681536,0
2023-10-19,1150.478959012185,1150.478959012185,1150.478959012185,1150.478959012185,0
2023-10-20,1131.1333238877648,1131.1333238877648,1131.1333238877648,1131.1333238877648,0
2023-10-23,1134.2579320560428,1134.2579320560428,1134.2579320560428,1134.2579320560428,0
2023-10-24,1161.6655314451882,1161.6655314451882,1161.6655314451882,1161.6655314451882,0
2023-10-25,1183.5512725666854,1183.5512725666854,1183.5512725666854,1183.5512725666854,0
2023-10-26,1190.378744181193,1190.378744181193,1190.378744181193,1190.378744181193,0
2023-10-27,1174.8258801702361,1174.8258801702361,1174.8258801702361,1174.8258801702361,0
2023-10-30,1201.8539154353853,1201.8539154353853,1201.8539154353853,1201.8539154353853,0
2023-10-31,1207.0811113410987,1207.0811113410987,1207.0811113410987,1207.0811113410987,0
2023-11-02,1184.1034093021008,1184.1034093021008,1184.1034093021008,1184.1034093021008,0
2023-11-03,1196.344921103185,1196.344921103185,1196.344921103185,1196.344921103185,0
2023-11-06,1202.601012201537,1202.601012201537,1202.601012201537,1202.601012201537,0
2023-11-07,1194.4005790923948,1194.4005790923948,1194.4005790923948,1194.4005790923948,0
2023-11-08,1167.0438280065573,1167.0438280065573,1167.0438280065573,1167.0438280065573,0
2023-11-09,1176.7617044358408,1176.7617044358408,1176.7617044358408,1176.7617044358408,0
2023-11-10,1165.8738514416973,1165.8738514416973,1165.8738514416973,1165.8738514416973,0
2023-11-13,1164.534990301412,1164.534990301412,1164.534990301412,1164.534990301412,0
2023-11-14,1213.5235036422544,1213.5235036422544,1213.5235036422544,1213.5235036422544,0
2023-11-15,1197.5936639743295,1197.5936639743295,1197.5936639743295,1197.5936639743295,0
2023-11-16,1218.3392583828988,1218.3392583828988,1218.3392583828988,1218.3392583828988,0
2023-11-17,1230.3855477829798,1230.3855477829798,1230.3855477829798,1230.3855477829798,0
2023-11-20,1239.3191379123955,1239.3191379123955,1239.3191379123955,1239.3191379123955,0
2023-11-21,1230.9871090348447,1230.9871090348447,1230.9871090348447,1230.9871090348447,0
2023-11-22,1237.29724125282,1237.29724125282,1237.29724125282,1237.29724125282,0
2023-11-23,1232.9528357785057,1232.9528357785057,1232.9528357785057,1232.9528357785057,0
2023-11-24,1226.0973295431131,1226.0973295431131,1226.0973295431131,1226.0973295431131,0
2023-11-27,1212.7094751214863,1212.7094751214863,1212.7094751214863,1212.7094751214863,0
2023-11-28,1238.9488363338792,1238.9488363338792,1238.9488363338792,1238.9488363338792,0
2023-11-29,1241.409927475205,1241.409927475205,1241.409927475205,1241.409927475205,0
2023-11-30,1241.087895649194,1241.087895649194,1241.087895649194,1241.087895649194,0
2023-12-01,1275.3502889812742,1275.3502889812742,1275.3502889812742,1275.3502889812742,0
2023-12-04,1272.0945886129987,1272.0945886129987,1272.0945886129987,1272.0945886129987,0
2023-12-05,1287.7530421411218,1287.7530421411218,1287.7530421411218,1287.7530421411218,0
2023-12-06,1290.252726319943,1290.252726319943,1290.252726319943,1290.252726319943,0
2023-12-07,1282.63871853822,1282.63871853822,1282.63871853822,1282.63871853822,0
2023-12-08,1296.5972186025415,1296.5972186025415,1296.5972186025415,1296.5972186025415,0
2023-12-11,1299.317333843309,1299.317333843309,1299.317333843309,1299.317333843309,0
2023-12-12,1281.666245813614,1281.666245813614,1281.666245813614,1281.666245813614,0
2023-12-13,1279.4268238719756,1279.4268238719756,1279.4268238719756,1279.4268238719756,0
2023-12-14,1280.9231329694555,1280.9231329694555,1280.9231329694555,1280.9231329694555,0
2023-12-15,1267.5257101401503,1267.5257101401503,1267.5257101401503,1267.5257101401503,0
2023-12-18,1286.6344372696394,1286.6344372696394,1286.6344372696394,1286.6344372696394,0
2023-12-19,1301.499218649191,1301.499218649191,1301.499218649191,1301.499218649191,0
2023-12-20,1292.256850870439,1292.256850870439,1292.256850870439,1292.256850870439,0
2023-12-21,1286.9262888375993,1286.9262888375993,1286.9262888375993,1286.9262888375993,0
2023-12-22,1289.4485951664012,1289.4485951664012,1289.4485951664012,1289.4485951664012,0
2023-12-27,1300.2727290247326,1300.2727290247326,1300.2727290247326,1300.2727290247326,0
2023-12-28,1289.9171975368697,1289.9171975368697,1289.9171975368697,1289.9171975368697,0
2023-12-29,1280.9705954751714,1280.9705954751714,1280.9705954751714,1280.9705954751714,0
2024-01-02,1263.3758676521268,1263.3758676521268,1263.3758676521268,1263.3758676521268,0
2024-01-03,1274.3663642138354,1274.3663642138354,1274.3663642138354,1274.3663642138354,0
2024-01-04,1275.7918355631448,1275.7918355631448,1275.7918355631448,1275.7918355631448,0
2024-01-05,1263.2964089125107,1263.2964089125107,1263.2964089125107,1263.2964089125107,0
2024-01-08,1275.9988423603525,1275.9988423603525,1275.9988423603525,1275.9988423603525,0
2024-01-09,1281.857607628565,1281.857607628565,1281.857607628565,1281.857607628565,0
2024-01-10,1272.8144367782324,1272.8144367782324,1272.8144367782324,1272.8144367782324,0
2024-01-11,1252.5236590999752,1252.5236590999752,1252.5236590999752,1252.5236590999752,0
2024-01-12,1266.6991466062823,1266.6991466062823,1266.6991466062823,1266.6991466062823,0
2024-01-15,1242.852719544237,1242.852719544237,1242.852719544237,1242.852719544237,0
2024-01-16,1232.563259469857,1232.563259469857,1232.563259469857,1232.563259469857,0
2024-01-17,1216.08739696486,1216.08739696486,1216.08739696486,1216.08739696486,0
2024-01-18,1229.1991589471772,1229.1991589471772,1229.1991589471772,1229.1991589471772,0
2024-01-19,1234.4914366583475,1234.4914366583475,1234.4914366583475,1234.4914366583475,0
2024-01-22,1246.7502682978331,1246.7502682978331,1246.7502682978331,1246.7502682978331,0
2024-01-23,1233.377189562004,1233.377189562004,1233.377189562004,1233.377189562004,0
2024-01-24,1241.2073206446455,1241.2073206446455,1241.2073206446455,1241.2073206446455,0
2024-01-25,1245.0909724194246,1245.0909724194246,1245.0909724194246,1245.0909724194246,0
2024-01-26,1253.1751761804853,1253.1751761804853,1253.1751761804853,1253.1751761804853,0
2024-01-29,1235.2649974497492,1235.2649974497492,1235.2649974497492,1235.2649974497492,0
2024-01-30,1314.8899673899061,1314.8899673899061,1314.8899673899061,1314.8899673899061,0
2024-01-31,1338.2105194470607,1338.2105194470607,1338.2105194470607,1338.2105194470607,0
2024-02-01,1335.541080851808,1335.541080851808,1335.541080851808,1335.541080851808,0
2024-02-02,1376.6165100793526,1376.6165100793526,1376.6165100793526,1376.6165100793526,0
2024-02-05,1348.3844963777708,1348.3844963777708,1348.3844963777708,1348.3844963777708,0
2024-02-06,1349.5257928256833,1349.5257928256833,1349.5257928256833,1349.5257928256833,0
2024-02-07,1345.1063098310317,1345.1063098310317,1345.1063098310317,1345.1063098310317,0
2024-02-08,1324.5503132989168,1324.5503132989168,1324.5503132989168,1324.5503132989168,0
2024-02-09,1323.5626160915733,1323.5626160915733,1323.5626160915733,1323.5626160915733,0
2024-02-12,1339.7652430848316,1339.7652430848316,1339.7652430848316,1339.7652430848316,0
2024-02-13,1333.7011561778384,1333.7011561778384,1333.7011561778384,1333.7011561778384,0
2024-02-14,1368.0990896489598,1368.0990896489598,1368.0990896489598,1368.0990896489598,0
2024-02-15,1364.1994213058667,1364.1994213058667,1364.1994213058667,1364.1994213058667,0
2024-02-16,1389.1214763808061,1389.1214763808061,1389.1214763808061,1389.1214763808061,0
2024-02-19,1399.8957049292203,1399.8957049292203,1399.8957049292203,1399.8957049292203,0
2024-02-20,1430.2668138584254,1430.2668138584254,1430.2668138584254,1430.2668138584254,0
2024-02-21,1440.8582833788887,1440.8582833788887,1440.8582833788887,1440.8582833788887,0
2024-02-22,1430.039224797028,1430.039224797028,1430.039224797028,1430.039224797028,0
2024-02-23,1454.122935119321,1454.122935119321,1454.122935119321,1454.122935119321,0
2024-02-26,1449.4063192124372,1449.4063192124372,1449.4063192124372,1449.4063192124372,0
2024-02-27,1445.9245387017888,1445.9245387017888,1445.9245387017888,1445.9245387017888,0
2024-02-28,1436.818345025977,1436.818345025977,1436.818345025977,1436.818345025977,0
2024-02-29,1465.267720014788,1465.267720014788,1465.267720014788,1465.267720014788,0
2024-03-01,1464.9678325299906,1464.9678325299906,1464.9678325299906,1464.9678325299906,0
2024-03-04,1451.6906362645705,1451.6906362645705,1451.6906362645705,1451.6906362645705,0
2024-03-05,1440.4842492495275,1440.4842492495275,1440.4842492495275,1440.4842492495275,0
2024-03-06,1442.7826532448291,1442.7826532448291,1442.7826532448291,1442.7826532448291,0
2024-03-07,1436.188550689345,1436.188550689345,1436.188550689345,1436.188550689345,0
2024-03-08,1446.2488131878056,1446.2488131878056,1446.2488131878056,1446.2488131878056,0
2024-03-11,1437.29085264199,1437.29085264199,1437.29085264199,1437.29085264199,0
2024-03-12,1478.7605151799821,1478.7605151799821,1478.7605151799821,1478.7605151799821,0
2024-03-13,1474.136391495602,1474.136391495602,1474.136391495602,1474.136391495602,0
2024-03-14,1475.9497465159568,1475.9497465159568,1475.9497465159568,1475.9497465159568,0
2024-03-15,1479.8493661533234,1479.8493661533234,1479.8493661533234,1479.8493661533234,0
2024-03-18,1468.138803708446,1468.138803708446,1468.138803708446,1468.138803708446,0
2024-03-19,1455.7650331478515,1455.7650331478515,1455.7650331478515,1455.7650331478515,0
2024-03-20,1466.9571909205204,1466.9571909205204,1466.9571909205204,1466.9571909205204,0
2024-03-21,1520.2307360929299,1520.2307360929299,1520.2307360929299,1520.2307360929299,0
2024-03-22,1522.2371686809663,1522.2371686809663,1522.2371686809663,1522.2371686809663,0
2024-03-25,1512.788112625533,1512.788112625533,1512.788112625533,1512.788112625533,0
2024-03-26,1549.2320014324614,1549.2320014324614,1549.2320014324614,1549.2320014324614,0
2024-03-27,1551.1673312227592,1551.1673312227592,1551.1673312227592,1551.1673312227592,0
2024-03-28,1565.9725884741358,1565.9725884741358,1565.9725884741358,1565.9725884741358,0
2024-04-02,1566.0317379427947,1566.0317379427947,1566.0317379427947,1566.0317379427947,0
2024-04-03,1569.4787953759353,1569.4787953759353,1569.4787953759353,1569.4787953759353,0
2024-04-04,1578.1298187352775,1578.1298187352775,1578.1298187352775,1578.1298187352775,0
2024-04-05,1587.8048088247247,1587.8048088247247,1587.8048088247247,1587.8048088247247,0
2024-04-08,1602.07138244516,1602.07138244516,1602.07138244516,1602.07138244516,0
2024-04-09,1564.1721385659516,1564.1721385659516,1564.1721385659516,1564.1721385659516,0
2024-04-10,1579.3777897013676,1579.3777897013676,1579.3777897013676,1579.3777897013676,0
2024-04-11,1543.9648139150568,1543.9648139150568,1543.9648139150568,1543.9648139150568,0
2024-04-12,1529.5462749157386,1529.5462749157386,1529.5462749157386,1529.5462749157386,0
2024-04-15,1540.005033560493,1540.005033560493,1540.005033560493,1540.005033560493,0
2024-04-16,1492.3869989006323,1492.3869989006323,1492.3869989006323,1492.3869989006323,0
2024-04-17,1522.2066005071615,1522.2066005071615,1522.2066005071615,1522.2066005071615,0
2024-04-18,1537.2066966386674,1537.2066966386674,1537.2066966386674,1537.2066966386674,0
2024-04-19,1536.5204698458554,1536.5204698458554,1536.5204698458554,1536.5204698458554,0
2024-04-22,1571.6088207681803,1571.6088207681803,1571.6088207681803,1571.6088207681803,0
2024-04-23,1608.3068372426862,1608.3068372426862,1608.3068372426862,1608.3068372426862,0
2024-04-24,1591.0696251352535,1591.0696251352535,1591.0696251352535,1591.0696251352535,0
2024-04-25,1586.819189945293,1586.819189945293,1586.819189945293,1586.819189945293,0
2024-04-26,1596.3914144139533,1596.3914144139533,1596.3914144139533,1596.3914144139533,0
2024-04-29,1605.4012907305232,1605.4012907305232,1605.4012907305232,1605.4012907305232,0
2024-04-30,1582.8240066700407,1582.8240066700407,1582.8240066700407,1582.8240066700407,0
2024-05-02,1574.613136761486,1574.613136761486,1574.613136761486,1574.613136761486,0
2024-05-06,1557.27089661777,1557.27089661777,1557.27089661777,1557.27089661777,0
2024-05-07,1563.9019957145074,1563.9019957145074,1563.9019957145074,1563.9019957145074,0
2024-05-08,1560.1631236683068,1560.1631236683068,1560.1631236683068,1560.1631236683068,0
2024-05-09,1545.7428095420846,1545.7428095420846,1545.7428095420846,1545.7428095420846,0
2024-05-10,1488.3071718594108,1488.3071718594108,1488.3071718594108,1488.3071718594108,0
2024-05-13,1493.9257426511015,1493.9257426511015,1493.9257426511015,1493.9257426511015,0
2024-05-14,1488.101431247598,1488.101431247598,1488.101431247598,1488.101431247598,0
2024-05-15,1497.0243692536228,1497.0243692536228,1497.0243692536228,1497.0243692536228,0
2024-05-16,1480.6415143478278,1480.6415143478278,1480.6415143478278,1480.6415143478278,0
2024-05-17,1474.6634408427894,1474.6634408427894,1474.6634408427894,1474.6634408427894,0
2024-05-20,1472.9820303741924,1472.9820303741924,1472.9820303741924,1472.9820303741924,0
2024-05-21,1452.2569927650768,1452.2569927650768,1452.2569927650768,1452.2569927650768,0
2024-05-22,1448.7120259867618,1448.7120259867618,1448.7120259867618,1448.7120259867618,0
2024-05-23,1478.4237270034366,1478.4237270034366,1478.4237270034366,1478.4237270034366,0
2024-05-24,1456.6394048378636,1456.6394048378636,1456.6394048378636,1456.6394048378636,0
2024-05-27,1474.472389831332,1474.472389831332,1474.472389831332,1474.472389831332,0
2024-05-28,1463.7047849793266,1463.7047849793266,1463.7047849793266,1463.7047849793266,0
2024-05-29,1456.7811374862736,1456.7811374862736,1456.7811374862736,1456.7811374862736,0
2024-05-31,1476.143132796906,1476.143132796906,1476.143132796906,1476.143132796906,0
2024-06-03,1483.6725583267357,1483.6725583267357,1483.6725583267357,1483.6725583267357,0
2024-06-04,1429.5916186614797,1429.5916186614797,1429.5916186614797,1429.5916186614797,0
2024-06-05,1449.323392554461,1449.323392554461,1449.323392554461,1449.323392554461,0
2024-06-06,1449.6210388218892,1449.6210388218892,1449.6210388218892,1449.6210388218892,0
2024-06-07,1430.9146669367371,1430.9146669367371,1430.9146669367371,1430.9146669367371,0
2024-06-10,1425.2929044234386,1425.2929044234386,1425.2929044234386,1425.2929044234386,0
2024-06-11,1403.8744659432173,1403.8744659432173,1403.8744659432173,1403.8744659432173,0
2024-06-12,1432.7963077843167,1432.7963077843167,1432.7963077843167,1432.7963077843167,0
2024-06-13,1393.5969302465144,1393.5969302465144,1393.5969302465144,1393.5969302465144,0
2024-06-14,1394.9052165398605,1394.9052165398605,1394.9052165398605,1394.9052165398605,0
2024-06-17,1414.8356351871819,1414.8356351871819,1414.8356351871819,1414.8356351871819,0
2024-06-18,1418.9715267998454,1418.9715267998454,1418.9715267998454,1418.9715267998454,0
2024-06-19,1456.0094244847546,1456.0094244847546,1456.0094244847546,1456.0094244847546,0
2024-06-20,1454.0168147300856,1454.0168147300856,1454.0168147300856,1454.0168147300856,0
2024-06-21,1444.3377224238827,1444.3377224238827,1444.3377224238827,1444.3377224238827,0
2024-06-24,1465.5215124465537,1465.5215124465537,1465.5215124465537,1465.5215124465537,0
2024-06-25,1474.247595912076,1474.247595912076,1474.247595912076,1474.247595912076,0
2024-06-26,1463.076952408048,1463.076952408048,1463.076952408048,1463.076952408048,0
2024-06-27,1469.2898637585274,1469.2898637585274,1469.2898637585274,1469.2898637585274,0
2024-06-28,1491.352196404918,1491.352196404918,1491.352196404918,1491.352196404918,0
2024-07-01,1495.745908001442,1495.745908001442,1495.745908001442,1495.745908001442,0
2024-07-02,1473.3618241339082,1473.3618241339082,1473.3618241339082,1473.3618241339082,0
2024-07-03,1474.624216881363,1474.624216881363,1474.624216881363,1474.624216881363,0
2024-07-04,1484.7230912504563,1484.7230912504563,1484.7230912504563,1484.7230912504563,0
2024-07-05,1466.241803000416,1466.241803000416,1466.241803000416,1466.241803000416,0
2024-07-08,1478.6163105381668,1478.6163105381668,1478.6163105381668,1478.6163105381668,0
2024-07-09,1484.4828394356498,1484.4828394356498,1484.4828394356498,1484.4828394356498,0
2024-07-10,1477.4989696969901,1477.4989696969901,1477.4989696969901,1477.4989696969901,0
2024-07-15,1496.313755069683,1496.313755069683,1496.313755069683,1496.313755069683,0
2024-07-16,1459.2615355853447,1459.2615355853447,1459.2615355853447,1459.2615355853447,0
2024-07-17,1444.2991943914974,1444.2991943914974,1444.2991943914974,1444.2991943914974,0
2024-07-18,1468.3627251247235,1468.3627251247235,1468.3627251247235,1468.3627251247235,0
2024-07-19,1463.5829778350646,1463.5829778350646,1463.5829778350646,1463.5829778350646,0
2024-07-22,1472.415603210861,1472.415603210861,1472.415603210861,1472.415603210861,0
2024-07-23,1457.821285712367,1457.821285712367,1457.821285712367,1457.821285712367,0
2024-07-24,1462.5016682126206,1462.5016682126206,1462.5016682126206,1462.5016682126206,0
2024-07-25,1448.9896710884416,1448.9896710884416,1448.9896710884416,1448.9896710884416,0
2024-07-26,1444.7703851273027,1444.7703851273027,1444.7703851273027,1444.7703851273027,0
2024-07-29,1455.5404485171093,1455.5404485171093,1455.5404485171093,1455.5404485171093,0
2024-07-30,1446.9089391295358,1446.9089391295358,1446.9089391295358,1446.9089391295358,0
2024-07-31,1452.2127529891206,1452.2127529891206,1452.2127529891206,1452.2127529891206,0
2024-08-01,1394.6426265831378,1394.6426265831378,1394.6426265831378,1394.6426265831378,0
2024-08-02,1344.9192871033079,1344.9192871033079,1344.9192871033079,1344.9192871033079,0
2024-08-05,1303.9755929576688,1303.9755929576688,1303.9755929576688,1303.9755929576688,0
2024-08-06,1276.5365206211525,1276.5365206211525,1276.5365206211525,1276.5365206211525,0
2024-08-07,1340.6805938505029,1340.6805938505029,1340.6805938505029,1340.6805938505029,0
2024-08-08,1379.7755247071211,1379.7755247071211,1379.7755247071211,1379.7755247071211,0
2024-08-09,1403.0849047912166,1403.0849047912166,1403.0849047912166,1403.0849047912166,0
2024-08-12,1435.0923921583724,1435.0923921583724,1435.0923921583724,1435.0923921583724,0
2024-08-13,1434.3034954555883,1434.3034954555883,1434.3034954555883,1434.3034954555883,0
2024-08-14,1462.284934062397,1462.284934062397,1462.284934062397,1462.284934062397,0
2024-08-16,1506.9352611324402,1506.9352611324402,1506.9352611324402,1506.9352611324402,0
2024-08-19,1518.625778273891,1518.625778273891,1518.625778273891,1518.625778273891,0
2024-08-20,1497.0328153922928,1497.0328153922928,1497.0328153922928,1497.0328153922928,0
2024-08-22,1505.4174516589208,1505.4174516589208,1505.4174516589208,1505.4174516589208,0
2024-08-23,1521.9060394208507,1521.9060394208507,1521.9060394208507,1521.9060394208507,0
2024-08-26,1511.486296677242,1511.486296677242,1511.486296677242,1511.486296677242,0
2024-08-27,1514.4663143618927,1514.4663143618927,1514.4663143618927,1514.4663143618927,0
2024-08-28,1519.3754719891374,1519.3754719891374,1519.3754719891374,1519.3754719891374,0
2024-08-29,1534.8970504726178,1534.8970504726178,1534.8970504726178,1534.8970504726178,0
2024-08-30,1547.4961477812715,1547.4961477812715,1547.4961477812715,1547.4961477812715,0
2024-09-02,1564.3001130567393,1564.3001130567393,1564.3001130567393,1564.3001130567393,0
2024-09-04,1525.3914071554807,1525.3914071554807,1525.3914071554807,1525.3914071554807,0
2024-09-05,1520.466485485902,1520.466485485902,1520.466485485902,1520.466485485902,0
2024-09-06,1472.707653251815,1472.707653251815,1472.707653251815,1472.707653251815,0
2024-09-09,1491.0120733685626,1491.0120733685626,1491.0120733685626,1491.0120733685626,0
2024-09-10,1462.3811116980967,1462.3811116980967,1462.3811116980967,1462.3811116980967,0
2024-09-11,1429.3597325909982,1429.3597325909982,1429.3597325909982,1429.3597325909982,0
2024-09-12,1468.8639627664743,1468.8639627664743,1468.8639627664743,1468.8639627664743,0
2024-09-13,1506.6868062974504,1506.6868062974504,1506.6868062974504,1506.6868062974504,0
2024-09-16,1484.4916204896826,1484.4916204896826,1484.4916204896826,1484.4916204896826,0
2024-09-17,1509.8786557756896,1509.8786557756896,1509.8786557756896,1509.8786557756896,0
2024-09-18,1518.90761806045,1518.90761806045,1518.90761806045,1518.90761806045,0
2024-09-19,1522.9786801549517,1522.9786801549517,1522.9786801549517,1522.9786801549517,0
2024-09-20,1509.0585009947008,1509.0585009947008,1509.0585009947008,1509.0585009947008,0
2024-09-23,1482.3745215643316,1482.3745215643316,1482.3745215643316,1482.3745215643316,0
2024-09-24,1510.5391321648967,1510.5391321648967,1510.5391321648967,1510.5391321648967,0
2024-09-25,1503.3735038584186,1503.3735038584186,1503.3735038584186,1503.3735038584186,0
2024-09-26,1529.8504545833712,1529.8504545833712,1529.8504545833712,1529.8504545833712,0
2024-09-27,1527.1061961376402,1527.1061961376402,1527.1061961376402,1527.1061961376402,0
2024-09-30,1493.2249197162653,1493.2249197162653,1493.2249197162653,1493.2249197162653,0
2024-10-01,1458.4194493042432,1458.4194493042432,1458.4194493042432,1458.4194493042432,0
2024-10-02,1459.2511444902775,1459.2511444902775,1459.2511444902775,1459.2511444902775,0
2024-10-03,1437.1581539167992,1437.1581539167992,1437.1581539167992,1437.1581539167992,0
2024-10-04,1439.0794181389317,1439.0794181389317,1439.0794181389317,1439.0794181389317,0
2024-10-07,1444.2929667997385,1444.2929667997385,1444.2929667997385,1444.2929667997385,0
2024-10-08,1457.0907014223694,1457.0907014223694,1457.0907014223694,1457.0907014223694,0
2024-10-09,1489.8844886160575,1489.8844886160575,1489.8844886160575,1489.8844886160575,0
2024-10-10,1490.0029273989587,1490.0029273989587,1490.0029273989587,1490.0029273989587,0
2024-10-11,1514.3176694008175,1514.3176694008175,1514.3176694008175,1514.3176694008175,0
2024-10-14,1520.9739316913362,1520.9739316913362,1520.9739316913362,1520.9739316913362,0
2024-10-15,1527.8997745470608,1527.8997745470608,1527.8997745470608,1527.8997745470608,0
2024-10-16,1529.4029296554233,1529.4029296554233,1529.4029296554233,1529.4029296554233,0
2024-10-17,1488.846067131347,1488.846067131347,1488.846067131347,1488.846067131347,0
2024-10-18,1511.701575454532,1511.701575454532,1511.701575454532,1511.701575454532,0
2024-10-21,1493.1244186442775,1493.1244186442775,1493.1244186442775,1493.1244186442775,0
2024-10-22,1464.1604795095313,1464.1604795095313,1464.1604795095313,1464.1604795095313,0
2024-10-23,1478.90962455581,1478.90962455581,1478.90962455581,1478.90962455581,0
2024-10-24,1470.6947323441648,1470.6947323441648,1470.6947323441648,1470.6947323441648,0
2024-10-25,1463.2508648223989,1463.2508648223989,1463.2508648223989,1463.2508648223989,0
2024-10-28,1455.3429431788088,1455.3429431788088,1455.3429431788088,1455.3429431788088,0
2024-10-29,1473.4547046593043,1473.4547046593043,1473.4547046593043,1473.4547046593043,0
2024-10-30,1449.2308297796085,1449.2308297796085,1449.2308297796085,1449.2308297796085,0
2024-10-31,1387.0242723803588,1387.0242723803588,1387.0242723803588,1387.0242723803588,0
2024-11-04,1416.9352865671772,1416.9352865671772,1416.9352865671772,1416.9352865671772,0
2024-11-05,1419.0008563304068,1419.0008563304068,1419.0008563304068,1419.0008563304068,0
2024-11-06,1408.5779162702938,1408.5779162702938,1408.5779162702938,1408.5779162702938,0
2024-11-07,1418.3732356420771,1418.3732356420771,1418.3732356420771,1418.3732356420771,0
2024-11-08,1402.1388497242517,1402.1388497242517,1402.1388497242517,1402.1388497242517,0
2024-11-12,1399.82790447298,1399.82790447298,1399.82790447298,1399.82790447298,0
2024-11-13,1375.5932487849293,1375.5932487849293,1375.5932487849293,1375.5932487849293,0
2024-11-14,1383.9582237240352,1383.9582237240352,1383.9582237240352,1383.9582237240352,0
2024-11-15,1363.5521504744258,1363.5521504744258,1363.5521504744258,1363.5521504744258,0
2024-11-18,1344.5564579846675,1344.5564579846675,1344.5564579846675,1344.5564579846675,0
2024-11-19,1306.0269552831246,1306.0269552831246,1306.0269552831246,1306.0269552831246,0
2024-11-20,1311.6996594571167,1311.6996594571167,1311.6996594571167,1311.6996594571167,0
2024-11-21,1319.8397733278687,1319.8397733278687,1319.8397733278687,1319.8397733278687,0
2024-11-22,1324.8539972537196,1324.8539972537196,1324.8539972537196,1324.8539972537196,0
2024-11-25,1314.2016342386687,1314.2016342386687,1314.2016342386687,1314.2016342386687,0
2024-11-26,1300.7534527307391,1300.7534527307391,1300.7534527307391,1300.7534527307391,0
2024-11-27,1293.6398198881175,1293.6398198881175,1293.6398198881175,1293.6398198881175,0
2024-11-28,1306.4723834466984,1306.4723834466984,1306.4723834466984,1306.4723834466984,0
2024-11-29,1301.9178112991146,1301.9178112991146,1301.9178112991146,1301.9178112991146,0
2024-12-02,1338.5291141918583,1338.5291141918583,1338.5291141918583,1338.5291141918583,0
2024-12-03,1331.3898600288944,1331.3898600288944,1331.3898600288944,1331.3898600288944,0
2024-12-04,1347.6678023195766,1347.6678023195766,1347.6678023195766,1347.6678023195766,0
2024-12-05,1382.2396460793866,1382.2396460793866,1382.2396460793866,1382.2396460793866,0
2024-12-06,1395.501974360742,1395.501974360742,1395.501974360742,1395.501974360742,0
2024-12-09,1397.907943115965,1397.907943115965,1397.907943115965,1397.907943115965,0
2024-12-10,1407.5720175815657,1407.5720175815657,1407.5720175815657,1407.5720175815657,0
2024-12-11,1398.9019350613135,1398.9019350613135,1398.9019350613135,1398.9019350613135,0
2024-12-12,1401.328017734546,1401.328017734546,1401.328017734546,1401.328017734546,0
2024-12-13,1395.94401695051,1395.94401695051,1395.94401695051,1395.94401695051,0
2024-12-16,1394.6511099175198,1394.6511099175198,1394.6511099175198,1394.6511099175198,0
2024-12-17,1338.4309531970946,1338.4309531970946,1338.4309531970946,1338.4309531970946,0
2024-12-18,1354.810034768074,1354.810034768074,1354.810034768074,1354.810034768074,0
2024-12-19,1355.7992295899185,1355.7992295899185,1355.7992295899185,1355.7992295899185,0
2024-12-20,1352.4771024710321,1352.4771024710321,1352.4771024710321,1352.4771024710321,0
2024-12-23,1338.4156913478844,1338.4156913478844,1338.4156913478844,1338.4156913478844,0
2024-12-27,1335.6115472504107,1335.6115472504107,1335.6115472504107,1335.6115472504107,0
2024-12-30,1335.4155747567838,1335.4155747567838,1335.4155747567838,1335.4155747567838,0
2025-01-02,1336.4478071321057,1336.4478071321057,1336.4478071321057,1336.4478071321057,0
2025-01-03,1357.6008203472616,1357.6008203472616,1357.6008203472616,1357.6008203472616,0
2025-01-07,1385.0239501532349,1385.0239501532349,1385.0239501532349,1385.0239501532349,0
2025-01-08,1380.198920631836,1380.198920631836,1380.198920631836,1380.198920631836,0
2025-01-09,1390.392618814831,1390.392618814831,1390.392618814831,1390.392618814831,0
2025-01-10,1401.7663291699926,1401.7663291699926,1401.7663291699926,1401.7663291699926,0
2025-01-13,1382.0614280931352,1382.0614280931352,1382.0614280931352,1382.0614280931352,0
2025-01-14,1403.7172280629152,1403.7172280629152,1403.7172280629152,1403.7172280629152,0
2025-01-15,1423.3501250231943,1423.3501250231943,1423.3501250231943,1423.3501250231943,0
2025-01-16,1406.291129490206,1406.291129490206,1406.291129490206,1406.291129490206,0
2025-01-17,1412.554382421348,1412.554382421348,1412.554382421348,1412.554382421348,0
2025-01-20,1440.6187821715027,1440.6187821715027,1440.6187821715027,1440.6187821715027,0
2025-01-21,1444.1788580656548,1444.1788580656548,1444.1788580656548,1444.1788580656548,0
2025-01-22,1471.063294506555,1471.063294506555,1471.063294506555,1471.063294506555,0
2025-01-23,1477.7769559661015,1477.7769559661015,1477.7769559661015,1477.7769559661015,0
2025-01-24,1489.246565880392,1489.246565880392,1489.246565880392,1489.246565880392,0
2025-01-27,1485.4848998243003,1485.4848998243003,1485.4848998243003,1485.4848998243003,0
2025-01-28,1506.6035645763438,1506.6035645763438,1506.6035645763438,1506.6035645763438,0
2025-01-29,1513.2490474205426,1513.2490474205426,1513.2490474205426,1513.2490474205426,0
2025-01-30,1545.570453198902,1545.570453198902,1545.570453198902,1545.570453198902,0
2025-01-31,1534.0009455109134,1534.0009455109134,1534.0009455109134,1534.0009455109134,0
2025-02-03,1505.6375380292102,1505.6375380292102,1505.6375380292102,1505.6375380292102,0
2025-02-04,1519.5680858580897,1519.5680858580897,1519.5680858580897,1519.5680858580897,0
2025-02-05,1513.7658175907914,1513.7658175907914,1513.7658175907914,1513.7658175907914,0
2025-02-06,1594.877083786575,1594.877083786575,1594.877083786575,1594.877083786575,0
2025-02-07,1612.8905691188402,1612.8905691188402,1612.8905691188402,1612.8905691188402,0
2025-02-10,1612.8687500448,1612.8687500448,1612.8687500448,1612.8687500448,0
2025-02-11,1653.6887573679564,1653.6887573679564,1653.6887573679564,1653.6887573679564,0
2025-02-12,1689.304862454621,1689.304862454621,1689.304862454621,1689.304862454621,0
2025-02-13,1686.4243548485804,1686.4243548485804,1686.4243548485804,1686.4243548485804,0
2025-02-14,1661.3732382861606,1661.3732382861606,1661.3732382861606,1661.3732382861606,0
2025-02-17,1679.3130316228526,1679.3130316228526,1679.3130316228526,1679.3130316228526,0
2025-02-18,1737.9294722424247,1737.9294722424247,1737.9294722424247,1737.9294722424247,0
2025-02-19,1719.9064071450964,1719.9064071450964,1719.9064071450964,1719.9064071450964,0
2025-02-20,1699.039275567663,1699.039275567663,1699.039275567663,1699.039275567663,0
2025-02-21,1696.2019003872842,1696.2019003872842,1696.2019003872842,1696.2019003872842,0
2025-02-24,1660.1174385450915,1660.1174385450915,1660.1174385450915,1660.1174385450915,0
2025-02-25,1683.699074040578,1683.699074040578,1683.699074040578,1683.699074040578,0
2025-02-26,1717.3829315697578,1717.3829315697578,1717.3829315697578,1717.3829315697578,0
2025-02-27,1699.9662287278784,1699.9662287278784,1699.9662287278784,1699.9662287278784,0
2025-02-28,1686.5921006478097,1686.5921006478097,1686.5921006478097,1686.5921006478097,0
2025-03-03,1652.5529535348126,1652.5529535348126,1652.5529535348126,1652.5529535348126,0
2025-03-04,1581.7991103785569,1581.7991103785569,1581.7991103785569,1581.7991103785569,0
2025-03-05,1647.6620957875161,1647.6620957875161,1647.6620957875161,1647.6620957875161,0
2025-03-06,1682.6630761635568,1682.6630761635568,1682.6630761635568,1682.6630761635568,0
2025-03-07,1695.3991958926697,1695.3991958926697,1695.3991958926697,1695.3991958926697,0
2025-03-10,1626.9326124230274,1626.9326124230274,1626.9326124230274,1626.9326124230274,0
2025-03-11,1618.7531986650838,1618.7531986650838,1618.7531986650838,1618.7531986650838,0
2025-03-12,1657.2649399648715,1657.2649399648715,1657.2649399648715,1657.2649399648715,0
2025-03-13,1669.3513149086064,1669.3513149086064,1669.3513149086064,1669.3513149086064,0
2025-03-14,1731.39045882319,1731.39045882319,1731.39045882319,1731.39045882319,0
2025-03-17,1760.2096464781894,1760.2096464781894,1760.2096464781894,1760.2096464781894,0
2025-03-18,1791.3172323478398,1791.3172323478398,1791.3172323478398,1791.3172323478398,0
2025-03-19,1774.632336622812,1774.632336622812,1774.632336622812,1774.632336622812,0
2025-03-20,1741.1928309099524,1741.1928309099524,1741.1928309099524,1741.1928309099524,0
2025-03-21,1726.5066737638883,1726.5066737638883,1726.5066737638883,1726.5066737638883,0
2025-03-24,1752.7466547431318,1752.7466547431318,1752.7466547431318,1752.7466547431318,0
2025-03-25,1790.6667609705958,1790.6667609705958,1790.6667609705958,1790.6667609705958,0
2025-03-26,1783.2268441057681,1783.2268441057681,1783.2268441057681,1783.2268441057681,0
2025-03-27,1779.3439248811019,1779.3439248811019,1779.3439248811019,1779.3439248811019,0
2025-03-28,1744.9926979506074,1744.9926979506074,1744.9926979506074,1744.9926979506074,0
2025-03-31,1699.3645290515199,1699.3645290515199,1699.3645290515199,1699.3645290515199,0
2025-04-01,1742.4761120031,1742.4761120031,1742.4761120031,1742.4761120031,0
2025-04-02,1752.2673773264446,1752.2673773264446,1752.2673773264446,1752.2673773264446,0
2025-04-03,1666.554960509563,1666.554960509563,1666.554960509563,1666.554960509563,0
2025-04-04,1496.6845186665998,1496.6845186665998,1496.6845186665998,1496.6845186665998,0
2025-04-07,1479.6637511739495,1479.6637511739495,1479.6637511739495,1479.6637511739495,0
2025-04-08,1543.6646348995228,1543.6646348995228,1543.6646348995228,1543.6646348995228,0
2025-04-09,1486.4672952312467,1486.4672952312467,1486.4672952312467,1486.4672952312467,0
2025-04-10,1578.7077836482192,1578.7077836482192,1578.7077836482192,1578.7077836482192,0
2025-04-11,1566.7016091324294,1566.7016091324294,1566.7016091324294,1566.7016091324294,0
2025-04-14,1625.1149574755084,1625.1149574755084,1625.1149574755084,1625.1149574755084,0
2025-04-15,1663.4874967086014,1663.4874967086014,1663.4874967086014,1663.4874967086014,0
2025-04-16,1656.5134411037964,1656.5134411037964,1656.5134411037964,1656.5134411037964,0
2025-04-17,1669.4946605954342,1669.4946605954342,1669.4946605954342,1669.4946605954342,0
2025-04-22,1703.836303761622,1703.836303761622,1703.836303761622,1703.836303761622,0
2025-04-23,1787.0644671445864,1787.0644671445864,1787.0644671445864,1787.0644671445864,0
2025-04-24,1786.1646326539721,1786.1646326539721,1786.1646326539721,1786.1646326539721,0
2025-04-25,1797.6424724443243,1797.6424724443243,1797.6424724443243,1797.6424724443243,0
2025-04-28,1798.7009325968947,1798.7009325968947,1798.7009325968947,1798.7009325968947,0
2025-04-29,1799.7949218409829,1799.7949218409829,1799.7949218409829,1799.7949218409829,0
2025-04-30,1725.608858229034,1725.608858229034,1725.608858229034,1725.608858229034,0
2025-05-02,1750.6292245517434,1750.6292245517434,1750.6292245517434,1750.6292245517434,0
2025-05-05,1737.4772343376865,1737.4772343376865,1737.4772343376865,1737.4772343376865,0
2025-05-06,1696.7865890411638,1696.7865890411638,1696.7865890411638,1696.7865890411638,0
2025-05-07,1716.5296271453676,1716.5296271453676,1716.5296271453676,1716.5296271453676,0
2025-05-08,1702.7255016911427,1702.7255016911427,1702.7255016911427,1702.7255016911427,0
2025-05-09,1758.9856074505954,1758.9856074505954,1758.9856074505954,1758.9856074505954,0
2025-05-12,1772.4778391736572,1772.4778391736572,1772.4778391736572,1772.4778391736572,0
2025-05-13,1759.4010576636615,1759.4010576636615,1759.4010576636615,1759.4010576636615,0
2025-05-14,1769.7127578339725,1769.7127578339725,1769.7127578339725,1769.7127578339725,0
2025-05-15,1755.544623504477,1755.544623504477,1755.544623504477,1755.544623504477,0
2025-05-16,1749.5554518028848,1749.5554518028848,1749.5554518028848,1749.5554518028848,0
2025-05-19,1735.9004854321324,1735.9004854321324,1735.9004854321324,1735.9004854321324,0
2025-05-20,1750.7413937658182,1750.7413937658182,1750.7413937658182,1750.7413937658182,0
2025-05-21,1733.8632545773667,1733.8632545773667,1733.8632545773667,1733.8632545773667,0
2025-05-22,1735.5763882933702,1735.5763882933702,1735.5763882933702,1735.5763882933702,0
2025-05-23,1716.4590856366053,1716.4590856366053,1716.4590856366053,1716.4590856366053,0
2025-05-26,1760.312037488078,1760.312037488078,1760.312037488078,1760.312037488078,0
2025-05-27,1777.307121813148,1777.307121813148,1777.307121813148,1777.307121813148,0
2025-05-28,1791.1641264396164,1791.1641264396164,1791.1641264396164,1791.1641264396164,0
2025-05-29,1770.9954198635912,1770.9954198635912,1770.9954198635912,1770.9954198635912,0
2025-05-30,1754.9989112324586,1754.9989112324586,1754.9989112324586,1754.9989112324586,0
2025-06-02,1721.3181836832644,1721.3181836832644,1721.3181836832644,1721.3181836832644,0
2025-06-03,1689.0175299454872,1689.0175299454872,1689.0175299454872,1689.0175299454872,0
2025-06-04,1703.73084903075,1703.73084903075,1703.73084903075,1703.73084903075,0
2025-06-05,1684.8572317591422,1684.8572317591422,1684.8572317591422,1684.8572317591422,0
2025-06-06,1668.0114887098719,1668.0114887098719,1668.0114887098719,1668.0114887098719,0
2025-06-09,1684.2111328226001,1684.2111328226001,1684.2111328226001,1684.2111328226001,0
2025-06-10,1715.787723416929,1715.787723416929,1715.787723416929,1715.787723416929,0
2025-06-11,1700.9020239429774,1700.9020239429774,1700.9020239429774,1700.9020239429774,0
2025-06-12,1697.5240231477935,1697.5240231477935,1697.5240231477935,1697.5240231477935,0
2025-06-13,1665.800182700653,1665.800182700653,1665.800182700653,1665.800182700653,0
2025-06-16,1684.1653225690175,1684.1653225690175,1684.1653225690175,1684.1653225690175,0
2025-06-17,1680.188858575338,1680.188858575338,1680.188858575338,1680.188858575338,0
2025-06-18,1673.7952342005788,1673.7952342005788,1673.7952342005788,1673.7952342005788,0
2025-06-20,1681.7472017486361,1681.7472017486361,1681.7472017486361,1681.7472017486361,0
2025-06-23,1645.653977271852,1645.653977271852,1645.653977271852,1645.653977271852,0
2025-06-24,1718.524997635982,1718.524997635982,1718.524997635982,1718.524997635982,0
2025-06-25,1688.73565519829,1688.73565519829,1688.73565519829,1688.73565519829,0
2025-06-26,1724.4502908084264,1724.4502908084264,1724.4502908084264,1724.4502908084264,0
2025-06-27,1721.88367631451,1721.88367631451,1721.88367631451,1721.88367631451,0
2025-06-30,1752.030039861816,1752.030039861816,1752.030039861816,1752.030039861816,0
2025-07-01,1737.2205342815412,1737.2205342815412,1737.2205342815412,1737.2205342815412,0
2025-07-02,1753.3448591215308,1753.3448591215308,1753.3448591215308,1753.3448591215308,0
2025-07-03,1784.0271210963022,1784.0271210963022,1784.0271210963022,1784.0271210963022,0
2025-07-04,1768.003501660672,1768.003501660672,1768.003501660672,1768.003501660672,0
2025-07-07,1777.6289921941996,1777.6289921941996,1777.6289921941996,1777.6289921941996,0
2025-07-08,1801.4862033257764,1801.4862033257764,1801.4862033257764,1801.4862033257764,0
2025-07-09,1816.0475435171654,1816.0475435171654,1816.0475435171654,1816.0475435171654,0
2025-07-10,1775.4243020011093,1775.4243020011093,1775.4243020011093,1775.4243020011093,0
2025-07-11,1768.305358242732,1768.305358242732,1768.305358242732,1768.305358242732,0
2025-07-14,1769.2414629736209,1769.2414629736209,1769.2414629736209,1769.2414629736209,0
2025-07-15,1775.080650872638,1775.080650872638,1775.080650872638,1775.080650872638,0
2025-07-16,1787.7171937866467,1787.7171937866467,1787.7171937866467,1787.7171937866467,0
2025-07-17,1824.4096906288476,1824.4096906288476,1824.4096906288476,1824.4096906288476,0
2025-07-18,1861.9365213958306,1861.9365213958306,1861.9365213958306,1861.9365213958306,0
2025-07-21,1843.1313151315953,1843.1313151315953,1843.1313151315953,1843.1313151315953,0
2025-07-22,1839.2856184408613,1839.2856184408613,1839.2856184408613,1839.2856184408613,0
2025-07-23,1854.3568961761227,1854.3568961761227,1854.3568961761227,1854.3568961761227,0
2025-07-24,1896.4923585231827,1896.4923585231827,1896.4923585231827,1896.4923585231827,0
2025-07-25,1907.7927347837094,1907.7927347837094,1907.7927347837094,1907.7927347837094,0
2025-07-28,1885.4207700764543,1885.4207700764543,1885.4207700764543,1885.4207700764543,0
2025-07-29,1921.2172380612199,1921.2172380612199,1921.2172380612199,1921.2172380612199,0
2025-07-30,1928.4606492337412,1928.4606492337412,1928.4606492337412,1928.4606492337412,0
2025-07-31,1900.0750689378337,1900.0750689378337,1900.0750689378337,1900.0750689378337,0
2025-08-01,1852.4737500001954,1852.4737500001954,1852.4737500001954,1852.4737500001954,0
2025-08-04,1893.9740723378331,1893.9740723378331,1893.9740723378331,1893.9740723378331,0
2025-08-05,1881.6585681629685,1881.6585681629685,1881.6585681629685,1881.6585681629685,0
2025-08-06,1934.1972540664901,1934.1972540664901,1934.1972540664901,1934.1972540664901,0
2025-08-07,2029.0466790608477,2029.0466790608477,2029.0466790608477,2029.0466790608477,0
2025-08-08,2060.038312747968,2060.038312747968,2060.038312747968,2060.038312747968,0
2025-08-11,2061.901040772638,2061.901040772638,2061.901040772638,2061.901040772638,0
2025-08-12,2072.1417746466063,2072.1417746466063,2072.1417746466063,2072.1417746466063,0
2025-08-13,2111.082179673617,2111.082179673617,2111.082179673617,2111.082179673617,0
2025-08-14,2088.6838514588803,2088.6838514588803,2088.6838514588803,2088.6838514588803,0
2025-08-18,2086.5316011086275,2086.5316011086275,2086.5316011086275,2086.5316011086275,0
2025-08-19,2105.7906128693166,2105.7906128693166,2105.7906128693166,2105.7906128693166,0
2025-08-20,2094.6505419314276,2094.6505419314276,2094.6505419314276,2094.6505419314276,0
2025-08-21,2110.6667088540025,2110.6667088540025,2110.6667088540025,2110.6667088540025,0
2025-08-22,1955.3628766921881,1955.3628766921881,1955.3628766921881,1955.3628766921881,0
2025-08-25,1969.2731046072556,1969.2731046072556,1969.2731046072556,1969.2731046072556,0
2025-08-26,1958.4252453769452,1958.4252453769452,1958.4252453769452,1958.4252453769452,0
2025-08-27,1930.261299471447,1930.261299471447,1930.261299471447,1930.261299471447,0
2025-08-28,1924.206270246478,1924.206270246478,1924.206270246478,1924.206270246478,0
2025-08-29,1878.0553060243228,1878.0553060243228,1878.0553060243228,1878.0553060243228,0
2025-09-01,1874.0635644511258,1874.0635644511258,1874.0635644511258,1874.0635644511258,0
2025-09-02,1865.3337559710744,1865.3337559710744,1865.3337559710744,1865.3337559710744,0
2025-09-03,1870.3649966474327,1870.3649966474327,1870.3649966474327,1870.3649966474327,0
2025-09-04,1913.44108087548,1913.44108087548,1913.44108087548,1913.44108087548,0
2025-09-05,1875.2738166400768,1875.2738166400768,1875.2738166400768,1875.2738166400768,0
2025-09-08,1915.2166141832424,1915.2166141832424,1915.2166141832424,1915.2166141832424,0
2025-09-09,1896.7962410375408,1896.7962410375408,1896.7962410375408,1896.7962410375408,0
2025-09-10,1884.9484417374783,1884.9484417374783,1884.9484417374783,1884.9484417374783,0
2025-09-11,1915.8349459365504,1915.8349459365504,1915.8349459365504,1915.8349459365504,0
2025-09-12,1898.5128521086492,1898.5128521086492,1898.5128521086492,1898.5128521086492,0
2025-09-15,1919.6568299753421,1919.6568299753421,1919.6568299753421,1919.6568299753421,0
2025-09-16,1896.354359498016,1896.354359498016,1896.354359498016,1896.354359498016,0
2025-09-17,1881.9700897751268,1881.9700897751268,1881.9700897751268,1881.9700897751268,0
2025-09-18,1897.6690660606453,1897.6690660606453,1897.6690660606453,1897.6690660606453,0
2025-09-19,1907.4213920175453,1907.4213920175453,1907.4213920175453,1907.4213920175453,0
2025-09-22,1883.4038426121085,1883.4038426121085,1883.4038426121085,1883.4038426121085,0
2025-09-23,1891.8056837052418,1891.8056837052418,1891.8056837052418,1891.8056837052418,0
2025-09-24,1899.505212263177,1899.505212263177,1899.505212263177,1899.505212263177,0
2025-09-25,1864.0664421308531,1864.0664421308531,1864.0664421308531,1864.0664421308531,0
2025-09-26,1913.2649721274097,1913.2649721274097,1913.2649721274097,1913.2649721274097,0
2025-09-29,1903.032669592367,1903.032669592367,1903.032669592367,1903.032669592367,0
2025-09-30,1902.036901401355,1902.036901401355,1902.036901401355,1902.036901401355,0
2025-10-01,1911.229226568694,1911.229226568694,1911.229226568694,1911.229226568694,0
2025-10-02,1944.7039096299666,1944.7039096299666,1944.7039096299666,1944.7039096299666,0
2025-10-03,1946.1306009129214,1946.1306009129214,1946.1306009129214,1946.1306009129214,0
2025-10-06,1924.1300473412236,1924.1300473412236,1924.1300473412236,1924.1300473412236,0
2025-10-07,1945.5331664615915,1945.5331664615915,1945.5331664615915,1945.5331664615915,0
2025-10-08,1941.379856055836,1941.379856055836,1941.379856055836,1941.379856055836,0
2025-10-09,1937.3732032635914,1937.3732032635914,1937.3732032635914,1937.3732032635914,0
2025-10-10,1951.5620976777323,1951.5620976777323,1951.5620976777323,1951.5620976777323,0
2025-10-13,1938.085943317074,1938.085943317074,1938.085943317074,1938.085943317074,0
2025-10-14,1921.2523797424924,1921.2523797424924,1921.2523797424924,1921.2523797424924,0
2025-10-15,1959.5783759872793,1959.5783759872793,1959.5783759872793,1959.5783759872793,0
2025-10-16,1944.7007953625537,1944.7007953625537,1944.7007953625537,1944.7007953625537,0
2025-10-17,1922.1510536037226,1922.1510536037226,1922.1510536037226,1922.1510536037226,0
2025-10-20,1963.8862029493378,1963.8862029493378,1963.8862029493378,1963.8862029493378,0
2025-10-21,1961.6596875070795,1961.6596875070795,1961.6596875070795,1961.6596875070795,0
2025-10-22,1992.383645966058,1992.383645966058,1992.383645966058,1992.383645966058,0
2025-10-23,2013.4158407189648,2013.4158407189648,2013.4158407189648,2013.4158407189648,0
2025-10-24,1992.6620955051746,1992.6620955051746,1992.6620955051746,1992.6620955051746,0
2025-10-27,2008.9639227382702,2008.9639227382702,2008.9639227382702,2008.9639227382702,0
2025-10-28,2060.133002568752,2060.133002568752,2060.133002568752,2060.133002568752,0
2025-10-29,2071.073228364479,2071.073228364479,2071.073228364479,2071.073228364479,0
2025-10-30,1994.2317821802844,1994.2317821802844,1994.2317821802844,1994.2317821802844,0
2025-10-31,1963.2473711403256,1963.2473711403256,1963.2473711403256,1963.2473711403256,0
2025-11-03,1959.0656831186436,1959.0656831186436,1959.0656831186436,1959.0656831186436,0
2025-11-04,1956.7339450854558,1956.7339450854558,1956.7339450854558,1956.7339450854558,0
2025-11-05,1945.7441935374854,1945.7441935374854,1945.7441935374854,1945.7441935374854,0
2025-11-06,1948.4696165088305,1948.4696165088305,1948.4696165088305,1948.4696165088305,0
2025-11-07,1951.6439721716229,1951.6439721716229,1951.6439721716229,1951.6439721716229,0
2025-11-10,1990.370893286901,1990.370893286901,1990.370893286901,1990.370893286901,0
2025-11-12,2009.8263973197236,2009.8263973197236,2009.8263973197236,2009.8263973197236,0
2025-11-13,2013.9637879543297,2013.9637879543297,2013.9637879543297,2013.9637879543297,0
2025-11-14,1986.0753211222775,1986.0753211222775,1986.0753211222775,1986.0753211222775,0
2025-11-17,1972.641976399558,1972.641976399558,1972.641976399558,1972.641976399558,0
2025-11-18,1932.6827422565252,1932.6827422565252,1932.6827422565252,1932.6827422565252,0
2025-11-19,1975.6466434175659,1975.6466434175659,1975.6466434175659,1975.6466434175659,0
2025-11-20,1971.9543242882228,1971.9543242882228,1971.9543242882228,1971.9543242882228,0
2025-11-21,1944.796863781942,1944.796863781942,1944.796863781942,1944.796863781942,0
2025-11-24,1964.4552405604477,1964.4552405604477,1964.4552405604477,1964.4552405604477,0
2025-11-25,2002.739871499401,2002.739871499401,2002.739871499401,2002.739871499401,0
2025-11-26,2030.3248754713313,2030.3248754713313,2030.3248754713313,2030.3248754713313,0
2025-11-27,2029.913497841481,2029.913497841481,2029.913497841481,2029.913497841481,0
2025-11-28,2019.4963488361645,2019.4963488361645,2019.4963488361645,2019.4963488361645,0
2025-12-01,2015.2142498393157,2015.2142498393157,2015.2142498393157,2015.2142498393157,0
2025-12-02,1996.4551708362537,1996.4551708362537,1996.4551708362537,1996.4551708362537,0
2025-12-03,1993.5020912343375,1993.5020912343375,1993.5020912343375,1993.5020912343375,0
2025-12-04,2011.2161960118922,2011.2161960118922,2011.2161960118922,2011.2161960118922,0
2025-12-05,2004.2873322013675,2004.2873322013675,2004.2873322013675,2004.2873322013675,0
2025-12-08,2008.6403897461946,2008.6403897461946,2008.6403897461946,2008.6403897461946,0
2025-12-09,2037.1826681040845,2037.1826681040845,2037.1826681040845,2037.1826681040845,0
2025-12-10,2044.6513308121666,2044.6513308121666,2044.6513308121666,2044.6513308121666,0
2025-12-11,2064.4654862816033,2064.4654862816033,2064.4654862816033,2064.4654862816033,0
2025-12-12,2055.861496195001,2055.861496195001,2055.861496195001,2055.861496195001,0
2025-12-15,2087.552601422707,2087.552601422707,2087.552601422707,2087.552601422707,0
2025-12-16,2072.250261464695,2072.250261464695,2072.250261464695,2072.250261464695,0
2025-12-17,2052.916712682807,2052.916712682807,2052.916712682807,2052.916712682807,0
2025-12-18,2078.1623899737788,2078.1623899737788,2078.1623899737788,2078.1623899737788,0
2025-12-19,2114.3231740021524,2114.3231740021524,2114.3231740021524,2114.3231740021524,0
2025-12-22,2108.1657494611777,2108.1657494611777,2108.1657494611777,2108.1657494611777,0
2025-12-23,2107.345163340335,2107.345163340335,2107.345163340335,2107.345163340335,0
2025-12-29,2102.5440546205086,2102.5440546205086,2102.5440546205086,2102.5440546205086,0
2025-12-30,2116.980369351912,2116.980369351912,2116.980369351912,2116.980369351912,0
2026-01-02,2166.1621441589823,2166.1621441589823,2166.1621441589823,2166.1621441589823,0
2026-01-05,2161.4972565946982,2161.4972565946982,2161.4972565946982,2161.4972565946982,0
2026-01-07,2175.694370013688,2175.694370013688,2175.694370013688,2175.694370013688,0
2026-01-08,2148.8358219616944,2148.8358219616944,2148.8358219616944,2148.8358219616944,0
2026-01-09,2153.1912073484236,2153.1912073484236,2153.1912073484236,2153.1912073484236,0
2026-01-12,2175.339776592208,2175.339776592208,2175.339776592208,2175.339776592208,0
2026-01-13,2163.9932743054696,2163.9932743054696,2163.9932743054696,2163.9932743054696,0
2026-01-14,2148.6526913529915,2148.6526913529915,2148.6526913529915,2148.6526913529915,0
2026-01-15,2148.1426920843464,2148.1426920843464,2148.1426920843464,2148.1426920843464,0
2026-01-16,2142.5821608751057,2142.5821608751057,2142.5821608751057,2142.5821608751057,0
2026-01-19,2134.8671131464416,2134.8671131464416,2134.8671131464416,2134.8671131464416,0
2026-01-20,2133.5217772858623,2133.5217772858623,2133.5217772858623,2133.5217772858623,0
2026-01-21,2130.5358800129366,2130.5358800129366,2130.5358800129366,2130.5358800129366,0
2026-01-22,2189.0126128759503,2189.0126128759503,2189.0126128759503,2189.0126128759503,0
2026-01-23,2158.1246421357387,2158.1246421357387,2158.1246421357387,2158.1246421357387,0
2026-01-26,2192.455611604632,2192.455611604632,2192.455611604632,2192.455611604632,0
2026-01-27,2245.7307175449237,2245.7307175449237,2245.7307175449237,2245.7307175449237,0
2026-01-28,2231.508420633707,2231.508420633707,2231.508420633707,2231.508420633707,0
2026-01-29,2208.289186660347,2208.289186660347,2208.289186660347,2208.289186660347,0
2026-01-30,2250.2034400577895,2250.2034400577895,2250.2034400577895,2250.2034400577895,0
2026-02-02,2282.166633433959,2282.166633433959,2282.166633433959,2282.166633433959,0
2026-02-03,2357.1842001441737,2357.1842001441737,2357.1842001441737,2357.1842001441737,0
2026-02-04,2332.549367867202,2332.549367867202,2332.549367867202,2332.549367867202,0
2026-02-05,2285.0499381807876,2285.0499381807876,2285.0499381807876,2285.0499381807876,0
2026-02-06,2303.4648186237764,2303.4648186237764,2303.4648186237764,2303.4648186237764,0
2026-02-09,2329.215662018331,2329.215662018331,2329.215662018331,2329.215662018331,0
2026-02-10,2321.322623747463,2321.322623747463,2321.322623747463,2321.322623747463,0
2026-02-11,2289.979914946453,2289.979914946453,2289.979914946453,2289.979914946453,0
2026-02-12,2289.7743571907904,2289.7743571907904,2289.7743571907904,2289.7743571907904,0
2026-02-13,2214.291872478633,2214.291872478633,2214.291872478633,2214.291872478633,0
2026-02-16,2240.5886730809652,2240.5886730809652,2240.5886730809652,2240.5886730809652,0
2026-02-17,2246.235929488316,2246.235929488316,2246.235929488316,2246.235929488316,0
2026-02-18,2276.719148122726,2276.719148122726,2276.719148122726,2276.719148122726,0
2026-02-19,2256.6974629462156,2256.6974629462156,2256.6974629462156,2256.6974629462156,0
2026-02-20,2273.498030222701,2273.498030222701,2273.498030222701,2273.498030222701,0
2026-02-23,2300.8542917134264,2300.8542917134264,2300.8542917134264,2300.8542917134264,0
2026-02-24,2256.660156719713,2256.660156719713,2256.660156719713,2256.660156719713,0
2026-02-25,2303.329206389889,2303.329206389889,2303.329206389889,2303.329206389889,0
2026-02-26,2281.713117197011,2281.713117197011,2281.713117197011,2281.713117197011,0
2026-02-27,2231.4084224124517,2231.4084224124517,2231.4084224124517,2231.4084224124517,0
2026-03-02,2154.3388697205173,2154.3388697205173,2154.3388697205173,2154.3388697205173,0
2026-03-03,2039.6377294360168,2039.6377294360168,2039.6377294360168,2039.6377294360168,0
2026-03-04,2117.5770806988535,2117.5770806988535,2117.5770806988535,2117.5770806988535,0
2026-03-05,2111.4209842428013,2111.4209842428013,2111.4209842428013,2111.4209842428013,0
2026-03-06,1995.041088018302,1995.041088018302,1995.041088018302,1995.041088018302,0
2026-03-09,1994.8977087414012,1994.8977087414012,1994.8977087414012,1994.8977087414012,0
2026-03-10,2066.2936294132464,2066.2936294132464,2066.2936294132464,2066.2936294132464,0
2026-03-11,2054.4697812464474,2054.4697812464474,2054.4697812464474,2054.4697812464474,0
2026-03-12,2001.295775454877,2001.295775454877,2001.295775454877,2001.295775454877,0
2026-03-13,2005.3063836094532,2005.3063836094532,2005.3063836094532,2005.3063836094532,0
2026-03-16,2037.7985153917173,2037.7985153917173,2037.7985153917173,2037.7985153917173,0
2026-03-17,2076.432091275888,2076.432091275888,2076.432091275888,2076.432091275888,0
2026-03-18,2079.9371702314465,2079.9371702314465,2079.9371702314465,2079.9371702314465,0
2026-03-19,2052.288867634363,2052.288867634363,2052.288867634363,2052.288867634363,0
2026-03-20,2024.7114422632694,2024.7114422632694,2024.7114422632694,2024.7114422632694,0
2026-03-23,2067.3736868217243,2067.3736868217243,2067.3736868217243,2067.3736868217243,0
2026-03-24,2038.339690842295,2038.339690842295,2038.339690842295,2038.339690842295,0
2026-03-25,2075.43178936897,2075.43178936897,2075.43178936897,2075.43178936897,0
2026-03-26,2066.8852133227765,2066.8852133227765,2066.8852133227765,2066.8852133227765,0
2026-03-27,2063.019467182093,2063.019467182093,2063.019467182093,2063.019467182093,0
2026-03-30,2050.3943218838554,2050.3943218838554,2050.3943218838554,2050.3943218838554,0
2026-03-31,2084.318635314689,2084.318635314689,2084.318635314689,2084.318635314689,0
2026-04-01,2163.3291866460554,2163.3291866460554,2163.3291866460554,2163.3291866460554,0
2026-04-02,2170.266205390814,2170.266205390814,2170.266205390814,2170.266205390814,0
2026-04-07,2168.5055131217214,2168.5055131217214,2168.5055131217214,2168.5055131217214,0
2026-04-08,2306.6060206770962,2306.6060206770962,2306.6060206770962,2306.6060206770962,0
2026-04-09,2291.0293901915047,2291.0293901915047,2291.0293901915047,2291.0293901915047,0
2026-04-10,2374.123946120628,2374.123946120628,2374.123946120628,2374.123946120628,0
2026-04-13,2359.938726171967,2359.938726171967,2359.938726171967,2359.938726171967,0
2026-04-14,2392.7993650723392,2392.7993650723392,2392.7993650723392,2392.7993650723392,0
2026-04-15,2394.6738121707317,2394.6738121707317,2394.6738121707317,2394.6738121707317,0
2026-04-16,2371.7673453453003,2371.7673453453003,2371.7673453453003,2371.7673453453003,0
2026-04-17,2430.9808317051247,2430.9808317051247,2430.9808317051247,2430.9808317051247,0
2026-04-20,2391.626415753428,2391.626415753428,2391.626415753428,2391.626415753428,0
2026-04-21,2370.902809740305,2370.902809740305,2370.902809740305,2370.902809740305,0
2026-04-22,2339.226576006176,2339.226576006176,2339.226576006176,2339.226576006176,0
2026-04-23,2284.0627982702213,2284.0627982702213,2284.0627982702213,2284.0627982702213,0
2026-04-24,2264.0172178204393,2264.0172178204393,2264.0172178204393,2264.0172178204393,0
2026-04-27,2258.7698112316293,2258.7698112316293,2258.7698112316293,2258.7698112316293,0
2026-04-28,2254.6940606079065,2254.6940606079065,2254.6940606079065,2254.6940606079065,0
2026-04-29,2247.0949744458535,2247.0949744458535,2247.0949744458535,2247.0949744458535,0
2026-04-30,2201.4946431084477,2201.4946431084477,2201.4946431084477,2201.4946431084477,0
2026-05-04,2179.559347851467,2179.559347851467,2179.559347851467,2179.559347851467,0
2026-05-05,2175.602372414842,2175.602372414842,2175.602372414842,2175.602372414842,0
2026-05-06,2268.9854166423343,2268.9854166423343,2268.9854166423343,2268.9854166423343,0
2026-05-07,2251.9259171167246,2251.9259171167246,2251.9259171167246,2251.9259171167246,0
2026-05-08,2204.89454557765,2204.89454557765,2204.89454557765,2204.89454557765,0
2026-05-11,2227.5334548830347,2227.5334548830347,2227.5334548830347,2227.5334548830347,0
2026-05-12,2201.4127052501376,2201.4127052501376,2201.4127052501376,2201.4127052501376,0
2026-05-13,2231.5860910572214,2231.5860910572214,2231.5860910572214,2231.5860910572214,0
2026-05-14,2282.8877559779257,2282.8877559779257,2282.8877559779257,2282.8877559779257,0
2026-05-15,2234.236216021934,2234.236216021934,2234.236216021934,2234.236216021934,0
2026-05-18,2249.1285817732182,2249.1285817732182,2249.1285817732182,2249.1285817732182,0
2026-05-19,2210.7591059632914,2210.7591059632914,2210.7591059632914,2210.7591059632914,0
2026-05-20,2269.367549181605,2269.367549181605,2269.367549181605,2269.367549181605,0
2026-05-21,2264.3121900346187,2264.3121900346187,2264.3121900346187,2264.3121900346187,0
2026-05-22,2290.957471673432,2290.957471673432,2290.957471673432,2290.957471673432,0
2026-05-25,2361.1606804147973,2361.1606804147973,2361.1606804147973,2361.1606804147973,0
2026-05-26,2343.094105241022,2343.094105241022,2343.094105241022,2343.094105241022,0
2026-05-27,2362.8865387042774,2362.8865387042774,2362.8865387042774,2362.8865387042774,0
2026-05-28,2350.9892920697375,2350.9892920697375,2350.9892920697375,2350.9892920697375,0
2026-05-29,2372.2825946962184,2372.2825946962184,2372.2825946962184,2372.2825946962184,0
2026-06-01,2318.834165222764,2318.834165222764,2318.834165222764,2318.834165222764,0
2026-06-02,2349.560211603999,2349.560211603999,2349.560211603999,2349.560211603999,0
2026-06-03,2350.6308905303517,2350.6308905303517,2350.6308905303517,2350.6308905303517,0
2026-06-05,2320.4199289918315,2320.4199289918315,2320.4199289918315,2320.4199289918315,0
2026-06-08,2338.038046139329,2338.038046139329,2338.038046139329,2338.038046139329,0
2026-06-09,2353.074790669712,2353.074790669712,2353.074790669712,2353.074790669712,0
2026-06-10,2329.558305069926,2329.558305069926,2329.558305069926,2329.558305069926,0
2026-06-11,2354.7129699650914,2354.7129699650914,2354.7129699650914,2354.7129699650914,0
2026-06-12,2486.170913304373,2486.170913304373,2486.170913304373,2486.170913304373,0
2026-06-15,2499.534786353812,2499.534786353812,2499.534786353812,2499.534786353812,0
2026-06-16,2549.198033085018,2549.198033085018,2549.198033085018,2549.198033085018,0
2026-06-17,2563.9654280691425,2563.9654280691425,2563.9654280691425,2563.9654280691425,0
2026-06-18,2544.9317977133646,2544.9317977133646,2544.9317977133646,2544.9317977133646,0
2026-06-19,2545.8416014361414,2545.8416014361414,2545.8416014361414,2545.8416014361414,0
2026-06-22,2526.0266598029953,2526.0266598029953,2526.0266598029953,2526.0266598029953,0
2026-06-23,2515.0447162168507,2515.0447162168507,2515.0447162168507,2515.0447162168507,0
2026-06-24,2497.4619316106064,2497.4619316106064,2497.4619316106064,2497.4619316106064,0
2026-06-25,2483.610034581953,2483.610034581953,2483.610034581953,2483.610034581953,0
2026-06-26,2479.07145279951,2479.07145279951,2479.07145279951,2479.07145279951,0
2026-06-29,2475.4081638628263,2475.4081638628263,2475.4081638628263,2475.4081638628263,0
2026-06-30,2483.9908376637627,2483.9908376637627,2483.9908376637627,2483.9908376637627,0
2026-07-01,2497.229583568433,2497.229583568433,2497.229583568433,2497.229583568433,0
2026-07-02,2535.4689258867097,2535.4689258867097,2535.4689258867097,2535.4689258867097,0
2026-07-03,2546.4118034147405,2546.4118034147405,2546.4118034147405,2546.4118034147405,0
2026-07-06,2566.9715999044006,2566.9715999044006,2566.9715999044006,2566.9715999044006,0
2026-07-07,2549.1173573994024,2549.1173573994024,2549.1173573994024,2549.1173573994024,0
2026-07-08,2544.7173031124066,2544.7173031124066,2544.7173031124066,2544.7173031124066,0
2026-07-09,2547.7272597698684,2547.7272597698684,2547.7272597698684,2547.7272597698684,0
2026-07-10,2625.8843715098815,2625.8843715098815,2625.8843715098815,2625.8843715098815,0
2026-07-13,2620.265641606412,2620.265641606412,2620.265641606412,2620.265641606412,0
2026-07-14,2595.165416016526,2595.165416016526,2595.165416016526,2595.165416016526,0
2026-07-15,2566.914584078746,2566.914584078746,2566.914584078746,2566.914584078746,0
2026-07-16,2537.9038722697787,2537.9038722697787,2537.9038722697787,2537.9038722697787,0
2026-07-17,2494.7294850670946,2494.7294850670946,2494.7294850670946,2494.7294850670946,0
2026-07-20,2509.205915696998,2509.205915696998,2509.205915696998,2509.205915696998,0
2026-07-21,2542.2882959924223,2542.2882959924223,2542.2882959924223,2542.2882959924223,0
2026-07-22,2514.085134339769,2514.085134339769,2514.085134339769,2514.085134339769,0
2026-07-23,2455.9557582127936,2455.9557582127936,2455.9557582127936,2455.9557582127936,0
2026-07-24,2452.798346697799,2452.798346697799,2452.798346697799,2452.798346697799,0
2026-07-27,2500.5383434588753,2500.5383434588753,2500.5383434588753,2500.5383434588753,0
2026-07-28,2500.269813121559,2500.269813121559,2500.269813121559,2500.269813121559,0
2026-07-29,2485.2506408748905,2485.2506408748905,2485.2506408748905,2485.2506408748905,0
2026-07-30,2612.6093519321294,2612.6093519321294,2612.6093519321294,2612.6093519321294,0
2026-07-31,2606.790960944826,2606.790960944826,2606.790960944826,2606.790960944826,0
2026-08-03,2624.739610385521,2624.739610385521,2624.739610385521,2624.739610385521,0
2026-08-04,2703.0002384913228,2703.0002384913228,2703.0002384913228,2703.0002384913228,0
2026-08-05,2678.643607965239,2678.643607965239,2678.643607965239,2678.643607965239,0
2026-08-06,2721.2779252066994,2721.2779252066994,2721.2779252066994,2721.2779252066994,0
2026-08-07,2683.8421001536567,2683.8421001536567,2683.8421001536567,2683.8421001536567,0
2026-08-10,2692.115249554928,2692.115249554928,2692.115249554928,2692.115249554928,0
2026-08-11,2688.923120027918,2688.923120027918,2688.923120027918,2688.923120027918,0
2026-08-12,2693.40915221549,2693.40915221549,2693.40915221549,2693.40915221549,0
2026-08-13,2733.211151161639,2733.211151161639,2733.211151161639,2733.211151161639,0
2026-08-14,2757.0847162853884,2757.0847162853884,2757.0847162853884,2757.0847162853884,0
2026-08-17,2751.663983961701,2751.663983961701,2751.663983961701,2751.663983961701,0
2026-08-18,2713.1847721487416,2713.1847721487416,2713.1847721487416,2713.1847721487416,0
2026-08-19,2738.218748591084,2738.218748591084,2738.218748591084,2738.218748591084,0
2026-08-20,2732.470068484978,2732.470068484978,2732.470068484978,2732.470068484978,0
2026-08-21,2747.750439618426,2747.750439618426,2747.750439618426,2747.750439618426,0
2026-08-24,2735.1662095876077,2735.1662095876077,2735.1662095876077,2735.1662095876077,0
2026-08-25,2735.2005363936614,2735.2005363936614,2735.2005363936614,2735.2005363936614,0
2026-08-26,2778.888627656669,2778.888627656669,2778.888627656669,2778.888627656669,0
2026-08-27,2717.1607871306396,2717.1607871306396,2717.1607871306396,2717.1607871306396,0
2026-08-28,2731.804672262242,2731.804672262242,2731.804672262242,2731.804672262242,0
2026-08-31,2747.1876090921246,2747.1876090921246,2747.1876090921246,2747.1876090921246,0
2026-09-01,2724.203231590598,2724.203231590598,2724.203231590598,2724.203231590598,0
2026-09-02,2758.8022379852964,2758.8022379852964,2758.8022379852964,2758.8022379852964,0
2026-09-03,2771.5567509336406,2771.5567509336406,2771.5567509336406,2771.5567509336406,0
2026-09-04,2796.9062613474657,2796.9062613474657,2796.9062613474657,2796.9062613474657,0
2026-09-07,2803.1451026698332,2803.1451026698332,2803.1451026698332,2803.1451026698332,0
2026-09-08,2832.3567998825333,2832.3567998825333,2832.3567998825333,2832.3567998825333,0
2026-09-09,2812.030196168665,2812.030196168665,2812.030196168665,2812.030196168665,0
2026-09-10,2804.6616293471275,2804.6616293471275,2804.6616293471275,2804.6616293471275,0
2026-09-11,2829.0593874450024,2829.0593874450024,2829.0593874450024,2829.0593874450024,0
2026-09-14,2814.8360533450705,2814.8360533450705,2814.8360533450705,2814.8360533450705,0
2026-09-15,2816.9538602407147,2816.9538602407147,2816.9538602407147,2816.9538602407147,0
2026-09-16,2795.1591676769867,2795.1591676769867,2795.1591676769867,2795.1591676769867,0
